dataset,condition_id,model,seed,split,transportability_mean,distortion_mean,q_route_spread_mean,routing_entropy_mean,chart_condition_number,membership_entropy_mean,routing_opportunity,irreducible_transport_risk,cross_chart_mass,q_reference_agreement
actor,,graphatlas_c,0,0,0.7995036244392395,0.2004963904619217,0.2112223505973816,0.6329388618469238,12.528314590454102,0.6520986557006836,0.2066487222909927,0.2004963904619217,0.521573007106781,0.6108198165893555
atlas_het,smoke,graphatlas_c,0,0,0.8379942774772644,0.1620057076215744,0.2388478219509124,0.6656308174133301,1.5120257139205933,0.680010974407196,0.1390935778617859,0.1620057076215744,0.5349518656730652,0.7799581289291382
atlas_het,smoke,graphatlas_c,0,0,0.8379942774772644,0.1620057076215744,0.2388478219509124,0.6656308174133301,1.5120257139205933,0.680010974407196,0.1390935778617859,0.1620057076215744,0.5349518656730652,0.7799581289291382
atlas_het,ov0.10_cross0.50,graphatlas_c,0,0,0.962411105632782,0.037588894367218,0.0551339089870452,0.3824498355388641,2.766631841659546,0.3762596845626831,0.0209223050624132,0.0375888906419277,0.355897307395935,0.5809378027915955
atlas_het,ov0.25_cross0.00,graphatlas_c,0,0,0.9673827290534972,0.0326173454523086,0.0460635796189308,0.2683597505092621,2.607090950012207,0.2672318518161773,0.011595825664699,0.0326173491775989,0.3217431604862213,0.7144750356674194
atlas_het,ov0.25_cross0.15,graphatlas_c,0,0,0.9673827290534972,0.0326173454523086,0.0460635796189308,0.2683597505092621,2.607090950012207,0.2672318518161773,0.011595825664699,0.0326173491775989,0.3217431604862213,0.7144750356674194
atlas_het,ov0.25_cross0.30,graphatlas_c,0,0,0.9673827290534972,0.0326173454523086,0.0460635796189308,0.2683597505092621,2.607090950012207,0.2672318518161773,0.011595825664699,0.0326173491775989,0.3217431604862213,0.7144750356674194
atlas_het,ov0.25_cross0.50,graphatlas_c,0,0,0.9673827290534972,0.0326173454523086,0.0460635796189308,0.2683597505092621,2.607090950012207,0.2672318518161773,0.011595825664699,0.0326173491775989,0.3217431604862213,0.7144750356674194
atlas_het,ov0.40_cross0.00,graphatlas_c,0,0,0.9398670196533204,0.0601329989731311,0.0760668441653251,0.2824025750160217,2.1816654205322266,0.2810347974300384,0.01871551387012,0.0601329952478408,0.3292018175125122,0.7498980760574341
atlas_het,ov0.40_cross0.15,graphatlas_c,0,0,0.9398670196533204,0.0601329989731311,0.0760668441653251,0.2824025750160217,2.1816654205322266,0.2810347974300384,0.01871551387012,0.0601329952478408,0.3292018175125122,0.7498980760574341
atlas_het,ov0.40_cross0.30,graphatlas_c,0,0,0.9398670196533204,0.0601329989731311,0.0760668441653251,0.2824025750160217,2.1816654205322266,0.2810347974300384,0.01871551387012,0.0601329952478408,0.3292018175125122,0.7498980760574341
atlas_het,ov0.40_cross0.50,graphatlas_c,0,0,0.9398670196533204,0.0601329989731311,0.0760668441653251,0.2824025750160217,2.1816654205322266,0.2810347974300384,0.01871551387012,0.0601329952478408,0.3292018175125122,0.7498980760574341
atlas_het,ov0.55_cross0.00,graphatlas_c,0,0,0.97758811712265,0.0224118772894144,0.035788495093584,0.2778218388557434,2.340860843658448,0.2811821103096008,0.0080374674871563,0.0224118754267692,0.3238560557365417,0.7398062944412231
atlas_het,ov0.55_cross0.15,graphatlas_c,0,0,0.97758811712265,0.0224118772894144,0.035788495093584,0.2778218388557434,2.340860843658448,0.2811821103096008,0.0080374674871563,0.0224118754267692,0.3238560557365417,0.7398062944412231
atlas_het,ov0.55_cross0.30,graphatlas_c,0,0,0.97758811712265,0.0224118772894144,0.035788495093584,0.2778218388557434,2.340860843658448,0.2811821103096008,0.0080374674871563,0.0224118754267692,0.3238560557365417,0.7398062944412231
atlas_het,ov0.55_cross0.50,graphatlas_c,0,0,0.97758811712265,0.0224118772894144,0.035788495093584,0.2778218388557434,2.340860843658448,0.2811821103096008,0.0080374674871563,0.0224118754267692,0.3238560557365417,0.7398062944412231
atlas_het,ov0.10_cross0.00,graphatlas_c,0,0,0.962411105632782,0.037588894367218,0.0551339089870452,0.3824498355388641,2.766631841659546,0.3762596845626831,0.0209223050624132,0.0375888906419277,0.355897307395935,0.5809378027915955
atlas_het,ov0.10_cross0.15,graphatlas_c,0,0,0.962411105632782,0.037588894367218,0.0551339089870452,0.3824498355388641,2.766631841659546,0.3762596845626831,0.0209223050624132,0.0375888906419277,0.355897307395935,0.5809378027915955
atlas_het,ov0.10_cross0.30,graphatlas_c,0,0,0.962411105632782,0.037588894367218,0.0551339089870452,0.3824498355388641,2.766631841659546,0.3762596845626831,0.0209223050624132,0.0375888906419277,0.355897307395935,0.5809378027915955
atlas_het,ov0.10_cross0.50,graphatlas_c,1,0,0.9608392119407654,0.0391607582569122,0.0574113428592681,0.1878190785646438,2.3704957962036133,0.1896604597568512,0.0104335313662886,0.0391607694327831,0.207807645201683,0.7697749137878418
atlas_het,ov0.25_cross0.00,graphatlas_c,1,0,0.9469781517982484,0.0530218780040741,0.0656310841441154,0.222457617521286,2.202831268310547,0.2215974181890487,0.0119552565738558,0.0530218705534935,0.248935118317604,0.7050288915634155
atlas_het,ov0.25_cross0.15,graphatlas_c,1,0,0.9469781517982484,0.0530218780040741,0.0656310841441154,0.222457617521286,2.202831268310547,0.2215974181890487,0.0119552565738558,0.0530218705534935,0.248935118317604,0.7050288915634155
atlas_het,ov0.25_cross0.30,graphatlas_c,1,0,0.9469781517982484,0.0530218780040741,0.0656310841441154,0.222457617521286,2.202831268310547,0.2215974181890487,0.0119552565738558,0.0530218705534935,0.248935118317604,0.7050288915634155
atlas_het,ov0.25_cross0.50,graphatlas_c,1,0,0.9469781517982484,0.0530218780040741,0.0656310841441154,0.222457617521286,2.202831268310547,0.2215974181890487,0.0119552565738558,0.0530218705534935,0.248935118317604,0.7050288915634155
atlas_het,ov0.40_cross0.00,graphatlas_c,1,0,0.9649878740310668,0.035012062638998,0.0484385006129741,0.3592526316642761,2.095660924911499,0.3604969680309295,0.0126011492684483,0.0350120738148689,0.312933474779129,0.6044506430625916
atlas_het,ov0.40_cross0.15,graphatlas_c,1,0,0.9649878740310668,0.035012062638998,0.0484385006129741,0.3592526316642761,2.095660924911499,0.3604969680309295,0.0126011492684483,0.0350120738148689,0.312933474779129,0.6044506430625916
atlas_het,ov0.40_cross0.30,graphatlas_c,1,0,0.9649878740310668,0.035012062638998,0.0484385006129741,0.3592526316642761,2.095660924911499,0.3604969680309295,0.0126011492684483,0.0350120738148689,0.312933474779129,0.6044506430625916
atlas_het,ov0.40_cross0.50,graphatlas_c,1,0,0.9649878740310668,0.035012062638998,0.0484385006129741,0.3592526316642761,2.095660924911499,0.3604969680309295,0.0126011492684483,0.0350120738148689,0.312933474779129,0.6044506430625916
atlas_het,ov0.55_cross0.00,graphatlas_c,1,0,0.9605898261070251,0.0394101366400718,0.0448327586054801,0.4187648296356201,2.795305728912353,0.4199355840682983,0.0162936877459287,0.0394101366400718,0.3951374292373657,0.6203531622886658
atlas_het,ov0.55_cross0.15,graphatlas_c,1,0,0.9605898261070251,0.0394101366400718,0.0448327586054801,0.4187648296356201,2.795305728912353,0.4199355840682983,0.0162936877459287,0.0394101366400718,0.3951374292373657,0.6203531622886658
atlas_het,ov0.55_cross0.30,graphatlas_c,1,0,0.9605898261070251,0.0394101366400718,0.0448327586054801,0.4187648296356201,2.795305728912353,0.4199355840682983,0.0162936877459287,0.0394101366400718,0.3951374292373657,0.6203531622886658
atlas_het,ov0.55_cross0.50,graphatlas_c,1,0,0.9605898261070251,0.0394101366400718,0.0448327586054801,0.4187648296356201,2.795305728912353,0.4199355840682983,0.0162936877459287,0.0394101366400718,0.3951374292373657,0.6203531622886658
atlas_het,ov0.10_cross0.00,graphatlas_c,1,0,0.9608392119407654,0.0391607582569122,0.0574113428592681,0.1878190785646438,2.3704957962036133,0.1896604597568512,0.0104335313662886,0.0391607694327831,0.207807645201683,0.7697749137878418
atlas_het,ov0.10_cross0.15,graphatlas_c,1,0,0.9608392119407654,0.0391607582569122,0.0574113428592681,0.1878190785646438,2.3704957962036133,0.1896604597568512,0.0104335313662886,0.0391607694327831,0.207807645201683,0.7697749137878418
atlas_het,ov0.10_cross0.30,graphatlas_c,1,0,0.9608392119407654,0.0391607582569122,0.0574113428592681,0.1878190785646438,2.3704957962036133,0.1896604597568512,0.0104335313662886,0.0391607694327831,0.207807645201683,0.7697749137878418
atlas_het,ov0.10_cross0.50,graphatlas_c,2,0,0.9802778959274292,0.0197221860289573,0.0177465286105871,0.3336382508277893,2.9780373573303223,0.3347954154014587,0.0063093439675867,0.0197221953421831,0.3852903544902801,0.6793729066848755
atlas_het,ov0.25_cross0.00,graphatlas_c,2,0,0.9559466242790222,0.0440533384680748,0.0465543046593666,0.353940337896347,2.7624292373657227,0.35159432888031,0.0157295819371938,0.0440533310174942,0.3505908250808716,0.6626191139221191
atlas_het,ov0.25_cross0.15,graphatlas_c,2,0,0.9559466242790222,0.0440533384680748,0.0465543046593666,0.353940337896347,2.7624292373657227,0.35159432888031,0.0157295819371938,0.0440533310174942,0.3505908250808716,0.6626191139221191
atlas_het,ov0.25_cross0.30,graphatlas_c,2,0,0.9559466242790222,0.0440533384680748,0.0465543046593666,0.353940337896347,2.7624292373657227,0.35159432888031,0.0157295819371938,0.0440533310174942,0.3505908250808716,0.6626191139221191
atlas_het,ov0.25_cross0.50,graphatlas_c,2,0,0.9559466242790222,0.0440533384680748,0.0465543046593666,0.353940337896347,2.7624292373657227,0.35159432888031,0.0157295819371938,0.0440533310174942,0.3505908250808716,0.6626191139221191
atlas_het,ov0.40_cross0.00,graphatlas_c,2,0,0.9583408832550048,0.0416590720415115,0.0702502876520156,0.3194085359573364,2.868380069732666,0.3198107779026031,0.0222253296524286,0.0416590869426727,0.3055307865142822,0.6251665353775024
atlas_het,ov0.40_cross0.15,graphatlas_c,2,0,0.9583408832550048,0.0416590720415115,0.0702502876520156,0.3194085359573364,2.868380069732666,0.3198107779026031,0.0222253296524286,0.0416590869426727,0.3055307865142822,0.6251665353775024
atlas_het,ov0.40_cross0.30,graphatlas_c,2,0,0.9583408832550048,0.0416590720415115,0.0702502876520156,0.3194085359573364,2.868380069732666,0.3198107779026031,0.0222253296524286,0.0416590869426727,0.3055307865142822,0.6251665353775024
atlas_het,ov0.40_cross0.50,graphatlas_c,2,0,0.9583408832550048,0.0416590720415115,0.0702502876520156,0.3194085359573364,2.868380069732666,0.3198107779026031,0.0222253296524286,0.0416590869426727,0.3055307865142822,0.6251665353775024
atlas_het,ov0.55_cross0.00,graphatlas_c,2,0,0.9710010886192322,0.0289989318698644,0.0368771143257617,0.3577467799186706,2.923428535461426,0.3605793118476867,0.0145612303167581,0.0289989318698644,0.3334648311138153,0.5916077494621277
atlas_het,ov0.55_cross0.15,graphatlas_c,2,0,0.9710010886192322,0.0289989318698644,0.0368771143257617,0.3577467799186706,2.923428535461426,0.3605793118476867,0.0145612303167581,0.0289989318698644,0.3334648311138153,0.5916077494621277
atlas_het,ov0.55_cross0.30,graphatlas_c,2,0,0.9710010886192322,0.0289989318698644,0.0368771143257617,0.3577467799186706,2.923428535461426,0.3605793118476867,0.0145612303167581,0.0289989318698644,0.3334648311138153,0.5916077494621277
atlas_het,ov0.55_cross0.50,graphatlas_c,2,0,0.9710010886192322,0.0289989318698644,0.0368771143257617,0.3577467799186706,2.923428535461426,0.3605793118476867,0.0145612303167581,0.0289989318698644,0.3334648311138153,0.5916077494621277
atlas_het,ov0.10_cross0.00,graphatlas_c,2,0,0.9802778959274292,0.0197221860289573,0.0177465286105871,0.3336382508277893,2.9780373573303223,0.3347954154014587,0.0063093439675867,0.0197221953421831,0.3852903544902801,0.6793729066848755
atlas_het,ov0.10_cross0.15,graphatlas_c,2,0,0.9802778959274292,0.0197221860289573,0.0177465286105871,0.3336382508277893,2.9780373573303223,0.3347954154014587,0.0063093439675867,0.0197221953421831,0.3852903544902801,0.6793729066848755
atlas_het,ov0.10_cross0.30,graphatlas_c,2,0,0.9802778959274292,0.0197221860289573,0.0177465286105871,0.3336382508277893,2.9780373573303223,0.3347954154014587,0.0063093439675867,0.0197221953421831,0.3852903544902801,0.6793729066848755
atlas_het,ov0.10_cross0.00,graphatlas_c,3,0,0.90079528093338,0.0992047116160392,0.1380781382322311,0.3302803039550781,1.9044928550720213,0.3314582705497741,0.0467094630002975,0.0992047116160392,0.3375779688358307,0.7216569185256958
atlas_het,ov0.10_cross0.15,graphatlas_c,3,0,0.90079528093338,0.0992047116160392,0.1380781382322311,0.3302803039550781,1.9044928550720213,0.3314582705497741,0.0467094630002975,0.0992047116160392,0.3375779688358307,0.7216569185256958
atlas_het,ov0.10_cross0.30,graphatlas_c,3,0,0.90079528093338,0.0992047116160392,0.1380781382322311,0.3302803039550781,1.9044928550720213,0.3314582705497741,0.0467094630002975,0.0992047116160392,0.3375779688358307,0.7216569185256958
atlas_het,ov0.10_cross0.00,graphatlas_c,4,0,0.922004222869873,0.0779958218336105,0.1284312009811401,0.3196139335632324,2.317423820495605,0.319512277841568,0.0377200655639171,0.0779958218336105,0.3541063070297241,0.6899165511131287
atlas_het,ov0.10_cross0.15,graphatlas_c,4,0,0.922004222869873,0.0779958218336105,0.1284312009811401,0.3196139335632324,2.317423820495605,0.319512277841568,0.0377200655639171,0.0779958218336105,0.3541063070297241,0.6899165511131287
atlas_het,ov0.10_cross0.30,graphatlas_c,4,0,0.922004222869873,0.0779958218336105,0.1284312009811401,0.3196139335632324,2.317423820495605,0.319512277841568,0.0377200655639171,0.0779958218336105,0.3541063070297241,0.6899165511131287
atlas_het,ov0.10_cross0.00,graphatlas_c_beta_-1,0,0,0.9445446729660034,0.0554552525281906,0.0622757375240325,0.4092333614826202,2.6849684715271,0.4075357615947723,0.0253797937184572,0.0554552525281906,0.3897893726825714,0.5818042755126953
atlas_het,ov0.10_cross0.15,graphatlas_c_beta_-1,0,0,0.9445446729660034,0.0554552525281906,0.0622757375240325,0.4092333614826202,2.6849684715271,0.4075357615947723,0.0253797937184572,0.0554552525281906,0.3897893726825714,0.5818042755126953
atlas_het,ov0.10_cross0.30,graphatlas_c_beta_-1,0,0,0.9445446729660034,0.0554552525281906,0.0622757375240325,0.4092333614826202,2.6849684715271,0.4075357615947723,0.0253797937184572,0.0554552525281906,0.3897893726825714,0.5818042755126953
atlas_het,ov0.10_cross0.00,graphatlas_c_beta_-1,1,0,0.95783531665802,0.0421647019684314,0.0671655461192131,0.1853540986776352,2.2727439403533936,0.1882045716047287,0.0115527538582682,0.0421647056937217,0.2097245156764984,0.7568153738975525
atlas_het,ov0.10_cross0.15,graphatlas_c_beta_-1,1,0,0.95783531665802,0.0421647019684314,0.0671655461192131,0.1853540986776352,2.2727439403533936,0.1882045716047287,0.0115527538582682,0.0421647056937217,0.2097245156764984,0.7568153738975525
atlas_het,ov0.10_cross0.30,graphatlas_c_beta_-1,1,0,0.95783531665802,0.0421647019684314,0.0671655461192131,0.1853540986776352,2.2727439403533936,0.1882045716047287,0.0115527538582682,0.0421647056937217,0.2097245156764984,0.7568153738975525
atlas_het,ov0.10_cross0.00,graphatlas_c_beta_-1,2,0,0.9401997923851012,0.0598001778125762,0.0764243677258491,0.2933349609375,2.905912637710572,0.2970629334449768,0.0215440820902586,0.0598001778125762,0.3360036611557007,0.6572906970977783
atlas_het,ov0.10_cross0.15,graphatlas_c_beta_-1,2,0,0.9401997923851012,0.0598001778125762,0.0764243677258491,0.2933349609375,2.905912637710572,0.2970629334449768,0.0215440820902586,0.0598001778125762,0.3360036611557007,0.6572906970977783
atlas_het,ov0.10_cross0.30,graphatlas_c_beta_-1,2,0,0.9401997923851012,0.0598001778125762,0.0764243677258491,0.2933349609375,2.905912637710572,0.2970629334449768,0.0215440820902586,0.0598001778125762,0.3360036611557007,0.6572906970977783
atlas_het,ov0.10_cross0.00,graphatlas_c_beta_-1,3,0,0.9397338032722472,0.0602661035954952,0.0841223895549774,0.3328969478607178,1.8950964212417605,0.3336250483989715,0.0246193651109933,0.060266088694334,0.3600503504276275,0.6649193167686462
atlas_het,ov0.10_cross0.15,graphatlas_c_beta_-1,3,0,0.9397338032722472,0.0602661035954952,0.0841223895549774,0.3328969478607178,1.8950964212417605,0.3336250483989715,0.0246193651109933,0.060266088694334,0.3600503504276275,0.6649193167686462
atlas_het,ov0.10_cross0.30,graphatlas_c_beta_-1,3,0,0.9397338032722472,0.0602661035954952,0.0841223895549774,0.3328969478607178,1.8950964212417605,0.3336250483989715,0.0246193651109933,0.060266088694334,0.3600503504276275,0.6649193167686462
atlas_het,ov0.10_cross0.00,graphatlas_c_beta_-1,4,0,0.9360320568084716,0.0639678686857223,0.1058942452073097,0.3064962923526764,2.244351625442505,0.3131478726863861,0.0360982790589332,0.0639678686857223,0.3513872325420379,0.6058709621429443
atlas_het,ov0.10_cross0.15,graphatlas_c_beta_-1,4,0,0.9360320568084716,0.0639678686857223,0.1058942452073097,0.3064962923526764,2.244351625442505,0.3131478726863861,0.0360982790589332,0.0639678686857223,0.3513872325420379,0.6058709621429443
atlas_het,ov0.10_cross0.30,graphatlas_c_beta_-1,4,0,0.9360320568084716,0.0639678686857223,0.1058942452073097,0.3064962923526764,2.244351625442505,0.3131478726863861,0.0360982790589332,0.0639678686857223,0.3513872325420379,0.6058709621429443
atlas_het,ov0.10_cross0.00,graphatlas_c_beta_-2,0,0,0.9349951148033142,0.0650049000978469,0.0754155442118644,0.400133341550827,2.596598625183105,0.4023147225379944,0.0341979078948497,0.0650048926472663,0.3964318633079529,0.5220693349838257
atlas_het,ov0.10_cross0.15,graphatlas_c_beta_-2,0,0,0.9349951148033142,0.0650049000978469,0.0754155442118644,0.400133341550827,2.596598625183105,0.4023147225379944,0.0341979078948497,0.0650048926472663,0.3964318633079529,0.5220693349838257
atlas_het,ov0.10_cross0.30,graphatlas_c_beta_-2,0,0,0.9349951148033142,0.0650049000978469,0.0754155442118644,0.400133341550827,2.596598625183105,0.4023147225379944,0.0341979078948497,0.0650048926472663,0.3964318633079529,0.5220693349838257
atlas_het,ov0.10_cross0.00,graphatlas_c_beta_-2,1,0,0.9501768946647644,0.0498230718076229,0.0597259439527988,0.2858654260635376,2.59281587600708,0.2943617105484009,0.0133316209539771,0.0498230494558811,0.2840692400932312,0.5963960886001587
atlas_het,ov0.10_cross0.15,graphatlas_c_beta_-2,1,0,0.9501768946647644,0.0498230718076229,0.0597259439527988,0.2858654260635376,2.59281587600708,0.2943617105484009,0.0133316209539771,0.0498230494558811,0.2840692400932312,0.5963960886001587
atlas_het,ov0.10_cross0.30,graphatlas_c_beta_-2,1,0,0.9501768946647644,0.0498230718076229,0.0597259439527988,0.2858654260635376,2.59281587600708,0.2943617105484009,0.0133316209539771,0.0498230494558811,0.2840692400932312,0.5963960886001587
atlas_het,ov0.10_cross0.00,graphatlas_c_beta_-2,2,0,0.9548373222351074,0.0451626293361187,0.0560437552630901,0.3501546084880829,2.957949161529541,0.3518352806568146,0.0198554117232561,0.0451626256108284,0.3622005581855774,0.6079516410827637
atlas_het,ov0.10_cross0.15,graphatlas_c_beta_-2,2,0,0.9548373222351074,0.0451626293361187,0.0560437552630901,0.3501546084880829,2.957949161529541,0.3518352806568146,0.0198554117232561,0.0451626256108284,0.3622005581855774,0.6079516410827637
atlas_het,ov0.10_cross0.30,graphatlas_c_beta_-2,2,0,0.9548373222351074,0.0451626293361187,0.0560437552630901,0.3501546084880829,2.957949161529541,0.3518352806568146,0.0198554117232561,0.0451626256108284,0.3622005581855774,0.6079516410827637
atlas_het,ov0.10_cross0.00,graphatlas_c_beta_-2,3,0,0.902290940284729,0.0977089703083038,0.1280536353588104,0.3432892262935638,1.8942288160324097,0.3457954227924347,0.04571133852005,0.0977089628577232,0.3528902232646942,0.6095179319381714
atlas_het,ov0.10_cross0.15,graphatlas_c_beta_-2,3,0,0.902290940284729,0.0977089703083038,0.1280536353588104,0.3432892262935638,1.8942288160324097,0.3457954227924347,0.04571133852005,0.0977089628577232,0.3528902232646942,0.6095179319381714
atlas_het,ov0.10_cross0.30,graphatlas_c_beta_-2,3,0,0.902290940284729,0.0977089703083038,0.1280536353588104,0.3432892262935638,1.8942288160324097,0.3457954227924347,0.04571133852005,0.0977089628577232,0.3528902232646942,0.6095179319381714
atlas_het,ov0.10_cross0.00,graphatlas_c_beta_-2,4,0,0.9083017110824584,0.0916981697082519,0.1493787169456482,0.2796641886234283,2.220959186553955,0.2913976013660431,0.051965307444334,0.0916981697082519,0.3184229731559753,0.5922873616218567
atlas_het,ov0.10_cross0.15,graphatlas_c_beta_-2,4,0,0.9083017110824584,0.0916981697082519,0.1493787169456482,0.2796641886234283,2.220959186553955,0.2913976013660431,0.051965307444334,0.0916981697082519,0.3184229731559753,0.5922873616218567
atlas_het,ov0.10_cross0.30,graphatlas_c_beta_-2,4,0,0.9083017110824584,0.0916981697082519,0.1493787169456482,0.2796641886234283,2.220959186553955,0.2913976013660431,0.051965307444334,0.0916981697082519,0.3184229731559753,0.5922873616218567
atlas_het,ov0.10_cross0.00,graphatlas_c_beta_0,0,0,0.943192422389984,0.0568075254559516,0.0750532746315002,0.3574274480342865,2.526394844055176,0.355099618434906,0.0285517703741788,0.0568075031042099,0.358341634273529,0.553924560546875
atlas_het,ov0.10_cross0.15,graphatlas_c_beta_0,0,0,0.943192422389984,0.0568075254559516,0.0750532746315002,0.3574274480342865,2.526394844055176,0.355099618434906,0.0285517703741788,0.0568075031042099,0.358341634273529,0.553924560546875
atlas_het,ov0.10_cross0.30,graphatlas_c_beta_0,0,0,0.943192422389984,0.0568075254559516,0.0750532746315002,0.3574274480342865,2.526394844055176,0.355099618434906,0.0285517703741788,0.0568075031042099,0.358341634273529,0.553924560546875
atlas_het,ov0.10_cross0.00,graphatlas_c_beta_0,1,0,0.9615113139152528,0.0384885966777801,0.0538779310882091,0.1911536157131195,2.3522300720214844,0.1931464523077011,0.010030205361545,0.0384886041283607,0.2098310440778732,0.7490190267562866
atlas_het,ov0.10_cross0.15,graphatlas_c_beta_0,1,0,0.9615113139152528,0.0384885966777801,0.0538779310882091,0.1911536157131195,2.3522300720214844,0.1931464523077011,0.010030205361545,0.0384886041283607,0.2098310440778732,0.7490190267562866
atlas_het,ov0.10_cross0.30,graphatlas_c_beta_0,1,0,0.9615113139152528,0.0384885966777801,0.0538779310882091,0.1911536157131195,2.3522300720214844,0.1931464523077011,0.010030205361545,0.0384886041283607,0.2098310440778732,0.7490190267562866
atlas_het,ov0.10_cross0.00,graphatlas_c_beta_0,2,0,0.9497790336608888,0.050220962613821,0.0598474480211734,0.3327931463718414,2.825955390930176,0.3336343169212341,0.0202720537781715,0.0502209514379501,0.3562754690647125,0.618762195110321
atlas_het,ov0.10_cross0.15,graphatlas_c_beta_0,2,0,0.9497790336608888,0.050220962613821,0.0598474480211734,0.3327931463718414,2.825955390930176,0.3336343169212341,0.0202720537781715,0.0502209514379501,0.3562754690647125,0.618762195110321
atlas_het,ov0.10_cross0.30,graphatlas_c_beta_0,2,0,0.9497790336608888,0.050220962613821,0.0598474480211734,0.3327931463718414,2.825955390930176,0.3336343169212341,0.0202720537781715,0.0502209514379501,0.3562754690647125,0.618762195110321
atlas_het,ov0.10_cross0.00,graphatlas_c_beta_0,3,0,0.9281009435653688,0.0718990787863731,0.0915673375129699,0.3181245923042297,1.811060667037964,0.3171410858631134,0.0261999052017927,0.0718990787863731,0.3548053205013275,0.6604481339454651
atlas_het,ov0.10_cross0.15,graphatlas_c_beta_0,3,0,0.9281009435653688,0.0718990787863731,0.0915673375129699,0.3181245923042297,1.811060667037964,0.3171410858631134,0.0261999052017927,0.0718990787863731,0.3548053205013275,0.6604481339454651
atlas_het,ov0.10_cross0.30,graphatlas_c_beta_0,3,0,0.9281009435653688,0.0718990787863731,0.0915673375129699,0.3181245923042297,1.811060667037964,0.3171410858631134,0.0261999052017927,0.0718990787863731,0.3548053205013275,0.6604481339454651
atlas_het,ov0.10_cross0.00,graphatlas_c_beta_0,4,0,0.9535783529281616,0.0464215986430645,0.0706738829612732,0.2874413728713989,2.30452036857605,0.2904545068740845,0.0210637096315622,0.0464215837419033,0.3302964568138122,0.6668701767921448
atlas_het,ov0.10_cross0.15,graphatlas_c_beta_0,4,0,0.9535783529281616,0.0464215986430645,0.0706738829612732,0.2874413728713989,2.30452036857605,0.2904545068740845,0.0210637096315622,0.0464215837419033,0.3302964568138122,0.6668701767921448
atlas_het,ov0.10_cross0.30,graphatlas_c_beta_0,4,0,0.9535783529281616,0.0464215986430645,0.0706738829612732,0.2874413728713989,2.30452036857605,0.2904545068740845,0.0210637096315622,0.0464215837419033,0.3302964568138122,0.6668701767921448
atlas_het,ov0.10_cross0.00,graphatlas_c_beta_0.5,0,0,0.9618808031082152,0.0381192713975906,0.055514458566904,0.361761212348938,2.76537561416626,0.3563001751899719,0.0205151680856943,0.0381192713975906,0.344983845949173,0.5782365202903748
atlas_het,ov0.10_cross0.15,graphatlas_c_beta_0.5,0,0,0.9618808031082152,0.0381192713975906,0.055514458566904,0.361761212348938,2.76537561416626,0.3563001751899719,0.0205151680856943,0.0381192713975906,0.344983845949173,0.5782365202903748
atlas_het,ov0.10_cross0.30,graphatlas_c_beta_0.5,0,0,0.9618808031082152,0.0381192713975906,0.055514458566904,0.361761212348938,2.76537561416626,0.3563001751899719,0.0205151680856943,0.0381192713975906,0.344983845949173,0.5782365202903748
atlas_het,ov0.10_cross0.00,graphatlas_c_beta_0.5,1,0,0.96227365732193,0.0377263762056827,0.0520800277590751,0.1908505856990814,2.379427671432495,0.1924342215061187,0.0096052940934896,0.0377263911068439,0.2102334201335907,0.7525299191474915
atlas_het,ov0.10_cross0.15,graphatlas_c_beta_0.5,1,0,0.96227365732193,0.0377263762056827,0.0520800277590751,0.1908505856990814,2.379427671432495,0.1924342215061187,0.0096052940934896,0.0377263911068439,0.2102334201335907,0.7525299191474915
atlas_het,ov0.10_cross0.30,graphatlas_c_beta_0.5,1,0,0.96227365732193,0.0377263762056827,0.0520800277590751,0.1908505856990814,2.379427671432495,0.1924342215061187,0.0096052940934896,0.0377263911068439,0.2102334201335907,0.7525299191474915
atlas_het,ov0.10_cross0.00,graphatlas_c_beta_0.5,2,0,0.9532880187034608,0.0467119812965393,0.0583963617682457,0.3333002924919128,2.9780373573303223,0.3339558839797973,0.0181732699275016,0.0467119701206684,0.3697645664215088,0.6479147672653198
atlas_het,ov0.10_cross0.15,graphatlas_c_beta_0.5,2,0,0.9532880187034608,0.0467119812965393,0.0583963617682457,0.3333002924919128,2.9780373573303223,0.3339558839797973,0.0181732699275016,0.0467119701206684,0.3697645664215088,0.6479147672653198
atlas_het,ov0.10_cross0.30,graphatlas_c_beta_0.5,2,0,0.9532880187034608,0.0467119812965393,0.0583963617682457,0.3333002924919128,2.9780373573303223,0.3339558839797973,0.0181732699275016,0.0467119701206684,0.3697645664215088,0.6479147672653198
atlas_het,ov0.10_cross0.00,graphatlas_c_beta_0.5,3,0,0.8974677920341492,0.1025322005152702,0.1447521448135376,0.3277115523815155,1.9002912044525144,0.3278190195560455,0.0474333353340625,0.1025322154164314,0.3355514407157898,0.7129715085029602
atlas_het,ov0.10_cross0.15,graphatlas_c_beta_0.5,3,0,0.8974677920341492,0.1025322005152702,0.1447521448135376,0.3277115523815155,1.9002912044525144,0.3278190195560455,0.0474333353340625,0.1025322154164314,0.3355514407157898,0.7129715085029602
atlas_het,ov0.10_cross0.30,graphatlas_c_beta_0.5,3,0,0.8974677920341492,0.1025322005152702,0.1447521448135376,0.3277115523815155,1.9002912044525144,0.3278190195560455,0.0474333353340625,0.1025322154164314,0.3355514407157898,0.7129715085029602
atlas_het,ov0.10_cross0.00,graphatlas_c_beta_0.5,4,0,0.9570971131324768,0.0429028831422328,0.0655187666416168,0.3066272437572479,2.373929023742676,0.3071263432502746,0.021168453618884,0.0429029017686843,0.3499637246131897,0.6119759678840637
atlas_het,ov0.10_cross0.15,graphatlas_c_beta_0.5,4,0,0.9570971131324768,0.0429028831422328,0.0655187666416168,0.3066272437572479,2.373929023742676,0.3071263432502746,0.021168453618884,0.0429029017686843,0.3499637246131897,0.6119759678840637
atlas_het,ov0.10_cross0.30,graphatlas_c_beta_0.5,4,0,0.9570971131324768,0.0429028831422328,0.0655187666416168,0.3066272437572479,2.373929023742676,0.3071263432502746,0.021168453618884,0.0429029017686843,0.3499637246131897,0.6119759678840637
atlas_het,ov0.10_cross0.00,graphatlas_c_beta_1,0,0,0.962411105632782,0.037588894367218,0.0551339089870452,0.3824498355388641,2.766631841659546,0.3762596845626831,0.0209223050624132,0.0375888906419277,0.355897307395935,0.5809378027915955
atlas_het,ov0.10_cross0.15,graphatlas_c_beta_1,0,0,0.962411105632782,0.037588894367218,0.0551339089870452,0.3824498355388641,2.766631841659546,0.3762596845626831,0.0209223050624132,0.0375888906419277,0.355897307395935,0.5809378027915955
atlas_het,ov0.10_cross0.30,graphatlas_c_beta_1,0,0,0.962411105632782,0.037588894367218,0.0551339089870452,0.3824498355388641,2.766631841659546,0.3762596845626831,0.0209223050624132,0.0375888906419277,0.355897307395935,0.5809378027915955
atlas_het,ov0.10_cross0.00,graphatlas_c_beta_1,1,0,0.9608392119407654,0.0391607582569122,0.0574113428592681,0.1878190785646438,2.3704957962036133,0.1896604597568512,0.0104335313662886,0.0391607694327831,0.207807645201683,0.7697749137878418
atlas_het,ov0.10_cross0.15,graphatlas_c_beta_1,1,0,0.9608392119407654,0.0391607582569122,0.0574113428592681,0.1878190785646438,2.3704957962036133,0.1896604597568512,0.0104335313662886,0.0391607694327831,0.207807645201683,0.7697749137878418
atlas_het,ov0.10_cross0.30,graphatlas_c_beta_1,1,0,0.9608392119407654,0.0391607582569122,0.0574113428592681,0.1878190785646438,2.3704957962036133,0.1896604597568512,0.0104335313662886,0.0391607694327831,0.207807645201683,0.7697749137878418
atlas_het,ov0.10_cross0.00,graphatlas_c_beta_1,2,0,0.9802778959274292,0.0197221860289573,0.0177465286105871,0.3336382508277893,2.9780373573303223,0.3347954154014587,0.0063093439675867,0.0197221953421831,0.3852903544902801,0.6793729066848755
atlas_het,ov0.10_cross0.15,graphatlas_c_beta_1,2,0,0.9802778959274292,0.0197221860289573,0.0177465286105871,0.3336382508277893,2.9780373573303223,0.3347954154014587,0.0063093439675867,0.0197221953421831,0.3852903544902801,0.6793729066848755
atlas_het,ov0.10_cross0.30,graphatlas_c_beta_1,2,0,0.9802778959274292,0.0197221860289573,0.0177465286105871,0.3336382508277893,2.9780373573303223,0.3347954154014587,0.0063093439675867,0.0197221953421831,0.3852903544902801,0.6793729066848755
atlas_het,ov0.10_cross0.00,graphatlas_c_beta_1,3,0,0.90079528093338,0.0992047116160392,0.1380781382322311,0.3302803039550781,1.9044928550720213,0.3314582705497741,0.0467094630002975,0.0992047116160392,0.3375779688358307,0.7216569185256958
atlas_het,ov0.10_cross0.15,graphatlas_c_beta_1,3,0,0.90079528093338,0.0992047116160392,0.1380781382322311,0.3302803039550781,1.9044928550720213,0.3314582705497741,0.0467094630002975,0.0992047116160392,0.3375779688358307,0.7216569185256958
atlas_het,ov0.10_cross0.30,graphatlas_c_beta_1,3,0,0.90079528093338,0.0992047116160392,0.1380781382322311,0.3302803039550781,1.9044928550720213,0.3314582705497741,0.0467094630002975,0.0992047116160392,0.3375779688358307,0.7216569185256958
atlas_het,ov0.10_cross0.00,graphatlas_c_beta_1,4,0,0.922004222869873,0.0779958218336105,0.1284312009811401,0.3196139335632324,2.317423820495605,0.319512277841568,0.0377200655639171,0.0779958218336105,0.3541063070297241,0.6899165511131287
atlas_het,ov0.10_cross0.15,graphatlas_c_beta_1,4,0,0.922004222869873,0.0779958218336105,0.1284312009811401,0.3196139335632324,2.317423820495605,0.319512277841568,0.0377200655639171,0.0779958218336105,0.3541063070297241,0.6899165511131287
atlas_het,ov0.10_cross0.30,graphatlas_c_beta_1,4,0,0.922004222869873,0.0779958218336105,0.1284312009811401,0.3196139335632324,2.317423820495605,0.319512277841568,0.0377200655639171,0.0779958218336105,0.3541063070297241,0.6899165511131287
atlas_het,ov0.10_cross0.00,graphatlas_c_beta_2,0,0,0.9613484144210817,0.0386515855789184,0.0569781363010406,0.3804587721824646,2.7173609733581543,0.3746046125888824,0.0217748936265707,0.0386515781283378,0.3532289266586303,0.5941386222839355
atlas_het,ov0.10_cross0.15,graphatlas_c_beta_2,0,0,0.9613484144210817,0.0386515855789184,0.0569781363010406,0.3804587721824646,2.7173609733581543,0.3746046125888824,0.0217748936265707,0.0386515781283378,0.3532289266586303,0.5941386222839355
atlas_het,ov0.10_cross0.30,graphatlas_c_beta_2,0,0,0.9613484144210817,0.0386515855789184,0.0569781363010406,0.3804587721824646,2.7173609733581543,0.3746046125888824,0.0217748936265707,0.0386515781283378,0.3532289266586303,0.5941386222839355
atlas_het,ov0.10_cross0.00,graphatlas_c_beta_2,1,0,0.94919753074646,0.0508024245500564,0.0670048892498016,0.1822555959224701,2.4061994552612305,0.1834898144006729,0.0132265528663992,0.050802432000637,0.21160888671875,0.7915633916854858
atlas_het,ov0.10_cross0.15,graphatlas_c_beta_2,1,0,0.94919753074646,0.0508024245500564,0.0670048892498016,0.1822555959224701,2.4061994552612305,0.1834898144006729,0.0132265528663992,0.050802432000637,0.21160888671875,0.7915633916854858
atlas_het,ov0.10_cross0.30,graphatlas_c_beta_2,1,0,0.94919753074646,0.0508024245500564,0.0670048892498016,0.1822555959224701,2.4061994552612305,0.1834898144006729,0.0132265528663992,0.050802432000637,0.21160888671875,0.7915633916854858
atlas_het,ov0.10_cross0.00,graphatlas_c_beta_2,2,0,0.9763498306274414,0.0236502364277839,0.0271068755537271,0.3426252901554107,2.9237256050109863,0.3436974883079529,0.009010849520564,0.023650225251913,0.3770546317100525,0.627062201499939
atlas_het,ov0.10_cross0.15,graphatlas_c_beta_2,2,0,0.9763498306274414,0.0236502364277839,0.0271068755537271,0.3426252901554107,2.9237256050109863,0.3436974883079529,0.009010849520564,0.023650225251913,0.3770546317100525,0.627062201499939
atlas_het,ov0.10_cross0.30,graphatlas_c_beta_2,2,0,0.9763498306274414,0.0236502364277839,0.0271068755537271,0.3426252901554107,2.9237256050109863,0.3436974883079529,0.009010849520564,0.023650225251913,0.3770546317100525,0.627062201499939
atlas_het,ov0.10_cross0.00,graphatlas_c_beta_2,3,0,0.901961624622345,0.0980383530259132,0.139254629611969,0.3250875174999237,1.8953170776367188,0.3306736052036285,0.0460852570831775,0.0980383530259132,0.3364616930484772,0.7657004594802856
atlas_het,ov0.10_cross0.15,graphatlas_c_beta_2,3,0,0.901961624622345,0.0980383530259132,0.139254629611969,0.3250875174999237,1.8953170776367188,0.3306736052036285,0.0460852570831775,0.0980383530259132,0.3364616930484772,0.7657004594802856
atlas_het,ov0.10_cross0.30,graphatlas_c_beta_2,3,0,0.901961624622345,0.0980383530259132,0.139254629611969,0.3250875174999237,1.8953170776367188,0.3306736052036285,0.0460852570831775,0.0980383530259132,0.3364616930484772,0.7657004594802856
atlas_het,ov0.10_cross0.00,graphatlas_c_beta_2,4,0,0.9599878787994384,0.0400121137499809,0.0558247007429599,0.2766673266887665,2.2668583393096924,0.2766999006271362,0.0154879577457904,0.0400121174752712,0.3292145133018493,0.6307997703552246
atlas_het,ov0.10_cross0.15,graphatlas_c_beta_2,4,0,0.9599878787994384,0.0400121137499809,0.0558247007429599,0.2766673266887665,2.2668583393096924,0.2766999006271362,0.0154879577457904,0.0400121174752712,0.3292145133018493,0.6307997703552246
atlas_het,ov0.10_cross0.30,graphatlas_c_beta_2,4,0,0.9599878787994384,0.0400121137499809,0.0558247007429599,0.2766673266887665,2.2668583393096924,0.2766999006271362,0.0154879577457904,0.0400121174752712,0.3292145133018493,0.6307997703552246
atlas_het,ov0.10_cross0.00,graphatlas_c_beta_4,0,0,0.958437204360962,0.0415628217160701,0.0481282174587249,0.322002112865448,2.3664491176605225,0.3183073997497558,0.0152030978351831,0.0415628403425216,0.3325740993022918,0.6416411995887756
atlas_het,ov0.10_cross0.15,graphatlas_c_beta_4,0,0,0.958437204360962,0.0415628217160701,0.0481282174587249,0.322002112865448,2.3664491176605225,0.3183073997497558,0.0152030978351831,0.0415628403425216,0.3325740993022918,0.6416411995887756
atlas_het,ov0.10_cross0.30,graphatlas_c_beta_4,0,0,0.958437204360962,0.0415628217160701,0.0481282174587249,0.322002112865448,2.3664491176605225,0.3183073997497558,0.0152030978351831,0.0415628403425216,0.3325740993022918,0.6416411995887756
atlas_het,ov0.10_cross0.00,graphatlas_c_beta_4,1,0,0.9536773562431335,0.0463226549327373,0.0608760081231594,0.1849014014005661,2.4239659309387207,0.1865260004997253,0.0120589351281523,0.0463226623833179,0.2072715014219284,0.7806175351142883
atlas_het,ov0.10_cross0.15,graphatlas_c_beta_4,1,0,0.9536773562431335,0.0463226549327373,0.0608760081231594,0.1849014014005661,2.4239659309387207,0.1865260004997253,0.0120589351281523,0.0463226623833179,0.2072715014219284,0.7806175351142883
atlas_het,ov0.10_cross0.30,graphatlas_c_beta_4,1,0,0.9536773562431335,0.0463226549327373,0.0608760081231594,0.1849014014005661,2.4239659309387207,0.1865260004997253,0.0120589351281523,0.0463226623833179,0.2072715014219284,0.7806175351142883
atlas_het,ov0.10_cross0.00,graphatlas_c_beta_4,2,0,0.9579440951347352,0.0420559644699096,0.0522603541612625,0.3079430162906647,2.4450480937957764,0.304928570985794,0.0165452621877193,0.0420559644699096,0.3429241776466369,0.6113331317901611
atlas_het,ov0.10_cross0.15,graphatlas_c_beta_4,2,0,0.9579440951347352,0.0420559644699096,0.0522603541612625,0.3079430162906647,2.4450480937957764,0.304928570985794,0.0165452621877193,0.0420559644699096,0.3429241776466369,0.6113331317901611
atlas_het,ov0.10_cross0.30,graphatlas_c_beta_4,2,0,0.9579440951347352,0.0420559644699096,0.0522603541612625,0.3079430162906647,2.4450480937957764,0.304928570985794,0.0165452621877193,0.0420559644699096,0.3429241776466369,0.6113331317901611
atlas_het,ov0.10_cross0.00,graphatlas_c_beta_4,3,0,0.9005034565925598,0.0994966328144073,0.1504362225532531,0.2854269444942474,1.871534824371338,0.3041351437568664,0.0396435335278511,0.0994966179132461,0.3265203535556793,0.8167848587036133
atlas_het,ov0.10_cross0.15,graphatlas_c_beta_4,3,0,0.9005034565925598,0.0994966328144073,0.1504362225532531,0.2854269444942474,1.871534824371338,0.3041351437568664,0.0396435335278511,0.0994966179132461,0.3265203535556793,0.8167848587036133
atlas_het,ov0.10_cross0.30,graphatlas_c_beta_4,3,0,0.9005034565925598,0.0994966328144073,0.1504362225532531,0.2854269444942474,1.871534824371338,0.3041351437568664,0.0396435335278511,0.0994966179132461,0.3265203535556793,0.8167848587036133
atlas_het,ov0.10_cross0.00,graphatlas_c_beta_4,4,0,0.941985845565796,0.0580141358077526,0.0942574739456176,0.3031641542911529,2.211675882339477,0.3040841519832611,0.0292296595871448,0.0580141432583332,0.3459839820861816,0.7465913891792297
atlas_het,ov0.10_cross0.15,graphatlas_c_beta_4,4,0,0.941985845565796,0.0580141358077526,0.0942574739456176,0.3031641542911529,2.211675882339477,0.3040841519832611,0.0292296595871448,0.0580141432583332,0.3459839820861816,0.7465913891792297
atlas_het,ov0.10_cross0.30,graphatlas_c_beta_4,4,0,0.941985845565796,0.0580141358077526,0.0942574739456176,0.3031641542911529,2.211675882339477,0.3040841519832611,0.0292296595871448,0.0580141432583332,0.3459839820861816,0.7465913891792297
atlas_het,smoke,graphatlas_c_beta_minus_1,0,0,0.8380190134048462,0.1619810760021209,0.2379215508699417,0.6744569540023804,1.5116459131240845,0.6798332333564758,0.1389641612768173,0.1619810760021209,0.5347335338592529,0.3506017923355102
atlas_het,smoke,graphatlas_c_beta_minus_1,0,0,0.8380190134048462,0.1619810760021209,0.2379215508699417,0.6744569540023804,1.5116459131240845,0.6798332333564758,0.1389641612768173,0.1619810760021209,0.5347335338592529,0.3506017923355102
atlas_het,ov0.10_cross0.00,graphatlas_c_beta_minus_1,0,0,0.9445446729660034,0.0554552525281906,0.0622757375240325,0.4092333614826202,2.6849684715271,0.4075357615947723,0.0253797937184572,0.0554552525281906,0.3897893726825714,0.5818042755126953
atlas_het,ov0.10_cross0.15,graphatlas_c_beta_minus_1,0,0,0.9445446729660034,0.0554552525281906,0.0622757375240325,0.4092333614826202,2.6849684715271,0.4075357615947723,0.0253797937184572,0.0554552525281906,0.3897893726825714,0.5818042755126953
atlas_het,ov0.10_cross0.30,graphatlas_c_beta_minus_1,0,0,0.9445446729660034,0.0554552525281906,0.0622757375240325,0.4092333614826202,2.6849684715271,0.4075357615947723,0.0253797937184572,0.0554552525281906,0.3897893726825714,0.5818042755126953
atlas_het,ov0.10_cross0.50,graphatlas_c_beta_minus_1,0,0,0.9445446729660034,0.0554552525281906,0.0622757375240325,0.4092333614826202,2.6849684715271,0.4075357615947723,0.0253797937184572,0.0554552525281906,0.3897893726825714,0.5818042755126953
atlas_het,ov0.25_cross0.00,graphatlas_c_beta_minus_1,0,0,0.9713729023933412,0.0286270175129175,0.0405431576073169,0.2294889837503433,2.579379081726074,0.2290237694978714,0.0094322664663195,0.0286270305514335,0.3026036620140075,0.7370540499687195
atlas_het,ov0.25_cross0.15,graphatlas_c_beta_minus_1,0,0,0.9713729023933412,0.0286270175129175,0.0405431576073169,0.2294889837503433,2.579379081726074,0.2290237694978714,0.0094322664663195,0.0286270305514335,0.3026036620140075,0.7370540499687195
atlas_het,ov0.25_cross0.30,graphatlas_c_beta_minus_1,0,0,0.9713729023933412,0.0286270175129175,0.0405431576073169,0.2294889837503433,2.579379081726074,0.2290237694978714,0.0094322664663195,0.0286270305514335,0.3026036620140075,0.7370540499687195
atlas_het,ov0.25_cross0.50,graphatlas_c_beta_minus_1,0,0,0.9713729023933412,0.0286270175129175,0.0405431576073169,0.2294889837503433,2.579379081726074,0.2290237694978714,0.0094322664663195,0.0286270305514335,0.3026036620140075,0.7370540499687195
atlas_het,ov0.40_cross0.00,graphatlas_c_beta_minus_1,0,0,0.9442130327224731,0.0557869523763656,0.0791651010513305,0.2462151199579239,2.2349653244018555,0.243337869644165,0.0166043899953365,0.0557869337499141,0.3187245726585388,0.7567278146743774
atlas_het,ov0.40_cross0.15,graphatlas_c_beta_minus_1,0,0,0.9442130327224731,0.0557869523763656,0.0791651010513305,0.2462151199579239,2.2349653244018555,0.243337869644165,0.0166043899953365,0.0557869337499141,0.3187245726585388,0.7567278146743774
atlas_het,ov0.40_cross0.30,graphatlas_c_beta_minus_1,0,0,0.9442130327224731,0.0557869523763656,0.0791651010513305,0.2462151199579239,2.2349653244018555,0.243337869644165,0.0166043899953365,0.0557869337499141,0.3187245726585388,0.7567278146743774
atlas_het,ov0.40_cross0.50,graphatlas_c_beta_minus_1,0,0,0.9442130327224731,0.0557869523763656,0.0791651010513305,0.2462151199579239,2.2349653244018555,0.243337869644165,0.0166043899953365,0.0557869337499141,0.3187245726585388,0.7567278146743774
atlas_het,ov0.55_cross0.00,graphatlas_c_beta_minus_1,0,0,0.9837466478347778,0.0162533316761255,0.0283659547567367,0.2432864755392074,2.3304946422576904,0.244685024023056,0.0058381399139761,0.0162533149123191,0.2978686094284057,0.7618246674537659
atlas_het,ov0.55_cross0.15,graphatlas_c_beta_minus_1,0,0,0.9837466478347778,0.0162533316761255,0.0283659547567367,0.2432864755392074,2.3304946422576904,0.244685024023056,0.0058381399139761,0.0162533149123191,0.2978686094284057,0.7618246674537659
atlas_het,ov0.55_cross0.30,graphatlas_c_beta_minus_1,0,0,0.9837466478347778,0.0162533316761255,0.0283659547567367,0.2432864755392074,2.3304946422576904,0.244685024023056,0.0058381399139761,0.0162533149123191,0.2978686094284057,0.7618246674537659
atlas_het,ov0.55_cross0.50,graphatlas_c_beta_minus_1,0,0,0.9837466478347778,0.0162533316761255,0.0283659547567367,0.2432864755392074,2.3304946422576904,0.244685024023056,0.0058381399139761,0.0162533149123191,0.2978686094284057,0.7618246674537659
atlas_het,ov0.10_cross0.00,graphatlas_c_beta_minus_1,1,0,0.95783531665802,0.0421647019684314,0.0671655461192131,0.1853540986776352,2.2727439403533936,0.1882045716047287,0.0115527538582682,0.0421647056937217,0.2097245156764984,0.7568153738975525
atlas_het,ov0.10_cross0.15,graphatlas_c_beta_minus_1,1,0,0.95783531665802,0.0421647019684314,0.0671655461192131,0.1853540986776352,2.2727439403533936,0.1882045716047287,0.0115527538582682,0.0421647056937217,0.2097245156764984,0.7568153738975525
atlas_het,ov0.10_cross0.30,graphatlas_c_beta_minus_1,1,0,0.95783531665802,0.0421647019684314,0.0671655461192131,0.1853540986776352,2.2727439403533936,0.1882045716047287,0.0115527538582682,0.0421647056937217,0.2097245156764984,0.7568153738975525
atlas_het,ov0.10_cross0.50,graphatlas_c_beta_minus_1,1,0,0.95783531665802,0.0421647019684314,0.0671655461192131,0.1853540986776352,2.2727439403533936,0.1882045716047287,0.0115527538582682,0.0421647056937217,0.2097245156764984,0.7568153738975525
atlas_het,ov0.25_cross0.00,graphatlas_c_beta_minus_1,1,0,0.9448750019073486,0.0551250092685222,0.0673757418990135,0.2145411968231201,2.241929054260254,0.215373009443283,0.0130741596221923,0.0551250092685222,0.2539569139480591,0.7453015446662903
atlas_het,ov0.25_cross0.15,graphatlas_c_beta_minus_1,1,0,0.9448750019073486,0.0551250092685222,0.0673757418990135,0.2145411968231201,2.241929054260254,0.215373009443283,0.0130741596221923,0.0551250092685222,0.2539569139480591,0.7453015446662903
atlas_het,ov0.25_cross0.30,graphatlas_c_beta_minus_1,1,0,0.9448750019073486,0.0551250092685222,0.0673757418990135,0.2145411968231201,2.241929054260254,0.215373009443283,0.0130741596221923,0.0551250092685222,0.2539569139480591,0.7453015446662903
atlas_het,ov0.25_cross0.50,graphatlas_c_beta_minus_1,1,0,0.9448750019073486,0.0551250092685222,0.0673757418990135,0.2145411968231201,2.241929054260254,0.215373009443283,0.0130741596221923,0.0551250092685222,0.2539569139480591,0.7453015446662903
atlas_het,ov0.40_cross0.00,graphatlas_c_beta_minus_1,1,0,0.9489868879318236,0.0510130710899829,0.0514863952994346,0.3814440369606018,2.0470690727233887,0.3847650289535522,0.0172636918723583,0.0510130748152732,0.3683667480945587,0.6344485878944397
atlas_het,ov0.40_cross0.15,graphatlas_c_beta_minus_1,1,0,0.9489868879318236,0.0510130710899829,0.0514863952994346,0.3814440369606018,2.0470690727233887,0.3847650289535522,0.0172636918723583,0.0510130748152732,0.3683667480945587,0.6344485878944397
atlas_het,ov0.40_cross0.30,graphatlas_c_beta_minus_1,1,0,0.9489868879318236,0.0510130710899829,0.0514863952994346,0.3814440369606018,2.0470690727233887,0.3847650289535522,0.0172636918723583,0.0510130748152732,0.3683667480945587,0.6344485878944397
atlas_het,ov0.40_cross0.50,graphatlas_c_beta_minus_1,1,0,0.9489868879318236,0.0510130710899829,0.0514863952994346,0.3814440369606018,2.0470690727233887,0.3847650289535522,0.0172636918723583,0.0510130748152732,0.3683667480945587,0.6344485878944397
atlas_het,ov0.55_cross0.00,graphatlas_c_beta_minus_1,1,0,0.9146108627319336,0.0853891223669052,0.0830182433128357,0.3148980438709259,2.044003486633301,0.3197979629039764,0.0233761295676231,0.0853891223669052,0.3380621671676636,0.6880421042442322
atlas_het,ov0.55_cross0.15,graphatlas_c_beta_minus_1,1,0,0.9146108627319336,0.0853891223669052,0.0830182433128357,0.3148980438709259,2.044003486633301,0.3197979629039764,0.0233761295676231,0.0853891223669052,0.3380621671676636,0.6880421042442322
atlas_het,ov0.55_cross0.30,graphatlas_c_beta_minus_1,1,0,0.9146108627319336,0.0853891223669052,0.0830182433128357,0.3148980438709259,2.044003486633301,0.3197979629039764,0.0233761295676231,0.0853891223669052,0.3380621671676636,0.6880421042442322
atlas_het,ov0.55_cross0.50,graphatlas_c_beta_minus_1,1,0,0.9146108627319336,0.0853891223669052,0.0830182433128357,0.3148980438709259,2.044003486633301,0.3197979629039764,0.0233761295676231,0.0853891223669052,0.3380621671676636,0.6880421042442322
atlas_het,ov0.10_cross0.00,graphatlas_c_beta_minus_1,2,0,0.9401997923851012,0.0598001778125762,0.0764243677258491,0.2933349609375,2.905912637710572,0.2970629334449768,0.0215440820902586,0.0598001778125762,0.3360036611557007,0.6572906970977783
atlas_het,ov0.10_cross0.15,graphatlas_c_beta_minus_1,2,0,0.9401997923851012,0.0598001778125762,0.0764243677258491,0.2933349609375,2.905912637710572,0.2970629334449768,0.0215440820902586,0.0598001778125762,0.3360036611557007,0.6572906970977783
atlas_het,ov0.10_cross0.30,graphatlas_c_beta_minus_1,2,0,0.9401997923851012,0.0598001778125762,0.0764243677258491,0.2933349609375,2.905912637710572,0.2970629334449768,0.0215440820902586,0.0598001778125762,0.3360036611557007,0.6572906970977783
atlas_het,ov0.10_cross0.50,graphatlas_c_beta_minus_1,2,0,0.9401997923851012,0.0598001778125762,0.0764243677258491,0.2933349609375,2.905912637710572,0.2970629334449768,0.0215440820902586,0.0598001778125762,0.3360036611557007,0.6572906970977783
atlas_het,ov0.25_cross0.00,graphatlas_c_beta_minus_1,2,0,0.9551853537559508,0.0448146648705005,0.0529890358448028,0.3258422911167145,3.243887424468994,0.3244054019451141,0.0171559993177652,0.0448146387934684,0.3410608470439911,0.6338251829147339
atlas_het,ov0.25_cross0.15,graphatlas_c_beta_minus_1,2,0,0.9551853537559508,0.0448146648705005,0.0529890358448028,0.3258422911167145,3.243887424468994,0.3244054019451141,0.0171559993177652,0.0448146387934684,0.3410608470439911,0.6338251829147339
atlas_het,ov0.25_cross0.30,graphatlas_c_beta_minus_1,2,0,0.9551853537559508,0.0448146648705005,0.0529890358448028,0.3258422911167145,3.243887424468994,0.3244054019451141,0.0171559993177652,0.0448146387934684,0.3410608470439911,0.6338251829147339
atlas_het,ov0.25_cross0.50,graphatlas_c_beta_minus_1,2,0,0.9551853537559508,0.0448146648705005,0.0529890358448028,0.3258422911167145,3.243887424468994,0.3244054019451141,0.0171559993177652,0.0448146387934684,0.3410608470439911,0.6338251829147339
atlas_het,ov0.40_cross0.00,graphatlas_c_beta_minus_1,2,0,0.958801567554474,0.0411983951926231,0.0458621978759765,0.4807653129100799,3.149029016494751,0.4821783900260925,0.0184490364044904,0.0411983914673328,0.4651593863964081,0.5537964701652527
atlas_het,ov0.40_cross0.15,graphatlas_c_beta_minus_1,2,0,0.958801567554474,0.0411983951926231,0.0458621978759765,0.4807653129100799,3.149029016494751,0.4821783900260925,0.0184490364044904,0.0411983914673328,0.4651593863964081,0.5537964701652527
atlas_het,ov0.40_cross0.30,graphatlas_c_beta_minus_1,2,0,0.958801567554474,0.0411983951926231,0.0458621978759765,0.4807653129100799,3.149029016494751,0.4821783900260925,0.0184490364044904,0.0411983914673328,0.4651593863964081,0.5537964701652527
atlas_het,ov0.40_cross0.50,graphatlas_c_beta_minus_1,2,0,0.958801567554474,0.0411983951926231,0.0458621978759765,0.4807653129100799,3.149029016494751,0.4821783900260925,0.0184490364044904,0.0411983914673328,0.4651593863964081,0.5537964701652527
atlas_het,ov0.55_cross0.00,graphatlas_c_beta_minus_1,2,0,0.9724558591842652,0.0275440774857997,0.0358643382787704,0.3422985970973968,2.8754470348358154,0.3443236052989959,0.0138336094096302,0.0275440644472837,0.3180469274520874,0.6169177293777466
atlas_het,ov0.55_cross0.15,graphatlas_c_beta_minus_1,2,0,0.9724558591842652,0.0275440774857997,0.0358643382787704,0.3422985970973968,2.8754470348358154,0.3443236052989959,0.0138336094096302,0.0275440644472837,0.3180469274520874,0.6169177293777466
atlas_het,ov0.55_cross0.30,graphatlas_c_beta_minus_1,2,0,0.9724558591842652,0.0275440774857997,0.0358643382787704,0.3422985970973968,2.8754470348358154,0.3443236052989959,0.0138336094096302,0.0275440644472837,0.3180469274520874,0.6169177293777466
atlas_het,ov0.55_cross0.50,graphatlas_c_beta_minus_1,2,0,0.9724558591842652,0.0275440774857997,0.0358643382787704,0.3422985970973968,2.8754470348358154,0.3443236052989959,0.0138336094096302,0.0275440644472837,0.3180469274520874,0.6169177293777466
atlas_het,smoke,graphatlas_c_coordinate_relu,0,0,0.8322106003761292,0.1677895039319992,0.2478079497814178,0.6644569039344788,1.514151930809021,0.6794261932373047,0.1451386511325836,0.1677895039319992,0.5357963442802429,0.7833594679832458
atlas_het,smoke,graphatlas_c_coordinate_relu,0,0,0.8322106003761292,0.1677895039319992,0.2478079497814178,0.6644569039344788,1.514151930809021,0.6794261932373047,0.1451386511325836,0.1677895039319992,0.5357963442802429,0.7833594679832458
atlas_het,ov0.10_cross0.00,graphatlas_c_coordinate_relu,0,0,0.9530981779098512,0.0469019189476966,0.0869166702032089,0.1824785619974136,2.151710033416748,0.1818440705537796,0.0156025001779198,0.0469019003212451,0.2573067545890808,0.7991845011711121
atlas_het,ov0.10_cross0.15,graphatlas_c_coordinate_relu,0,0,0.9530981779098512,0.0469019189476966,0.0869166702032089,0.1824785619974136,2.151710033416748,0.1818440705537796,0.0156025001779198,0.0469019003212451,0.2573067545890808,0.7991845011711121
atlas_het,ov0.10_cross0.30,graphatlas_c_coordinate_relu,0,0,0.9530981779098512,0.0469019189476966,0.0869166702032089,0.1824785619974136,2.151710033416748,0.1818440705537796,0.0156025001779198,0.0469019003212451,0.2573067545890808,0.7991845011711121
atlas_het,ov0.10_cross0.50,graphatlas_c_coordinate_relu,0,0,0.9530981779098512,0.0469019189476966,0.0869166702032089,0.1824785619974136,2.151710033416748,0.1818440705537796,0.0156025001779198,0.0469019003212451,0.2573067545890808,0.7991845011711121
atlas_het,ov0.25_cross0.00,graphatlas_c_coordinate_relu,0,0,0.978564202785492,0.0214357674121856,0.0255192052572965,0.338451087474823,3.160802364349365,0.3394636213779449,0.0093219242990016,0.0214357655495405,0.3699108958244324,0.689806342124939
atlas_het,ov0.25_cross0.15,graphatlas_c_coordinate_relu,0,0,0.978564202785492,0.0214357674121856,0.0255192052572965,0.338451087474823,3.160802364349365,0.3394636213779449,0.0093219242990016,0.0214357655495405,0.3699108958244324,0.689806342124939
atlas_het,ov0.25_cross0.30,graphatlas_c_coordinate_relu,0,0,0.978564202785492,0.0214357674121856,0.0255192052572965,0.338451087474823,3.160802364349365,0.3394636213779449,0.0093219242990016,0.0214357655495405,0.3699108958244324,0.689806342124939
atlas_het,ov0.25_cross0.50,graphatlas_c_coordinate_relu,0,0,0.978564202785492,0.0214357674121856,0.0255192052572965,0.338451087474823,3.160802364349365,0.3394636213779449,0.0093219242990016,0.0214357655495405,0.3699108958244324,0.689806342124939
atlas_het,ov0.40_cross0.00,graphatlas_c_coordinate_relu,0,0,0.933806538581848,0.0661934465169906,0.08841572701931,0.2000255137681961,3.226706027984619,0.2018242925405502,0.0160429738461971,0.06619343906641,0.2752091884613037,0.7698776721954346
atlas_het,ov0.40_cross0.15,graphatlas_c_coordinate_relu,0,0,0.933806538581848,0.0661934465169906,0.08841572701931,0.2000255137681961,3.226706027984619,0.2018242925405502,0.0160429738461971,0.06619343906641,0.2752091884613037,0.7698776721954346
atlas_het,ov0.40_cross0.30,graphatlas_c_coordinate_relu,0,0,0.933806538581848,0.0661934465169906,0.08841572701931,0.2000255137681961,3.226706027984619,0.2018242925405502,0.0160429738461971,0.06619343906641,0.2752091884613037,0.7698776721954346
atlas_het,ov0.40_cross0.50,graphatlas_c_coordinate_relu,0,0,0.933806538581848,0.0661934465169906,0.08841572701931,0.2000255137681961,3.226706027984619,0.2018242925405502,0.0160429738461971,0.06619343906641,0.2752091884613037,0.7698776721954346
atlas_het,ov0.55_cross0.00,graphatlas_c_coordinate_relu,0,0,0.980916142463684,0.0190839115530252,0.0237549375742673,0.2914956510066986,3.181272268295288,0.2936307191848755,0.0069349743425846,0.0190839134156703,0.3339407444000244,0.7209480404853821
atlas_het,ov0.55_cross0.15,graphatlas_c_coordinate_relu,0,0,0.980916142463684,0.0190839115530252,0.0237549375742673,0.2914956510066986,3.181272268295288,0.2936307191848755,0.0069349743425846,0.0190839134156703,0.3339407444000244,0.7209480404853821
atlas_het,ov0.55_cross0.30,graphatlas_c_coordinate_relu,0,0,0.980916142463684,0.0190839115530252,0.0237549375742673,0.2914956510066986,3.181272268295288,0.2936307191848755,0.0069349743425846,0.0190839134156703,0.3339407444000244,0.7209480404853821
atlas_het,ov0.55_cross0.50,graphatlas_c_coordinate_relu,0,0,0.980916142463684,0.0190839115530252,0.0237549375742673,0.2914956510066986,3.181272268295288,0.2936307191848755,0.0069349743425846,0.0190839134156703,0.3339407444000244,0.7209480404853821
atlas_het,ov0.10_cross0.00,graphatlas_c_coordinate_relu,1,0,0.943507730960846,0.0564922653138637,0.0781620740890502,0.1411429345607757,5.387595176696777,0.143685907125473,0.010847114957869,0.0564922727644443,0.222089022397995,0.8380834460258484
atlas_het,ov0.10_cross0.15,graphatlas_c_coordinate_relu,1,0,0.943507730960846,0.0564922653138637,0.0781620740890502,0.1411429345607757,5.387595176696777,0.143685907125473,0.010847114957869,0.0564922727644443,0.222089022397995,0.8380834460258484
atlas_het,ov0.10_cross0.30,graphatlas_c_coordinate_relu,1,0,0.943507730960846,0.0564922653138637,0.0781620740890502,0.1411429345607757,5.387595176696777,0.143685907125473,0.010847114957869,0.0564922727644443,0.222089022397995,0.8380834460258484
atlas_het,ov0.10_cross0.50,graphatlas_c_coordinate_relu,1,0,0.943507730960846,0.0564922653138637,0.0781620740890502,0.1411429345607757,5.387595176696777,0.143685907125473,0.010847114957869,0.0564922727644443,0.222089022397995,0.8380834460258484
atlas_het,ov0.25_cross0.00,graphatlas_c_coordinate_relu,1,0,0.942300260066986,0.0576996505260467,0.0930258557200431,0.1436744034290313,2.602099895477295,0.1450295597314834,0.014570914208889,0.0576996468007564,0.2065929472446441,0.8395290970802307
atlas_het,ov0.25_cross0.15,graphatlas_c_coordinate_relu,1,0,0.942300260066986,0.0576996505260467,0.0930258557200431,0.1436744034290313,2.602099895477295,0.1450295597314834,0.014570914208889,0.0576996468007564,0.2065929472446441,0.8395290970802307
atlas_het,ov0.25_cross0.30,graphatlas_c_coordinate_relu,1,0,0.942300260066986,0.0576996505260467,0.0930258557200431,0.1436744034290313,2.602099895477295,0.1450295597314834,0.014570914208889,0.0576996468007564,0.2065929472446441,0.8395290970802307
atlas_het,ov0.25_cross0.50,graphatlas_c_coordinate_relu,1,0,0.942300260066986,0.0576996505260467,0.0930258557200431,0.1436744034290313,2.602099895477295,0.1450295597314834,0.014570914208889,0.0576996468007564,0.2065929472446441,0.8395290970802307
atlas_het,ov0.40_cross0.00,graphatlas_c_coordinate_relu,1,0,0.9572848081588744,0.0427152030169963,0.0587544180452823,0.2500755190849304,2.530566453933716,0.2502402663230896,0.0137222912162542,0.042715199291706,0.2436507195234298,0.7127736210823059
atlas_het,ov0.40_cross0.15,graphatlas_c_coordinate_relu,1,0,0.9572848081588744,0.0427152030169963,0.0587544180452823,0.2500755190849304,2.530566453933716,0.2502402663230896,0.0137222912162542,0.042715199291706,0.2436507195234298,0.7127736210823059
atlas_het,ov0.40_cross0.30,graphatlas_c_coordinate_relu,1,0,0.9572848081588744,0.0427152030169963,0.0587544180452823,0.2500755190849304,2.530566453933716,0.2502402663230896,0.0137222912162542,0.042715199291706,0.2436507195234298,0.7127736210823059
atlas_het,ov0.40_cross0.50,graphatlas_c_coordinate_relu,1,0,0.9572848081588744,0.0427152030169963,0.0587544180452823,0.2500755190849304,2.530566453933716,0.2502402663230896,0.0137222912162542,0.042715199291706,0.2436507195234298,0.7127736210823059
atlas_het,ov0.55_cross0.00,graphatlas_c_coordinate_relu,1,0,0.9304132461547852,0.0695867165923118,0.0764582380652427,0.2076081186532974,3.601247787475586,0.2074943929910659,0.0154506089165806,0.0695867240428924,0.243891492486,0.7653862237930298
atlas_het,ov0.55_cross0.15,graphatlas_c_coordinate_relu,1,0,0.9304132461547852,0.0695867165923118,0.0764582380652427,0.2076081186532974,3.601247787475586,0.2074943929910659,0.0154506089165806,0.0695867240428924,0.243891492486,0.7653862237930298
atlas_het,ov0.55_cross0.30,graphatlas_c_coordinate_relu,1,0,0.9304132461547852,0.0695867165923118,0.0764582380652427,0.2076081186532974,3.601247787475586,0.2074943929910659,0.0154506089165806,0.0695867240428924,0.243891492486,0.7653862237930298
atlas_het,ov0.55_cross0.50,graphatlas_c_coordinate_relu,1,0,0.9304132461547852,0.0695867165923118,0.0764582380652427,0.2076081186532974,3.601247787475586,0.2074943929910659,0.0154506089165806,0.0695867240428924,0.243891492486,0.7653862237930298
atlas_het,ov0.10_cross0.00,graphatlas_c_coordinate_relu,2,0,0.9805076122283936,0.0194923747330904,0.0239621233195066,0.3191305100917816,2.368862628936768,0.3170472681522369,0.0077116005122661,0.0194923598319292,0.3800540864467621,0.7130340933799744
atlas_het,ov0.10_cross0.15,graphatlas_c_coordinate_relu,2,0,0.9805076122283936,0.0194923747330904,0.0239621233195066,0.3191305100917816,2.368862628936768,0.3170472681522369,0.0077116005122661,0.0194923598319292,0.3800540864467621,0.7130340933799744
atlas_het,ov0.10_cross0.30,graphatlas_c_coordinate_relu,2,0,0.9805076122283936,0.0194923747330904,0.0239621233195066,0.3191305100917816,2.368862628936768,0.3170472681522369,0.0077116005122661,0.0194923598319292,0.3800540864467621,0.7130340933799744
atlas_het,ov0.10_cross0.50,graphatlas_c_coordinate_relu,2,0,0.9805076122283936,0.0194923747330904,0.0239621233195066,0.3191305100917816,2.368862628936768,0.3170472681522369,0.0077116005122661,0.0194923598319292,0.3800540864467621,0.7130340933799744
atlas_het,ov0.25_cross0.00,graphatlas_c_coordinate_relu,2,0,0.9824110269546508,0.0175890363752841,0.0186329185962677,0.420286625623703,3.067060947418213,0.4194807410240173,0.0078880526125431,0.0175890531390905,0.3679456412792206,0.6013423800468445
atlas_het,ov0.25_cross0.15,graphatlas_c_coordinate_relu,2,0,0.9824110269546508,0.0175890363752841,0.0186329185962677,0.420286625623703,3.067060947418213,0.4194807410240173,0.0078880526125431,0.0175890531390905,0.3679456412792206,0.6013423800468445
atlas_het,ov0.25_cross0.30,graphatlas_c_coordinate_relu,2,0,0.9824110269546508,0.0175890363752841,0.0186329185962677,0.420286625623703,3.067060947418213,0.4194807410240173,0.0078880526125431,0.0175890531390905,0.3679456412792206,0.6013423800468445
atlas_het,ov0.25_cross0.50,graphatlas_c_coordinate_relu,2,0,0.9824110269546508,0.0175890363752841,0.0186329185962677,0.420286625623703,3.067060947418213,0.4194807410240173,0.0078880526125431,0.0175890531390905,0.3679456412792206,0.6013423800468445
atlas_het,ov0.40_cross0.00,graphatlas_c_coordinate_relu,2,0,0.9740500450134276,0.0259499438107013,0.0283363964408636,0.2729681730270386,3.308725118637085,0.2692206799983978,0.0083342744037508,0.0259499344974756,0.2913939952850342,0.7062711119651794
atlas_het,ov0.40_cross0.15,graphatlas_c_coordinate_relu,2,0,0.9740500450134276,0.0259499438107013,0.0283363964408636,0.2729681730270386,3.308725118637085,0.2692206799983978,0.0083342744037508,0.0259499344974756,0.2913939952850342,0.7062711119651794
atlas_het,ov0.40_cross0.30,graphatlas_c_coordinate_relu,2,0,0.9740500450134276,0.0259499438107013,0.0283363964408636,0.2729681730270386,3.308725118637085,0.2692206799983978,0.0083342744037508,0.0259499344974756,0.2913939952850342,0.7062711119651794
atlas_het,ov0.40_cross0.50,graphatlas_c_coordinate_relu,2,0,0.9740500450134276,0.0259499438107013,0.0283363964408636,0.2729681730270386,3.308725118637085,0.2692206799983978,0.0083342744037508,0.0259499344974756,0.2913939952850342,0.7062711119651794
atlas_het,ov0.55_cross0.00,graphatlas_c_coordinate_relu,2,0,0.9820270538330078,0.0179729182273149,0.0280651841312646,0.2572358846664428,2.913254737854004,0.2582237422466278,0.0073784505948424,0.0179729405790567,0.215042769908905,0.7563275098800659
atlas_het,ov0.55_cross0.15,graphatlas_c_coordinate_relu,2,0,0.9820270538330078,0.0179729182273149,0.0280651841312646,0.2572358846664428,2.913254737854004,0.2582237422466278,0.0073784505948424,0.0179729405790567,0.215042769908905,0.7563275098800659
atlas_het,ov0.55_cross0.30,graphatlas_c_coordinate_relu,2,0,0.9820270538330078,0.0179729182273149,0.0280651841312646,0.2572358846664428,2.913254737854004,0.2582237422466278,0.0073784505948424,0.0179729405790567,0.215042769908905,0.7563275098800659
atlas_het,ov0.55_cross0.50,graphatlas_c_coordinate_relu,2,0,0.9820270538330078,0.0179729182273149,0.0280651841312646,0.2572358846664428,2.913254737854004,0.2582237422466278,0.0073784505948424,0.0179729405790567,0.215042769908905,0.7563275098800659
atlas_het,ov0.10_cross0.00,graphatlas_c_membership,0,0,0.943192422389984,0.0568075254559516,0.0750532746315002,0.3574274480342865,2.526394844055176,0.355099618434906,0.0285517703741788,0.0568075031042099,0.358341634273529,1.661773681640625
atlas_het,ov0.10_cross0.15,graphatlas_c_membership,0,0,0.943192422389984,0.0568075254559516,0.0750532746315002,0.3574274480342865,2.526394844055176,0.355099618434906,0.0285517703741788,0.0568075031042099,0.358341634273529,1.661773681640625
atlas_het,ov0.10_cross0.30,graphatlas_c_membership,0,0,0.943192422389984,0.0568075254559516,0.0750532746315002,0.3574274480342865,2.526394844055176,0.355099618434906,0.0285517703741788,0.0568075031042099,0.358341634273529,1.661773681640625
atlas_het,ov0.10_cross0.00,graphatlas_c_membership,1,0,0.9615113139152528,0.0384885966777801,0.0538779310882091,0.1911536008119583,2.3522300720214844,0.1931464523077011,0.010030205361545,0.0384886041283607,0.2098310440778732,2.2470569610595703
atlas_het,ov0.10_cross0.15,graphatlas_c_membership,1,0,0.9615113139152528,0.0384885966777801,0.0538779310882091,0.1911536008119583,2.3522300720214844,0.1931464523077011,0.010030205361545,0.0384886041283607,0.2098310440778732,2.2470569610595703
atlas_het,ov0.10_cross0.30,graphatlas_c_membership,1,0,0.9615113139152528,0.0384885966777801,0.0538779310882091,0.1911536008119583,2.3522300720214844,0.1931464523077011,0.010030205361545,0.0384886041283607,0.2098310440778732,2.2470569610595703
atlas_het,ov0.10_cross0.00,graphatlas_c_membership,2,0,0.9497790336608888,0.050220962613821,0.0598474480211734,0.332793116569519,2.825955390930176,0.3336343169212341,0.0202720537781715,0.0502209514379501,0.3562754690647125,1.8562865257263184
atlas_het,ov0.10_cross0.15,graphatlas_c_membership,2,0,0.9497790336608888,0.050220962613821,0.0598474480211734,0.332793116569519,2.825955390930176,0.3336343169212341,0.0202720537781715,0.0502209514379501,0.3562754690647125,1.8562865257263184
atlas_het,ov0.10_cross0.30,graphatlas_c_membership,2,0,0.9497790336608888,0.050220962613821,0.0598474480211734,0.332793116569519,2.825955390930176,0.3336343169212341,0.0202720537781715,0.0502209514379501,0.3562754690647125,1.8562865257263184
atlas_het,ov0.10_cross0.00,graphatlas_c_membership,3,0,0.9281009435653688,0.0718990787863731,0.0915673375129699,0.3181245625019073,1.811060667037964,0.3171410858631134,0.0261999052017927,0.0718990787863731,0.3548053205013275,1.98134446144104
atlas_het,ov0.10_cross0.15,graphatlas_c_membership,3,0,0.9281009435653688,0.0718990787863731,0.0915673375129699,0.3181245625019073,1.811060667037964,0.3171410858631134,0.0261999052017927,0.0718990787863731,0.3548053205013275,1.98134446144104
atlas_het,ov0.10_cross0.30,graphatlas_c_membership,3,0,0.9281009435653688,0.0718990787863731,0.0915673375129699,0.3181245625019073,1.811060667037964,0.3171410858631134,0.0261999052017927,0.0718990787863731,0.3548053205013275,1.98134446144104
atlas_het,ov0.10_cross0.00,graphatlas_c_membership,4,0,0.9535783529281616,0.0464215986430645,0.0706738829612732,0.2874413728713989,2.30452036857605,0.2904545068740845,0.0210637096315622,0.0464215837419033,0.3302964568138122,2.000610589981079
atlas_het,ov0.10_cross0.15,graphatlas_c_membership,4,0,0.9535783529281616,0.0464215986430645,0.0706738829612732,0.2874413728713989,2.30452036857605,0.2904545068740845,0.0210637096315622,0.0464215837419033,0.3302964568138122,2.000610589981079
atlas_het,ov0.10_cross0.30,graphatlas_c_membership,4,0,0.9535783529281616,0.0464215986430645,0.0706738829612732,0.2874413728713989,2.30452036857605,0.2904545068740845,0.0210637096315622,0.0464215837419033,0.3302964568138122,2.000610589981079
atlas_het,smoke,graphatlas_c_q_reference,0,0,0.8380765914916992,0.1619234383106231,0.2394320517778396,0.0,1.5089616775512695,0.6800582408905029,0.1390916109085083,0.1619233936071396,0.535070538520813,1.0
atlas_het,smoke,graphatlas_c_q_reference,0,0,0.8380765914916992,0.1619234383106231,0.2394320517778396,0.0,1.5089616775512695,0.6800582408905029,0.1390916109085083,0.1619233936071396,0.535070538520813,1.0
atlas_het,ov0.10_cross0.50,graphatlas_c_q_reference,0,0,0.9412750601768494,0.058724969625473,0.0684656202793121,0.0,2.2248942852020264,0.2923888862133026,0.0218009054660797,0.0587249808013439,0.3241269886493683,1.0
atlas_het,ov0.25_cross0.00,graphatlas_c_q_reference,0,0,0.9702131152153016,0.029786953702569,0.0493561886250972,0.0,2.940620422363281,0.3703804016113281,0.0167372468858957,0.0297869686037302,0.3617142736911773,1.0
atlas_het,ov0.25_cross0.15,graphatlas_c_q_reference,0,0,0.9702131152153016,0.029786953702569,0.0493561886250972,0.0,2.940620422363281,0.3703804016113281,0.0167372468858957,0.0297869686037302,0.3617142736911773,1.0
atlas_het,ov0.25_cross0.30,graphatlas_c_q_reference,0,0,0.9702131152153016,0.029786953702569,0.0493561886250972,0.0,2.940620422363281,0.3703804016113281,0.0167372468858957,0.0297869686037302,0.3617142736911773,1.0
atlas_het,ov0.25_cross0.50,graphatlas_c_q_reference,0,0,0.9702131152153016,0.029786953702569,0.0493561886250972,0.0,2.940620422363281,0.3703804016113281,0.0167372468858957,0.0297869686037302,0.3617142736911773,1.0
atlas_het,ov0.40_cross0.00,graphatlas_c_q_reference,0,0,0.9297723770141602,0.0702276602387428,0.0971092581748962,0.0,2.5118203163146973,0.2405022233724594,0.0195462722331285,0.0702276229858398,0.3036349713802337,1.0
atlas_het,ov0.40_cross0.15,graphatlas_c_q_reference,0,0,0.9297723770141602,0.0702276602387428,0.0971092581748962,0.0,2.5118203163146973,0.2405022233724594,0.0195462722331285,0.0702276229858398,0.3036349713802337,1.0
atlas_het,ov0.40_cross0.30,graphatlas_c_q_reference,0,0,0.9297723770141602,0.0702276602387428,0.0971092581748962,0.0,2.5118203163146973,0.2405022233724594,0.0195462722331285,0.0702276229858398,0.3036349713802337,1.0
atlas_het,ov0.40_cross0.50,graphatlas_c_q_reference,0,0,0.9297723770141602,0.0702276602387428,0.0971092581748962,0.0,2.5118203163146973,0.2405022233724594,0.0195462722331285,0.0702276229858398,0.3036349713802337,1.0
atlas_het,ov0.55_cross0.00,graphatlas_c_q_reference,0,0,0.9702097177505492,0.0297903232276439,0.040646806359291,0.0,2.558570623397827,0.2883588075637817,0.0103485388681292,0.0297902878373861,0.3393966853618622,1.0
atlas_het,ov0.55_cross0.15,graphatlas_c_q_reference,0,0,0.9702097177505492,0.0297903232276439,0.040646806359291,0.0,2.558570623397827,0.2883588075637817,0.0103485388681292,0.0297902878373861,0.3393966853618622,1.0
atlas_het,ov0.55_cross0.30,graphatlas_c_q_reference,0,0,0.9702097177505492,0.0297903232276439,0.040646806359291,0.0,2.558570623397827,0.2883588075637817,0.0103485388681292,0.0297902878373861,0.3393966853618622,1.0
atlas_het,ov0.55_cross0.50,graphatlas_c_q_reference,0,0,0.9702097177505492,0.0297903232276439,0.040646806359291,0.0,2.558570623397827,0.2883588075637817,0.0103485388681292,0.0297902878373861,0.3393966853618622,1.0
atlas_het,ov0.10_cross0.00,graphatlas_c_q_reference,0,0,0.9412750601768494,0.058724969625473,0.0684656202793121,0.0,2.2248942852020264,0.2923888862133026,0.0218009054660797,0.0587249808013439,0.3241269886493683,1.0
atlas_het,ov0.10_cross0.15,graphatlas_c_q_reference,0,0,0.9412750601768494,0.058724969625473,0.0684656202793121,0.0,2.2248942852020264,0.2923888862133026,0.0218009054660797,0.0587249808013439,0.3241269886493683,1.0
atlas_het,ov0.10_cross0.30,graphatlas_c_q_reference,0,0,0.9412750601768494,0.058724969625473,0.0684656202793121,0.0,2.2248942852020264,0.2923888862133026,0.0218009054660797,0.0587249808013439,0.3241269886493683,1.0
atlas_het,ov0.10_cross0.50,graphatlas_c_q_reference,1,0,0.9434577822685242,0.0565421171486377,0.0929277837276458,0.0,2.363921642303467,0.2169542014598846,0.0190361514687538,0.056542120873928,0.2412168979644775,1.0
atlas_het,ov0.25_cross0.00,graphatlas_c_q_reference,1,0,0.9394588470458984,0.0605411678552627,0.084362506866455,0.0,2.54655385017395,0.2384196668863296,0.016488954424858,0.0605411566793918,0.2538316547870636,1.0
atlas_het,ov0.25_cross0.15,graphatlas_c_q_reference,1,0,0.9394588470458984,0.0605411678552627,0.084362506866455,0.0,2.54655385017395,0.2384196668863296,0.016488954424858,0.0605411566793918,0.2538316547870636,1.0
atlas_het,ov0.25_cross0.30,graphatlas_c_q_reference,1,0,0.9394588470458984,0.0605411678552627,0.084362506866455,0.0,2.54655385017395,0.2384196668863296,0.016488954424858,0.0605411566793918,0.2538316547870636,1.0
atlas_het,ov0.25_cross0.50,graphatlas_c_q_reference,1,0,0.9394588470458984,0.0605411678552627,0.084362506866455,0.0,2.54655385017395,0.2384196668863296,0.016488954424858,0.0605411566793918,0.2538316547870636,1.0
atlas_het,ov0.40_cross0.00,graphatlas_c_q_reference,1,0,0.9122759103775024,0.0877240076661109,0.1097309663891792,0.0,2.310520648956299,0.3959384262561798,0.0343830063939094,0.0877240076661109,0.3736120760440826,1.0
atlas_het,ov0.40_cross0.15,graphatlas_c_q_reference,1,0,0.9122759103775024,0.0877240076661109,0.1097309663891792,0.0,2.310520648956299,0.3959384262561798,0.0343830063939094,0.0877240076661109,0.3736120760440826,1.0
atlas_het,ov0.40_cross0.30,graphatlas_c_q_reference,1,0,0.9122759103775024,0.0877240076661109,0.1097309663891792,0.0,2.310520648956299,0.3959384262561798,0.0343830063939094,0.0877240076661109,0.3736120760440826,1.0
atlas_het,ov0.40_cross0.50,graphatlas_c_q_reference,1,0,0.9122759103775024,0.0877240076661109,0.1097309663891792,0.0,2.310520648956299,0.3959384262561798,0.0343830063939094,0.0877240076661109,0.3736120760440826,1.0
atlas_het,ov0.55_cross0.00,graphatlas_c_q_reference,1,0,0.9150984287261964,0.0849015787243843,0.1071947142481803,0.0,1.7957484722137451,0.3139299750328064,0.0295683667063713,0.0849015712738037,0.3324795365333557,1.0
atlas_het,ov0.55_cross0.15,graphatlas_c_q_reference,1,0,0.9150984287261964,0.0849015787243843,0.1071947142481803,0.0,1.7957484722137451,0.3139299750328064,0.0295683667063713,0.0849015712738037,0.3324795365333557,1.0
atlas_het,ov0.55_cross0.30,graphatlas_c_q_reference,1,0,0.9150984287261964,0.0849015787243843,0.1071947142481803,0.0,1.7957484722137451,0.3139299750328064,0.0295683667063713,0.0849015712738037,0.3324795365333557,1.0
atlas_het,ov0.55_cross0.50,graphatlas_c_q_reference,1,0,0.9150984287261964,0.0849015787243843,0.1071947142481803,0.0,1.7957484722137451,0.3139299750328064,0.0295683667063713,0.0849015712738037,0.3324795365333557,1.0
atlas_het,ov0.10_cross0.00,graphatlas_c_q_reference,1,0,0.9434577822685242,0.0565421171486377,0.0929277837276458,0.0,2.363921642303467,0.2169542014598846,0.0190361514687538,0.056542120873928,0.2412168979644775,1.0
atlas_het,ov0.10_cross0.15,graphatlas_c_q_reference,1,0,0.9434577822685242,0.0565421171486377,0.0929277837276458,0.0,2.363921642303467,0.2169542014598846,0.0190361514687538,0.056542120873928,0.2412168979644775,1.0
atlas_het,ov0.10_cross0.30,graphatlas_c_q_reference,1,0,0.9434577822685242,0.0565421171486377,0.0929277837276458,0.0,2.363921642303467,0.2169542014598846,0.0190361514687538,0.056542120873928,0.2412168979644775,1.0
atlas_het,ov0.10_cross0.50,graphatlas_c_q_reference,2,0,0.9584534764289856,0.041546493768692,0.0464410297572612,0.0,2.4855403900146484,0.3951925635337829,0.0182849951088428,0.0415464900434017,0.3970656096935272,1.0
atlas_het,ov0.25_cross0.00,graphatlas_c_q_reference,2,0,0.960142970085144,0.0398570224642753,0.0624674372375011,0.0,2.785679340362549,0.4145606756210327,0.0257347375154495,0.0398570150136947,0.3680475354194641,1.0
atlas_het,ov0.25_cross0.15,graphatlas_c_q_reference,2,0,0.960142970085144,0.0398570224642753,0.0624674372375011,0.0,2.785679340362549,0.4145606756210327,0.0257347375154495,0.0398570150136947,0.3680475354194641,1.0
atlas_het,ov0.25_cross0.30,graphatlas_c_q_reference,2,0,0.960142970085144,0.0398570224642753,0.0624674372375011,0.0,2.785679340362549,0.4145606756210327,0.0257347375154495,0.0398570150136947,0.3680475354194641,1.0
atlas_het,ov0.25_cross0.50,graphatlas_c_q_reference,2,0,0.960142970085144,0.0398570224642753,0.0624674372375011,0.0,2.785679340362549,0.4145606756210327,0.0257347375154495,0.0398570150136947,0.3680475354194641,1.0
atlas_het,ov0.40_cross0.00,graphatlas_c_q_reference,2,0,0.9484007358551024,0.0515993274748325,0.0801934823393821,0.0,3.354154109954834,0.4315865933895111,0.0303005035966634,0.051599308848381,0.4302486479282379,1.0
atlas_het,ov0.40_cross0.15,graphatlas_c_q_reference,2,0,0.9484007358551024,0.0515993274748325,0.0801934823393821,0.0,3.354154109954834,0.4315865933895111,0.0303005035966634,0.051599308848381,0.4302486479282379,1.0
atlas_het,ov0.40_cross0.30,graphatlas_c_q_reference,2,0,0.9484007358551024,0.0515993274748325,0.0801934823393821,0.0,3.354154109954834,0.4315865933895111,0.0303005035966634,0.051599308848381,0.4302486479282379,1.0
atlas_het,ov0.40_cross0.50,graphatlas_c_q_reference,2,0,0.9484007358551024,0.0515993274748325,0.0801934823393821,0.0,3.354154109954834,0.4315865933895111,0.0303005035966634,0.051599308848381,0.4302486479282379,1.0
atlas_het,ov0.55_cross0.00,graphatlas_c_q_reference,2,0,0.9720450043678284,0.0279550347477197,0.0322758816182613,0.0,2.9374921321868896,0.3810172080993652,0.0122667951509356,0.027955025434494,0.3719119131565094,1.0
atlas_het,ov0.55_cross0.15,graphatlas_c_q_reference,2,0,0.9720450043678284,0.0279550347477197,0.0322758816182613,0.0,2.9374921321868896,0.3810172080993652,0.0122667951509356,0.027955025434494,0.3719119131565094,1.0
atlas_het,ov0.55_cross0.30,graphatlas_c_q_reference,2,0,0.9720450043678284,0.0279550347477197,0.0322758816182613,0.0,2.9374921321868896,0.3810172080993652,0.0122667951509356,0.027955025434494,0.3719119131565094,1.0
atlas_het,ov0.55_cross0.50,graphatlas_c_q_reference,2,0,0.9720450043678284,0.0279550347477197,0.0322758816182613,0.0,2.9374921321868896,0.3810172080993652,0.0122667951509356,0.027955025434494,0.3719119131565094,1.0
atlas_het,ov0.10_cross0.00,graphatlas_c_q_reference,2,0,0.9584534764289856,0.041546493768692,0.0464410297572612,0.0,2.4855403900146484,0.3951925635337829,0.0182849951088428,0.0415464900434017,0.3970656096935272,1.0
atlas_het,ov0.10_cross0.15,graphatlas_c_q_reference,2,0,0.9584534764289856,0.041546493768692,0.0464410297572612,0.0,2.4855403900146484,0.3951925635337829,0.0182849951088428,0.0415464900434017,0.3970656096935272,1.0
atlas_het,ov0.10_cross0.30,graphatlas_c_q_reference,2,0,0.9584534764289856,0.041546493768692,0.0464410297572612,0.0,2.4855403900146484,0.3951925635337829,0.0182849951088428,0.0415464900434017,0.3970656096935272,1.0
atlas_het,ov0.10_cross0.00,graphatlas_c_q_reference,3,0,0.949245274066925,0.0507547855377197,0.0608568415045738,0.0,1.97738003730774,0.3035351037979126,0.0172688607126474,0.05075478926301,0.3647505044937134,1.0
atlas_het,ov0.10_cross0.15,graphatlas_c_q_reference,3,0,0.949245274066925,0.0507547855377197,0.0608568415045738,0.0,1.97738003730774,0.3035351037979126,0.0172688607126474,0.05075478926301,0.3647505044937134,1.0
atlas_het,ov0.10_cross0.30,graphatlas_c_q_reference,3,0,0.949245274066925,0.0507547855377197,0.0608568415045738,0.0,1.97738003730774,0.3035351037979126,0.0172688607126474,0.05075478926301,0.3647505044937134,1.0
atlas_het,ov0.10_cross0.00,graphatlas_c_q_reference,4,0,0.9725142121315002,0.0274857897311449,0.0378774516284465,0.0,2.402834892272949,0.3515251576900482,0.0122892642393708,0.0274858027696609,0.3671976327896118,1.0
atlas_het,ov0.10_cross0.15,graphatlas_c_q_reference,4,0,0.9725142121315002,0.0274857897311449,0.0378774516284465,0.0,2.402834892272949,0.3515251576900482,0.0122892642393708,0.0274858027696609,0.3671976327896118,1.0
atlas_het,ov0.10_cross0.30,graphatlas_c_q_reference,4,0,0.9725142121315002,0.0274857897311449,0.0378774516284465,0.0,2.402834892272949,0.3515251576900482,0.0122892642393708,0.0274858027696609,0.3671976327896118,1.0
atlas_het,ov0.10_cross0.00,graphatlas_c_q_shuffle_edge,0,0,0.9617881178855896,0.0382119305431842,0.0560297928750515,0.3723714053630829,2.762493848800659,0.3658476173877716,0.0209246017038822,0.038211915642023,0.3496625423431396,0.5864933729171753
atlas_het,ov0.10_cross0.15,graphatlas_c_q_shuffle_edge,0,0,0.9617881178855896,0.0382119305431842,0.0560297928750515,0.3723714053630829,2.762493848800659,0.3658476173877716,0.0209246017038822,0.038211915642023,0.3496625423431396,0.5864933729171753
atlas_het,ov0.10_cross0.30,graphatlas_c_q_shuffle_edge,0,0,0.9617881178855896,0.0382119305431842,0.0560297928750515,0.3723714053630829,2.762493848800659,0.3658476173877716,0.0209246017038822,0.038211915642023,0.3496625423431396,0.5864933729171753
atlas_het,ov0.10_cross0.00,graphatlas_c_q_shuffle_edge,1,0,0.96353417634964,0.0364659130573272,0.0500544197857379,0.1974838525056839,2.385179042816162,0.1987024694681167,0.0096605140715837,0.0364659205079078,0.2120046317577362,0.7429780960083008
atlas_het,ov0.10_cross0.15,graphatlas_c_q_shuffle_edge,1,0,0.96353417634964,0.0364659130573272,0.0500544197857379,0.1974838525056839,2.385179042816162,0.1987024694681167,0.0096605140715837,0.0364659205079078,0.2120046317577362,0.7429780960083008
atlas_het,ov0.10_cross0.30,graphatlas_c_q_shuffle_edge,1,0,0.96353417634964,0.0364659130573272,0.0500544197857379,0.1974838525056839,2.385179042816162,0.1987024694681167,0.0096605140715837,0.0364659205079078,0.2120046317577362,0.7429780960083008
atlas_het,ov0.10_cross0.00,graphatlas_c_q_shuffle_edge,2,0,0.9663639664649964,0.0336360298097133,0.036005962640047,0.3321148157119751,2.938262939453125,0.3303403854370117,0.0136559419333934,0.033636063337326,0.377735823392868,0.6236807107925415
atlas_het,ov0.10_cross0.15,graphatlas_c_q_shuffle_edge,2,0,0.9663639664649964,0.0336360298097133,0.036005962640047,0.3321148157119751,2.938262939453125,0.3303403854370117,0.0136559419333934,0.033636063337326,0.377735823392868,0.6236807107925415
atlas_het,ov0.10_cross0.30,graphatlas_c_q_shuffle_edge,2,0,0.9663639664649964,0.0336360298097133,0.036005962640047,0.3321148157119751,2.938262939453125,0.3303403854370117,0.0136559419333934,0.033636063337326,0.377735823392868,0.6236807107925415
atlas_het,ov0.10_cross0.00,graphatlas_c_q_shuffle_edge,3,0,0.8980910778045654,0.1019088998436927,0.1438031047582626,0.3273148834705353,1.9084415435791016,0.3290150761604309,0.0471038147807121,0.1019088923931121,0.3360151648521423,0.7405180335044861
atlas_het,ov0.10_cross0.15,graphatlas_c_q_shuffle_edge,3,0,0.8980910778045654,0.1019088998436927,0.1438031047582626,0.3273148834705353,1.9084415435791016,0.3290150761604309,0.0471038147807121,0.1019088923931121,0.3360151648521423,0.7405180335044861
atlas_het,ov0.10_cross0.30,graphatlas_c_q_shuffle_edge,3,0,0.8980910778045654,0.1019088998436927,0.1438031047582626,0.3273148834705353,1.9084415435791016,0.3290150761604309,0.0471038147807121,0.1019088923931121,0.3360151648521423,0.7405180335044861
atlas_het,ov0.10_cross0.00,graphatlas_c_q_shuffle_edge,4,0,0.953724443912506,0.0462755337357521,0.0731042325496673,0.3042623996734619,2.23514461517334,0.3050193190574646,0.0217006988823413,0.0462755225598812,0.3357850909233093,0.678113579750061
atlas_het,ov0.10_cross0.15,graphatlas_c_q_shuffle_edge,4,0,0.953724443912506,0.0462755337357521,0.0731042325496673,0.3042623996734619,2.23514461517334,0.3050193190574646,0.0217006988823413,0.0462755225598812,0.3357850909233093,0.678113579750061
atlas_het,ov0.10_cross0.30,graphatlas_c_q_shuffle_edge,4,0,0.953724443912506,0.0462755337357521,0.0731042325496673,0.3042623996734619,2.23514461517334,0.3050193190574646,0.0217006988823413,0.0462755225598812,0.3357850909233093,0.678113579750061
atlas_het,smoke,graphatlas_c_q_shuffle_source,0,0,0.8376306891441345,0.1623693108558654,0.2392089515924453,0.6623277068138123,1.511863112449646,0.6799068450927734,0.1393791437149047,0.1623692959547042,0.5348343849182129,0.5633176565170288
atlas_het,smoke,graphatlas_c_q_shuffle_source,0,0,0.8376306891441345,0.1623693108558654,0.2392089515924453,0.6623277068138123,1.511863112449646,0.6799068450927734,0.1393791437149047,0.1623692959547042,0.5348343849182129,0.5633176565170288
atlas_het,ov0.10_cross0.50,graphatlas_c_q_shuffle_source,0,0,0.959213376045227,0.0407867096364498,0.058247160166502,0.4050175845623016,2.709639549255371,0.4017927050590515,0.0216089319437742,0.0407866910099983,0.3751148283481598,0.630479097366333
atlas_het,ov0.25_cross0.00,graphatlas_c_q_shuffle_source,0,0,0.9724220633506776,0.0275778993964195,0.0403517074882984,0.2373620718717575,2.607710838317871,0.2374372780323028,0.0088373525068163,0.0275778826326131,0.3115051388740539,0.7440366744995117
atlas_het,ov0.25_cross0.15,graphatlas_c_q_shuffle_source,0,0,0.9724220633506776,0.0275778993964195,0.0403517074882984,0.2373620718717575,2.607710838317871,0.2374372780323028,0.0088373525068163,0.0275778826326131,0.3115051388740539,0.7440366744995117
atlas_het,ov0.25_cross0.30,graphatlas_c_q_shuffle_source,0,0,0.9724220633506776,0.0275778993964195,0.0403517074882984,0.2373620718717575,2.607710838317871,0.2374372780323028,0.0088373525068163,0.0275778826326131,0.3115051388740539,0.7440366744995117
atlas_het,ov0.25_cross0.50,graphatlas_c_q_shuffle_source,0,0,0.9724220633506776,0.0275778993964195,0.0403517074882984,0.2373620718717575,2.607710838317871,0.2374372780323028,0.0088373525068163,0.0275778826326131,0.3115051388740539,0.7440366744995117
atlas_het,ov0.40_cross0.00,graphatlas_c_q_shuffle_source,0,0,0.9381007552146912,0.0618992671370506,0.0825371444225311,0.2750085592269897,2.045060634613037,0.2730996012687683,0.0192728042602539,0.0618992708623409,0.3293410241603851,0.7349133491516113
atlas_het,ov0.40_cross0.15,graphatlas_c_q_shuffle_source,0,0,0.9381007552146912,0.0618992671370506,0.0825371444225311,0.2750085592269897,2.045060634613037,0.2730996012687683,0.0192728042602539,0.0618992708623409,0.3293410241603851,0.7349133491516113
atlas_het,ov0.40_cross0.30,graphatlas_c_q_shuffle_source,0,0,0.9381007552146912,0.0618992671370506,0.0825371444225311,0.2750085592269897,2.045060634613037,0.2730996012687683,0.0192728042602539,0.0618992708623409,0.3293410241603851,0.7349133491516113
atlas_het,ov0.40_cross0.50,graphatlas_c_q_shuffle_source,0,0,0.9381007552146912,0.0618992671370506,0.0825371444225311,0.2750085592269897,2.045060634613037,0.2730996012687683,0.0192728042602539,0.0618992708623409,0.3293410241603851,0.7349133491516113
atlas_het,ov0.55_cross0.00,graphatlas_c_q_shuffle_source,0,0,0.9751136898994446,0.0248862877488136,0.035780556499958,0.3156461119651794,3.5675058364868164,0.3172626495361328,0.009845096617937,0.0248862858861684,0.3425350487232208,0.6677370071411133
atlas_het,ov0.55_cross0.15,graphatlas_c_q_shuffle_source,0,0,0.9751136898994446,0.0248862877488136,0.035780556499958,0.3156461119651794,3.5675058364868164,0.3172626495361328,0.009845096617937,0.0248862858861684,0.3425350487232208,0.6677370071411133
atlas_het,ov0.55_cross0.30,graphatlas_c_q_shuffle_source,0,0,0.9751136898994446,0.0248862877488136,0.035780556499958,0.3156461119651794,3.5675058364868164,0.3172626495361328,0.009845096617937,0.0248862858861684,0.3425350487232208,0.6677370071411133
atlas_het,ov0.55_cross0.50,graphatlas_c_q_shuffle_source,0,0,0.9751136898994446,0.0248862877488136,0.035780556499958,0.3156461119651794,3.5675058364868164,0.3172626495361328,0.009845096617937,0.0248862858861684,0.3425350487232208,0.6677370071411133
atlas_het,ov0.10_cross0.00,graphatlas_c_q_shuffle_source,0,0,0.959213376045227,0.0407867096364498,0.058247160166502,0.4050175845623016,2.709639549255371,0.4017927050590515,0.0216089319437742,0.0407866910099983,0.3751148283481598,0.630479097366333
atlas_het,ov0.10_cross0.15,graphatlas_c_q_shuffle_source,0,0,0.959213376045227,0.0407867096364498,0.058247160166502,0.4050175845623016,2.709639549255371,0.4017927050590515,0.0216089319437742,0.0407866910099983,0.3751148283481598,0.630479097366333
atlas_het,ov0.10_cross0.30,graphatlas_c_q_shuffle_source,0,0,0.959213376045227,0.0407867096364498,0.058247160166502,0.4050175845623016,2.709639549255371,0.4017927050590515,0.0216089319437742,0.0407866910099983,0.3751148283481598,0.630479097366333
atlas_het,ov0.10_cross0.50,graphatlas_c_q_shuffle_source,1,0,0.95432311296463,0.0456769801676273,0.0692911297082901,0.1921779364347458,2.3621883392333984,0.1942160874605178,0.0126048997044563,0.0456769801676273,0.2155921161174774,0.7671933174133301
atlas_het,ov0.25_cross0.00,graphatlas_c_q_shuffle_source,1,0,0.9569681286811828,0.0430318154394626,0.0485801249742507,0.217260330915451,2.270453453063965,0.2174264937639236,0.0088922120630741,0.0430318154394626,0.2314414232969284,0.7238744497299194
atlas_het,ov0.25_cross0.15,graphatlas_c_q_shuffle_source,1,0,0.9569681286811828,0.0430318154394626,0.0485801249742507,0.217260330915451,2.270453453063965,0.2174264937639236,0.0088922120630741,0.0430318154394626,0.2314414232969284,0.7238744497299194
atlas_het,ov0.25_cross0.30,graphatlas_c_q_shuffle_source,1,0,0.9569681286811828,0.0430318154394626,0.0485801249742507,0.217260330915451,2.270453453063965,0.2174264937639236,0.0088922120630741,0.0430318154394626,0.2314414232969284,0.7238744497299194
atlas_het,ov0.25_cross0.50,graphatlas_c_q_shuffle_source,1,0,0.9569681286811828,0.0430318154394626,0.0485801249742507,0.217260330915451,2.270453453063965,0.2174264937639236,0.0088922120630741,0.0430318154394626,0.2314414232969284,0.7238744497299194
atlas_het,ov0.40_cross0.00,graphatlas_c_q_shuffle_source,1,0,0.9580415487289428,0.0419583842158317,0.0439125075936317,0.357657253742218,2.16275691986084,0.3610003292560577,0.012856675311923,0.041958387941122,0.3282714188098907,0.6574246287345886
atlas_het,ov0.40_cross0.15,graphatlas_c_q_shuffle_source,1,0,0.9580415487289428,0.0419583842158317,0.0439125075936317,0.357657253742218,2.16275691986084,0.3610003292560577,0.012856675311923,0.041958387941122,0.3282714188098907,0.6574246287345886
atlas_het,ov0.40_cross0.30,graphatlas_c_q_shuffle_source,1,0,0.9580415487289428,0.0419583842158317,0.0439125075936317,0.357657253742218,2.16275691986084,0.3610003292560577,0.012856675311923,0.041958387941122,0.3282714188098907,0.6574246287345886
atlas_het,ov0.40_cross0.50,graphatlas_c_q_shuffle_source,1,0,0.9580415487289428,0.0419583842158317,0.0439125075936317,0.357657253742218,2.16275691986084,0.3610003292560577,0.012856675311923,0.041958387941122,0.3282714188098907,0.6574246287345886
atlas_het,ov0.55_cross0.00,graphatlas_c_q_shuffle_source,1,0,0.943636417388916,0.0563636235892772,0.0651980265974998,0.3473386764526367,2.3219518661499023,0.351105123758316,0.0193619951605796,0.0563636347651481,0.3398357331752777,0.6727591753005981
atlas_het,ov0.55_cross0.15,graphatlas_c_q_shuffle_source,1,0,0.943636417388916,0.0563636235892772,0.0651980265974998,0.3473386764526367,2.3219518661499023,0.351105123758316,0.0193619951605796,0.0563636347651481,0.3398357331752777,0.6727591753005981
atlas_het,ov0.55_cross0.30,graphatlas_c_q_shuffle_source,1,0,0.943636417388916,0.0563636235892772,0.0651980265974998,0.3473386764526367,2.3219518661499023,0.351105123758316,0.0193619951605796,0.0563636347651481,0.3398357331752777,0.6727591753005981
atlas_het,ov0.55_cross0.50,graphatlas_c_q_shuffle_source,1,0,0.943636417388916,0.0563636235892772,0.0651980265974998,0.3473386764526367,2.3219518661499023,0.351105123758316,0.0193619951605796,0.0563636347651481,0.3398357331752777,0.6727591753005981
atlas_het,ov0.10_cross0.00,graphatlas_c_q_shuffle_source,1,0,0.95432311296463,0.0456769801676273,0.0692911297082901,0.1921779364347458,2.3621883392333984,0.1942160874605178,0.0126048997044563,0.0456769801676273,0.2155921161174774,0.7671933174133301
atlas_het,ov0.10_cross0.15,graphatlas_c_q_shuffle_source,1,0,0.95432311296463,0.0456769801676273,0.0692911297082901,0.1921779364347458,2.3621883392333984,0.1942160874605178,0.0126048997044563,0.0456769801676273,0.2155921161174774,0.7671933174133301
atlas_het,ov0.10_cross0.30,graphatlas_c_q_shuffle_source,1,0,0.95432311296463,0.0456769801676273,0.0692911297082901,0.1921779364347458,2.3621883392333984,0.1942160874605178,0.0126048997044563,0.0456769801676273,0.2155921161174774,0.7671933174133301
atlas_het,ov0.10_cross0.50,graphatlas_c_q_shuffle_source,2,0,0.9636952877044678,0.0363047122955322,0.0455506592988967,0.3240804076194763,2.976978778839112,0.3262562453746795,0.0146161131560802,0.0363047309219837,0.3749312460422516,0.6201454997062683
atlas_het,ov0.25_cross0.00,graphatlas_c_q_shuffle_source,2,0,0.97027325630188,0.0297266580164432,0.0293542556464672,0.3618871867656708,3.0569546222686768,0.3600973784923553,0.0103018237277865,0.0297266524285078,0.3574119210243225,0.6196843981742859
atlas_het,ov0.25_cross0.15,graphatlas_c_q_shuffle_source,2,0,0.97027325630188,0.0297266580164432,0.0293542556464672,0.3618871867656708,3.0569546222686768,0.3600973784923553,0.0103018237277865,0.0297266524285078,0.3574119210243225,0.6196843981742859
atlas_het,ov0.25_cross0.30,graphatlas_c_q_shuffle_source,2,0,0.97027325630188,0.0297266580164432,0.0293542556464672,0.3618871867656708,3.0569546222686768,0.3600973784923553,0.0103018237277865,0.0297266524285078,0.3574119210243225,0.6196843981742859
atlas_het,ov0.25_cross0.50,graphatlas_c_q_shuffle_source,2,0,0.97027325630188,0.0297266580164432,0.0293542556464672,0.3618871867656708,3.0569546222686768,0.3600973784923553,0.0103018237277865,0.0297266524285078,0.3574119210243225,0.6196843981742859
atlas_het,ov0.40_cross0.00,graphatlas_c_q_shuffle_source,2,0,0.940298855304718,0.0597011893987655,0.0790173709392547,0.4052547216415405,2.90053653717041,0.405726283788681,0.0297109372913837,0.0597011856734752,0.4023957550525665,0.5629162788391113
atlas_het,ov0.40_cross0.15,graphatlas_c_q_shuffle_source,2,0,0.940298855304718,0.0597011893987655,0.0790173709392547,0.4052547216415405,2.90053653717041,0.405726283788681,0.0297109372913837,0.0597011856734752,0.4023957550525665,0.5629162788391113
atlas_het,ov0.40_cross0.30,graphatlas_c_q_shuffle_source,2,0,0.940298855304718,0.0597011893987655,0.0790173709392547,0.4052547216415405,2.90053653717041,0.405726283788681,0.0297109372913837,0.0597011856734752,0.4023957550525665,0.5629162788391113
atlas_het,ov0.40_cross0.50,graphatlas_c_q_shuffle_source,2,0,0.940298855304718,0.0597011893987655,0.0790173709392547,0.4052547216415405,2.90053653717041,0.405726283788681,0.0297109372913837,0.0597011856734752,0.4023957550525665,0.5629162788391113
atlas_het,ov0.55_cross0.00,graphatlas_c_q_shuffle_source,2,0,0.9753050208091736,0.0246948208659887,0.0305711477994918,0.3666547238826751,2.9194936752319336,0.3698123395442962,0.0117765935137867,0.0246948152780532,0.3477276861667633,0.589097261428833
atlas_het,ov0.55_cross0.15,graphatlas_c_q_shuffle_source,2,0,0.9753050208091736,0.0246948208659887,0.0305711477994918,0.3666547238826751,2.9194936752319336,0.3698123395442962,0.0117765935137867,0.0246948152780532,0.3477276861667633,0.589097261428833
atlas_het,ov0.55_cross0.30,graphatlas_c_q_shuffle_source,2,0,0.9753050208091736,0.0246948208659887,0.0305711477994918,0.3666547238826751,2.9194936752319336,0.3698123395442962,0.0117765935137867,0.0246948152780532,0.3477276861667633,0.589097261428833
atlas_het,ov0.55_cross0.50,graphatlas_c_q_shuffle_source,2,0,0.9753050208091736,0.0246948208659887,0.0305711477994918,0.3666547238826751,2.9194936752319336,0.3698123395442962,0.0117765935137867,0.0246948152780532,0.3477276861667633,0.589097261428833
atlas_het,ov0.10_cross0.00,graphatlas_c_q_shuffle_source,2,0,0.9636952877044678,0.0363047122955322,0.0455506592988967,0.3240804076194763,2.976978778839112,0.3262562453746795,0.0146161131560802,0.0363047309219837,0.3749312460422516,0.6201454997062683
atlas_het,ov0.10_cross0.15,graphatlas_c_q_shuffle_source,2,0,0.9636952877044678,0.0363047122955322,0.0455506592988967,0.3240804076194763,2.976978778839112,0.3262562453746795,0.0146161131560802,0.0363047309219837,0.3749312460422516,0.6201454997062683
atlas_het,ov0.10_cross0.30,graphatlas_c_q_shuffle_source,2,0,0.9636952877044678,0.0363047122955322,0.0455506592988967,0.3240804076194763,2.976978778839112,0.3262562453746795,0.0146161131560802,0.0363047309219837,0.3749312460422516,0.6201454997062683
atlas_het,ov0.10_cross0.00,graphatlas_c_q_shuffle_source,3,0,0.934482216835022,0.0655177757143974,0.0850145146250724,0.34288090467453,1.8968149423599243,0.3439658284187317,0.0307754501700401,0.0655177757143974,0.360830157995224,0.6482680439949036
atlas_het,ov0.10_cross0.15,graphatlas_c_q_shuffle_source,3,0,0.934482216835022,0.0655177757143974,0.0850145146250724,0.34288090467453,1.8968149423599243,0.3439658284187317,0.0307754501700401,0.0655177757143974,0.360830157995224,0.6482680439949036
atlas_het,ov0.10_cross0.30,graphatlas_c_q_shuffle_source,3,0,0.934482216835022,0.0655177757143974,0.0850145146250724,0.34288090467453,1.8968149423599243,0.3439658284187317,0.0307754501700401,0.0655177757143974,0.360830157995224,0.6482680439949036
atlas_het,ov0.10_cross0.00,graphatlas_c_q_shuffle_source,4,0,0.9448813796043396,0.0551185086369514,0.0738470032811164,0.3233294486999511,2.129136562347412,0.3270842134952545,0.0252215526998043,0.0551185049116611,0.352857768535614,0.6331908702850342
atlas_het,ov0.10_cross0.15,graphatlas_c_q_shuffle_source,4,0,0.9448813796043396,0.0551185086369514,0.0738470032811164,0.3233294486999511,2.129136562347412,0.3270842134952545,0.0252215526998043,0.0551185049116611,0.352857768535614,0.6331908702850342
atlas_het,ov0.10_cross0.30,graphatlas_c_q_shuffle_source,4,0,0.9448813796043396,0.0551185086369514,0.0738470032811164,0.3233294486999511,2.129136562347412,0.3270842134952545,0.0252215526998043,0.0551185049116611,0.352857768535614,0.6331908702850342
atlas_het,ov0.10_cross0.00,graphatlas_c_random,0,0,0.9593698978424072,0.0406301356852054,0.0579321235418319,0.3696074187755584,2.761190414428711,0.3682624697685241,0.0223465077579021,0.0406301468610763,0.3546848893165588,0.5473496317863464
atlas_het,ov0.10_cross0.15,graphatlas_c_random,0,0,0.9593698978424072,0.0406301356852054,0.0579321235418319,0.3696074187755584,2.761190414428711,0.3682624697685241,0.0223465077579021,0.0406301468610763,0.3546848893165588,0.5473496317863464
atlas_het,ov0.10_cross0.30,graphatlas_c_random,0,0,0.9593698978424072,0.0406301356852054,0.0579321235418319,0.3696074187755584,2.761190414428711,0.3682624697685241,0.0223465077579021,0.0406301468610763,0.3546848893165588,0.5473496317863464
atlas_het,ov0.10_cross0.00,graphatlas_c_random,1,0,0.959504008293152,0.0404960177838802,0.0536394640803337,0.1906825751066208,2.540812730789185,0.1945227831602096,0.0118981162086129,0.0404960103332996,0.2149878889322281,0.7976559400558472
atlas_het,ov0.10_cross0.15,graphatlas_c_random,1,0,0.959504008293152,0.0404960177838802,0.0536394640803337,0.1906825751066208,2.540812730789185,0.1945227831602096,0.0118981162086129,0.0404960103332996,0.2149878889322281,0.7976559400558472
atlas_het,ov0.10_cross0.30,graphatlas_c_random,1,0,0.959504008293152,0.0404960177838802,0.0536394640803337,0.1906825751066208,2.540812730789185,0.1945227831602096,0.0118981162086129,0.0404960103332996,0.2149878889322281,0.7976559400558472
atlas_het,ov0.10_cross0.00,graphatlas_c_random,2,0,0.9661450982093812,0.0338549241423606,0.0396937951445579,0.2950179576873779,2.706142902374268,0.3000385165214538,0.0119148483499884,0.0338549315929412,0.3645344972610473,0.6849575042724609
atlas_het,ov0.10_cross0.15,graphatlas_c_random,2,0,0.9661450982093812,0.0338549241423606,0.0396937951445579,0.2950179576873779,2.706142902374268,0.3000385165214538,0.0119148483499884,0.0338549315929412,0.3645344972610473,0.6849575042724609
atlas_het,ov0.10_cross0.30,graphatlas_c_random,2,0,0.9661450982093812,0.0338549241423606,0.0396937951445579,0.2950179576873779,2.706142902374268,0.3000385165214538,0.0119148483499884,0.0338549315929412,0.3645344972610473,0.6849575042724609
atlas_het,ov0.10_cross0.00,graphatlas_c_random,3,0,0.9125990867614746,0.0874009132385253,0.1234789565205574,0.300102174282074,1.932182788848877,0.3041610717773437,0.0321611724793911,0.0874009057879448,0.3539751470088959,0.7050056457519531
atlas_het,ov0.10_cross0.15,graphatlas_c_random,3,0,0.9125990867614746,0.0874009132385253,0.1234789565205574,0.300102174282074,1.932182788848877,0.3041610717773437,0.0321611724793911,0.0874009057879448,0.3539751470088959,0.7050056457519531
atlas_het,ov0.10_cross0.30,graphatlas_c_random,3,0,0.9125990867614746,0.0874009132385253,0.1234789565205574,0.300102174282074,1.932182788848877,0.3041610717773437,0.0321611724793911,0.0874009057879448,0.3539751470088959,0.7050056457519531
atlas_het,ov0.10_cross0.00,graphatlas_c_random,4,0,0.9410654306411744,0.0589345656335353,0.0969602465629577,0.2915685176849365,2.1243484020233154,0.2962082326412201,0.0298318248242139,0.0589345917105674,0.3148574531078338,0.6837607026100159
atlas_het,ov0.10_cross0.15,graphatlas_c_random,4,0,0.9410654306411744,0.0589345656335353,0.0969602465629577,0.2915685176849365,2.1243484020233154,0.2962082326412201,0.0298318248242139,0.0589345917105674,0.3148574531078338,0.6837607026100159
atlas_het,ov0.10_cross0.30,graphatlas_c_random,4,0,0.9410654306411744,0.0589345656335353,0.0969602465629577,0.2915685176849365,2.1243484020233154,0.2962082326412201,0.0298318248242139,0.0589345917105674,0.3148574531078338,0.6837607026100159
atlas_het,smoke,graphatlas_min_distortion,0,0,,,,,1.5118333101272583,0.679912269115448,,,,
atlas_het,smoke,graphatlas_min_distortion,0,0,,,,,1.5118333101272583,0.679912269115448,,,,
atlas_het,ov0.10_cross0.00,graphatlas_min_distortion,0,0,,,,,2.526394844055176,0.355099618434906,,,,
atlas_het,ov0.10_cross0.15,graphatlas_min_distortion,0,0,,,,,2.526394844055176,0.355099618434906,,,,
atlas_het,ov0.10_cross0.30,graphatlas_min_distortion,0,0,,,,,2.526394844055176,0.355099618434906,,,,
atlas_het,ov0.10_cross0.50,graphatlas_min_distortion,0,0,,,,,2.526394844055176,0.355099618434906,,,,
atlas_het,ov0.25_cross0.00,graphatlas_min_distortion,0,0,,,,,2.482255697250366,0.2614111304283142,,,,
atlas_het,ov0.25_cross0.15,graphatlas_min_distortion,0,0,,,,,2.482255697250366,0.2614111304283142,,,,
atlas_het,ov0.25_cross0.30,graphatlas_min_distortion,0,0,,,,,2.482255697250366,0.2614111304283142,,,,
atlas_het,ov0.25_cross0.50,graphatlas_min_distortion,0,0,,,,,2.482255697250366,0.2614111304283142,,,,
atlas_het,ov0.40_cross0.00,graphatlas_min_distortion,0,0,,,,,2.45049786567688,0.2775241732597351,,,,
atlas_het,ov0.40_cross0.15,graphatlas_min_distortion,0,0,,,,,2.45049786567688,0.2775241732597351,,,,
atlas_het,ov0.40_cross0.30,graphatlas_min_distortion,0,0,,,,,2.45049786567688,0.2775241732597351,,,,
atlas_het,ov0.40_cross0.50,graphatlas_min_distortion,0,0,,,,,2.45049786567688,0.2775241732597351,,,,
atlas_het,ov0.55_cross0.00,graphatlas_min_distortion,0,0,,,,,2.3216216564178467,0.2852137982845306,,,,
atlas_het,ov0.55_cross0.15,graphatlas_min_distortion,0,0,,,,,2.3216216564178467,0.2852137982845306,,,,
atlas_het,ov0.55_cross0.30,graphatlas_min_distortion,0,0,,,,,2.3216216564178467,0.2852137982845306,,,,
atlas_het,ov0.55_cross0.50,graphatlas_min_distortion,0,0,,,,,2.3216216564178467,0.2852137982845306,,,,
atlas_het,ov0.10_cross0.00,graphatlas_min_distortion,1,0,,,,,2.3522300720214844,0.1931464523077011,,,,
atlas_het,ov0.10_cross0.15,graphatlas_min_distortion,1,0,,,,,2.3522300720214844,0.1931464523077011,,,,
atlas_het,ov0.10_cross0.30,graphatlas_min_distortion,1,0,,,,,2.3522300720214844,0.1931464523077011,,,,
atlas_het,ov0.10_cross0.50,graphatlas_min_distortion,1,0,,,,,2.3522300720214844,0.1931464523077011,,,,
atlas_het,ov0.25_cross0.00,graphatlas_min_distortion,1,0,,,,,2.2600696086883545,0.2419279068708419,,,,
atlas_het,ov0.25_cross0.15,graphatlas_min_distortion,1,0,,,,,2.2600696086883545,0.2419279068708419,,,,
atlas_het,ov0.25_cross0.30,graphatlas_min_distortion,1,0,,,,,2.2600696086883545,0.2419279068708419,,,,
atlas_het,ov0.25_cross0.50,graphatlas_min_distortion,1,0,,,,,2.2600696086883545,0.2419279068708419,,,,
atlas_het,ov0.40_cross0.00,graphatlas_min_distortion,1,0,,,,,2.130960464477539,0.3864995241165161,,,,
atlas_het,ov0.40_cross0.15,graphatlas_min_distortion,1,0,,,,,2.130960464477539,0.3864995241165161,,,,
atlas_het,ov0.40_cross0.30,graphatlas_min_distortion,1,0,,,,,2.130960464477539,0.3864995241165161,,,,
atlas_het,ov0.40_cross0.50,graphatlas_min_distortion,1,0,,,,,2.130960464477539,0.3864995241165161,,,,
atlas_het,ov0.55_cross0.00,graphatlas_min_distortion,1,0,,,,,2.179913282394409,0.3260431289672851,,,,
atlas_het,ov0.55_cross0.15,graphatlas_min_distortion,1,0,,,,,2.179913282394409,0.3260431289672851,,,,
atlas_het,ov0.55_cross0.30,graphatlas_min_distortion,1,0,,,,,2.179913282394409,0.3260431289672851,,,,
atlas_het,ov0.55_cross0.50,graphatlas_min_distortion,1,0,,,,,2.179913282394409,0.3260431289672851,,,,
atlas_het,ov0.10_cross0.00,graphatlas_min_distortion,2,0,,,,,2.825955390930176,0.3336343169212341,,,,
atlas_het,ov0.10_cross0.15,graphatlas_min_distortion,2,0,,,,,2.825955390930176,0.3336343169212341,,,,
atlas_het,ov0.10_cross0.30,graphatlas_min_distortion,2,0,,,,,2.825955390930176,0.3336343169212341,,,,
atlas_het,ov0.10_cross0.50,graphatlas_min_distortion,2,0,,,,,2.825955390930176,0.3336343169212341,,,,
atlas_het,ov0.25_cross0.00,graphatlas_min_distortion,2,0,,,,,2.7926082611083984,0.3006143867969513,,,,
atlas_het,ov0.25_cross0.15,graphatlas_min_distortion,2,0,,,,,2.7926082611083984,0.3006143867969513,,,,
atlas_het,ov0.25_cross0.30,graphatlas_min_distortion,2,0,,,,,2.7926082611083984,0.3006143867969513,,,,
atlas_het,ov0.25_cross0.50,graphatlas_min_distortion,2,0,,,,,2.7926082611083984,0.3006143867969513,,,,
atlas_het,ov0.40_cross0.00,graphatlas_min_distortion,2,0,,,,,2.476963520050049,0.2987099885940552,,,,
atlas_het,ov0.40_cross0.15,graphatlas_min_distortion,2,0,,,,,2.476963520050049,0.2987099885940552,,,,
atlas_het,ov0.40_cross0.30,graphatlas_min_distortion,2,0,,,,,2.476963520050049,0.2987099885940552,,,,
atlas_het,ov0.40_cross0.50,graphatlas_min_distortion,2,0,,,,,2.476963520050049,0.2987099885940552,,,,
atlas_het,ov0.55_cross0.00,graphatlas_min_distortion,2,0,,,,,2.838009834289551,0.3145463168621063,,,,
atlas_het,ov0.55_cross0.15,graphatlas_min_distortion,2,0,,,,,2.838009834289551,0.3145463168621063,,,,
atlas_het,ov0.55_cross0.30,graphatlas_min_distortion,2,0,,,,,2.838009834289551,0.3145463168621063,,,,
atlas_het,ov0.55_cross0.50,graphatlas_min_distortion,2,0,,,,,2.838009834289551,0.3145463168621063,,,,
atlas_het,smoke,graphatlas_original,0,0,,,,,1.51137113571167,0.6795931458473206,,,,
atlas_het,smoke,graphatlas_original,0,0,,,,,1.51137113571167,0.6795931458473206,,,,
atlas_het,ov0.10_cross0.00,graphatlas_original,0,0,,,,,3.15532660484314,0.4997141659259796,,,,
atlas_het,ov0.10_cross0.15,graphatlas_original,0,0,,,,,3.15532660484314,0.4997141659259796,,,,
atlas_het,ov0.10_cross0.30,graphatlas_original,0,0,,,,,3.15532660484314,0.4997141659259796,,,,
atlas_het,ov0.10_cross0.50,graphatlas_original,0,0,,,,,3.15532660484314,0.4997141659259796,,,,
atlas_het,ov0.25_cross0.00,graphatlas_original,0,0,,,,,2.178820371627808,0.243326261639595,,,,
atlas_het,ov0.25_cross0.15,graphatlas_original,0,0,,,,,2.178820371627808,0.243326261639595,,,,
atlas_het,ov0.25_cross0.30,graphatlas_original,0,0,,,,,2.178820371627808,0.243326261639595,,,,
atlas_het,ov0.25_cross0.50,graphatlas_original,0,0,,,,,2.178820371627808,0.243326261639595,,,,
atlas_het,ov0.40_cross0.00,graphatlas_original,0,0,,,,,2.261281967163086,0.3113717138767242,,,,
atlas_het,ov0.40_cross0.15,graphatlas_original,0,0,,,,,2.261281967163086,0.3113717138767242,,,,
atlas_het,ov0.40_cross0.30,graphatlas_original,0,0,,,,,2.261281967163086,0.3113717138767242,,,,
atlas_het,ov0.40_cross0.50,graphatlas_original,0,0,,,,,2.261281967163086,0.3113717138767242,,,,
atlas_het,ov0.55_cross0.00,graphatlas_original,0,0,,,,,2.419340133666992,0.2285369038581848,,,,
atlas_het,ov0.55_cross0.15,graphatlas_original,0,0,,,,,2.419340133666992,0.2285369038581848,,,,
atlas_het,ov0.55_cross0.30,graphatlas_original,0,0,,,,,2.419340133666992,0.2285369038581848,,,,
atlas_het,ov0.55_cross0.50,graphatlas_original,0,0,,,,,2.419340133666992,0.2285369038581848,,,,
atlas_het,ov0.10_cross0.00,graphatlas_original,1,0,,,,,1.731613278388977,0.2753238379955292,,,,
atlas_het,ov0.10_cross0.15,graphatlas_original,1,0,,,,,1.731613278388977,0.2753238379955292,,,,
atlas_het,ov0.10_cross0.30,graphatlas_original,1,0,,,,,1.731613278388977,0.2753238379955292,,,,
atlas_het,ov0.10_cross0.50,graphatlas_original,1,0,,,,,1.731613278388977,0.2753238379955292,,,,
atlas_het,ov0.25_cross0.00,graphatlas_original,1,0,,,,,1.9954023361206048,0.2285461276769638,,,,
atlas_het,ov0.25_cross0.15,graphatlas_original,1,0,,,,,1.9954023361206048,0.2285461276769638,,,,
atlas_het,ov0.25_cross0.30,graphatlas_original,1,0,,,,,1.9954023361206048,0.2285461276769638,,,,
atlas_het,ov0.25_cross0.50,graphatlas_original,1,0,,,,,1.9954023361206048,0.2285461276769638,,,,
atlas_het,ov0.40_cross0.00,graphatlas_original,1,0,,,,,1.7419538497924805,0.3291684091091156,,,,
atlas_het,ov0.40_cross0.15,graphatlas_original,1,0,,,,,1.7419538497924805,0.3291684091091156,,,,
atlas_het,ov0.40_cross0.30,graphatlas_original,1,0,,,,,1.7419538497924805,0.3291684091091156,,,,
atlas_het,ov0.40_cross0.50,graphatlas_original,1,0,,,,,1.7419538497924805,0.3291684091091156,,,,
atlas_het,ov0.55_cross0.00,graphatlas_original,1,0,,,,,2.1471943855285645,0.35045325756073,,,,
atlas_het,ov0.55_cross0.15,graphatlas_original,1,0,,,,,2.1471943855285645,0.35045325756073,,,,
atlas_het,ov0.55_cross0.30,graphatlas_original,1,0,,,,,2.1471943855285645,0.35045325756073,,,,
atlas_het,ov0.55_cross0.50,graphatlas_original,1,0,,,,,2.1471943855285645,0.35045325756073,,,,
atlas_het,ov0.10_cross0.00,graphatlas_original,2,0,,,,,2.679265260696411,0.4067290723323822,,,,
atlas_het,ov0.10_cross0.15,graphatlas_original,2,0,,,,,2.679265260696411,0.4067290723323822,,,,
atlas_het,ov0.10_cross0.30,graphatlas_original,2,0,,,,,2.679265260696411,0.4067290723323822,,,,
atlas_het,ov0.10_cross0.50,graphatlas_original,2,0,,,,,2.679265260696411,0.4067290723323822,,,,
atlas_het,ov0.25_cross0.00,graphatlas_original,2,0,,,,,2.873800039291382,0.4363290667533874,,,,
atlas_het,ov0.25_cross0.15,graphatlas_original,2,0,,,,,2.873800039291382,0.4363290667533874,,,,
atlas_het,ov0.25_cross0.30,graphatlas_original,2,0,,,,,2.873800039291382,0.4363290667533874,,,,
atlas_het,ov0.25_cross0.50,graphatlas_original,2,0,,,,,2.873800039291382,0.4363290667533874,,,,
atlas_het,ov0.40_cross0.00,graphatlas_original,2,0,,,,,2.602280616760254,0.3941485583782196,,,,
atlas_het,ov0.40_cross0.15,graphatlas_original,2,0,,,,,2.602280616760254,0.3941485583782196,,,,
atlas_het,ov0.40_cross0.30,graphatlas_original,2,0,,,,,2.602280616760254,0.3941485583782196,,,,
atlas_het,ov0.40_cross0.50,graphatlas_original,2,0,,,,,2.602280616760254,0.3941485583782196,,,,
atlas_het,ov0.55_cross0.00,graphatlas_original,2,0,,,,,2.819821119308472,0.3833488225936889,,,,
atlas_het,ov0.55_cross0.15,graphatlas_original,2,0,,,,,2.819821119308472,0.3833488225936889,,,,
atlas_het,ov0.55_cross0.30,graphatlas_original,2,0,,,,,2.819821119308472,0.3833488225936889,,,,
atlas_het,ov0.55_cross0.50,graphatlas_original,2,0,,,,,2.819821119308472,0.3833488225936889,,,,
h2gb_ieee_cis,,atn,0,0,,,,,,,,,,
h2gb_pdns,,atn,0,0,,,,,,,,,,
hetgb_actor,,graphatlas_c,0,0,0.8080655932426453,0.1919343471527099,0.2309390157461166,0.6716153025627136,2.5938868522644043,0.6768984794616699,0.1859280914068222,0.1919343918561935,0.4838182032108307,0.5
hetgb_amazon,,graphatlas_c,0,0,0.9766571521759032,0.0233428459614515,0.0249008294194936,0.6814919114112854,4.724687099456787,0.6818442940711975,0.0233465917408466,0.0233428832143545,0.4887011349201202,0.5
hetgb_texas,,graphatlas_c,0,0,0.6783487796783447,0.3216512203216553,0.3633770942687988,0.6606693863868713,2.145957946777344,0.6846476793289185,0.3116700649261474,0.3216512799263,0.4914655387401581,0.75
questions,,graphatlas_c,0,0,0.9992296695709229,0.000770281185396,0.0004604565328918,0.6912406086921692,11.298535346984863,0.6908547282218933,0.0002947515749838,0.0007702995790168,0.4999133348464966,0.5453920960426331
