run_id,config_hash,source_hash,dataset,task,model,model_family,seed,split,num_threads,run_dir,job_config
atlas_het__node_classification__graphatlas_c_oracle__split0__seed0__3e8c104a2f8a,3e8c104a2f8a,0e672c999c335af7,atlas_het,node_classification,graphatlas_c_oracle,graphatlas_certified,0,0,1,outputs\.work\runs\atlas_het\graphatlas_c_oracle\split-0\seed-0\config-3e8c104a,outputs\.work\runs\atlas_het\graphatlas_c_oracle\split-0\seed-0\config-3e8c104a\job_config.yaml
atlas_het__node_classification__graphatlas_c_oracle__split0__seed1__d6b1f07770a1,d6b1f07770a1,0e672c999c335af7,atlas_het,node_classification,graphatlas_c_oracle,graphatlas_certified,1,0,1,outputs\.work\runs\atlas_het\graphatlas_c_oracle\split-0\seed-1\config-d6b1f077,outputs\.work\runs\atlas_het\graphatlas_c_oracle\split-0\seed-1\config-d6b1f077\job_config.yaml
atlas_het__node_classification__graphatlas_c_oracle__split0__seed2__df427a42e6d9,df427a42e6d9,0e672c999c335af7,atlas_het,node_classification,graphatlas_c_oracle,graphatlas_certified,2,0,1,outputs\.work\runs\atlas_het\graphatlas_c_oracle\split-0\seed-2\config-df427a42,outputs\.work\runs\atlas_het\graphatlas_c_oracle\split-0\seed-2\config-df427a42\job_config.yaml
atlas_het__node_classification__graphatlas_c_oracle__split0__seed3__ab5e6748c734,ab5e6748c734,0e672c999c335af7,atlas_het,node_classification,graphatlas_c_oracle,graphatlas_certified,3,0,1,outputs\.work\runs\atlas_het\graphatlas_c_oracle\split-0\seed-3\config-ab5e6748,outputs\.work\runs\atlas_het\graphatlas_c_oracle\split-0\seed-3\config-ab5e6748\job_config.yaml
atlas_het__node_classification__graphatlas_c_oracle__split0__seed4__f9e5a3d2c522,f9e5a3d2c522,0e672c999c335af7,atlas_het,node_classification,graphatlas_c_oracle,graphatlas_certified,4,0,1,outputs\.work\runs\atlas_het\graphatlas_c_oracle\split-0\seed-4\config-f9e5a3d2,outputs\.work\runs\atlas_het\graphatlas_c_oracle\split-0\seed-4\config-f9e5a3d2\job_config.yaml
atlas_het__node_classification__graphatlas_c__split0__seed0__6c7f9764a489,6c7f9764a489,0e672c999c335af7,atlas_het,node_classification,graphatlas_c,graphatlas_certified,0,0,1,outputs\.work\runs\atlas_het\graphatlas_c\split-0\seed-0\config-6c7f9764,outputs\.work\runs\atlas_het\graphatlas_c\split-0\seed-0\config-6c7f9764\job_config.yaml
atlas_het__node_classification__graphatlas_c__split0__seed1__47795aa10ffd,47795aa10ffd,0e672c999c335af7,atlas_het,node_classification,graphatlas_c,graphatlas_certified,1,0,1,outputs\.work\runs\atlas_het\graphatlas_c\split-0\seed-1\config-47795aa1,outputs\.work\runs\atlas_het\graphatlas_c\split-0\seed-1\config-47795aa1\job_config.yaml
atlas_het__node_classification__graphatlas_c__split0__seed2__5e244ed0e588,5e244ed0e588,0e672c999c335af7,atlas_het,node_classification,graphatlas_c,graphatlas_certified,2,0,1,outputs\.work\runs\atlas_het\graphatlas_c\split-0\seed-2\config-5e244ed0,outputs\.work\runs\atlas_het\graphatlas_c\split-0\seed-2\config-5e244ed0\job_config.yaml
atlas_het__node_classification__graphatlas_c__split0__seed3__2cc31f71fc65,2cc31f71fc65,0e672c999c335af7,atlas_het,node_classification,graphatlas_c,graphatlas_certified,3,0,1,outputs\.work\runs\atlas_het\graphatlas_c\split-0\seed-3\config-2cc31f71,outputs\.work\runs\atlas_het\graphatlas_c\split-0\seed-3\config-2cc31f71\job_config.yaml
atlas_het__node_classification__graphatlas_c__split0__seed4__50f25287f020,50f25287f020,0e672c999c335af7,atlas_het,node_classification,graphatlas_c,graphatlas_certified,4,0,1,outputs\.work\runs\atlas_het\graphatlas_c\split-0\seed-4\config-50f25287,outputs\.work\runs\atlas_het\graphatlas_c\split-0\seed-4\config-50f25287\job_config.yaml
atlas_het__node_classification__graphatlas_original__split0__seed0__d4611b0aa19e,d4611b0aa19e,0e672c999c335af7,atlas_het,node_classification,graphatlas_original,graphatlas,0,0,1,outputs\.work\runs\atlas_het\graphatlas_original\split-0\seed-0\config-d4611b0a,outputs\.work\runs\atlas_het\graphatlas_original\split-0\seed-0\config-d4611b0a\job_config.yaml
atlas_het__node_classification__graphatlas_original__split0__seed1__43040977a607,43040977a607,0e672c999c335af7,atlas_het,node_classification,graphatlas_original,graphatlas,1,0,1,outputs\.work\runs\atlas_het\graphatlas_original\split-0\seed-1\config-43040977,outputs\.work\runs\atlas_het\graphatlas_original\split-0\seed-1\config-43040977\job_config.yaml
atlas_het__node_classification__graphatlas_original__split0__seed2__9cc096975d29,9cc096975d29,0e672c999c335af7,atlas_het,node_classification,graphatlas_original,graphatlas,2,0,1,outputs\.work\runs\atlas_het\graphatlas_original\split-0\seed-2\config-9cc09697,outputs\.work\runs\atlas_het\graphatlas_original\split-0\seed-2\config-9cc09697\job_config.yaml
atlas_het__node_classification__graphatlas_original__split0__seed3__96f5f4b295bd,96f5f4b295bd,0e672c999c335af7,atlas_het,node_classification,graphatlas_original,graphatlas,3,0,1,outputs\.work\runs\atlas_het\graphatlas_original\split-0\seed-3\config-96f5f4b2,outputs\.work\runs\atlas_het\graphatlas_original\split-0\seed-3\config-96f5f4b2\job_config.yaml
atlas_het__node_classification__graphatlas_original__split0__seed4__2f8cc1ffc279,2f8cc1ffc279,0e672c999c335af7,atlas_het,node_classification,graphatlas_original,graphatlas,4,0,1,outputs\.work\runs\atlas_het\graphatlas_original\split-0\seed-4\config-2f8cc1ff,outputs\.work\runs\atlas_het\graphatlas_original\split-0\seed-4\config-2f8cc1ff\job_config.yaml
atlas_het__node_classification__graphatlas_min_distortion__split0__seed0__53e464613944,53e464613944,0e672c999c335af7,atlas_het,node_classification,graphatlas_min_distortion,graphatlas_min_distortion,0,0,1,outputs\.work\runs\atlas_het\graphatlas_min_distortion\split-0\seed-0\config-53e46461,outputs\.work\runs\atlas_het\graphatlas_min_distortion\split-0\seed-0\config-53e46461\job_config.yaml
atlas_het__node_classification__graphatlas_min_distortion__split0__seed1__e19bd8607069,e19bd8607069,0e672c999c335af7,atlas_het,node_classification,graphatlas_min_distortion,graphatlas_min_distortion,1,0,1,outputs\.work\runs\atlas_het\graphatlas_min_distortion\split-0\seed-1\config-e19bd860,outputs\.work\runs\atlas_het\graphatlas_min_distortion\split-0\seed-1\config-e19bd860\job_config.yaml
atlas_het__node_classification__graphatlas_min_distortion__split0__seed2__5414d90e6a68,5414d90e6a68,0e672c999c335af7,atlas_het,node_classification,graphatlas_min_distortion,graphatlas_min_distortion,2,0,1,outputs\.work\runs\atlas_het\graphatlas_min_distortion\split-0\seed-2\config-5414d90e,outputs\.work\runs\atlas_het\graphatlas_min_distortion\split-0\seed-2\config-5414d90e\job_config.yaml
atlas_het__node_classification__graphatlas_min_distortion__split0__seed3__d96036079082,d96036079082,0e672c999c335af7,atlas_het,node_classification,graphatlas_min_distortion,graphatlas_min_distortion,3,0,1,outputs\.work\runs\atlas_het\graphatlas_min_distortion\split-0\seed-3\config-d9603607,outputs\.work\runs\atlas_het\graphatlas_min_distortion\split-0\seed-3\config-d9603607\job_config.yaml
atlas_het__node_classification__graphatlas_min_distortion__split0__seed4__bd60de666b74,bd60de666b74,0e672c999c335af7,atlas_het,node_classification,graphatlas_min_distortion,graphatlas_min_distortion,4,0,1,outputs\.work\runs\atlas_het\graphatlas_min_distortion\split-0\seed-4\config-bd60de66,outputs\.work\runs\atlas_het\graphatlas_min_distortion\split-0\seed-4\config-bd60de66\job_config.yaml
atlas_het__node_classification__graphatlas_no_transport__split0__seed0__1ea4b1101b47,1ea4b1101b47,0e672c999c335af7,atlas_het,node_classification,graphatlas_no_transport,graphatlas_no_transport,0,0,1,outputs\.work\runs\atlas_het\graphatlas_no_transport\split-0\seed-0\config-1ea4b110,outputs\.work\runs\atlas_het\graphatlas_no_transport\split-0\seed-0\config-1ea4b110\job_config.yaml
atlas_het__node_classification__graphatlas_no_transport__split0__seed1__877a02e57cde,877a02e57cde,0e672c999c335af7,atlas_het,node_classification,graphatlas_no_transport,graphatlas_no_transport,1,0,1,outputs\.work\runs\atlas_het\graphatlas_no_transport\split-0\seed-1\config-877a02e5,outputs\.work\runs\atlas_het\graphatlas_no_transport\split-0\seed-1\config-877a02e5\job_config.yaml
atlas_het__node_classification__graphatlas_no_transport__split0__seed2__4de2a0340060,4de2a0340060,0e672c999c335af7,atlas_het,node_classification,graphatlas_no_transport,graphatlas_no_transport,2,0,1,outputs\.work\runs\atlas_het\graphatlas_no_transport\split-0\seed-2\config-4de2a034,outputs\.work\runs\atlas_het\graphatlas_no_transport\split-0\seed-2\config-4de2a034\job_config.yaml
atlas_het__node_classification__graphatlas_no_transport__split0__seed3__1348406b60fd,1348406b60fd,0e672c999c335af7,atlas_het,node_classification,graphatlas_no_transport,graphatlas_no_transport,3,0,1,outputs\.work\runs\atlas_het\graphatlas_no_transport\split-0\seed-3\config-1348406b,outputs\.work\runs\atlas_het\graphatlas_no_transport\split-0\seed-3\config-1348406b\job_config.yaml
atlas_het__node_classification__graphatlas_no_transport__split0__seed4__527d241a0fa2,527d241a0fa2,0e672c999c335af7,atlas_het,node_classification,graphatlas_no_transport,graphatlas_no_transport,4,0,1,outputs\.work\runs\atlas_het\graphatlas_no_transport\split-0\seed-4\config-527d241a,outputs\.work\runs\atlas_het\graphatlas_no_transport\split-0\seed-4\config-527d241a\job_config.yaml
atlas_het__node_classification__graphatlas_free_transition__split0__seed0__a3e8088254ad,a3e8088254ad,0e672c999c335af7,atlas_het,node_classification,graphatlas_free_transition,graphatlas_free_transition,0,0,1,outputs\.work\runs\atlas_het\graphatlas_free_transition\split-0\seed-0\config-a3e80882,outputs\.work\runs\atlas_het\graphatlas_free_transition\split-0\seed-0\config-a3e80882\job_config.yaml
atlas_het__node_classification__graphatlas_free_transition__split0__seed1__2dfa285373fb,2dfa285373fb,0e672c999c335af7,atlas_het,node_classification,graphatlas_free_transition,graphatlas_free_transition,1,0,1,outputs\.work\runs\atlas_het\graphatlas_free_transition\split-0\seed-1\config-2dfa2853,outputs\.work\runs\atlas_het\graphatlas_free_transition\split-0\seed-1\config-2dfa2853\job_config.yaml
atlas_het__node_classification__graphatlas_free_transition__split0__seed2__0691a5665f6e,0691a5665f6e,0e672c999c335af7,atlas_het,node_classification,graphatlas_free_transition,graphatlas_free_transition,2,0,1,outputs\.work\runs\atlas_het\graphatlas_free_transition\split-0\seed-2\config-0691a566,outputs\.work\runs\atlas_het\graphatlas_free_transition\split-0\seed-2\config-0691a566\job_config.yaml
atlas_het__node_classification__graphatlas_free_transition__split0__seed3__b851591d5795,b851591d5795,0e672c999c335af7,atlas_het,node_classification,graphatlas_free_transition,graphatlas_free_transition,3,0,1,outputs\.work\runs\atlas_het\graphatlas_free_transition\split-0\seed-3\config-b851591d,outputs\.work\runs\atlas_het\graphatlas_free_transition\split-0\seed-3\config-b851591d\job_config.yaml
atlas_het__node_classification__graphatlas_free_transition__split0__seed4__adf89e800283,adf89e800283,0e672c999c335af7,atlas_het,node_classification,graphatlas_free_transition,graphatlas_free_transition,4,0,1,outputs\.work\runs\atlas_het\graphatlas_free_transition\split-0\seed-4\config-adf89e80,outputs\.work\runs\atlas_het\graphatlas_free_transition\split-0\seed-4\config-adf89e80\job_config.yaml
atlas_het__node_classification__graphatlas_membership_only__split0__seed0__c6d6c7d4f407,c6d6c7d4f407,0e672c999c335af7,atlas_het,node_classification,graphatlas_membership_only,graphatlas_certified,0,0,1,outputs\.work\runs\atlas_het\graphatlas_membership_only\split-0\seed-0\config-c6d6c7d4,outputs\.work\runs\atlas_het\graphatlas_membership_only\split-0\seed-0\config-c6d6c7d4\job_config.yaml
atlas_het__node_classification__graphatlas_membership_only__split0__seed1__23b27ddf5dba,23b27ddf5dba,0e672c999c335af7,atlas_het,node_classification,graphatlas_membership_only,graphatlas_certified,1,0,1,outputs\.work\runs\atlas_het\graphatlas_membership_only\split-0\seed-1\config-23b27ddf,outputs\.work\runs\atlas_het\graphatlas_membership_only\split-0\seed-1\config-23b27ddf\job_config.yaml
atlas_het__node_classification__graphatlas_membership_only__split0__seed2__bc9f8835a706,bc9f8835a706,0e672c999c335af7,atlas_het,node_classification,graphatlas_membership_only,graphatlas_certified,2,0,1,outputs\.work\runs\atlas_het\graphatlas_membership_only\split-0\seed-2\config-bc9f8835,outputs\.work\runs\atlas_het\graphatlas_membership_only\split-0\seed-2\config-bc9f8835\job_config.yaml
atlas_het__node_classification__graphatlas_membership_only__split0__seed3__08898f08cc91,08898f08cc91,0e672c999c335af7,atlas_het,node_classification,graphatlas_membership_only,graphatlas_certified,3,0,1,outputs\.work\runs\atlas_het\graphatlas_membership_only\split-0\seed-3\config-08898f08,outputs\.work\runs\atlas_het\graphatlas_membership_only\split-0\seed-3\config-08898f08\job_config.yaml
atlas_het__node_classification__graphatlas_membership_only__split0__seed4__daa895259386,daa895259386,0e672c999c335af7,atlas_het,node_classification,graphatlas_membership_only,graphatlas_certified,4,0,1,outputs\.work\runs\atlas_het\graphatlas_membership_only\split-0\seed-4\config-daa89525,outputs\.work\runs\atlas_het\graphatlas_membership_only\split-0\seed-4\config-daa89525\job_config.yaml
atlas_het__node_classification__graphatlas_q_shuffle_source__split0__seed0__b228094d942f,b228094d942f,0e672c999c335af7,atlas_het,node_classification,graphatlas_q_shuffle_source,graphatlas_certified,0,0,1,outputs\.work\runs\atlas_het\graphatlas_q_shuffle_source\split-0\seed-0\config-b228094d,outputs\.work\runs\atlas_het\graphatlas_q_shuffle_source\split-0\seed-0\config-b228094d\job_config.yaml
atlas_het__node_classification__graphatlas_q_shuffle_source__split0__seed1__098d36ba4b69,098d36ba4b69,0e672c999c335af7,atlas_het,node_classification,graphatlas_q_shuffle_source,graphatlas_certified,1,0,1,outputs\.work\runs\atlas_het\graphatlas_q_shuffle_source\split-0\seed-1\config-098d36ba,outputs\.work\runs\atlas_het\graphatlas_q_shuffle_source\split-0\seed-1\config-098d36ba\job_config.yaml
atlas_het__node_classification__graphatlas_q_shuffle_source__split0__seed2__256c17b4543e,256c17b4543e,0e672c999c335af7,atlas_het,node_classification,graphatlas_q_shuffle_source,graphatlas_certified,2,0,1,outputs\.work\runs\atlas_het\graphatlas_q_shuffle_source\split-0\seed-2\config-256c17b4,outputs\.work\runs\atlas_het\graphatlas_q_shuffle_source\split-0\seed-2\config-256c17b4\job_config.yaml
atlas_het__node_classification__graphatlas_q_shuffle_source__split0__seed3__dfec45a70008,dfec45a70008,0e672c999c335af7,atlas_het,node_classification,graphatlas_q_shuffle_source,graphatlas_certified,3,0,1,outputs\.work\runs\atlas_het\graphatlas_q_shuffle_source\split-0\seed-3\config-dfec45a7,outputs\.work\runs\atlas_het\graphatlas_q_shuffle_source\split-0\seed-3\config-dfec45a7\job_config.yaml
atlas_het__node_classification__graphatlas_q_shuffle_source__split0__seed4__b26d33f7594f,b26d33f7594f,0e672c999c335af7,atlas_het,node_classification,graphatlas_q_shuffle_source,graphatlas_certified,4,0,1,outputs\.work\runs\atlas_het\graphatlas_q_shuffle_source\split-0\seed-4\config-b26d33f7,outputs\.work\runs\atlas_het\graphatlas_q_shuffle_source\split-0\seed-4\config-b26d33f7\job_config.yaml
atlas_het__node_classification__graphatlas_q_shuffle_edge__split0__seed0__a846fa3e747a,a846fa3e747a,0e672c999c335af7,atlas_het,node_classification,graphatlas_q_shuffle_edge,graphatlas_certified,0,0,1,outputs\.work\runs\atlas_het\graphatlas_q_shuffle_edge\split-0\seed-0\config-a846fa3e,outputs\.work\runs\atlas_het\graphatlas_q_shuffle_edge\split-0\seed-0\config-a846fa3e\job_config.yaml
atlas_het__node_classification__graphatlas_q_shuffle_edge__split0__seed1__4ef2fd136106,4ef2fd136106,0e672c999c335af7,atlas_het,node_classification,graphatlas_q_shuffle_edge,graphatlas_certified,1,0,1,outputs\.work\runs\atlas_het\graphatlas_q_shuffle_edge\split-0\seed-1\config-4ef2fd13,outputs\.work\runs\atlas_het\graphatlas_q_shuffle_edge\split-0\seed-1\config-4ef2fd13\job_config.yaml
atlas_het__node_classification__graphatlas_q_shuffle_edge__split0__seed2__99b765aa3bd3,99b765aa3bd3,0e672c999c335af7,atlas_het,node_classification,graphatlas_q_shuffle_edge,graphatlas_certified,2,0,1,outputs\.work\runs\atlas_het\graphatlas_q_shuffle_edge\split-0\seed-2\config-99b765aa,outputs\.work\runs\atlas_het\graphatlas_q_shuffle_edge\split-0\seed-2\config-99b765aa\job_config.yaml
atlas_het__node_classification__graphatlas_q_shuffle_edge__split0__seed3__b6a3e019c92b,b6a3e019c92b,0e672c999c335af7,atlas_het,node_classification,graphatlas_q_shuffle_edge,graphatlas_certified,3,0,1,outputs\.work\runs\atlas_het\graphatlas_q_shuffle_edge\split-0\seed-3\config-b6a3e019,outputs\.work\runs\atlas_het\graphatlas_q_shuffle_edge\split-0\seed-3\config-b6a3e019\job_config.yaml
atlas_het__node_classification__graphatlas_q_shuffle_edge__split0__seed4__9e827ffb8bfc,9e827ffb8bfc,0e672c999c335af7,atlas_het,node_classification,graphatlas_q_shuffle_edge,graphatlas_certified,4,0,1,outputs\.work\runs\atlas_het\graphatlas_q_shuffle_edge\split-0\seed-4\config-9e827ffb,outputs\.work\runs\atlas_het\graphatlas_q_shuffle_edge\split-0\seed-4\config-9e827ffb\job_config.yaml
atlas_het__node_classification__graphatlas_random_routing__split0__seed0__807ce36a5f27,807ce36a5f27,0e672c999c335af7,atlas_het,node_classification,graphatlas_random_routing,graphatlas_certified,0,0,1,outputs\.work\runs\atlas_het\graphatlas_random_routing\split-0\seed-0\config-807ce36a,outputs\.work\runs\atlas_het\graphatlas_random_routing\split-0\seed-0\config-807ce36a\job_config.yaml
atlas_het__node_classification__graphatlas_random_routing__split0__seed1__2df260115a0a,2df260115a0a,0e672c999c335af7,atlas_het,node_classification,graphatlas_random_routing,graphatlas_certified,1,0,1,outputs\.work\runs\atlas_het\graphatlas_random_routing\split-0\seed-1\config-2df26011,outputs\.work\runs\atlas_het\graphatlas_random_routing\split-0\seed-1\config-2df26011\job_config.yaml
atlas_het__node_classification__graphatlas_random_routing__split0__seed2__e02804399579,e02804399579,0e672c999c335af7,atlas_het,node_classification,graphatlas_random_routing,graphatlas_certified,2,0,1,outputs\.work\runs\atlas_het\graphatlas_random_routing\split-0\seed-2\config-e0280439,outputs\.work\runs\atlas_het\graphatlas_random_routing\split-0\seed-2\config-e0280439\job_config.yaml
atlas_het__node_classification__graphatlas_random_routing__split0__seed3__f9df1940f953,f9df1940f953,0e672c999c335af7,atlas_het,node_classification,graphatlas_random_routing,graphatlas_certified,3,0,1,outputs\.work\runs\atlas_het\graphatlas_random_routing\split-0\seed-3\config-f9df1940,outputs\.work\runs\atlas_het\graphatlas_random_routing\split-0\seed-3\config-f9df1940\job_config.yaml
atlas_het__node_classification__graphatlas_random_routing__split0__seed4__9db0fb29b7d3,9db0fb29b7d3,0e672c999c335af7,atlas_het,node_classification,graphatlas_random_routing,graphatlas_certified,4,0,1,outputs\.work\runs\atlas_het\graphatlas_random_routing\split-0\seed-4\config-9db0fb29,outputs\.work\runs\atlas_het\graphatlas_random_routing\split-0\seed-4\config-9db0fb29\job_config.yaml
atlas_het__node_classification__graphatlas_beta_zero__split0__seed0__003b7655836e,003b7655836e,0e672c999c335af7,atlas_het,node_classification,graphatlas_beta_zero,graphatlas_certified,0,0,1,outputs\.work\runs\atlas_het\graphatlas_beta_zero\split-0\seed-0\config-003b7655,outputs\.work\runs\atlas_het\graphatlas_beta_zero\split-0\seed-0\config-003b7655\job_config.yaml
atlas_het__node_classification__graphatlas_beta_zero__split0__seed1__f67090807b5a,f67090807b5a,0e672c999c335af7,atlas_het,node_classification,graphatlas_beta_zero,graphatlas_certified,1,0,1,outputs\.work\runs\atlas_het\graphatlas_beta_zero\split-0\seed-1\config-f6709080,outputs\.work\runs\atlas_het\graphatlas_beta_zero\split-0\seed-1\config-f6709080\job_config.yaml
atlas_het__node_classification__graphatlas_beta_zero__split0__seed2__2a6fc1bb0089,2a6fc1bb0089,0e672c999c335af7,atlas_het,node_classification,graphatlas_beta_zero,graphatlas_certified,2,0,1,outputs\.work\runs\atlas_het\graphatlas_beta_zero\split-0\seed-2\config-2a6fc1bb,outputs\.work\runs\atlas_het\graphatlas_beta_zero\split-0\seed-2\config-2a6fc1bb\job_config.yaml
atlas_het__node_classification__graphatlas_beta_zero__split0__seed3__37f454f9850f,37f454f9850f,0e672c999c335af7,atlas_het,node_classification,graphatlas_beta_zero,graphatlas_certified,3,0,1,outputs\.work\runs\atlas_het\graphatlas_beta_zero\split-0\seed-3\config-37f454f9,outputs\.work\runs\atlas_het\graphatlas_beta_zero\split-0\seed-3\config-37f454f9\job_config.yaml
atlas_het__node_classification__graphatlas_beta_zero__split0__seed4__4ff67631a7a7,4ff67631a7a7,0e672c999c335af7,atlas_het,node_classification,graphatlas_beta_zero,graphatlas_certified,4,0,1,outputs\.work\runs\atlas_het\graphatlas_beta_zero\split-0\seed-4\config-4ff67631,outputs\.work\runs\atlas_het\graphatlas_beta_zero\split-0\seed-4\config-4ff67631\job_config.yaml
atlas_het__node_classification__graphatlas_c_oracle__split0__seed0__fc484be49f0a,fc484be49f0a,0e672c999c335af7,atlas_het,node_classification,graphatlas_c_oracle,graphatlas_certified,0,0,1,outputs\.work\runs\atlas_het\graphatlas_c_oracle\split-0\seed-0\config-fc484be4,outputs\.work\runs\atlas_het\graphatlas_c_oracle\split-0\seed-0\config-fc484be4\job_config.yaml
atlas_het__node_classification__graphatlas_c_oracle__split0__seed1__506ae5834210,506ae5834210,0e672c999c335af7,atlas_het,node_classification,graphatlas_c_oracle,graphatlas_certified,1,0,1,outputs\.work\runs\atlas_het\graphatlas_c_oracle\split-0\seed-1\config-506ae583,outputs\.work\runs\atlas_het\graphatlas_c_oracle\split-0\seed-1\config-506ae583\job_config.yaml
atlas_het__node_classification__graphatlas_c_oracle__split0__seed2__90a0f7cbf1e7,90a0f7cbf1e7,0e672c999c335af7,atlas_het,node_classification,graphatlas_c_oracle,graphatlas_certified,2,0,1,outputs\.work\runs\atlas_het\graphatlas_c_oracle\split-0\seed-2\config-90a0f7cb,outputs\.work\runs\atlas_het\graphatlas_c_oracle\split-0\seed-2\config-90a0f7cb\job_config.yaml
atlas_het__node_classification__graphatlas_c_oracle__split0__seed3__c150b0c7aa52,c150b0c7aa52,0e672c999c335af7,atlas_het,node_classification,graphatlas_c_oracle,graphatlas_certified,3,0,1,outputs\.work\runs\atlas_het\graphatlas_c_oracle\split-0\seed-3\config-c150b0c7,outputs\.work\runs\atlas_het\graphatlas_c_oracle\split-0\seed-3\config-c150b0c7\job_config.yaml
atlas_het__node_classification__graphatlas_c_oracle__split0__seed4__9df22c854513,9df22c854513,0e672c999c335af7,atlas_het,node_classification,graphatlas_c_oracle,graphatlas_certified,4,0,1,outputs\.work\runs\atlas_het\graphatlas_c_oracle\split-0\seed-4\config-9df22c85,outputs\.work\runs\atlas_het\graphatlas_c_oracle\split-0\seed-4\config-9df22c85\job_config.yaml
atlas_het__node_classification__graphatlas_c__split0__seed0__45e3d9c7ca33,45e3d9c7ca33,0e672c999c335af7,atlas_het,node_classification,graphatlas_c,graphatlas_certified,0,0,1,outputs\.work\runs\atlas_het\graphatlas_c\split-0\seed-0\config-45e3d9c7,outputs\.work\runs\atlas_het\graphatlas_c\split-0\seed-0\config-45e3d9c7\job_config.yaml
atlas_het__node_classification__graphatlas_c__split0__seed1__09a7628ad4dd,09a7628ad4dd,0e672c999c335af7,atlas_het,node_classification,graphatlas_c,graphatlas_certified,1,0,1,outputs\.work\runs\atlas_het\graphatlas_c\split-0\seed-1\config-09a7628a,outputs\.work\runs\atlas_het\graphatlas_c\split-0\seed-1\config-09a7628a\job_config.yaml
atlas_het__node_classification__graphatlas_c__split0__seed2__1b17270ac7f9,1b17270ac7f9,0e672c999c335af7,atlas_het,node_classification,graphatlas_c,graphatlas_certified,2,0,1,outputs\.work\runs\atlas_het\graphatlas_c\split-0\seed-2\config-1b17270a,outputs\.work\runs\atlas_het\graphatlas_c\split-0\seed-2\config-1b17270a\job_config.yaml
atlas_het__node_classification__graphatlas_c__split0__seed3__4940b4f46806,4940b4f46806,0e672c999c335af7,atlas_het,node_classification,graphatlas_c,graphatlas_certified,3,0,1,outputs\.work\runs\atlas_het\graphatlas_c\split-0\seed-3\config-4940b4f4,outputs\.work\runs\atlas_het\graphatlas_c\split-0\seed-3\config-4940b4f4\job_config.yaml
atlas_het__node_classification__graphatlas_c__split0__seed4__383b8e4233b8,383b8e4233b8,0e672c999c335af7,atlas_het,node_classification,graphatlas_c,graphatlas_certified,4,0,1,outputs\.work\runs\atlas_het\graphatlas_c\split-0\seed-4\config-383b8e42,outputs\.work\runs\atlas_het\graphatlas_c\split-0\seed-4\config-383b8e42\job_config.yaml
atlas_het__node_classification__graphatlas_original__split0__seed0__95212aaa1c27,95212aaa1c27,0e672c999c335af7,atlas_het,node_classification,graphatlas_original,graphatlas,0,0,1,outputs\.work\runs\atlas_het\graphatlas_original\split-0\seed-0\config-95212aaa,outputs\.work\runs\atlas_het\graphatlas_original\split-0\seed-0\config-95212aaa\job_config.yaml
atlas_het__node_classification__graphatlas_original__split0__seed1__f750b368c039,f750b368c039,0e672c999c335af7,atlas_het,node_classification,graphatlas_original,graphatlas,1,0,1,outputs\.work\runs\atlas_het\graphatlas_original\split-0\seed-1\config-f750b368,outputs\.work\runs\atlas_het\graphatlas_original\split-0\seed-1\config-f750b368\job_config.yaml
atlas_het__node_classification__graphatlas_original__split0__seed2__e748fcca05a3,e748fcca05a3,0e672c999c335af7,atlas_het,node_classification,graphatlas_original,graphatlas,2,0,1,outputs\.work\runs\atlas_het\graphatlas_original\split-0\seed-2\config-e748fcca,outputs\.work\runs\atlas_het\graphatlas_original\split-0\seed-2\config-e748fcca\job_config.yaml
atlas_het__node_classification__graphatlas_original__split0__seed3__2db2ef0abf3e,2db2ef0abf3e,0e672c999c335af7,atlas_het,node_classification,graphatlas_original,graphatlas,3,0,1,outputs\.work\runs\atlas_het\graphatlas_original\split-0\seed-3\config-2db2ef0a,outputs\.work\runs\atlas_het\graphatlas_original\split-0\seed-3\config-2db2ef0a\job_config.yaml
atlas_het__node_classification__graphatlas_original__split0__seed4__1f2b2b0c9068,1f2b2b0c9068,0e672c999c335af7,atlas_het,node_classification,graphatlas_original,graphatlas,4,0,1,outputs\.work\runs\atlas_het\graphatlas_original\split-0\seed-4\config-1f2b2b0c,outputs\.work\runs\atlas_het\graphatlas_original\split-0\seed-4\config-1f2b2b0c\job_config.yaml
atlas_het__node_classification__graphatlas_min_distortion__split0__seed0__6bba641109f1,6bba641109f1,0e672c999c335af7,atlas_het,node_classification,graphatlas_min_distortion,graphatlas_min_distortion,0,0,1,outputs\.work\runs\atlas_het\graphatlas_min_distortion\split-0\seed-0\config-6bba6411,outputs\.work\runs\atlas_het\graphatlas_min_distortion\split-0\seed-0\config-6bba6411\job_config.yaml
atlas_het__node_classification__graphatlas_min_distortion__split0__seed1__a7e1a62d4caa,a7e1a62d4caa,0e672c999c335af7,atlas_het,node_classification,graphatlas_min_distortion,graphatlas_min_distortion,1,0,1,outputs\.work\runs\atlas_het\graphatlas_min_distortion\split-0\seed-1\config-a7e1a62d,outputs\.work\runs\atlas_het\graphatlas_min_distortion\split-0\seed-1\config-a7e1a62d\job_config.yaml
atlas_het__node_classification__graphatlas_min_distortion__split0__seed2__a7fe16313bc8,a7fe16313bc8,0e672c999c335af7,atlas_het,node_classification,graphatlas_min_distortion,graphatlas_min_distortion,2,0,1,outputs\.work\runs\atlas_het\graphatlas_min_distortion\split-0\seed-2\config-a7fe1631,outputs\.work\runs\atlas_het\graphatlas_min_distortion\split-0\seed-2\config-a7fe1631\job_config.yaml
atlas_het__node_classification__graphatlas_min_distortion__split0__seed3__e070381bd5cc,e070381bd5cc,0e672c999c335af7,atlas_het,node_classification,graphatlas_min_distortion,graphatlas_min_distortion,3,0,1,outputs\.work\runs\atlas_het\graphatlas_min_distortion\split-0\seed-3\config-e070381b,outputs\.work\runs\atlas_het\graphatlas_min_distortion\split-0\seed-3\config-e070381b\job_config.yaml
atlas_het__node_classification__graphatlas_min_distortion__split0__seed4__4649e292e20f,4649e292e20f,0e672c999c335af7,atlas_het,node_classification,graphatlas_min_distortion,graphatlas_min_distortion,4,0,1,outputs\.work\runs\atlas_het\graphatlas_min_distortion\split-0\seed-4\config-4649e292,outputs\.work\runs\atlas_het\graphatlas_min_distortion\split-0\seed-4\config-4649e292\job_config.yaml
atlas_het__node_classification__graphatlas_no_transport__split0__seed0__9e2b606a964c,9e2b606a964c,0e672c999c335af7,atlas_het,node_classification,graphatlas_no_transport,graphatlas_no_transport,0,0,1,outputs\.work\runs\atlas_het\graphatlas_no_transport\split-0\seed-0\config-9e2b606a,outputs\.work\runs\atlas_het\graphatlas_no_transport\split-0\seed-0\config-9e2b606a\job_config.yaml
atlas_het__node_classification__graphatlas_no_transport__split0__seed1__3caa20b3855e,3caa20b3855e,0e672c999c335af7,atlas_het,node_classification,graphatlas_no_transport,graphatlas_no_transport,1,0,1,outputs\.work\runs\atlas_het\graphatlas_no_transport\split-0\seed-1\config-3caa20b3,outputs\.work\runs\atlas_het\graphatlas_no_transport\split-0\seed-1\config-3caa20b3\job_config.yaml
atlas_het__node_classification__graphatlas_no_transport__split0__seed2__330a51716468,330a51716468,0e672c999c335af7,atlas_het,node_classification,graphatlas_no_transport,graphatlas_no_transport,2,0,1,outputs\.work\runs\atlas_het\graphatlas_no_transport\split-0\seed-2\config-330a5171,outputs\.work\runs\atlas_het\graphatlas_no_transport\split-0\seed-2\config-330a5171\job_config.yaml
atlas_het__node_classification__graphatlas_no_transport__split0__seed3__0ce57053830c,0ce57053830c,0e672c999c335af7,atlas_het,node_classification,graphatlas_no_transport,graphatlas_no_transport,3,0,1,outputs\.work\runs\atlas_het\graphatlas_no_transport\split-0\seed-3\config-0ce57053,outputs\.work\runs\atlas_het\graphatlas_no_transport\split-0\seed-3\config-0ce57053\job_config.yaml
atlas_het__node_classification__graphatlas_no_transport__split0__seed4__00a4c7fba4a9,00a4c7fba4a9,0e672c999c335af7,atlas_het,node_classification,graphatlas_no_transport,graphatlas_no_transport,4,0,1,outputs\.work\runs\atlas_het\graphatlas_no_transport\split-0\seed-4\config-00a4c7fb,outputs\.work\runs\atlas_het\graphatlas_no_transport\split-0\seed-4\config-00a4c7fb\job_config.yaml
atlas_het__node_classification__graphatlas_free_transition__split0__seed0__e4017020f22e,e4017020f22e,0e672c999c335af7,atlas_het,node_classification,graphatlas_free_transition,graphatlas_free_transition,0,0,1,outputs\.work\runs\atlas_het\graphatlas_free_transition\split-0\seed-0\config-e4017020,outputs\.work\runs\atlas_het\graphatlas_free_transition\split-0\seed-0\config-e4017020\job_config.yaml
atlas_het__node_classification__graphatlas_free_transition__split0__seed1__c5b8aea58ae8,c5b8aea58ae8,0e672c999c335af7,atlas_het,node_classification,graphatlas_free_transition,graphatlas_free_transition,1,0,1,outputs\.work\runs\atlas_het\graphatlas_free_transition\split-0\seed-1\config-c5b8aea5,outputs\.work\runs\atlas_het\graphatlas_free_transition\split-0\seed-1\config-c5b8aea5\job_config.yaml
atlas_het__node_classification__graphatlas_free_transition__split0__seed2__e02c06109656,e02c06109656,0e672c999c335af7,atlas_het,node_classification,graphatlas_free_transition,graphatlas_free_transition,2,0,1,outputs\.work\runs\atlas_het\graphatlas_free_transition\split-0\seed-2\config-e02c0610,outputs\.work\runs\atlas_het\graphatlas_free_transition\split-0\seed-2\config-e02c0610\job_config.yaml
atlas_het__node_classification__graphatlas_free_transition__split0__seed3__2c32033c923d,2c32033c923d,0e672c999c335af7,atlas_het,node_classification,graphatlas_free_transition,graphatlas_free_transition,3,0,1,outputs\.work\runs\atlas_het\graphatlas_free_transition\split-0\seed-3\config-2c32033c,outputs\.work\runs\atlas_het\graphatlas_free_transition\split-0\seed-3\config-2c32033c\job_config.yaml
atlas_het__node_classification__graphatlas_free_transition__split0__seed4__633bc5f98b56,633bc5f98b56,0e672c999c335af7,atlas_het,node_classification,graphatlas_free_transition,graphatlas_free_transition,4,0,1,outputs\.work\runs\atlas_het\graphatlas_free_transition\split-0\seed-4\config-633bc5f9,outputs\.work\runs\atlas_het\graphatlas_free_transition\split-0\seed-4\config-633bc5f9\job_config.yaml
atlas_het__node_classification__graphatlas_membership_only__split0__seed0__7dc69fcc3303,7dc69fcc3303,0e672c999c335af7,atlas_het,node_classification,graphatlas_membership_only,graphatlas_certified,0,0,1,outputs\.work\runs\atlas_het\graphatlas_membership_only\split-0\seed-0\config-7dc69fcc,outputs\.work\runs\atlas_het\graphatlas_membership_only\split-0\seed-0\config-7dc69fcc\job_config.yaml
atlas_het__node_classification__graphatlas_membership_only__split0__seed1__49a6ae4b27f1,49a6ae4b27f1,0e672c999c335af7,atlas_het,node_classification,graphatlas_membership_only,graphatlas_certified,1,0,1,outputs\.work\runs\atlas_het\graphatlas_membership_only\split-0\seed-1\config-49a6ae4b,outputs\.work\runs\atlas_het\graphatlas_membership_only\split-0\seed-1\config-49a6ae4b\job_config.yaml
atlas_het__node_classification__graphatlas_membership_only__split0__seed2__4ab7dc20daf6,4ab7dc20daf6,0e672c999c335af7,atlas_het,node_classification,graphatlas_membership_only,graphatlas_certified,2,0,1,outputs\.work\runs\atlas_het\graphatlas_membership_only\split-0\seed-2\config-4ab7dc20,outputs\.work\runs\atlas_het\graphatlas_membership_only\split-0\seed-2\config-4ab7dc20\job_config.yaml
atlas_het__node_classification__graphatlas_membership_only__split0__seed3__be78083d2096,be78083d2096,0e672c999c335af7,atlas_het,node_classification,graphatlas_membership_only,graphatlas_certified,3,0,1,outputs\.work\runs\atlas_het\graphatlas_membership_only\split-0\seed-3\config-be78083d,outputs\.work\runs\atlas_het\graphatlas_membership_only\split-0\seed-3\config-be78083d\job_config.yaml
atlas_het__node_classification__graphatlas_membership_only__split0__seed4__d69fadcfd4be,d69fadcfd4be,0e672c999c335af7,atlas_het,node_classification,graphatlas_membership_only,graphatlas_certified,4,0,1,outputs\.work\runs\atlas_het\graphatlas_membership_only\split-0\seed-4\config-d69fadcf,outputs\.work\runs\atlas_het\graphatlas_membership_only\split-0\seed-4\config-d69fadcf\job_config.yaml
atlas_het__node_classification__graphatlas_q_shuffle_source__split0__seed0__b414e2c54dd7,b414e2c54dd7,0e672c999c335af7,atlas_het,node_classification,graphatlas_q_shuffle_source,graphatlas_certified,0,0,1,outputs\.work\runs\atlas_het\graphatlas_q_shuffle_source\split-0\seed-0\config-b414e2c5,outputs\.work\runs\atlas_het\graphatlas_q_shuffle_source\split-0\seed-0\config-b414e2c5\job_config.yaml
atlas_het__node_classification__graphatlas_q_shuffle_source__split0__seed1__fc27c8209457,fc27c8209457,0e672c999c335af7,atlas_het,node_classification,graphatlas_q_shuffle_source,graphatlas_certified,1,0,1,outputs\.work\runs\atlas_het\graphatlas_q_shuffle_source\split-0\seed-1\config-fc27c820,outputs\.work\runs\atlas_het\graphatlas_q_shuffle_source\split-0\seed-1\config-fc27c820\job_config.yaml
atlas_het__node_classification__graphatlas_q_shuffle_source__split0__seed2__61f107e149e4,61f107e149e4,0e672c999c335af7,atlas_het,node_classification,graphatlas_q_shuffle_source,graphatlas_certified,2,0,1,outputs\.work\runs\atlas_het\graphatlas_q_shuffle_source\split-0\seed-2\config-61f107e1,outputs\.work\runs\atlas_het\graphatlas_q_shuffle_source\split-0\seed-2\config-61f107e1\job_config.yaml
atlas_het__node_classification__graphatlas_q_shuffle_source__split0__seed3__b10145d31a57,b10145d31a57,0e672c999c335af7,atlas_het,node_classification,graphatlas_q_shuffle_source,graphatlas_certified,3,0,1,outputs\.work\runs\atlas_het\graphatlas_q_shuffle_source\split-0\seed-3\config-b10145d3,outputs\.work\runs\atlas_het\graphatlas_q_shuffle_source\split-0\seed-3\config-b10145d3\job_config.yaml
atlas_het__node_classification__graphatlas_q_shuffle_source__split0__seed4__bca1c177b520,bca1c177b520,0e672c999c335af7,atlas_het,node_classification,graphatlas_q_shuffle_source,graphatlas_certified,4,0,1,outputs\.work\runs\atlas_het\graphatlas_q_shuffle_source\split-0\seed-4\config-bca1c177,outputs\.work\runs\atlas_het\graphatlas_q_shuffle_source\split-0\seed-4\config-bca1c177\job_config.yaml
atlas_het__node_classification__graphatlas_q_shuffle_edge__split0__seed0__c031a454a430,c031a454a430,0e672c999c335af7,atlas_het,node_classification,graphatlas_q_shuffle_edge,graphatlas_certified,0,0,1,outputs\.work\runs\atlas_het\graphatlas_q_shuffle_edge\split-0\seed-0\config-c031a454,outputs\.work\runs\atlas_het\graphatlas_q_shuffle_edge\split-0\seed-0\config-c031a454\job_config.yaml
atlas_het__node_classification__graphatlas_q_shuffle_edge__split0__seed1__b570f86ebdf9,b570f86ebdf9,0e672c999c335af7,atlas_het,node_classification,graphatlas_q_shuffle_edge,graphatlas_certified,1,0,1,outputs\.work\runs\atlas_het\graphatlas_q_shuffle_edge\split-0\seed-1\config-b570f86e,outputs\.work\runs\atlas_het\graphatlas_q_shuffle_edge\split-0\seed-1\config-b570f86e\job_config.yaml
atlas_het__node_classification__graphatlas_q_shuffle_edge__split0__seed2__f870372df06a,f870372df06a,0e672c999c335af7,atlas_het,node_classification,graphatlas_q_shuffle_edge,graphatlas_certified,2,0,1,outputs\.work\runs\atlas_het\graphatlas_q_shuffle_edge\split-0\seed-2\config-f870372d,outputs\.work\runs\atlas_het\graphatlas_q_shuffle_edge\split-0\seed-2\config-f870372d\job_config.yaml
atlas_het__node_classification__graphatlas_q_shuffle_edge__split0__seed3__17451b7a9ae4,17451b7a9ae4,0e672c999c335af7,atlas_het,node_classification,graphatlas_q_shuffle_edge,graphatlas_certified,3,0,1,outputs\.work\runs\atlas_het\graphatlas_q_shuffle_edge\split-0\seed-3\config-17451b7a,outputs\.work\runs\atlas_het\graphatlas_q_shuffle_edge\split-0\seed-3\config-17451b7a\job_config.yaml
atlas_het__node_classification__graphatlas_q_shuffle_edge__split0__seed4__60937d57a154,60937d57a154,0e672c999c335af7,atlas_het,node_classification,graphatlas_q_shuffle_edge,graphatlas_certified,4,0,1,outputs\.work\runs\atlas_het\graphatlas_q_shuffle_edge\split-0\seed-4\config-60937d57,outputs\.work\runs\atlas_het\graphatlas_q_shuffle_edge\split-0\seed-4\config-60937d57\job_config.yaml
atlas_het__node_classification__graphatlas_random_routing__split0__seed0__c5718b66b37c,c5718b66b37c,0e672c999c335af7,atlas_het,node_classification,graphatlas_random_routing,graphatlas_certified,0,0,1,outputs\.work\runs\atlas_het\graphatlas_random_routing\split-0\seed-0\config-c5718b66,outputs\.work\runs\atlas_het\graphatlas_random_routing\split-0\seed-0\config-c5718b66\job_config.yaml
atlas_het__node_classification__graphatlas_random_routing__split0__seed1__2a026ba3c5cd,2a026ba3c5cd,0e672c999c335af7,atlas_het,node_classification,graphatlas_random_routing,graphatlas_certified,1,0,1,outputs\.work\runs\atlas_het\graphatlas_random_routing\split-0\seed-1\config-2a026ba3,outputs\.work\runs\atlas_het\graphatlas_random_routing\split-0\seed-1\config-2a026ba3\job_config.yaml
atlas_het__node_classification__graphatlas_random_routing__split0__seed2__b972861621d8,b972861621d8,0e672c999c335af7,atlas_het,node_classification,graphatlas_random_routing,graphatlas_certified,2,0,1,outputs\.work\runs\atlas_het\graphatlas_random_routing\split-0\seed-2\config-b9728616,outputs\.work\runs\atlas_het\graphatlas_random_routing\split-0\seed-2\config-b9728616\job_config.yaml
atlas_het__node_classification__graphatlas_random_routing__split0__seed3__bf9cbb213727,bf9cbb213727,0e672c999c335af7,atlas_het,node_classification,graphatlas_random_routing,graphatlas_certified,3,0,1,outputs\.work\runs\atlas_het\graphatlas_random_routing\split-0\seed-3\config-bf9cbb21,outputs\.work\runs\atlas_het\graphatlas_random_routing\split-0\seed-3\config-bf9cbb21\job_config.yaml
atlas_het__node_classification__graphatlas_random_routing__split0__seed4__88e18296f9ff,88e18296f9ff,0e672c999c335af7,atlas_het,node_classification,graphatlas_random_routing,graphatlas_certified,4,0,1,outputs\.work\runs\atlas_het\graphatlas_random_routing\split-0\seed-4\config-88e18296,outputs\.work\runs\atlas_het\graphatlas_random_routing\split-0\seed-4\config-88e18296\job_config.yaml
atlas_het__node_classification__graphatlas_beta_zero__split0__seed0__5f71ce4c0f76,5f71ce4c0f76,0e672c999c335af7,atlas_het,node_classification,graphatlas_beta_zero,graphatlas_certified,0,0,1,outputs\.work\runs\atlas_het\graphatlas_beta_zero\split-0\seed-0\config-5f71ce4c,outputs\.work\runs\atlas_het\graphatlas_beta_zero\split-0\seed-0\config-5f71ce4c\job_config.yaml
atlas_het__node_classification__graphatlas_beta_zero__split0__seed1__2e1763e85532,2e1763e85532,0e672c999c335af7,atlas_het,node_classification,graphatlas_beta_zero,graphatlas_certified,1,0,1,outputs\.work\runs\atlas_het\graphatlas_beta_zero\split-0\seed-1\config-2e1763e8,outputs\.work\runs\atlas_het\graphatlas_beta_zero\split-0\seed-1\config-2e1763e8\job_config.yaml
atlas_het__node_classification__graphatlas_beta_zero__split0__seed2__a682315670fe,a682315670fe,0e672c999c335af7,atlas_het,node_classification,graphatlas_beta_zero,graphatlas_certified,2,0,1,outputs\.work\runs\atlas_het\graphatlas_beta_zero\split-0\seed-2\config-a6823156,outputs\.work\runs\atlas_het\graphatlas_beta_zero\split-0\seed-2\config-a6823156\job_config.yaml
atlas_het__node_classification__graphatlas_beta_zero__split0__seed3__def8bf3ee78e,def8bf3ee78e,0e672c999c335af7,atlas_het,node_classification,graphatlas_beta_zero,graphatlas_certified,3,0,1,outputs\.work\runs\atlas_het\graphatlas_beta_zero\split-0\seed-3\config-def8bf3e,outputs\.work\runs\atlas_het\graphatlas_beta_zero\split-0\seed-3\config-def8bf3e\job_config.yaml
atlas_het__node_classification__graphatlas_beta_zero__split0__seed4__8306a4f74e1d,8306a4f74e1d,0e672c999c335af7,atlas_het,node_classification,graphatlas_beta_zero,graphatlas_certified,4,0,1,outputs\.work\runs\atlas_het\graphatlas_beta_zero\split-0\seed-4\config-8306a4f7,outputs\.work\runs\atlas_het\graphatlas_beta_zero\split-0\seed-4\config-8306a4f7\job_config.yaml
atlas_het__node_classification__graphatlas_c_oracle__split0__seed0__873683e8cb4e,873683e8cb4e,0e672c999c335af7,atlas_het,node_classification,graphatlas_c_oracle,graphatlas_certified,0,0,1,outputs\.work\runs\atlas_het\graphatlas_c_oracle\split-0\seed-0\config-873683e8,outputs\.work\runs\atlas_het\graphatlas_c_oracle\split-0\seed-0\config-873683e8\job_config.yaml
atlas_het__node_classification__graphatlas_c_oracle__split0__seed1__a704243c592a,a704243c592a,0e672c999c335af7,atlas_het,node_classification,graphatlas_c_oracle,graphatlas_certified,1,0,1,outputs\.work\runs\atlas_het\graphatlas_c_oracle\split-0\seed-1\config-a704243c,outputs\.work\runs\atlas_het\graphatlas_c_oracle\split-0\seed-1\config-a704243c\job_config.yaml
atlas_het__node_classification__graphatlas_c_oracle__split0__seed2__f50a18eb12e6,f50a18eb12e6,0e672c999c335af7,atlas_het,node_classification,graphatlas_c_oracle,graphatlas_certified,2,0,1,outputs\.work\runs\atlas_het\graphatlas_c_oracle\split-0\seed-2\config-f50a18eb,outputs\.work\runs\atlas_het\graphatlas_c_oracle\split-0\seed-2\config-f50a18eb\job_config.yaml
atlas_het__node_classification__graphatlas_c_oracle__split0__seed3__0e0c12fe7eb1,0e0c12fe7eb1,0e672c999c335af7,atlas_het,node_classification,graphatlas_c_oracle,graphatlas_certified,3,0,1,outputs\.work\runs\atlas_het\graphatlas_c_oracle\split-0\seed-3\config-0e0c12fe,outputs\.work\runs\atlas_het\graphatlas_c_oracle\split-0\seed-3\config-0e0c12fe\job_config.yaml
atlas_het__node_classification__graphatlas_c_oracle__split0__seed4__88de196c8091,88de196c8091,0e672c999c335af7,atlas_het,node_classification,graphatlas_c_oracle,graphatlas_certified,4,0,1,outputs\.work\runs\atlas_het\graphatlas_c_oracle\split-0\seed-4\config-88de196c,outputs\.work\runs\atlas_het\graphatlas_c_oracle\split-0\seed-4\config-88de196c\job_config.yaml
atlas_het__node_classification__graphatlas_c__split0__seed0__d57ecddcbf03,d57ecddcbf03,0e672c999c335af7,atlas_het,node_classification,graphatlas_c,graphatlas_certified,0,0,1,outputs\.work\runs\atlas_het\graphatlas_c\split-0\seed-0\config-d57ecddc,outputs\.work\runs\atlas_het\graphatlas_c\split-0\seed-0\config-d57ecddc\job_config.yaml
atlas_het__node_classification__graphatlas_c__split0__seed1__74d6c4c7824a,74d6c4c7824a,0e672c999c335af7,atlas_het,node_classification,graphatlas_c,graphatlas_certified,1,0,1,outputs\.work\runs\atlas_het\graphatlas_c\split-0\seed-1\config-74d6c4c7,outputs\.work\runs\atlas_het\graphatlas_c\split-0\seed-1\config-74d6c4c7\job_config.yaml
atlas_het__node_classification__graphatlas_c__split0__seed2__d12603afc027,d12603afc027,0e672c999c335af7,atlas_het,node_classification,graphatlas_c,graphatlas_certified,2,0,1,outputs\.work\runs\atlas_het\graphatlas_c\split-0\seed-2\config-d12603af,outputs\.work\runs\atlas_het\graphatlas_c\split-0\seed-2\config-d12603af\job_config.yaml
atlas_het__node_classification__graphatlas_c__split0__seed3__ebad3e061184,ebad3e061184,0e672c999c335af7,atlas_het,node_classification,graphatlas_c,graphatlas_certified,3,0,1,outputs\.work\runs\atlas_het\graphatlas_c\split-0\seed-3\config-ebad3e06,outputs\.work\runs\atlas_het\graphatlas_c\split-0\seed-3\config-ebad3e06\job_config.yaml
atlas_het__node_classification__graphatlas_c__split0__seed4__1f6efe0a00c6,1f6efe0a00c6,0e672c999c335af7,atlas_het,node_classification,graphatlas_c,graphatlas_certified,4,0,1,outputs\.work\runs\atlas_het\graphatlas_c\split-0\seed-4\config-1f6efe0a,outputs\.work\runs\atlas_het\graphatlas_c\split-0\seed-4\config-1f6efe0a\job_config.yaml
atlas_het__node_classification__graphatlas_original__split0__seed0__2cb2c5ea732a,2cb2c5ea732a,0e672c999c335af7,atlas_het,node_classification,graphatlas_original,graphatlas,0,0,1,outputs\.work\runs\atlas_het\graphatlas_original\split-0\seed-0\config-2cb2c5ea,outputs\.work\runs\atlas_het\graphatlas_original\split-0\seed-0\config-2cb2c5ea\job_config.yaml
atlas_het__node_classification__graphatlas_original__split0__seed1__39fcc876f33e,39fcc876f33e,0e672c999c335af7,atlas_het,node_classification,graphatlas_original,graphatlas,1,0,1,outputs\.work\runs\atlas_het\graphatlas_original\split-0\seed-1\config-39fcc876,outputs\.work\runs\atlas_het\graphatlas_original\split-0\seed-1\config-39fcc876\job_config.yaml
atlas_het__node_classification__graphatlas_original__split0__seed2__e05474e8fdf9,e05474e8fdf9,0e672c999c335af7,atlas_het,node_classification,graphatlas_original,graphatlas,2,0,1,outputs\.work\runs\atlas_het\graphatlas_original\split-0\seed-2\config-e05474e8,outputs\.work\runs\atlas_het\graphatlas_original\split-0\seed-2\config-e05474e8\job_config.yaml
atlas_het__node_classification__graphatlas_original__split0__seed3__39c7abed9b93,39c7abed9b93,0e672c999c335af7,atlas_het,node_classification,graphatlas_original,graphatlas,3,0,1,outputs\.work\runs\atlas_het\graphatlas_original\split-0\seed-3\config-39c7abed,outputs\.work\runs\atlas_het\graphatlas_original\split-0\seed-3\config-39c7abed\job_config.yaml
atlas_het__node_classification__graphatlas_original__split0__seed4__009d04c9454c,009d04c9454c,0e672c999c335af7,atlas_het,node_classification,graphatlas_original,graphatlas,4,0,1,outputs\.work\runs\atlas_het\graphatlas_original\split-0\seed-4\config-009d04c9,outputs\.work\runs\atlas_het\graphatlas_original\split-0\seed-4\config-009d04c9\job_config.yaml
atlas_het__node_classification__graphatlas_min_distortion__split0__seed0__d41740cd6b00,d41740cd6b00,0e672c999c335af7,atlas_het,node_classification,graphatlas_min_distortion,graphatlas_min_distortion,0,0,1,outputs\.work\runs\atlas_het\graphatlas_min_distortion\split-0\seed-0\config-d41740cd,outputs\.work\runs\atlas_het\graphatlas_min_distortion\split-0\seed-0\config-d41740cd\job_config.yaml
atlas_het__node_classification__graphatlas_min_distortion__split0__seed1__e4dc31febe60,e4dc31febe60,0e672c999c335af7,atlas_het,node_classification,graphatlas_min_distortion,graphatlas_min_distortion,1,0,1,outputs\.work\runs\atlas_het\graphatlas_min_distortion\split-0\seed-1\config-e4dc31fe,outputs\.work\runs\atlas_het\graphatlas_min_distortion\split-0\seed-1\config-e4dc31fe\job_config.yaml
atlas_het__node_classification__graphatlas_min_distortion__split0__seed2__56d89e32be5e,56d89e32be5e,0e672c999c335af7,atlas_het,node_classification,graphatlas_min_distortion,graphatlas_min_distortion,2,0,1,outputs\.work\runs\atlas_het\graphatlas_min_distortion\split-0\seed-2\config-56d89e32,outputs\.work\runs\atlas_het\graphatlas_min_distortion\split-0\seed-2\config-56d89e32\job_config.yaml
atlas_het__node_classification__graphatlas_min_distortion__split0__seed3__8439471396bf,8439471396bf,0e672c999c335af7,atlas_het,node_classification,graphatlas_min_distortion,graphatlas_min_distortion,3,0,1,outputs\.work\runs\atlas_het\graphatlas_min_distortion\split-0\seed-3\config-84394713,outputs\.work\runs\atlas_het\graphatlas_min_distortion\split-0\seed-3\config-84394713\job_config.yaml
atlas_het__node_classification__graphatlas_min_distortion__split0__seed4__0bbce7a1ead1,0bbce7a1ead1,0e672c999c335af7,atlas_het,node_classification,graphatlas_min_distortion,graphatlas_min_distortion,4,0,1,outputs\.work\runs\atlas_het\graphatlas_min_distortion\split-0\seed-4\config-0bbce7a1,outputs\.work\runs\atlas_het\graphatlas_min_distortion\split-0\seed-4\config-0bbce7a1\job_config.yaml
atlas_het__node_classification__graphatlas_no_transport__split0__seed0__c0edea285051,c0edea285051,0e672c999c335af7,atlas_het,node_classification,graphatlas_no_transport,graphatlas_no_transport,0,0,1,outputs\.work\runs\atlas_het\graphatlas_no_transport\split-0\seed-0\config-c0edea28,outputs\.work\runs\atlas_het\graphatlas_no_transport\split-0\seed-0\config-c0edea28\job_config.yaml
atlas_het__node_classification__graphatlas_no_transport__split0__seed1__9e14add33496,9e14add33496,0e672c999c335af7,atlas_het,node_classification,graphatlas_no_transport,graphatlas_no_transport,1,0,1,outputs\.work\runs\atlas_het\graphatlas_no_transport\split-0\seed-1\config-9e14add3,outputs\.work\runs\atlas_het\graphatlas_no_transport\split-0\seed-1\config-9e14add3\job_config.yaml
atlas_het__node_classification__graphatlas_no_transport__split0__seed2__e71f6bfb0d49,e71f6bfb0d49,0e672c999c335af7,atlas_het,node_classification,graphatlas_no_transport,graphatlas_no_transport,2,0,1,outputs\.work\runs\atlas_het\graphatlas_no_transport\split-0\seed-2\config-e71f6bfb,outputs\.work\runs\atlas_het\graphatlas_no_transport\split-0\seed-2\config-e71f6bfb\job_config.yaml
atlas_het__node_classification__graphatlas_no_transport__split0__seed3__11de5063810b,11de5063810b,0e672c999c335af7,atlas_het,node_classification,graphatlas_no_transport,graphatlas_no_transport,3,0,1,outputs\.work\runs\atlas_het\graphatlas_no_transport\split-0\seed-3\config-11de5063,outputs\.work\runs\atlas_het\graphatlas_no_transport\split-0\seed-3\config-11de5063\job_config.yaml
atlas_het__node_classification__graphatlas_no_transport__split0__seed4__129c981925ff,129c981925ff,0e672c999c335af7,atlas_het,node_classification,graphatlas_no_transport,graphatlas_no_transport,4,0,1,outputs\.work\runs\atlas_het\graphatlas_no_transport\split-0\seed-4\config-129c9819,outputs\.work\runs\atlas_het\graphatlas_no_transport\split-0\seed-4\config-129c9819\job_config.yaml
atlas_het__node_classification__graphatlas_free_transition__split0__seed0__9805e72180f5,9805e72180f5,0e672c999c335af7,atlas_het,node_classification,graphatlas_free_transition,graphatlas_free_transition,0,0,1,outputs\.work\runs\atlas_het\graphatlas_free_transition\split-0\seed-0\config-9805e721,outputs\.work\runs\atlas_het\graphatlas_free_transition\split-0\seed-0\config-9805e721\job_config.yaml
atlas_het__node_classification__graphatlas_free_transition__split0__seed1__5110b8b220a2,5110b8b220a2,0e672c999c335af7,atlas_het,node_classification,graphatlas_free_transition,graphatlas_free_transition,1,0,1,outputs\.work\runs\atlas_het\graphatlas_free_transition\split-0\seed-1\config-5110b8b2,outputs\.work\runs\atlas_het\graphatlas_free_transition\split-0\seed-1\config-5110b8b2\job_config.yaml
atlas_het__node_classification__graphatlas_free_transition__split0__seed2__ace0efc72a09,ace0efc72a09,0e672c999c335af7,atlas_het,node_classification,graphatlas_free_transition,graphatlas_free_transition,2,0,1,outputs\.work\runs\atlas_het\graphatlas_free_transition\split-0\seed-2\config-ace0efc7,outputs\.work\runs\atlas_het\graphatlas_free_transition\split-0\seed-2\config-ace0efc7\job_config.yaml
atlas_het__node_classification__graphatlas_free_transition__split0__seed3__bcc571b37a47,bcc571b37a47,0e672c999c335af7,atlas_het,node_classification,graphatlas_free_transition,graphatlas_free_transition,3,0,1,outputs\.work\runs\atlas_het\graphatlas_free_transition\split-0\seed-3\config-bcc571b3,outputs\.work\runs\atlas_het\graphatlas_free_transition\split-0\seed-3\config-bcc571b3\job_config.yaml
atlas_het__node_classification__graphatlas_free_transition__split0__seed4__cff3a162b3ac,cff3a162b3ac,0e672c999c335af7,atlas_het,node_classification,graphatlas_free_transition,graphatlas_free_transition,4,0,1,outputs\.work\runs\atlas_het\graphatlas_free_transition\split-0\seed-4\config-cff3a162,outputs\.work\runs\atlas_het\graphatlas_free_transition\split-0\seed-4\config-cff3a162\job_config.yaml
atlas_het__node_classification__graphatlas_membership_only__split0__seed0__96bdf5e94364,96bdf5e94364,0e672c999c335af7,atlas_het,node_classification,graphatlas_membership_only,graphatlas_certified,0,0,1,outputs\.work\runs\atlas_het\graphatlas_membership_only\split-0\seed-0\config-96bdf5e9,outputs\.work\runs\atlas_het\graphatlas_membership_only\split-0\seed-0\config-96bdf5e9\job_config.yaml
atlas_het__node_classification__graphatlas_membership_only__split0__seed1__4e24f1bb39e7,4e24f1bb39e7,0e672c999c335af7,atlas_het,node_classification,graphatlas_membership_only,graphatlas_certified,1,0,1,outputs\.work\runs\atlas_het\graphatlas_membership_only\split-0\seed-1\config-4e24f1bb,outputs\.work\runs\atlas_het\graphatlas_membership_only\split-0\seed-1\config-4e24f1bb\job_config.yaml
atlas_het__node_classification__graphatlas_membership_only__split0__seed2__7d18c7bc9bd6,7d18c7bc9bd6,0e672c999c335af7,atlas_het,node_classification,graphatlas_membership_only,graphatlas_certified,2,0,1,outputs\.work\runs\atlas_het\graphatlas_membership_only\split-0\seed-2\config-7d18c7bc,outputs\.work\runs\atlas_het\graphatlas_membership_only\split-0\seed-2\config-7d18c7bc\job_config.yaml
atlas_het__node_classification__graphatlas_membership_only__split0__seed3__8b58eaa3d8e4,8b58eaa3d8e4,0e672c999c335af7,atlas_het,node_classification,graphatlas_membership_only,graphatlas_certified,3,0,1,outputs\.work\runs\atlas_het\graphatlas_membership_only\split-0\seed-3\config-8b58eaa3,outputs\.work\runs\atlas_het\graphatlas_membership_only\split-0\seed-3\config-8b58eaa3\job_config.yaml
atlas_het__node_classification__graphatlas_membership_only__split0__seed4__27a0a90fc19f,27a0a90fc19f,0e672c999c335af7,atlas_het,node_classification,graphatlas_membership_only,graphatlas_certified,4,0,1,outputs\.work\runs\atlas_het\graphatlas_membership_only\split-0\seed-4\config-27a0a90f,outputs\.work\runs\atlas_het\graphatlas_membership_only\split-0\seed-4\config-27a0a90f\job_config.yaml
atlas_het__node_classification__graphatlas_q_shuffle_source__split0__seed0__9d8ae863cefa,9d8ae863cefa,0e672c999c335af7,atlas_het,node_classification,graphatlas_q_shuffle_source,graphatlas_certified,0,0,1,outputs\.work\runs\atlas_het\graphatlas_q_shuffle_source\split-0\seed-0\config-9d8ae863,outputs\.work\runs\atlas_het\graphatlas_q_shuffle_source\split-0\seed-0\config-9d8ae863\job_config.yaml
atlas_het__node_classification__graphatlas_q_shuffle_source__split0__seed1__f973b7996ae0,f973b7996ae0,0e672c999c335af7,atlas_het,node_classification,graphatlas_q_shuffle_source,graphatlas_certified,1,0,1,outputs\.work\runs\atlas_het\graphatlas_q_shuffle_source\split-0\seed-1\config-f973b799,outputs\.work\runs\atlas_het\graphatlas_q_shuffle_source\split-0\seed-1\config-f973b799\job_config.yaml
atlas_het__node_classification__graphatlas_q_shuffle_source__split0__seed2__fb8645f77fa6,fb8645f77fa6,0e672c999c335af7,atlas_het,node_classification,graphatlas_q_shuffle_source,graphatlas_certified,2,0,1,outputs\.work\runs\atlas_het\graphatlas_q_shuffle_source\split-0\seed-2\config-fb8645f7,outputs\.work\runs\atlas_het\graphatlas_q_shuffle_source\split-0\seed-2\config-fb8645f7\job_config.yaml
atlas_het__node_classification__graphatlas_q_shuffle_source__split0__seed3__821679c7182f,821679c7182f,0e672c999c335af7,atlas_het,node_classification,graphatlas_q_shuffle_source,graphatlas_certified,3,0,1,outputs\.work\runs\atlas_het\graphatlas_q_shuffle_source\split-0\seed-3\config-821679c7,outputs\.work\runs\atlas_het\graphatlas_q_shuffle_source\split-0\seed-3\config-821679c7\job_config.yaml
atlas_het__node_classification__graphatlas_q_shuffle_source__split0__seed4__6cff5fc9d309,6cff5fc9d309,0e672c999c335af7,atlas_het,node_classification,graphatlas_q_shuffle_source,graphatlas_certified,4,0,1,outputs\.work\runs\atlas_het\graphatlas_q_shuffle_source\split-0\seed-4\config-6cff5fc9,outputs\.work\runs\atlas_het\graphatlas_q_shuffle_source\split-0\seed-4\config-6cff5fc9\job_config.yaml
atlas_het__node_classification__graphatlas_q_shuffle_edge__split0__seed0__6dedaba0054e,6dedaba0054e,0e672c999c335af7,atlas_het,node_classification,graphatlas_q_shuffle_edge,graphatlas_certified,0,0,1,outputs\.work\runs\atlas_het\graphatlas_q_shuffle_edge\split-0\seed-0\config-6dedaba0,outputs\.work\runs\atlas_het\graphatlas_q_shuffle_edge\split-0\seed-0\config-6dedaba0\job_config.yaml
atlas_het__node_classification__graphatlas_q_shuffle_edge__split0__seed1__dfc898f24a8e,dfc898f24a8e,0e672c999c335af7,atlas_het,node_classification,graphatlas_q_shuffle_edge,graphatlas_certified,1,0,1,outputs\.work\runs\atlas_het\graphatlas_q_shuffle_edge\split-0\seed-1\config-dfc898f2,outputs\.work\runs\atlas_het\graphatlas_q_shuffle_edge\split-0\seed-1\config-dfc898f2\job_config.yaml
atlas_het__node_classification__graphatlas_q_shuffle_edge__split0__seed2__fc403ff81e55,fc403ff81e55,0e672c999c335af7,atlas_het,node_classification,graphatlas_q_shuffle_edge,graphatlas_certified,2,0,1,outputs\.work\runs\atlas_het\graphatlas_q_shuffle_edge\split-0\seed-2\config-fc403ff8,outputs\.work\runs\atlas_het\graphatlas_q_shuffle_edge\split-0\seed-2\config-fc403ff8\job_config.yaml
atlas_het__node_classification__graphatlas_q_shuffle_edge__split0__seed3__177e3116260c,177e3116260c,0e672c999c335af7,atlas_het,node_classification,graphatlas_q_shuffle_edge,graphatlas_certified,3,0,1,outputs\.work\runs\atlas_het\graphatlas_q_shuffle_edge\split-0\seed-3\config-177e3116,outputs\.work\runs\atlas_het\graphatlas_q_shuffle_edge\split-0\seed-3\config-177e3116\job_config.yaml
atlas_het__node_classification__graphatlas_q_shuffle_edge__split0__seed4__7cfdd9c7e015,7cfdd9c7e015,0e672c999c335af7,atlas_het,node_classification,graphatlas_q_shuffle_edge,graphatlas_certified,4,0,1,outputs\.work\runs\atlas_het\graphatlas_q_shuffle_edge\split-0\seed-4\config-7cfdd9c7,outputs\.work\runs\atlas_het\graphatlas_q_shuffle_edge\split-0\seed-4\config-7cfdd9c7\job_config.yaml
atlas_het__node_classification__graphatlas_random_routing__split0__seed0__260caeabbc28,260caeabbc28,0e672c999c335af7,atlas_het,node_classification,graphatlas_random_routing,graphatlas_certified,0,0,1,outputs\.work\runs\atlas_het\graphatlas_random_routing\split-0\seed-0\config-260caeab,outputs\.work\runs\atlas_het\graphatlas_random_routing\split-0\seed-0\config-260caeab\job_config.yaml
atlas_het__node_classification__graphatlas_random_routing__split0__seed1__359da7b8da82,359da7b8da82,0e672c999c335af7,atlas_het,node_classification,graphatlas_random_routing,graphatlas_certified,1,0,1,outputs\.work\runs\atlas_het\graphatlas_random_routing\split-0\seed-1\config-359da7b8,outputs\.work\runs\atlas_het\graphatlas_random_routing\split-0\seed-1\config-359da7b8\job_config.yaml
atlas_het__node_classification__graphatlas_random_routing__split0__seed2__29c7a8a77c04,29c7a8a77c04,0e672c999c335af7,atlas_het,node_classification,graphatlas_random_routing,graphatlas_certified,2,0,1,outputs\.work\runs\atlas_het\graphatlas_random_routing\split-0\seed-2\config-29c7a8a7,outputs\.work\runs\atlas_het\graphatlas_random_routing\split-0\seed-2\config-29c7a8a7\job_config.yaml
atlas_het__node_classification__graphatlas_random_routing__split0__seed3__2337537e2831,2337537e2831,0e672c999c335af7,atlas_het,node_classification,graphatlas_random_routing,graphatlas_certified,3,0,1,outputs\.work\runs\atlas_het\graphatlas_random_routing\split-0\seed-3\config-2337537e,outputs\.work\runs\atlas_het\graphatlas_random_routing\split-0\seed-3\config-2337537e\job_config.yaml
atlas_het__node_classification__graphatlas_random_routing__split0__seed4__371285f0b8a1,371285f0b8a1,0e672c999c335af7,atlas_het,node_classification,graphatlas_random_routing,graphatlas_certified,4,0,1,outputs\.work\runs\atlas_het\graphatlas_random_routing\split-0\seed-4\config-371285f0,outputs\.work\runs\atlas_het\graphatlas_random_routing\split-0\seed-4\config-371285f0\job_config.yaml
atlas_het__node_classification__graphatlas_beta_zero__split0__seed0__5e75cb986aa2,5e75cb986aa2,0e672c999c335af7,atlas_het,node_classification,graphatlas_beta_zero,graphatlas_certified,0,0,1,outputs\.work\runs\atlas_het\graphatlas_beta_zero\split-0\seed-0\config-5e75cb98,outputs\.work\runs\atlas_het\graphatlas_beta_zero\split-0\seed-0\config-5e75cb98\job_config.yaml
atlas_het__node_classification__graphatlas_beta_zero__split0__seed1__11ba4de89c82,11ba4de89c82,0e672c999c335af7,atlas_het,node_classification,graphatlas_beta_zero,graphatlas_certified,1,0,1,outputs\.work\runs\atlas_het\graphatlas_beta_zero\split-0\seed-1\config-11ba4de8,outputs\.work\runs\atlas_het\graphatlas_beta_zero\split-0\seed-1\config-11ba4de8\job_config.yaml
atlas_het__node_classification__graphatlas_beta_zero__split0__seed2__4588e0d02e01,4588e0d02e01,0e672c999c335af7,atlas_het,node_classification,graphatlas_beta_zero,graphatlas_certified,2,0,1,outputs\.work\runs\atlas_het\graphatlas_beta_zero\split-0\seed-2\config-4588e0d0,outputs\.work\runs\atlas_het\graphatlas_beta_zero\split-0\seed-2\config-4588e0d0\job_config.yaml
atlas_het__node_classification__graphatlas_beta_zero__split0__seed3__d4d78c028bed,d4d78c028bed,0e672c999c335af7,atlas_het,node_classification,graphatlas_beta_zero,graphatlas_certified,3,0,1,outputs\.work\runs\atlas_het\graphatlas_beta_zero\split-0\seed-3\config-d4d78c02,outputs\.work\runs\atlas_het\graphatlas_beta_zero\split-0\seed-3\config-d4d78c02\job_config.yaml
atlas_het__node_classification__graphatlas_beta_zero__split0__seed4__dbb378744d7e,dbb378744d7e,0e672c999c335af7,atlas_het,node_classification,graphatlas_beta_zero,graphatlas_certified,4,0,1,outputs\.work\runs\atlas_het\graphatlas_beta_zero\split-0\seed-4\config-dbb37874,outputs\.work\runs\atlas_het\graphatlas_beta_zero\split-0\seed-4\config-dbb37874\job_config.yaml
atlas_het__node_classification__graphatlas_c_oracle__split0__seed0__3f25c3e5f30b,3f25c3e5f30b,0e672c999c335af7,atlas_het,node_classification,graphatlas_c_oracle,graphatlas_certified,0,0,1,outputs\.work\runs\atlas_het\graphatlas_c_oracle\split-0\seed-0\config-3f25c3e5,outputs\.work\runs\atlas_het\graphatlas_c_oracle\split-0\seed-0\config-3f25c3e5\job_config.yaml
atlas_het__node_classification__graphatlas_c_oracle__split0__seed1__1e238a66804b,1e238a66804b,0e672c999c335af7,atlas_het,node_classification,graphatlas_c_oracle,graphatlas_certified,1,0,1,outputs\.work\runs\atlas_het\graphatlas_c_oracle\split-0\seed-1\config-1e238a66,outputs\.work\runs\atlas_het\graphatlas_c_oracle\split-0\seed-1\config-1e238a66\job_config.yaml
atlas_het__node_classification__graphatlas_c_oracle__split0__seed2__f412a777ccb8,f412a777ccb8,0e672c999c335af7,atlas_het,node_classification,graphatlas_c_oracle,graphatlas_certified,2,0,1,outputs\.work\runs\atlas_het\graphatlas_c_oracle\split-0\seed-2\config-f412a777,outputs\.work\runs\atlas_het\graphatlas_c_oracle\split-0\seed-2\config-f412a777\job_config.yaml
atlas_het__node_classification__graphatlas_c_oracle__split0__seed3__7f8f7a0eb30c,7f8f7a0eb30c,0e672c999c335af7,atlas_het,node_classification,graphatlas_c_oracle,graphatlas_certified,3,0,1,outputs\.work\runs\atlas_het\graphatlas_c_oracle\split-0\seed-3\config-7f8f7a0e,outputs\.work\runs\atlas_het\graphatlas_c_oracle\split-0\seed-3\config-7f8f7a0e\job_config.yaml
atlas_het__node_classification__graphatlas_c_oracle__split0__seed4__c40ccff2c1cf,c40ccff2c1cf,0e672c999c335af7,atlas_het,node_classification,graphatlas_c_oracle,graphatlas_certified,4,0,1,outputs\.work\runs\atlas_het\graphatlas_c_oracle\split-0\seed-4\config-c40ccff2,outputs\.work\runs\atlas_het\graphatlas_c_oracle\split-0\seed-4\config-c40ccff2\job_config.yaml
atlas_het__node_classification__graphatlas_c__split0__seed0__d341051a9766,d341051a9766,0e672c999c335af7,atlas_het,node_classification,graphatlas_c,graphatlas_certified,0,0,1,outputs\.work\runs\atlas_het\graphatlas_c\split-0\seed-0\config-d341051a,outputs\.work\runs\atlas_het\graphatlas_c\split-0\seed-0\config-d341051a\job_config.yaml
atlas_het__node_classification__graphatlas_c__split0__seed1__e0bccbe591bc,e0bccbe591bc,0e672c999c335af7,atlas_het,node_classification,graphatlas_c,graphatlas_certified,1,0,1,outputs\.work\runs\atlas_het\graphatlas_c\split-0\seed-1\config-e0bccbe5,outputs\.work\runs\atlas_het\graphatlas_c\split-0\seed-1\config-e0bccbe5\job_config.yaml
atlas_het__node_classification__graphatlas_c__split0__seed2__2d60ffba81c3,2d60ffba81c3,0e672c999c335af7,atlas_het,node_classification,graphatlas_c,graphatlas_certified,2,0,1,outputs\.work\runs\atlas_het\graphatlas_c\split-0\seed-2\config-2d60ffba,outputs\.work\runs\atlas_het\graphatlas_c\split-0\seed-2\config-2d60ffba\job_config.yaml
atlas_het__node_classification__graphatlas_c__split0__seed3__9718f4ba093f,9718f4ba093f,0e672c999c335af7,atlas_het,node_classification,graphatlas_c,graphatlas_certified,3,0,1,outputs\.work\runs\atlas_het\graphatlas_c\split-0\seed-3\config-9718f4ba,outputs\.work\runs\atlas_het\graphatlas_c\split-0\seed-3\config-9718f4ba\job_config.yaml
atlas_het__node_classification__graphatlas_c__split0__seed4__5a7970f1caef,5a7970f1caef,0e672c999c335af7,atlas_het,node_classification,graphatlas_c,graphatlas_certified,4,0,1,outputs\.work\runs\atlas_het\graphatlas_c\split-0\seed-4\config-5a7970f1,outputs\.work\runs\atlas_het\graphatlas_c\split-0\seed-4\config-5a7970f1\job_config.yaml
atlas_het__node_classification__graphatlas_original__split0__seed0__4c76a94f9423,4c76a94f9423,0e672c999c335af7,atlas_het,node_classification,graphatlas_original,graphatlas,0,0,1,outputs\.work\runs\atlas_het\graphatlas_original\split-0\seed-0\config-4c76a94f,outputs\.work\runs\atlas_het\graphatlas_original\split-0\seed-0\config-4c76a94f\job_config.yaml
atlas_het__node_classification__graphatlas_original__split0__seed1__efdfda49708c,efdfda49708c,0e672c999c335af7,atlas_het,node_classification,graphatlas_original,graphatlas,1,0,1,outputs\.work\runs\atlas_het\graphatlas_original\split-0\seed-1\config-efdfda49,outputs\.work\runs\atlas_het\graphatlas_original\split-0\seed-1\config-efdfda49\job_config.yaml
atlas_het__node_classification__graphatlas_original__split0__seed2__3efca0cc2b9d,3efca0cc2b9d,0e672c999c335af7,atlas_het,node_classification,graphatlas_original,graphatlas,2,0,1,outputs\.work\runs\atlas_het\graphatlas_original\split-0\seed-2\config-3efca0cc,outputs\.work\runs\atlas_het\graphatlas_original\split-0\seed-2\config-3efca0cc\job_config.yaml
atlas_het__node_classification__graphatlas_original__split0__seed3__3bb6a182d668,3bb6a182d668,0e672c999c335af7,atlas_het,node_classification,graphatlas_original,graphatlas,3,0,1,outputs\.work\runs\atlas_het\graphatlas_original\split-0\seed-3\config-3bb6a182,outputs\.work\runs\atlas_het\graphatlas_original\split-0\seed-3\config-3bb6a182\job_config.yaml
atlas_het__node_classification__graphatlas_original__split0__seed4__29757a8595b0,29757a8595b0,0e672c999c335af7,atlas_het,node_classification,graphatlas_original,graphatlas,4,0,1,outputs\.work\runs\atlas_het\graphatlas_original\split-0\seed-4\config-29757a85,outputs\.work\runs\atlas_het\graphatlas_original\split-0\seed-4\config-29757a85\job_config.yaml
atlas_het__node_classification__graphatlas_min_distortion__split0__seed0__60919616aa80,60919616aa80,0e672c999c335af7,atlas_het,node_classification,graphatlas_min_distortion,graphatlas_min_distortion,0,0,1,outputs\.work\runs\atlas_het\graphatlas_min_distortion\split-0\seed-0\config-60919616,outputs\.work\runs\atlas_het\graphatlas_min_distortion\split-0\seed-0\config-60919616\job_config.yaml
atlas_het__node_classification__graphatlas_min_distortion__split0__seed1__235a51ea36dd,235a51ea36dd,0e672c999c335af7,atlas_het,node_classification,graphatlas_min_distortion,graphatlas_min_distortion,1,0,1,outputs\.work\runs\atlas_het\graphatlas_min_distortion\split-0\seed-1\config-235a51ea,outputs\.work\runs\atlas_het\graphatlas_min_distortion\split-0\seed-1\config-235a51ea\job_config.yaml
atlas_het__node_classification__graphatlas_min_distortion__split0__seed2__8f25de6c7f47,8f25de6c7f47,0e672c999c335af7,atlas_het,node_classification,graphatlas_min_distortion,graphatlas_min_distortion,2,0,1,outputs\.work\runs\atlas_het\graphatlas_min_distortion\split-0\seed-2\config-8f25de6c,outputs\.work\runs\atlas_het\graphatlas_min_distortion\split-0\seed-2\config-8f25de6c\job_config.yaml
atlas_het__node_classification__graphatlas_min_distortion__split0__seed3__f0f764d84b20,f0f764d84b20,0e672c999c335af7,atlas_het,node_classification,graphatlas_min_distortion,graphatlas_min_distortion,3,0,1,outputs\.work\runs\atlas_het\graphatlas_min_distortion\split-0\seed-3\config-f0f764d8,outputs\.work\runs\atlas_het\graphatlas_min_distortion\split-0\seed-3\config-f0f764d8\job_config.yaml
atlas_het__node_classification__graphatlas_min_distortion__split0__seed4__119bb1fbfe2d,119bb1fbfe2d,0e672c999c335af7,atlas_het,node_classification,graphatlas_min_distortion,graphatlas_min_distortion,4,0,1,outputs\.work\runs\atlas_het\graphatlas_min_distortion\split-0\seed-4\config-119bb1fb,outputs\.work\runs\atlas_het\graphatlas_min_distortion\split-0\seed-4\config-119bb1fb\job_config.yaml
atlas_het__node_classification__graphatlas_no_transport__split0__seed0__2f5f5fb3d68a,2f5f5fb3d68a,0e672c999c335af7,atlas_het,node_classification,graphatlas_no_transport,graphatlas_no_transport,0,0,1,outputs\.work\runs\atlas_het\graphatlas_no_transport\split-0\seed-0\config-2f5f5fb3,outputs\.work\runs\atlas_het\graphatlas_no_transport\split-0\seed-0\config-2f5f5fb3\job_config.yaml
atlas_het__node_classification__graphatlas_no_transport__split0__seed1__07d6d0c2ed15,07d6d0c2ed15,0e672c999c335af7,atlas_het,node_classification,graphatlas_no_transport,graphatlas_no_transport,1,0,1,outputs\.work\runs\atlas_het\graphatlas_no_transport\split-0\seed-1\config-07d6d0c2,outputs\.work\runs\atlas_het\graphatlas_no_transport\split-0\seed-1\config-07d6d0c2\job_config.yaml
atlas_het__node_classification__graphatlas_no_transport__split0__seed2__7caddb421784,7caddb421784,0e672c999c335af7,atlas_het,node_classification,graphatlas_no_transport,graphatlas_no_transport,2,0,1,outputs\.work\runs\atlas_het\graphatlas_no_transport\split-0\seed-2\config-7caddb42,outputs\.work\runs\atlas_het\graphatlas_no_transport\split-0\seed-2\config-7caddb42\job_config.yaml
atlas_het__node_classification__graphatlas_no_transport__split0__seed3__8ccf2007ba9b,8ccf2007ba9b,0e672c999c335af7,atlas_het,node_classification,graphatlas_no_transport,graphatlas_no_transport,3,0,1,outputs\.work\runs\atlas_het\graphatlas_no_transport\split-0\seed-3\config-8ccf2007,outputs\.work\runs\atlas_het\graphatlas_no_transport\split-0\seed-3\config-8ccf2007\job_config.yaml
atlas_het__node_classification__graphatlas_no_transport__split0__seed4__f43cee92d4c4,f43cee92d4c4,0e672c999c335af7,atlas_het,node_classification,graphatlas_no_transport,graphatlas_no_transport,4,0,1,outputs\.work\runs\atlas_het\graphatlas_no_transport\split-0\seed-4\config-f43cee92,outputs\.work\runs\atlas_het\graphatlas_no_transport\split-0\seed-4\config-f43cee92\job_config.yaml
atlas_het__node_classification__graphatlas_free_transition__split0__seed0__64d6c06a1277,64d6c06a1277,0e672c999c335af7,atlas_het,node_classification,graphatlas_free_transition,graphatlas_free_transition,0,0,1,outputs\.work\runs\atlas_het\graphatlas_free_transition\split-0\seed-0\config-64d6c06a,outputs\.work\runs\atlas_het\graphatlas_free_transition\split-0\seed-0\config-64d6c06a\job_config.yaml
atlas_het__node_classification__graphatlas_free_transition__split0__seed1__a59b7f707979,a59b7f707979,0e672c999c335af7,atlas_het,node_classification,graphatlas_free_transition,graphatlas_free_transition,1,0,1,outputs\.work\runs\atlas_het\graphatlas_free_transition\split-0\seed-1\config-a59b7f70,outputs\.work\runs\atlas_het\graphatlas_free_transition\split-0\seed-1\config-a59b7f70\job_config.yaml
atlas_het__node_classification__graphatlas_free_transition__split0__seed2__31d002ccc598,31d002ccc598,0e672c999c335af7,atlas_het,node_classification,graphatlas_free_transition,graphatlas_free_transition,2,0,1,outputs\.work\runs\atlas_het\graphatlas_free_transition\split-0\seed-2\config-31d002cc,outputs\.work\runs\atlas_het\graphatlas_free_transition\split-0\seed-2\config-31d002cc\job_config.yaml
atlas_het__node_classification__graphatlas_free_transition__split0__seed3__754df2ee7376,754df2ee7376,0e672c999c335af7,atlas_het,node_classification,graphatlas_free_transition,graphatlas_free_transition,3,0,1,outputs\.work\runs\atlas_het\graphatlas_free_transition\split-0\seed-3\config-754df2ee,outputs\.work\runs\atlas_het\graphatlas_free_transition\split-0\seed-3\config-754df2ee\job_config.yaml
atlas_het__node_classification__graphatlas_free_transition__split0__seed4__cddf58646e7b,cddf58646e7b,0e672c999c335af7,atlas_het,node_classification,graphatlas_free_transition,graphatlas_free_transition,4,0,1,outputs\.work\runs\atlas_het\graphatlas_free_transition\split-0\seed-4\config-cddf5864,outputs\.work\runs\atlas_het\graphatlas_free_transition\split-0\seed-4\config-cddf5864\job_config.yaml
atlas_het__node_classification__graphatlas_membership_only__split0__seed0__16ef92910628,16ef92910628,0e672c999c335af7,atlas_het,node_classification,graphatlas_membership_only,graphatlas_certified,0,0,1,outputs\.work\runs\atlas_het\graphatlas_membership_only\split-0\seed-0\config-16ef9291,outputs\.work\runs\atlas_het\graphatlas_membership_only\split-0\seed-0\config-16ef9291\job_config.yaml
atlas_het__node_classification__graphatlas_membership_only__split0__seed1__17dca95c5c7d,17dca95c5c7d,0e672c999c335af7,atlas_het,node_classification,graphatlas_membership_only,graphatlas_certified,1,0,1,outputs\.work\runs\atlas_het\graphatlas_membership_only\split-0\seed-1\config-17dca95c,outputs\.work\runs\atlas_het\graphatlas_membership_only\split-0\seed-1\config-17dca95c\job_config.yaml
atlas_het__node_classification__graphatlas_membership_only__split0__seed2__8dfc7cbae5f6,8dfc7cbae5f6,0e672c999c335af7,atlas_het,node_classification,graphatlas_membership_only,graphatlas_certified,2,0,1,outputs\.work\runs\atlas_het\graphatlas_membership_only\split-0\seed-2\config-8dfc7cba,outputs\.work\runs\atlas_het\graphatlas_membership_only\split-0\seed-2\config-8dfc7cba\job_config.yaml
atlas_het__node_classification__graphatlas_membership_only__split0__seed3__fc10c53e900c,fc10c53e900c,0e672c999c335af7,atlas_het,node_classification,graphatlas_membership_only,graphatlas_certified,3,0,1,outputs\.work\runs\atlas_het\graphatlas_membership_only\split-0\seed-3\config-fc10c53e,outputs\.work\runs\atlas_het\graphatlas_membership_only\split-0\seed-3\config-fc10c53e\job_config.yaml
atlas_het__node_classification__graphatlas_membership_only__split0__seed4__94c91d53b20a,94c91d53b20a,0e672c999c335af7,atlas_het,node_classification,graphatlas_membership_only,graphatlas_certified,4,0,1,outputs\.work\runs\atlas_het\graphatlas_membership_only\split-0\seed-4\config-94c91d53,outputs\.work\runs\atlas_het\graphatlas_membership_only\split-0\seed-4\config-94c91d53\job_config.yaml
atlas_het__node_classification__graphatlas_q_shuffle_source__split0__seed0__54eaddee60ec,54eaddee60ec,0e672c999c335af7,atlas_het,node_classification,graphatlas_q_shuffle_source,graphatlas_certified,0,0,1,outputs\.work\runs\atlas_het\graphatlas_q_shuffle_source\split-0\seed-0\config-54eaddee,outputs\.work\runs\atlas_het\graphatlas_q_shuffle_source\split-0\seed-0\config-54eaddee\job_config.yaml
atlas_het__node_classification__graphatlas_q_shuffle_source__split0__seed1__a01ea1848ff8,a01ea1848ff8,0e672c999c335af7,atlas_het,node_classification,graphatlas_q_shuffle_source,graphatlas_certified,1,0,1,outputs\.work\runs\atlas_het\graphatlas_q_shuffle_source\split-0\seed-1\config-a01ea184,outputs\.work\runs\atlas_het\graphatlas_q_shuffle_source\split-0\seed-1\config-a01ea184\job_config.yaml
atlas_het__node_classification__graphatlas_q_shuffle_source__split0__seed2__45852f5a186b,45852f5a186b,0e672c999c335af7,atlas_het,node_classification,graphatlas_q_shuffle_source,graphatlas_certified,2,0,1,outputs\.work\runs\atlas_het\graphatlas_q_shuffle_source\split-0\seed-2\config-45852f5a,outputs\.work\runs\atlas_het\graphatlas_q_shuffle_source\split-0\seed-2\config-45852f5a\job_config.yaml
atlas_het__node_classification__graphatlas_q_shuffle_source__split0__seed3__074013048821,074013048821,0e672c999c335af7,atlas_het,node_classification,graphatlas_q_shuffle_source,graphatlas_certified,3,0,1,outputs\.work\runs\atlas_het\graphatlas_q_shuffle_source\split-0\seed-3\config-07401304,outputs\.work\runs\atlas_het\graphatlas_q_shuffle_source\split-0\seed-3\config-07401304\job_config.yaml
atlas_het__node_classification__graphatlas_q_shuffle_source__split0__seed4__e84b37e7b6dd,e84b37e7b6dd,0e672c999c335af7,atlas_het,node_classification,graphatlas_q_shuffle_source,graphatlas_certified,4,0,1,outputs\.work\runs\atlas_het\graphatlas_q_shuffle_source\split-0\seed-4\config-e84b37e7,outputs\.work\runs\atlas_het\graphatlas_q_shuffle_source\split-0\seed-4\config-e84b37e7\job_config.yaml
atlas_het__node_classification__graphatlas_q_shuffle_edge__split0__seed0__d2c055a55e11,d2c055a55e11,0e672c999c335af7,atlas_het,node_classification,graphatlas_q_shuffle_edge,graphatlas_certified,0,0,1,outputs\.work\runs\atlas_het\graphatlas_q_shuffle_edge\split-0\seed-0\config-d2c055a5,outputs\.work\runs\atlas_het\graphatlas_q_shuffle_edge\split-0\seed-0\config-d2c055a5\job_config.yaml
atlas_het__node_classification__graphatlas_q_shuffle_edge__split0__seed1__bf2535739cc2,bf2535739cc2,0e672c999c335af7,atlas_het,node_classification,graphatlas_q_shuffle_edge,graphatlas_certified,1,0,1,outputs\.work\runs\atlas_het\graphatlas_q_shuffle_edge\split-0\seed-1\config-bf253573,outputs\.work\runs\atlas_het\graphatlas_q_shuffle_edge\split-0\seed-1\config-bf253573\job_config.yaml
atlas_het__node_classification__graphatlas_q_shuffle_edge__split0__seed2__6f1d647f0075,6f1d647f0075,0e672c999c335af7,atlas_het,node_classification,graphatlas_q_shuffle_edge,graphatlas_certified,2,0,1,outputs\.work\runs\atlas_het\graphatlas_q_shuffle_edge\split-0\seed-2\config-6f1d647f,outputs\.work\runs\atlas_het\graphatlas_q_shuffle_edge\split-0\seed-2\config-6f1d647f\job_config.yaml
atlas_het__node_classification__graphatlas_q_shuffle_edge__split0__seed3__bd304a830762,bd304a830762,0e672c999c335af7,atlas_het,node_classification,graphatlas_q_shuffle_edge,graphatlas_certified,3,0,1,outputs\.work\runs\atlas_het\graphatlas_q_shuffle_edge\split-0\seed-3\config-bd304a83,outputs\.work\runs\atlas_het\graphatlas_q_shuffle_edge\split-0\seed-3\config-bd304a83\job_config.yaml
atlas_het__node_classification__graphatlas_q_shuffle_edge__split0__seed4__0e1ffab48b78,0e1ffab48b78,0e672c999c335af7,atlas_het,node_classification,graphatlas_q_shuffle_edge,graphatlas_certified,4,0,1,outputs\.work\runs\atlas_het\graphatlas_q_shuffle_edge\split-0\seed-4\config-0e1ffab4,outputs\.work\runs\atlas_het\graphatlas_q_shuffle_edge\split-0\seed-4\config-0e1ffab4\job_config.yaml
atlas_het__node_classification__graphatlas_random_routing__split0__seed0__cf4c3c5ac008,cf4c3c5ac008,0e672c999c335af7,atlas_het,node_classification,graphatlas_random_routing,graphatlas_certified,0,0,1,outputs\.work\runs\atlas_het\graphatlas_random_routing\split-0\seed-0\config-cf4c3c5a,outputs\.work\runs\atlas_het\graphatlas_random_routing\split-0\seed-0\config-cf4c3c5a\job_config.yaml
atlas_het__node_classification__graphatlas_random_routing__split0__seed1__bede77e06ad4,bede77e06ad4,0e672c999c335af7,atlas_het,node_classification,graphatlas_random_routing,graphatlas_certified,1,0,1,outputs\.work\runs\atlas_het\graphatlas_random_routing\split-0\seed-1\config-bede77e0,outputs\.work\runs\atlas_het\graphatlas_random_routing\split-0\seed-1\config-bede77e0\job_config.yaml
atlas_het__node_classification__graphatlas_random_routing__split0__seed2__2d399ed9c0a4,2d399ed9c0a4,0e672c999c335af7,atlas_het,node_classification,graphatlas_random_routing,graphatlas_certified,2,0,1,outputs\.work\runs\atlas_het\graphatlas_random_routing\split-0\seed-2\config-2d399ed9,outputs\.work\runs\atlas_het\graphatlas_random_routing\split-0\seed-2\config-2d399ed9\job_config.yaml
atlas_het__node_classification__graphatlas_random_routing__split0__seed3__138420bc0aaa,138420bc0aaa,0e672c999c335af7,atlas_het,node_classification,graphatlas_random_routing,graphatlas_certified,3,0,1,outputs\.work\runs\atlas_het\graphatlas_random_routing\split-0\seed-3\config-138420bc,outputs\.work\runs\atlas_het\graphatlas_random_routing\split-0\seed-3\config-138420bc\job_config.yaml
atlas_het__node_classification__graphatlas_random_routing__split0__seed4__cb165a41b698,cb165a41b698,0e672c999c335af7,atlas_het,node_classification,graphatlas_random_routing,graphatlas_certified,4,0,1,outputs\.work\runs\atlas_het\graphatlas_random_routing\split-0\seed-4\config-cb165a41,outputs\.work\runs\atlas_het\graphatlas_random_routing\split-0\seed-4\config-cb165a41\job_config.yaml
atlas_het__node_classification__graphatlas_beta_zero__split0__seed0__af014ea9d9cc,af014ea9d9cc,0e672c999c335af7,atlas_het,node_classification,graphatlas_beta_zero,graphatlas_certified,0,0,1,outputs\.work\runs\atlas_het\graphatlas_beta_zero\split-0\seed-0\config-af014ea9,outputs\.work\runs\atlas_het\graphatlas_beta_zero\split-0\seed-0\config-af014ea9\job_config.yaml
atlas_het__node_classification__graphatlas_beta_zero__split0__seed1__1281ab6a9303,1281ab6a9303,0e672c999c335af7,atlas_het,node_classification,graphatlas_beta_zero,graphatlas_certified,1,0,1,outputs\.work\runs\atlas_het\graphatlas_beta_zero\split-0\seed-1\config-1281ab6a,outputs\.work\runs\atlas_het\graphatlas_beta_zero\split-0\seed-1\config-1281ab6a\job_config.yaml
atlas_het__node_classification__graphatlas_beta_zero__split0__seed2__e6b51e9b1345,e6b51e9b1345,0e672c999c335af7,atlas_het,node_classification,graphatlas_beta_zero,graphatlas_certified,2,0,1,outputs\.work\runs\atlas_het\graphatlas_beta_zero\split-0\seed-2\config-e6b51e9b,outputs\.work\runs\atlas_het\graphatlas_beta_zero\split-0\seed-2\config-e6b51e9b\job_config.yaml
atlas_het__node_classification__graphatlas_beta_zero__split0__seed3__9d326c9b64fb,9d326c9b64fb,0e672c999c335af7,atlas_het,node_classification,graphatlas_beta_zero,graphatlas_certified,3,0,1,outputs\.work\runs\atlas_het\graphatlas_beta_zero\split-0\seed-3\config-9d326c9b,outputs\.work\runs\atlas_het\graphatlas_beta_zero\split-0\seed-3\config-9d326c9b\job_config.yaml
atlas_het__node_classification__graphatlas_beta_zero__split0__seed4__0cf7bad53968,0cf7bad53968,0e672c999c335af7,atlas_het,node_classification,graphatlas_beta_zero,graphatlas_certified,4,0,1,outputs\.work\runs\atlas_het\graphatlas_beta_zero\split-0\seed-4\config-0cf7bad5,outputs\.work\runs\atlas_het\graphatlas_beta_zero\split-0\seed-4\config-0cf7bad5\job_config.yaml
actor__node_classification__graphatlas_c_oracle__split0__seed0__bff19013aa8e,bff19013aa8e,0e672c999c335af7,actor,node_classification,graphatlas_c_oracle,graphatlas_certified,0,0,1,outputs\.work\runs\actor\graphatlas_c_oracle\split-0\seed-0\config-bff19013,outputs\.work\runs\actor\graphatlas_c_oracle\split-0\seed-0\config-bff19013\job_config.yaml
actor__node_classification__graphatlas_c_oracle__split1__seed1__0c124495a280,0c124495a280,0e672c999c335af7,actor,node_classification,graphatlas_c_oracle,graphatlas_certified,1,1,1,outputs\.work\runs\actor\graphatlas_c_oracle\split-1\seed-1\config-0c124495,outputs\.work\runs\actor\graphatlas_c_oracle\split-1\seed-1\config-0c124495\job_config.yaml
actor__node_classification__graphatlas_c_oracle__split2__seed2__9722422d40d1,9722422d40d1,0e672c999c335af7,actor,node_classification,graphatlas_c_oracle,graphatlas_certified,2,2,1,outputs\.work\runs\actor\graphatlas_c_oracle\split-2\seed-2\config-9722422d,outputs\.work\runs\actor\graphatlas_c_oracle\split-2\seed-2\config-9722422d\job_config.yaml
actor__node_classification__graphatlas_c_oracle__split3__seed3__73ecfaeea056,73ecfaeea056,0e672c999c335af7,actor,node_classification,graphatlas_c_oracle,graphatlas_certified,3,3,1,outputs\.work\runs\actor\graphatlas_c_oracle\split-3\seed-3\config-73ecfaee,outputs\.work\runs\actor\graphatlas_c_oracle\split-3\seed-3\config-73ecfaee\job_config.yaml
actor__node_classification__graphatlas_c_oracle__split4__seed4__16cfea0fe3f1,16cfea0fe3f1,0e672c999c335af7,actor,node_classification,graphatlas_c_oracle,graphatlas_certified,4,4,1,outputs\.work\runs\actor\graphatlas_c_oracle\split-4\seed-4\config-16cfea0f,outputs\.work\runs\actor\graphatlas_c_oracle\split-4\seed-4\config-16cfea0f\job_config.yaml
actor__node_classification__graphatlas_c__split0__seed0__db567313d788,db567313d788,0e672c999c335af7,actor,node_classification,graphatlas_c,graphatlas_certified,0,0,1,outputs\.work\runs\actor\graphatlas_c\split-0\seed-0\config-db567313,outputs\.work\runs\actor\graphatlas_c\split-0\seed-0\config-db567313\job_config.yaml
actor__node_classification__graphatlas_c__split1__seed1__a2faee8c82b2,a2faee8c82b2,0e672c999c335af7,actor,node_classification,graphatlas_c,graphatlas_certified,1,1,1,outputs\.work\runs\actor\graphatlas_c\split-1\seed-1\config-a2faee8c,outputs\.work\runs\actor\graphatlas_c\split-1\seed-1\config-a2faee8c\job_config.yaml
actor__node_classification__graphatlas_c__split2__seed2__fa4bd546ed1e,fa4bd546ed1e,0e672c999c335af7,actor,node_classification,graphatlas_c,graphatlas_certified,2,2,1,outputs\.work\runs\actor\graphatlas_c\split-2\seed-2\config-fa4bd546,outputs\.work\runs\actor\graphatlas_c\split-2\seed-2\config-fa4bd546\job_config.yaml
actor__node_classification__graphatlas_c__split3__seed3__a69dbc84e127,a69dbc84e127,0e672c999c335af7,actor,node_classification,graphatlas_c,graphatlas_certified,3,3,1,outputs\.work\runs\actor\graphatlas_c\split-3\seed-3\config-a69dbc84,outputs\.work\runs\actor\graphatlas_c\split-3\seed-3\config-a69dbc84\job_config.yaml
actor__node_classification__graphatlas_c__split4__seed4__ad90e52319d4,ad90e52319d4,0e672c999c335af7,actor,node_classification,graphatlas_c,graphatlas_certified,4,4,1,outputs\.work\runs\actor\graphatlas_c\split-4\seed-4\config-ad90e523,outputs\.work\runs\actor\graphatlas_c\split-4\seed-4\config-ad90e523\job_config.yaml
actor__node_classification__graphatlas_original__split0__seed0__624e702a6739,624e702a6739,0e672c999c335af7,actor,node_classification,graphatlas_original,graphatlas,0,0,1,outputs\.work\runs\actor\graphatlas_original\split-0\seed-0\config-624e702a,outputs\.work\runs\actor\graphatlas_original\split-0\seed-0\config-624e702a\job_config.yaml
actor__node_classification__graphatlas_original__split1__seed1__b8cd811e10da,b8cd811e10da,0e672c999c335af7,actor,node_classification,graphatlas_original,graphatlas,1,1,1,outputs\.work\runs\actor\graphatlas_original\split-1\seed-1\config-b8cd811e,outputs\.work\runs\actor\graphatlas_original\split-1\seed-1\config-b8cd811e\job_config.yaml
actor__node_classification__graphatlas_original__split2__seed2__b0196181805e,b0196181805e,0e672c999c335af7,actor,node_classification,graphatlas_original,graphatlas,2,2,1,outputs\.work\runs\actor\graphatlas_original\split-2\seed-2\config-b0196181,outputs\.work\runs\actor\graphatlas_original\split-2\seed-2\config-b0196181\job_config.yaml
actor__node_classification__graphatlas_original__split3__seed3__4826c8537104,4826c8537104,0e672c999c335af7,actor,node_classification,graphatlas_original,graphatlas,3,3,1,outputs\.work\runs\actor\graphatlas_original\split-3\seed-3\config-4826c853,outputs\.work\runs\actor\graphatlas_original\split-3\seed-3\config-4826c853\job_config.yaml
actor__node_classification__graphatlas_original__split4__seed4__37ef3aae6ca6,37ef3aae6ca6,0e672c999c335af7,actor,node_classification,graphatlas_original,graphatlas,4,4,1,outputs\.work\runs\actor\graphatlas_original\split-4\seed-4\config-37ef3aae,outputs\.work\runs\actor\graphatlas_original\split-4\seed-4\config-37ef3aae\job_config.yaml
actor__node_classification__graphatlas_min_distortion__split0__seed0__43bedb477e6d,43bedb477e6d,0e672c999c335af7,actor,node_classification,graphatlas_min_distortion,graphatlas_min_distortion,0,0,1,outputs\.work\runs\actor\graphatlas_min_distortion\split-0\seed-0\config-43bedb47,outputs\.work\runs\actor\graphatlas_min_distortion\split-0\seed-0\config-43bedb47\job_config.yaml
actor__node_classification__graphatlas_min_distortion__split1__seed1__ff05839b8bfb,ff05839b8bfb,0e672c999c335af7,actor,node_classification,graphatlas_min_distortion,graphatlas_min_distortion,1,1,1,outputs\.work\runs\actor\graphatlas_min_distortion\split-1\seed-1\config-ff05839b,outputs\.work\runs\actor\graphatlas_min_distortion\split-1\seed-1\config-ff05839b\job_config.yaml
actor__node_classification__graphatlas_min_distortion__split2__seed2__6129516ba29b,6129516ba29b,0e672c999c335af7,actor,node_classification,graphatlas_min_distortion,graphatlas_min_distortion,2,2,1,outputs\.work\runs\actor\graphatlas_min_distortion\split-2\seed-2\config-6129516b,outputs\.work\runs\actor\graphatlas_min_distortion\split-2\seed-2\config-6129516b\job_config.yaml
actor__node_classification__graphatlas_min_distortion__split3__seed3__9baa9eaa3ba1,9baa9eaa3ba1,0e672c999c335af7,actor,node_classification,graphatlas_min_distortion,graphatlas_min_distortion,3,3,1,outputs\.work\runs\actor\graphatlas_min_distortion\split-3\seed-3\config-9baa9eaa,outputs\.work\runs\actor\graphatlas_min_distortion\split-3\seed-3\config-9baa9eaa\job_config.yaml
actor__node_classification__graphatlas_min_distortion__split4__seed4__1e4c01e4a655,1e4c01e4a655,0e672c999c335af7,actor,node_classification,graphatlas_min_distortion,graphatlas_min_distortion,4,4,1,outputs\.work\runs\actor\graphatlas_min_distortion\split-4\seed-4\config-1e4c01e4,outputs\.work\runs\actor\graphatlas_min_distortion\split-4\seed-4\config-1e4c01e4\job_config.yaml
actor__node_classification__graphatlas_no_transport__split0__seed0__3b2520686b81,3b2520686b81,0e672c999c335af7,actor,node_classification,graphatlas_no_transport,graphatlas_no_transport,0,0,1,outputs\.work\runs\actor\graphatlas_no_transport\split-0\seed-0\config-3b252068,outputs\.work\runs\actor\graphatlas_no_transport\split-0\seed-0\config-3b252068\job_config.yaml
actor__node_classification__graphatlas_no_transport__split1__seed1__90d95b948a52,90d95b948a52,0e672c999c335af7,actor,node_classification,graphatlas_no_transport,graphatlas_no_transport,1,1,1,outputs\.work\runs\actor\graphatlas_no_transport\split-1\seed-1\config-90d95b94,outputs\.work\runs\actor\graphatlas_no_transport\split-1\seed-1\config-90d95b94\job_config.yaml
actor__node_classification__graphatlas_no_transport__split2__seed2__cb259fff71dd,cb259fff71dd,0e672c999c335af7,actor,node_classification,graphatlas_no_transport,graphatlas_no_transport,2,2,1,outputs\.work\runs\actor\graphatlas_no_transport\split-2\seed-2\config-cb259fff,outputs\.work\runs\actor\graphatlas_no_transport\split-2\seed-2\config-cb259fff\job_config.yaml
actor__node_classification__graphatlas_no_transport__split3__seed3__894472f5acff,894472f5acff,0e672c999c335af7,actor,node_classification,graphatlas_no_transport,graphatlas_no_transport,3,3,1,outputs\.work\runs\actor\graphatlas_no_transport\split-3\seed-3\config-894472f5,outputs\.work\runs\actor\graphatlas_no_transport\split-3\seed-3\config-894472f5\job_config.yaml
actor__node_classification__graphatlas_no_transport__split4__seed4__aef0929cf364,aef0929cf364,0e672c999c335af7,actor,node_classification,graphatlas_no_transport,graphatlas_no_transport,4,4,1,outputs\.work\runs\actor\graphatlas_no_transport\split-4\seed-4\config-aef0929c,outputs\.work\runs\actor\graphatlas_no_transport\split-4\seed-4\config-aef0929c\job_config.yaml
actor__node_classification__graphatlas_free_transition__split0__seed0__ad3ce4ceee30,ad3ce4ceee30,0e672c999c335af7,actor,node_classification,graphatlas_free_transition,graphatlas_free_transition,0,0,1,outputs\.work\runs\actor\graphatlas_free_transition\split-0\seed-0\config-ad3ce4ce,outputs\.work\runs\actor\graphatlas_free_transition\split-0\seed-0\config-ad3ce4ce\job_config.yaml
actor__node_classification__graphatlas_free_transition__split1__seed1__716adf9a670f,716adf9a670f,0e672c999c335af7,actor,node_classification,graphatlas_free_transition,graphatlas_free_transition,1,1,1,outputs\.work\runs\actor\graphatlas_free_transition\split-1\seed-1\config-716adf9a,outputs\.work\runs\actor\graphatlas_free_transition\split-1\seed-1\config-716adf9a\job_config.yaml
actor__node_classification__graphatlas_free_transition__split2__seed2__489ac81fa783,489ac81fa783,0e672c999c335af7,actor,node_classification,graphatlas_free_transition,graphatlas_free_transition,2,2,1,outputs\.work\runs\actor\graphatlas_free_transition\split-2\seed-2\config-489ac81f,outputs\.work\runs\actor\graphatlas_free_transition\split-2\seed-2\config-489ac81f\job_config.yaml
actor__node_classification__graphatlas_free_transition__split3__seed3__2f38f03fbc0e,2f38f03fbc0e,0e672c999c335af7,actor,node_classification,graphatlas_free_transition,graphatlas_free_transition,3,3,1,outputs\.work\runs\actor\graphatlas_free_transition\split-3\seed-3\config-2f38f03f,outputs\.work\runs\actor\graphatlas_free_transition\split-3\seed-3\config-2f38f03f\job_config.yaml
actor__node_classification__graphatlas_free_transition__split4__seed4__1d93d8e7c320,1d93d8e7c320,0e672c999c335af7,actor,node_classification,graphatlas_free_transition,graphatlas_free_transition,4,4,1,outputs\.work\runs\actor\graphatlas_free_transition\split-4\seed-4\config-1d93d8e7,outputs\.work\runs\actor\graphatlas_free_transition\split-4\seed-4\config-1d93d8e7\job_config.yaml
actor__node_classification__graphatlas_membership_only__split0__seed0__ae338025d1be,ae338025d1be,0e672c999c335af7,actor,node_classification,graphatlas_membership_only,graphatlas_certified,0,0,1,outputs\.work\runs\actor\graphatlas_membership_only\split-0\seed-0\config-ae338025,outputs\.work\runs\actor\graphatlas_membership_only\split-0\seed-0\config-ae338025\job_config.yaml
actor__node_classification__graphatlas_membership_only__split1__seed1__fee137bc6337,fee137bc6337,0e672c999c335af7,actor,node_classification,graphatlas_membership_only,graphatlas_certified,1,1,1,outputs\.work\runs\actor\graphatlas_membership_only\split-1\seed-1\config-fee137bc,outputs\.work\runs\actor\graphatlas_membership_only\split-1\seed-1\config-fee137bc\job_config.yaml
actor__node_classification__graphatlas_membership_only__split2__seed2__43440a1ea45a,43440a1ea45a,0e672c999c335af7,actor,node_classification,graphatlas_membership_only,graphatlas_certified,2,2,1,outputs\.work\runs\actor\graphatlas_membership_only\split-2\seed-2\config-43440a1e,outputs\.work\runs\actor\graphatlas_membership_only\split-2\seed-2\config-43440a1e\job_config.yaml
actor__node_classification__graphatlas_membership_only__split3__seed3__b0e57fb932bd,b0e57fb932bd,0e672c999c335af7,actor,node_classification,graphatlas_membership_only,graphatlas_certified,3,3,1,outputs\.work\runs\actor\graphatlas_membership_only\split-3\seed-3\config-b0e57fb9,outputs\.work\runs\actor\graphatlas_membership_only\split-3\seed-3\config-b0e57fb9\job_config.yaml
actor__node_classification__graphatlas_membership_only__split4__seed4__f7f72105a6ca,f7f72105a6ca,0e672c999c335af7,actor,node_classification,graphatlas_membership_only,graphatlas_certified,4,4,1,outputs\.work\runs\actor\graphatlas_membership_only\split-4\seed-4\config-f7f72105,outputs\.work\runs\actor\graphatlas_membership_only\split-4\seed-4\config-f7f72105\job_config.yaml
actor__node_classification__graphatlas_q_shuffle_source__split0__seed0__62e9b4e466df,62e9b4e466df,0e672c999c335af7,actor,node_classification,graphatlas_q_shuffle_source,graphatlas_certified,0,0,1,outputs\.work\runs\actor\graphatlas_q_shuffle_source\split-0\seed-0\config-62e9b4e4,outputs\.work\runs\actor\graphatlas_q_shuffle_source\split-0\seed-0\config-62e9b4e4\job_config.yaml
actor__node_classification__graphatlas_q_shuffle_source__split1__seed1__166f4aef87fb,166f4aef87fb,0e672c999c335af7,actor,node_classification,graphatlas_q_shuffle_source,graphatlas_certified,1,1,1,outputs\.work\runs\actor\graphatlas_q_shuffle_source\split-1\seed-1\config-166f4aef,outputs\.work\runs\actor\graphatlas_q_shuffle_source\split-1\seed-1\config-166f4aef\job_config.yaml
actor__node_classification__graphatlas_q_shuffle_source__split2__seed2__9284f9c70dd7,9284f9c70dd7,0e672c999c335af7,actor,node_classification,graphatlas_q_shuffle_source,graphatlas_certified,2,2,1,outputs\.work\runs\actor\graphatlas_q_shuffle_source\split-2\seed-2\config-9284f9c7,outputs\.work\runs\actor\graphatlas_q_shuffle_source\split-2\seed-2\config-9284f9c7\job_config.yaml
actor__node_classification__graphatlas_q_shuffle_source__split3__seed3__8f190c9bb852,8f190c9bb852,0e672c999c335af7,actor,node_classification,graphatlas_q_shuffle_source,graphatlas_certified,3,3,1,outputs\.work\runs\actor\graphatlas_q_shuffle_source\split-3\seed-3\config-8f190c9b,outputs\.work\runs\actor\graphatlas_q_shuffle_source\split-3\seed-3\config-8f190c9b\job_config.yaml
actor__node_classification__graphatlas_q_shuffle_source__split4__seed4__81b0b999203b,81b0b999203b,0e672c999c335af7,actor,node_classification,graphatlas_q_shuffle_source,graphatlas_certified,4,4,1,outputs\.work\runs\actor\graphatlas_q_shuffle_source\split-4\seed-4\config-81b0b999,outputs\.work\runs\actor\graphatlas_q_shuffle_source\split-4\seed-4\config-81b0b999\job_config.yaml
actor__node_classification__graphatlas_q_shuffle_edge__split0__seed0__b5f2ce326ce4,b5f2ce326ce4,0e672c999c335af7,actor,node_classification,graphatlas_q_shuffle_edge,graphatlas_certified,0,0,1,outputs\.work\runs\actor\graphatlas_q_shuffle_edge\split-0\seed-0\config-b5f2ce32,outputs\.work\runs\actor\graphatlas_q_shuffle_edge\split-0\seed-0\config-b5f2ce32\job_config.yaml
actor__node_classification__graphatlas_q_shuffle_edge__split1__seed1__d2b87304111d,d2b87304111d,0e672c999c335af7,actor,node_classification,graphatlas_q_shuffle_edge,graphatlas_certified,1,1,1,outputs\.work\runs\actor\graphatlas_q_shuffle_edge\split-1\seed-1\config-d2b87304,outputs\.work\runs\actor\graphatlas_q_shuffle_edge\split-1\seed-1\config-d2b87304\job_config.yaml
actor__node_classification__graphatlas_q_shuffle_edge__split2__seed2__4fd4e4af9b49,4fd4e4af9b49,0e672c999c335af7,actor,node_classification,graphatlas_q_shuffle_edge,graphatlas_certified,2,2,1,outputs\.work\runs\actor\graphatlas_q_shuffle_edge\split-2\seed-2\config-4fd4e4af,outputs\.work\runs\actor\graphatlas_q_shuffle_edge\split-2\seed-2\config-4fd4e4af\job_config.yaml
actor__node_classification__graphatlas_q_shuffle_edge__split3__seed3__9f80d8789e44,9f80d8789e44,0e672c999c335af7,actor,node_classification,graphatlas_q_shuffle_edge,graphatlas_certified,3,3,1,outputs\.work\runs\actor\graphatlas_q_shuffle_edge\split-3\seed-3\config-9f80d878,outputs\.work\runs\actor\graphatlas_q_shuffle_edge\split-3\seed-3\config-9f80d878\job_config.yaml
actor__node_classification__graphatlas_q_shuffle_edge__split4__seed4__adf3aa13a880,adf3aa13a880,0e672c999c335af7,actor,node_classification,graphatlas_q_shuffle_edge,graphatlas_certified,4,4,1,outputs\.work\runs\actor\graphatlas_q_shuffle_edge\split-4\seed-4\config-adf3aa13,outputs\.work\runs\actor\graphatlas_q_shuffle_edge\split-4\seed-4\config-adf3aa13\job_config.yaml
actor__node_classification__graphatlas_random_routing__split0__seed0__5d0c7c4c575d,5d0c7c4c575d,0e672c999c335af7,actor,node_classification,graphatlas_random_routing,graphatlas_certified,0,0,1,outputs\.work\runs\actor\graphatlas_random_routing\split-0\seed-0\config-5d0c7c4c,outputs\.work\runs\actor\graphatlas_random_routing\split-0\seed-0\config-5d0c7c4c\job_config.yaml
actor__node_classification__graphatlas_random_routing__split1__seed1__cb051698fa0f,cb051698fa0f,0e672c999c335af7,actor,node_classification,graphatlas_random_routing,graphatlas_certified,1,1,1,outputs\.work\runs\actor\graphatlas_random_routing\split-1\seed-1\config-cb051698,outputs\.work\runs\actor\graphatlas_random_routing\split-1\seed-1\config-cb051698\job_config.yaml
actor__node_classification__graphatlas_random_routing__split2__seed2__298bf77d1c97,298bf77d1c97,0e672c999c335af7,actor,node_classification,graphatlas_random_routing,graphatlas_certified,2,2,1,outputs\.work\runs\actor\graphatlas_random_routing\split-2\seed-2\config-298bf77d,outputs\.work\runs\actor\graphatlas_random_routing\split-2\seed-2\config-298bf77d\job_config.yaml
actor__node_classification__graphatlas_random_routing__split3__seed3__b1716ff74b63,b1716ff74b63,0e672c999c335af7,actor,node_classification,graphatlas_random_routing,graphatlas_certified,3,3,1,outputs\.work\runs\actor\graphatlas_random_routing\split-3\seed-3\config-b1716ff7,outputs\.work\runs\actor\graphatlas_random_routing\split-3\seed-3\config-b1716ff7\job_config.yaml
actor__node_classification__graphatlas_random_routing__split4__seed4__fe607d0b5841,fe607d0b5841,0e672c999c335af7,actor,node_classification,graphatlas_random_routing,graphatlas_certified,4,4,1,outputs\.work\runs\actor\graphatlas_random_routing\split-4\seed-4\config-fe607d0b,outputs\.work\runs\actor\graphatlas_random_routing\split-4\seed-4\config-fe607d0b\job_config.yaml
actor__node_classification__graphatlas_beta_zero__split0__seed0__26b9f7dbaa70,26b9f7dbaa70,0e672c999c335af7,actor,node_classification,graphatlas_beta_zero,graphatlas_certified,0,0,1,outputs\.work\runs\actor\graphatlas_beta_zero\split-0\seed-0\config-26b9f7db,outputs\.work\runs\actor\graphatlas_beta_zero\split-0\seed-0\config-26b9f7db\job_config.yaml
actor__node_classification__graphatlas_beta_zero__split1__seed1__9b6367d502de,9b6367d502de,0e672c999c335af7,actor,node_classification,graphatlas_beta_zero,graphatlas_certified,1,1,1,outputs\.work\runs\actor\graphatlas_beta_zero\split-1\seed-1\config-9b6367d5,outputs\.work\runs\actor\graphatlas_beta_zero\split-1\seed-1\config-9b6367d5\job_config.yaml
actor__node_classification__graphatlas_beta_zero__split2__seed2__933e80b95f3e,933e80b95f3e,0e672c999c335af7,actor,node_classification,graphatlas_beta_zero,graphatlas_certified,2,2,1,outputs\.work\runs\actor\graphatlas_beta_zero\split-2\seed-2\config-933e80b9,outputs\.work\runs\actor\graphatlas_beta_zero\split-2\seed-2\config-933e80b9\job_config.yaml
actor__node_classification__graphatlas_beta_zero__split3__seed3__258e4e2911b0,258e4e2911b0,0e672c999c335af7,actor,node_classification,graphatlas_beta_zero,graphatlas_certified,3,3,1,outputs\.work\runs\actor\graphatlas_beta_zero\split-3\seed-3\config-258e4e29,outputs\.work\runs\actor\graphatlas_beta_zero\split-3\seed-3\config-258e4e29\job_config.yaml
actor__node_classification__graphatlas_beta_zero__split4__seed4__5794ca7217b6,5794ca7217b6,0e672c999c335af7,actor,node_classification,graphatlas_beta_zero,graphatlas_certified,4,4,1,outputs\.work\runs\actor\graphatlas_beta_zero\split-4\seed-4\config-5794ca72,outputs\.work\runs\actor\graphatlas_beta_zero\split-4\seed-4\config-5794ca72\job_config.yaml
questions__node_classification__graphatlas_c_oracle__split0__seed0__5abd78873dc5,5abd78873dc5,0e672c999c335af7,questions,node_classification,graphatlas_c_oracle,graphatlas_certified,0,0,1,outputs\.work\runs\questions\graphatlas_c_oracle\split-0\seed-0\config-5abd7887,outputs\.work\runs\questions\graphatlas_c_oracle\split-0\seed-0\config-5abd7887\job_config.yaml
questions__node_classification__graphatlas_c_oracle__split1__seed1__a03d4bfbf351,a03d4bfbf351,0e672c999c335af7,questions,node_classification,graphatlas_c_oracle,graphatlas_certified,1,1,1,outputs\.work\runs\questions\graphatlas_c_oracle\split-1\seed-1\config-a03d4bfb,outputs\.work\runs\questions\graphatlas_c_oracle\split-1\seed-1\config-a03d4bfb\job_config.yaml
questions__node_classification__graphatlas_c_oracle__split2__seed2__e4d21b69fca4,e4d21b69fca4,0e672c999c335af7,questions,node_classification,graphatlas_c_oracle,graphatlas_certified,2,2,1,outputs\.work\runs\questions\graphatlas_c_oracle\split-2\seed-2\config-e4d21b69,outputs\.work\runs\questions\graphatlas_c_oracle\split-2\seed-2\config-e4d21b69\job_config.yaml
questions__node_classification__graphatlas_c_oracle__split3__seed3__b2b00ef93488,b2b00ef93488,0e672c999c335af7,questions,node_classification,graphatlas_c_oracle,graphatlas_certified,3,3,1,outputs\.work\runs\questions\graphatlas_c_oracle\split-3\seed-3\config-b2b00ef9,outputs\.work\runs\questions\graphatlas_c_oracle\split-3\seed-3\config-b2b00ef9\job_config.yaml
questions__node_classification__graphatlas_c_oracle__split4__seed4__563296d31eb4,563296d31eb4,0e672c999c335af7,questions,node_classification,graphatlas_c_oracle,graphatlas_certified,4,4,1,outputs\.work\runs\questions\graphatlas_c_oracle\split-4\seed-4\config-563296d3,outputs\.work\runs\questions\graphatlas_c_oracle\split-4\seed-4\config-563296d3\job_config.yaml
questions__node_classification__graphatlas_c__split0__seed0__e9e8bdbbae63,e9e8bdbbae63,0e672c999c335af7,questions,node_classification,graphatlas_c,graphatlas_certified,0,0,1,outputs\.work\runs\questions\graphatlas_c\split-0\seed-0\config-e9e8bdbb,outputs\.work\runs\questions\graphatlas_c\split-0\seed-0\config-e9e8bdbb\job_config.yaml
questions__node_classification__graphatlas_c__split1__seed1__ae9092c9b609,ae9092c9b609,0e672c999c335af7,questions,node_classification,graphatlas_c,graphatlas_certified,1,1,1,outputs\.work\runs\questions\graphatlas_c\split-1\seed-1\config-ae9092c9,outputs\.work\runs\questions\graphatlas_c\split-1\seed-1\config-ae9092c9\job_config.yaml
questions__node_classification__graphatlas_c__split2__seed2__5eef240601a5,5eef240601a5,0e672c999c335af7,questions,node_classification,graphatlas_c,graphatlas_certified,2,2,1,outputs\.work\runs\questions\graphatlas_c\split-2\seed-2\config-5eef2406,outputs\.work\runs\questions\graphatlas_c\split-2\seed-2\config-5eef2406\job_config.yaml
questions__node_classification__graphatlas_c__split3__seed3__343a729744b7,343a729744b7,0e672c999c335af7,questions,node_classification,graphatlas_c,graphatlas_certified,3,3,1,outputs\.work\runs\questions\graphatlas_c\split-3\seed-3\config-343a7297,outputs\.work\runs\questions\graphatlas_c\split-3\seed-3\config-343a7297\job_config.yaml
questions__node_classification__graphatlas_c__split4__seed4__d1ff720284b1,d1ff720284b1,0e672c999c335af7,questions,node_classification,graphatlas_c,graphatlas_certified,4,4,1,outputs\.work\runs\questions\graphatlas_c\split-4\seed-4\config-d1ff7202,outputs\.work\runs\questions\graphatlas_c\split-4\seed-4\config-d1ff7202\job_config.yaml
questions__node_classification__graphatlas_original__split0__seed0__96b06fb6d6b3,96b06fb6d6b3,0e672c999c335af7,questions,node_classification,graphatlas_original,graphatlas,0,0,1,outputs\.work\runs\questions\graphatlas_original\split-0\seed-0\config-96b06fb6,outputs\.work\runs\questions\graphatlas_original\split-0\seed-0\config-96b06fb6\job_config.yaml
questions__node_classification__graphatlas_original__split1__seed1__aa8b6ca99807,aa8b6ca99807,0e672c999c335af7,questions,node_classification,graphatlas_original,graphatlas,1,1,1,outputs\.work\runs\questions\graphatlas_original\split-1\seed-1\config-aa8b6ca9,outputs\.work\runs\questions\graphatlas_original\split-1\seed-1\config-aa8b6ca9\job_config.yaml
questions__node_classification__graphatlas_original__split2__seed2__4273ba07b361,4273ba07b361,0e672c999c335af7,questions,node_classification,graphatlas_original,graphatlas,2,2,1,outputs\.work\runs\questions\graphatlas_original\split-2\seed-2\config-4273ba07,outputs\.work\runs\questions\graphatlas_original\split-2\seed-2\config-4273ba07\job_config.yaml
questions__node_classification__graphatlas_original__split3__seed3__2493469cc0aa,2493469cc0aa,0e672c999c335af7,questions,node_classification,graphatlas_original,graphatlas,3,3,1,outputs\.work\runs\questions\graphatlas_original\split-3\seed-3\config-2493469c,outputs\.work\runs\questions\graphatlas_original\split-3\seed-3\config-2493469c\job_config.yaml
questions__node_classification__graphatlas_original__split4__seed4__9ccbed3db34d,9ccbed3db34d,0e672c999c335af7,questions,node_classification,graphatlas_original,graphatlas,4,4,1,outputs\.work\runs\questions\graphatlas_original\split-4\seed-4\config-9ccbed3d,outputs\.work\runs\questions\graphatlas_original\split-4\seed-4\config-9ccbed3d\job_config.yaml
questions__node_classification__graphatlas_min_distortion__split0__seed0__48faf16d308a,48faf16d308a,0e672c999c335af7,questions,node_classification,graphatlas_min_distortion,graphatlas_min_distortion,0,0,1,outputs\.work\runs\questions\graphatlas_min_distortion\split-0\seed-0\config-48faf16d,outputs\.work\runs\questions\graphatlas_min_distortion\split-0\seed-0\config-48faf16d\job_config.yaml
questions__node_classification__graphatlas_min_distortion__split1__seed1__1d8aa0648d41,1d8aa0648d41,0e672c999c335af7,questions,node_classification,graphatlas_min_distortion,graphatlas_min_distortion,1,1,1,outputs\.work\runs\questions\graphatlas_min_distortion\split-1\seed-1\config-1d8aa064,outputs\.work\runs\questions\graphatlas_min_distortion\split-1\seed-1\config-1d8aa064\job_config.yaml
questions__node_classification__graphatlas_min_distortion__split2__seed2__8427cfc40271,8427cfc40271,0e672c999c335af7,questions,node_classification,graphatlas_min_distortion,graphatlas_min_distortion,2,2,1,outputs\.work\runs\questions\graphatlas_min_distortion\split-2\seed-2\config-8427cfc4,outputs\.work\runs\questions\graphatlas_min_distortion\split-2\seed-2\config-8427cfc4\job_config.yaml
questions__node_classification__graphatlas_min_distortion__split3__seed3__c26711cbeaa7,c26711cbeaa7,0e672c999c335af7,questions,node_classification,graphatlas_min_distortion,graphatlas_min_distortion,3,3,1,outputs\.work\runs\questions\graphatlas_min_distortion\split-3\seed-3\config-c26711cb,outputs\.work\runs\questions\graphatlas_min_distortion\split-3\seed-3\config-c26711cb\job_config.yaml
questions__node_classification__graphatlas_min_distortion__split4__seed4__22a001eb2e53,22a001eb2e53,0e672c999c335af7,questions,node_classification,graphatlas_min_distortion,graphatlas_min_distortion,4,4,1,outputs\.work\runs\questions\graphatlas_min_distortion\split-4\seed-4\config-22a001eb,outputs\.work\runs\questions\graphatlas_min_distortion\split-4\seed-4\config-22a001eb\job_config.yaml
questions__node_classification__graphatlas_no_transport__split0__seed0__ab8499d4a20a,ab8499d4a20a,0e672c999c335af7,questions,node_classification,graphatlas_no_transport,graphatlas_no_transport,0,0,1,outputs\.work\runs\questions\graphatlas_no_transport\split-0\seed-0\config-ab8499d4,outputs\.work\runs\questions\graphatlas_no_transport\split-0\seed-0\config-ab8499d4\job_config.yaml
questions__node_classification__graphatlas_no_transport__split1__seed1__22e5e84502ed,22e5e84502ed,0e672c999c335af7,questions,node_classification,graphatlas_no_transport,graphatlas_no_transport,1,1,1,outputs\.work\runs\questions\graphatlas_no_transport\split-1\seed-1\config-22e5e845,outputs\.work\runs\questions\graphatlas_no_transport\split-1\seed-1\config-22e5e845\job_config.yaml
questions__node_classification__graphatlas_no_transport__split2__seed2__652a4ac03773,652a4ac03773,0e672c999c335af7,questions,node_classification,graphatlas_no_transport,graphatlas_no_transport,2,2,1,outputs\.work\runs\questions\graphatlas_no_transport\split-2\seed-2\config-652a4ac0,outputs\.work\runs\questions\graphatlas_no_transport\split-2\seed-2\config-652a4ac0\job_config.yaml
questions__node_classification__graphatlas_no_transport__split3__seed3__3d07b6a10cd4,3d07b6a10cd4,0e672c999c335af7,questions,node_classification,graphatlas_no_transport,graphatlas_no_transport,3,3,1,outputs\.work\runs\questions\graphatlas_no_transport\split-3\seed-3\config-3d07b6a1,outputs\.work\runs\questions\graphatlas_no_transport\split-3\seed-3\config-3d07b6a1\job_config.yaml
questions__node_classification__graphatlas_no_transport__split4__seed4__2ddfbdea3f7b,2ddfbdea3f7b,0e672c999c335af7,questions,node_classification,graphatlas_no_transport,graphatlas_no_transport,4,4,1,outputs\.work\runs\questions\graphatlas_no_transport\split-4\seed-4\config-2ddfbdea,outputs\.work\runs\questions\graphatlas_no_transport\split-4\seed-4\config-2ddfbdea\job_config.yaml
questions__node_classification__graphatlas_free_transition__split0__seed0__000a83da352d,000a83da352d,0e672c999c335af7,questions,node_classification,graphatlas_free_transition,graphatlas_free_transition,0,0,1,outputs\.work\runs\questions\graphatlas_free_transition\split-0\seed-0\config-000a83da,outputs\.work\runs\questions\graphatlas_free_transition\split-0\seed-0\config-000a83da\job_config.yaml
questions__node_classification__graphatlas_free_transition__split1__seed1__22d45a9ecd0b,22d45a9ecd0b,0e672c999c335af7,questions,node_classification,graphatlas_free_transition,graphatlas_free_transition,1,1,1,outputs\.work\runs\questions\graphatlas_free_transition\split-1\seed-1\config-22d45a9e,outputs\.work\runs\questions\graphatlas_free_transition\split-1\seed-1\config-22d45a9e\job_config.yaml
questions__node_classification__graphatlas_free_transition__split2__seed2__798752ed5e90,798752ed5e90,0e672c999c335af7,questions,node_classification,graphatlas_free_transition,graphatlas_free_transition,2,2,1,outputs\.work\runs\questions\graphatlas_free_transition\split-2\seed-2\config-798752ed,outputs\.work\runs\questions\graphatlas_free_transition\split-2\seed-2\config-798752ed\job_config.yaml
questions__node_classification__graphatlas_free_transition__split3__seed3__ac12251162c0,ac12251162c0,0e672c999c335af7,questions,node_classification,graphatlas_free_transition,graphatlas_free_transition,3,3,1,outputs\.work\runs\questions\graphatlas_free_transition\split-3\seed-3\config-ac122511,outputs\.work\runs\questions\graphatlas_free_transition\split-3\seed-3\config-ac122511\job_config.yaml
questions__node_classification__graphatlas_free_transition__split4__seed4__9d7acfb286d9,9d7acfb286d9,0e672c999c335af7,questions,node_classification,graphatlas_free_transition,graphatlas_free_transition,4,4,1,outputs\.work\runs\questions\graphatlas_free_transition\split-4\seed-4\config-9d7acfb2,outputs\.work\runs\questions\graphatlas_free_transition\split-4\seed-4\config-9d7acfb2\job_config.yaml
questions__node_classification__graphatlas_membership_only__split0__seed0__c8d1b0fd5b4a,c8d1b0fd5b4a,0e672c999c335af7,questions,node_classification,graphatlas_membership_only,graphatlas_certified,0,0,1,outputs\.work\runs\questions\graphatlas_membership_only\split-0\seed-0\config-c8d1b0fd,outputs\.work\runs\questions\graphatlas_membership_only\split-0\seed-0\config-c8d1b0fd\job_config.yaml
questions__node_classification__graphatlas_membership_only__split1__seed1__b586142686b5,b586142686b5,0e672c999c335af7,questions,node_classification,graphatlas_membership_only,graphatlas_certified,1,1,1,outputs\.work\runs\questions\graphatlas_membership_only\split-1\seed-1\config-b5861426,outputs\.work\runs\questions\graphatlas_membership_only\split-1\seed-1\config-b5861426\job_config.yaml
questions__node_classification__graphatlas_membership_only__split2__seed2__39380c593d89,39380c593d89,0e672c999c335af7,questions,node_classification,graphatlas_membership_only,graphatlas_certified,2,2,1,outputs\.work\runs\questions\graphatlas_membership_only\split-2\seed-2\config-39380c59,outputs\.work\runs\questions\graphatlas_membership_only\split-2\seed-2\config-39380c59\job_config.yaml
questions__node_classification__graphatlas_membership_only__split3__seed3__e07f2f41111a,e07f2f41111a,0e672c999c335af7,questions,node_classification,graphatlas_membership_only,graphatlas_certified,3,3,1,outputs\.work\runs\questions\graphatlas_membership_only\split-3\seed-3\config-e07f2f41,outputs\.work\runs\questions\graphatlas_membership_only\split-3\seed-3\config-e07f2f41\job_config.yaml
questions__node_classification__graphatlas_membership_only__split4__seed4__286700839540,286700839540,0e672c999c335af7,questions,node_classification,graphatlas_membership_only,graphatlas_certified,4,4,1,outputs\.work\runs\questions\graphatlas_membership_only\split-4\seed-4\config-28670083,outputs\.work\runs\questions\graphatlas_membership_only\split-4\seed-4\config-28670083\job_config.yaml
questions__node_classification__graphatlas_q_shuffle_source__split0__seed0__6ed689f03e62,6ed689f03e62,0e672c999c335af7,questions,node_classification,graphatlas_q_shuffle_source,graphatlas_certified,0,0,1,outputs\.work\runs\questions\graphatlas_q_shuffle_source\split-0\seed-0\config-6ed689f0,outputs\.work\runs\questions\graphatlas_q_shuffle_source\split-0\seed-0\config-6ed689f0\job_config.yaml
questions__node_classification__graphatlas_q_shuffle_source__split1__seed1__6ba3e859bf4e,6ba3e859bf4e,0e672c999c335af7,questions,node_classification,graphatlas_q_shuffle_source,graphatlas_certified,1,1,1,outputs\.work\runs\questions\graphatlas_q_shuffle_source\split-1\seed-1\config-6ba3e859,outputs\.work\runs\questions\graphatlas_q_shuffle_source\split-1\seed-1\config-6ba3e859\job_config.yaml
questions__node_classification__graphatlas_q_shuffle_source__split2__seed2__f8f43986684e,f8f43986684e,0e672c999c335af7,questions,node_classification,graphatlas_q_shuffle_source,graphatlas_certified,2,2,1,outputs\.work\runs\questions\graphatlas_q_shuffle_source\split-2\seed-2\config-f8f43986,outputs\.work\runs\questions\graphatlas_q_shuffle_source\split-2\seed-2\config-f8f43986\job_config.yaml
questions__node_classification__graphatlas_q_shuffle_source__split3__seed3__717694cd15dc,717694cd15dc,0e672c999c335af7,questions,node_classification,graphatlas_q_shuffle_source,graphatlas_certified,3,3,1,outputs\.work\runs\questions\graphatlas_q_shuffle_source\split-3\seed-3\config-717694cd,outputs\.work\runs\questions\graphatlas_q_shuffle_source\split-3\seed-3\config-717694cd\job_config.yaml
questions__node_classification__graphatlas_q_shuffle_source__split4__seed4__87d8d9b4cdb5,87d8d9b4cdb5,0e672c999c335af7,questions,node_classification,graphatlas_q_shuffle_source,graphatlas_certified,4,4,1,outputs\.work\runs\questions\graphatlas_q_shuffle_source\split-4\seed-4\config-87d8d9b4,outputs\.work\runs\questions\graphatlas_q_shuffle_source\split-4\seed-4\config-87d8d9b4\job_config.yaml
questions__node_classification__graphatlas_q_shuffle_edge__split0__seed0__c6009c710d20,c6009c710d20,0e672c999c335af7,questions,node_classification,graphatlas_q_shuffle_edge,graphatlas_certified,0,0,1,outputs\.work\runs\questions\graphatlas_q_shuffle_edge\split-0\seed-0\config-c6009c71,outputs\.work\runs\questions\graphatlas_q_shuffle_edge\split-0\seed-0\config-c6009c71\job_config.yaml
questions__node_classification__graphatlas_q_shuffle_edge__split1__seed1__b81d37747d66,b81d37747d66,0e672c999c335af7,questions,node_classification,graphatlas_q_shuffle_edge,graphatlas_certified,1,1,1,outputs\.work\runs\questions\graphatlas_q_shuffle_edge\split-1\seed-1\config-b81d3774,outputs\.work\runs\questions\graphatlas_q_shuffle_edge\split-1\seed-1\config-b81d3774\job_config.yaml
questions__node_classification__graphatlas_q_shuffle_edge__split2__seed2__bcd2dcde7bf5,bcd2dcde7bf5,0e672c999c335af7,questions,node_classification,graphatlas_q_shuffle_edge,graphatlas_certified,2,2,1,outputs\.work\runs\questions\graphatlas_q_shuffle_edge\split-2\seed-2\config-bcd2dcde,outputs\.work\runs\questions\graphatlas_q_shuffle_edge\split-2\seed-2\config-bcd2dcde\job_config.yaml
questions__node_classification__graphatlas_q_shuffle_edge__split3__seed3__35ce437914b0,35ce437914b0,0e672c999c335af7,questions,node_classification,graphatlas_q_shuffle_edge,graphatlas_certified,3,3,1,outputs\.work\runs\questions\graphatlas_q_shuffle_edge\split-3\seed-3\config-35ce4379,outputs\.work\runs\questions\graphatlas_q_shuffle_edge\split-3\seed-3\config-35ce4379\job_config.yaml
questions__node_classification__graphatlas_q_shuffle_edge__split4__seed4__61cabe18c8c0,61cabe18c8c0,0e672c999c335af7,questions,node_classification,graphatlas_q_shuffle_edge,graphatlas_certified,4,4,1,outputs\.work\runs\questions\graphatlas_q_shuffle_edge\split-4\seed-4\config-61cabe18,outputs\.work\runs\questions\graphatlas_q_shuffle_edge\split-4\seed-4\config-61cabe18\job_config.yaml
questions__node_classification__graphatlas_random_routing__split0__seed0__d700c8867a57,d700c8867a57,0e672c999c335af7,questions,node_classification,graphatlas_random_routing,graphatlas_certified,0,0,1,outputs\.work\runs\questions\graphatlas_random_routing\split-0\seed-0\config-d700c886,outputs\.work\runs\questions\graphatlas_random_routing\split-0\seed-0\config-d700c886\job_config.yaml
questions__node_classification__graphatlas_random_routing__split1__seed1__7955bb426cfb,7955bb426cfb,0e672c999c335af7,questions,node_classification,graphatlas_random_routing,graphatlas_certified,1,1,1,outputs\.work\runs\questions\graphatlas_random_routing\split-1\seed-1\config-7955bb42,outputs\.work\runs\questions\graphatlas_random_routing\split-1\seed-1\config-7955bb42\job_config.yaml
questions__node_classification__graphatlas_random_routing__split2__seed2__69d61c2a161d,69d61c2a161d,0e672c999c335af7,questions,node_classification,graphatlas_random_routing,graphatlas_certified,2,2,1,outputs\.work\runs\questions\graphatlas_random_routing\split-2\seed-2\config-69d61c2a,outputs\.work\runs\questions\graphatlas_random_routing\split-2\seed-2\config-69d61c2a\job_config.yaml
questions__node_classification__graphatlas_random_routing__split3__seed3__d251bf0c8550,d251bf0c8550,0e672c999c335af7,questions,node_classification,graphatlas_random_routing,graphatlas_certified,3,3,1,outputs\.work\runs\questions\graphatlas_random_routing\split-3\seed-3\config-d251bf0c,outputs\.work\runs\questions\graphatlas_random_routing\split-3\seed-3\config-d251bf0c\job_config.yaml
questions__node_classification__graphatlas_random_routing__split4__seed4__d8115e8b168f,d8115e8b168f,0e672c999c335af7,questions,node_classification,graphatlas_random_routing,graphatlas_certified,4,4,1,outputs\.work\runs\questions\graphatlas_random_routing\split-4\seed-4\config-d8115e8b,outputs\.work\runs\questions\graphatlas_random_routing\split-4\seed-4\config-d8115e8b\job_config.yaml
questions__node_classification__graphatlas_beta_zero__split0__seed0__88b99a9d5644,88b99a9d5644,0e672c999c335af7,questions,node_classification,graphatlas_beta_zero,graphatlas_certified,0,0,1,outputs\.work\runs\questions\graphatlas_beta_zero\split-0\seed-0\config-88b99a9d,outputs\.work\runs\questions\graphatlas_beta_zero\split-0\seed-0\config-88b99a9d\job_config.yaml
questions__node_classification__graphatlas_beta_zero__split1__seed1__cd4bf5dd5939,cd4bf5dd5939,0e672c999c335af7,questions,node_classification,graphatlas_beta_zero,graphatlas_certified,1,1,1,outputs\.work\runs\questions\graphatlas_beta_zero\split-1\seed-1\config-cd4bf5dd,outputs\.work\runs\questions\graphatlas_beta_zero\split-1\seed-1\config-cd4bf5dd\job_config.yaml
questions__node_classification__graphatlas_beta_zero__split2__seed2__8d23e7346ec7,8d23e7346ec7,0e672c999c335af7,questions,node_classification,graphatlas_beta_zero,graphatlas_certified,2,2,1,outputs\.work\runs\questions\graphatlas_beta_zero\split-2\seed-2\config-8d23e734,outputs\.work\runs\questions\graphatlas_beta_zero\split-2\seed-2\config-8d23e734\job_config.yaml
questions__node_classification__graphatlas_beta_zero__split3__seed3__20125e711e78,20125e711e78,0e672c999c335af7,questions,node_classification,graphatlas_beta_zero,graphatlas_certified,3,3,1,outputs\.work\runs\questions\graphatlas_beta_zero\split-3\seed-3\config-20125e71,outputs\.work\runs\questions\graphatlas_beta_zero\split-3\seed-3\config-20125e71\job_config.yaml
questions__node_classification__graphatlas_beta_zero__split4__seed4__2c83fcced217,2c83fcced217,0e672c999c335af7,questions,node_classification,graphatlas_beta_zero,graphatlas_certified,4,4,1,outputs\.work\runs\questions\graphatlas_beta_zero\split-4\seed-4\config-2c83fcce,outputs\.work\runs\questions\graphatlas_beta_zero\split-4\seed-4\config-2c83fcce\job_config.yaml
dblp__node_classification__graphatlas_c_oracle__split0__seed0__0e4182f1cebc,0e4182f1cebc,0e672c999c335af7,dblp,node_classification,graphatlas_c_oracle,graphatlas_certified,0,0,1,outputs\.work\runs\dblp\graphatlas_c_oracle\split-0\seed-0\config-0e4182f1,outputs\.work\runs\dblp\graphatlas_c_oracle\split-0\seed-0\config-0e4182f1\job_config.yaml
dblp__node_classification__graphatlas_c_oracle__split1__seed1__3ba810d82ec2,3ba810d82ec2,0e672c999c335af7,dblp,node_classification,graphatlas_c_oracle,graphatlas_certified,1,1,1,outputs\.work\runs\dblp\graphatlas_c_oracle\split-1\seed-1\config-3ba810d8,outputs\.work\runs\dblp\graphatlas_c_oracle\split-1\seed-1\config-3ba810d8\job_config.yaml
dblp__node_classification__graphatlas_c_oracle__split2__seed2__fd138cbddb90,fd138cbddb90,0e672c999c335af7,dblp,node_classification,graphatlas_c_oracle,graphatlas_certified,2,2,1,outputs\.work\runs\dblp\graphatlas_c_oracle\split-2\seed-2\config-fd138cbd,outputs\.work\runs\dblp\graphatlas_c_oracle\split-2\seed-2\config-fd138cbd\job_config.yaml
dblp__node_classification__graphatlas_c_oracle__split3__seed3__5e7593698dd3,5e7593698dd3,0e672c999c335af7,dblp,node_classification,graphatlas_c_oracle,graphatlas_certified,3,3,1,outputs\.work\runs\dblp\graphatlas_c_oracle\split-3\seed-3\config-5e759369,outputs\.work\runs\dblp\graphatlas_c_oracle\split-3\seed-3\config-5e759369\job_config.yaml
dblp__node_classification__graphatlas_c_oracle__split4__seed4__924968f65096,924968f65096,0e672c999c335af7,dblp,node_classification,graphatlas_c_oracle,graphatlas_certified,4,4,1,outputs\.work\runs\dblp\graphatlas_c_oracle\split-4\seed-4\config-924968f6,outputs\.work\runs\dblp\graphatlas_c_oracle\split-4\seed-4\config-924968f6\job_config.yaml
dblp__node_classification__graphatlas_c__split0__seed0__b6c673cb655f,b6c673cb655f,0e672c999c335af7,dblp,node_classification,graphatlas_c,graphatlas_certified,0,0,1,outputs\.work\runs\dblp\graphatlas_c\split-0\seed-0\config-b6c673cb,outputs\.work\runs\dblp\graphatlas_c\split-0\seed-0\config-b6c673cb\job_config.yaml
dblp__node_classification__graphatlas_c__split1__seed1__175afd45eabe,175afd45eabe,0e672c999c335af7,dblp,node_classification,graphatlas_c,graphatlas_certified,1,1,1,outputs\.work\runs\dblp\graphatlas_c\split-1\seed-1\config-175afd45,outputs\.work\runs\dblp\graphatlas_c\split-1\seed-1\config-175afd45\job_config.yaml
dblp__node_classification__graphatlas_c__split2__seed2__989b34b808f7,989b34b808f7,0e672c999c335af7,dblp,node_classification,graphatlas_c,graphatlas_certified,2,2,1,outputs\.work\runs\dblp\graphatlas_c\split-2\seed-2\config-989b34b8,outputs\.work\runs\dblp\graphatlas_c\split-2\seed-2\config-989b34b8\job_config.yaml
dblp__node_classification__graphatlas_c__split3__seed3__910e936131ab,910e936131ab,0e672c999c335af7,dblp,node_classification,graphatlas_c,graphatlas_certified,3,3,1,outputs\.work\runs\dblp\graphatlas_c\split-3\seed-3\config-910e9361,outputs\.work\runs\dblp\graphatlas_c\split-3\seed-3\config-910e9361\job_config.yaml
dblp__node_classification__graphatlas_c__split4__seed4__0cbb1963eee1,0cbb1963eee1,0e672c999c335af7,dblp,node_classification,graphatlas_c,graphatlas_certified,4,4,1,outputs\.work\runs\dblp\graphatlas_c\split-4\seed-4\config-0cbb1963,outputs\.work\runs\dblp\graphatlas_c\split-4\seed-4\config-0cbb1963\job_config.yaml
dblp__node_classification__graphatlas_original__split0__seed0__0e8994089051,0e8994089051,0e672c999c335af7,dblp,node_classification,graphatlas_original,graphatlas,0,0,1,outputs\.work\runs\dblp\graphatlas_original\split-0\seed-0\config-0e899408,outputs\.work\runs\dblp\graphatlas_original\split-0\seed-0\config-0e899408\job_config.yaml
dblp__node_classification__graphatlas_original__split1__seed1__f6129d141159,f6129d141159,0e672c999c335af7,dblp,node_classification,graphatlas_original,graphatlas,1,1,1,outputs\.work\runs\dblp\graphatlas_original\split-1\seed-1\config-f6129d14,outputs\.work\runs\dblp\graphatlas_original\split-1\seed-1\config-f6129d14\job_config.yaml
dblp__node_classification__graphatlas_original__split2__seed2__7af17da532e6,7af17da532e6,0e672c999c335af7,dblp,node_classification,graphatlas_original,graphatlas,2,2,1,outputs\.work\runs\dblp\graphatlas_original\split-2\seed-2\config-7af17da5,outputs\.work\runs\dblp\graphatlas_original\split-2\seed-2\config-7af17da5\job_config.yaml
dblp__node_classification__graphatlas_original__split3__seed3__d2b72071497c,d2b72071497c,0e672c999c335af7,dblp,node_classification,graphatlas_original,graphatlas,3,3,1,outputs\.work\runs\dblp\graphatlas_original\split-3\seed-3\config-d2b72071,outputs\.work\runs\dblp\graphatlas_original\split-3\seed-3\config-d2b72071\job_config.yaml
dblp__node_classification__graphatlas_original__split4__seed4__890f90d6f487,890f90d6f487,0e672c999c335af7,dblp,node_classification,graphatlas_original,graphatlas,4,4,1,outputs\.work\runs\dblp\graphatlas_original\split-4\seed-4\config-890f90d6,outputs\.work\runs\dblp\graphatlas_original\split-4\seed-4\config-890f90d6\job_config.yaml
dblp__node_classification__graphatlas_min_distortion__split0__seed0__635acc5c2394,635acc5c2394,0e672c999c335af7,dblp,node_classification,graphatlas_min_distortion,graphatlas_min_distortion,0,0,1,outputs\.work\runs\dblp\graphatlas_min_distortion\split-0\seed-0\config-635acc5c,outputs\.work\runs\dblp\graphatlas_min_distortion\split-0\seed-0\config-635acc5c\job_config.yaml
dblp__node_classification__graphatlas_min_distortion__split1__seed1__daaaf2f422b6,daaaf2f422b6,0e672c999c335af7,dblp,node_classification,graphatlas_min_distortion,graphatlas_min_distortion,1,1,1,outputs\.work\runs\dblp\graphatlas_min_distortion\split-1\seed-1\config-daaaf2f4,outputs\.work\runs\dblp\graphatlas_min_distortion\split-1\seed-1\config-daaaf2f4\job_config.yaml
dblp__node_classification__graphatlas_min_distortion__split2__seed2__815b56a96fce,815b56a96fce,0e672c999c335af7,dblp,node_classification,graphatlas_min_distortion,graphatlas_min_distortion,2,2,1,outputs\.work\runs\dblp\graphatlas_min_distortion\split-2\seed-2\config-815b56a9,outputs\.work\runs\dblp\graphatlas_min_distortion\split-2\seed-2\config-815b56a9\job_config.yaml
dblp__node_classification__graphatlas_min_distortion__split3__seed3__17cb3d34d668,17cb3d34d668,0e672c999c335af7,dblp,node_classification,graphatlas_min_distortion,graphatlas_min_distortion,3,3,1,outputs\.work\runs\dblp\graphatlas_min_distortion\split-3\seed-3\config-17cb3d34,outputs\.work\runs\dblp\graphatlas_min_distortion\split-3\seed-3\config-17cb3d34\job_config.yaml
dblp__node_classification__graphatlas_min_distortion__split4__seed4__ea8eff434d2b,ea8eff434d2b,0e672c999c335af7,dblp,node_classification,graphatlas_min_distortion,graphatlas_min_distortion,4,4,1,outputs\.work\runs\dblp\graphatlas_min_distortion\split-4\seed-4\config-ea8eff43,outputs\.work\runs\dblp\graphatlas_min_distortion\split-4\seed-4\config-ea8eff43\job_config.yaml
dblp__node_classification__graphatlas_no_transport__split0__seed0__48690badd24a,48690badd24a,0e672c999c335af7,dblp,node_classification,graphatlas_no_transport,graphatlas_no_transport,0,0,1,outputs\.work\runs\dblp\graphatlas_no_transport\split-0\seed-0\config-48690bad,outputs\.work\runs\dblp\graphatlas_no_transport\split-0\seed-0\config-48690bad\job_config.yaml
dblp__node_classification__graphatlas_no_transport__split1__seed1__58a7e69ce2c2,58a7e69ce2c2,0e672c999c335af7,dblp,node_classification,graphatlas_no_transport,graphatlas_no_transport,1,1,1,outputs\.work\runs\dblp\graphatlas_no_transport\split-1\seed-1\config-58a7e69c,outputs\.work\runs\dblp\graphatlas_no_transport\split-1\seed-1\config-58a7e69c\job_config.yaml
dblp__node_classification__graphatlas_no_transport__split2__seed2__a13e3fef7166,a13e3fef7166,0e672c999c335af7,dblp,node_classification,graphatlas_no_transport,graphatlas_no_transport,2,2,1,outputs\.work\runs\dblp\graphatlas_no_transport\split-2\seed-2\config-a13e3fef,outputs\.work\runs\dblp\graphatlas_no_transport\split-2\seed-2\config-a13e3fef\job_config.yaml
dblp__node_classification__graphatlas_no_transport__split3__seed3__ccba4fb9b114,ccba4fb9b114,0e672c999c335af7,dblp,node_classification,graphatlas_no_transport,graphatlas_no_transport,3,3,1,outputs\.work\runs\dblp\graphatlas_no_transport\split-3\seed-3\config-ccba4fb9,outputs\.work\runs\dblp\graphatlas_no_transport\split-3\seed-3\config-ccba4fb9\job_config.yaml
dblp__node_classification__graphatlas_no_transport__split4__seed4__21c6cf5b2391,21c6cf5b2391,0e672c999c335af7,dblp,node_classification,graphatlas_no_transport,graphatlas_no_transport,4,4,1,outputs\.work\runs\dblp\graphatlas_no_transport\split-4\seed-4\config-21c6cf5b,outputs\.work\runs\dblp\graphatlas_no_transport\split-4\seed-4\config-21c6cf5b\job_config.yaml
dblp__node_classification__graphatlas_free_transition__split0__seed0__ff536828664f,ff536828664f,0e672c999c335af7,dblp,node_classification,graphatlas_free_transition,graphatlas_free_transition,0,0,1,outputs\.work\runs\dblp\graphatlas_free_transition\split-0\seed-0\config-ff536828,outputs\.work\runs\dblp\graphatlas_free_transition\split-0\seed-0\config-ff536828\job_config.yaml
dblp__node_classification__graphatlas_free_transition__split1__seed1__0f1475761b26,0f1475761b26,0e672c999c335af7,dblp,node_classification,graphatlas_free_transition,graphatlas_free_transition,1,1,1,outputs\.work\runs\dblp\graphatlas_free_transition\split-1\seed-1\config-0f147576,outputs\.work\runs\dblp\graphatlas_free_transition\split-1\seed-1\config-0f147576\job_config.yaml
dblp__node_classification__graphatlas_free_transition__split2__seed2__02aa88956a42,02aa88956a42,0e672c999c335af7,dblp,node_classification,graphatlas_free_transition,graphatlas_free_transition,2,2,1,outputs\.work\runs\dblp\graphatlas_free_transition\split-2\seed-2\config-02aa8895,outputs\.work\runs\dblp\graphatlas_free_transition\split-2\seed-2\config-02aa8895\job_config.yaml
dblp__node_classification__graphatlas_free_transition__split3__seed3__1c0dd211d613,1c0dd211d613,0e672c999c335af7,dblp,node_classification,graphatlas_free_transition,graphatlas_free_transition,3,3,1,outputs\.work\runs\dblp\graphatlas_free_transition\split-3\seed-3\config-1c0dd211,outputs\.work\runs\dblp\graphatlas_free_transition\split-3\seed-3\config-1c0dd211\job_config.yaml
dblp__node_classification__graphatlas_free_transition__split4__seed4__05572326536b,05572326536b,0e672c999c335af7,dblp,node_classification,graphatlas_free_transition,graphatlas_free_transition,4,4,1,outputs\.work\runs\dblp\graphatlas_free_transition\split-4\seed-4\config-05572326,outputs\.work\runs\dblp\graphatlas_free_transition\split-4\seed-4\config-05572326\job_config.yaml
dblp__node_classification__graphatlas_membership_only__split0__seed0__db27a7118866,db27a7118866,0e672c999c335af7,dblp,node_classification,graphatlas_membership_only,graphatlas_certified,0,0,1,outputs\.work\runs\dblp\graphatlas_membership_only\split-0\seed-0\config-db27a711,outputs\.work\runs\dblp\graphatlas_membership_only\split-0\seed-0\config-db27a711\job_config.yaml
dblp__node_classification__graphatlas_membership_only__split1__seed1__bc8a168f88fa,bc8a168f88fa,0e672c999c335af7,dblp,node_classification,graphatlas_membership_only,graphatlas_certified,1,1,1,outputs\.work\runs\dblp\graphatlas_membership_only\split-1\seed-1\config-bc8a168f,outputs\.work\runs\dblp\graphatlas_membership_only\split-1\seed-1\config-bc8a168f\job_config.yaml
dblp__node_classification__graphatlas_membership_only__split2__seed2__1993d466b460,1993d466b460,0e672c999c335af7,dblp,node_classification,graphatlas_membership_only,graphatlas_certified,2,2,1,outputs\.work\runs\dblp\graphatlas_membership_only\split-2\seed-2\config-1993d466,outputs\.work\runs\dblp\graphatlas_membership_only\split-2\seed-2\config-1993d466\job_config.yaml
dblp__node_classification__graphatlas_membership_only__split3__seed3__f4e02c1f94e6,f4e02c1f94e6,0e672c999c335af7,dblp,node_classification,graphatlas_membership_only,graphatlas_certified,3,3,1,outputs\.work\runs\dblp\graphatlas_membership_only\split-3\seed-3\config-f4e02c1f,outputs\.work\runs\dblp\graphatlas_membership_only\split-3\seed-3\config-f4e02c1f\job_config.yaml
dblp__node_classification__graphatlas_membership_only__split4__seed4__6d415c0f7831,6d415c0f7831,0e672c999c335af7,dblp,node_classification,graphatlas_membership_only,graphatlas_certified,4,4,1,outputs\.work\runs\dblp\graphatlas_membership_only\split-4\seed-4\config-6d415c0f,outputs\.work\runs\dblp\graphatlas_membership_only\split-4\seed-4\config-6d415c0f\job_config.yaml
dblp__node_classification__graphatlas_q_shuffle_source__split0__seed0__49907b533412,49907b533412,0e672c999c335af7,dblp,node_classification,graphatlas_q_shuffle_source,graphatlas_certified,0,0,1,outputs\.work\runs\dblp\graphatlas_q_shuffle_source\split-0\seed-0\config-49907b53,outputs\.work\runs\dblp\graphatlas_q_shuffle_source\split-0\seed-0\config-49907b53\job_config.yaml
dblp__node_classification__graphatlas_q_shuffle_source__split1__seed1__682f3cd54c2f,682f3cd54c2f,0e672c999c335af7,dblp,node_classification,graphatlas_q_shuffle_source,graphatlas_certified,1,1,1,outputs\.work\runs\dblp\graphatlas_q_shuffle_source\split-1\seed-1\config-682f3cd5,outputs\.work\runs\dblp\graphatlas_q_shuffle_source\split-1\seed-1\config-682f3cd5\job_config.yaml
dblp__node_classification__graphatlas_q_shuffle_source__split2__seed2__a830bab45a66,a830bab45a66,0e672c999c335af7,dblp,node_classification,graphatlas_q_shuffle_source,graphatlas_certified,2,2,1,outputs\.work\runs\dblp\graphatlas_q_shuffle_source\split-2\seed-2\config-a830bab4,outputs\.work\runs\dblp\graphatlas_q_shuffle_source\split-2\seed-2\config-a830bab4\job_config.yaml
dblp__node_classification__graphatlas_q_shuffle_source__split3__seed3__2997c7116287,2997c7116287,0e672c999c335af7,dblp,node_classification,graphatlas_q_shuffle_source,graphatlas_certified,3,3,1,outputs\.work\runs\dblp\graphatlas_q_shuffle_source\split-3\seed-3\config-2997c711,outputs\.work\runs\dblp\graphatlas_q_shuffle_source\split-3\seed-3\config-2997c711\job_config.yaml
dblp__node_classification__graphatlas_q_shuffle_source__split4__seed4__3ee38125e7e8,3ee38125e7e8,0e672c999c335af7,dblp,node_classification,graphatlas_q_shuffle_source,graphatlas_certified,4,4,1,outputs\.work\runs\dblp\graphatlas_q_shuffle_source\split-4\seed-4\config-3ee38125,outputs\.work\runs\dblp\graphatlas_q_shuffle_source\split-4\seed-4\config-3ee38125\job_config.yaml
dblp__node_classification__graphatlas_q_shuffle_edge__split0__seed0__5c364a14f022,5c364a14f022,0e672c999c335af7,dblp,node_classification,graphatlas_q_shuffle_edge,graphatlas_certified,0,0,1,outputs\.work\runs\dblp\graphatlas_q_shuffle_edge\split-0\seed-0\config-5c364a14,outputs\.work\runs\dblp\graphatlas_q_shuffle_edge\split-0\seed-0\config-5c364a14\job_config.yaml
dblp__node_classification__graphatlas_q_shuffle_edge__split1__seed1__3284437080a5,3284437080a5,0e672c999c335af7,dblp,node_classification,graphatlas_q_shuffle_edge,graphatlas_certified,1,1,1,outputs\.work\runs\dblp\graphatlas_q_shuffle_edge\split-1\seed-1\config-32844370,outputs\.work\runs\dblp\graphatlas_q_shuffle_edge\split-1\seed-1\config-32844370\job_config.yaml
dblp__node_classification__graphatlas_q_shuffle_edge__split2__seed2__197e0526eb6f,197e0526eb6f,0e672c999c335af7,dblp,node_classification,graphatlas_q_shuffle_edge,graphatlas_certified,2,2,1,outputs\.work\runs\dblp\graphatlas_q_shuffle_edge\split-2\seed-2\config-197e0526,outputs\.work\runs\dblp\graphatlas_q_shuffle_edge\split-2\seed-2\config-197e0526\job_config.yaml
dblp__node_classification__graphatlas_q_shuffle_edge__split3__seed3__d650196f92cb,d650196f92cb,0e672c999c335af7,dblp,node_classification,graphatlas_q_shuffle_edge,graphatlas_certified,3,3,1,outputs\.work\runs\dblp\graphatlas_q_shuffle_edge\split-3\seed-3\config-d650196f,outputs\.work\runs\dblp\graphatlas_q_shuffle_edge\split-3\seed-3\config-d650196f\job_config.yaml
dblp__node_classification__graphatlas_q_shuffle_edge__split4__seed4__b17404424b1c,b17404424b1c,0e672c999c335af7,dblp,node_classification,graphatlas_q_shuffle_edge,graphatlas_certified,4,4,1,outputs\.work\runs\dblp\graphatlas_q_shuffle_edge\split-4\seed-4\config-b1740442,outputs\.work\runs\dblp\graphatlas_q_shuffle_edge\split-4\seed-4\config-b1740442\job_config.yaml
dblp__node_classification__graphatlas_random_routing__split0__seed0__7d313e9eb61e,7d313e9eb61e,0e672c999c335af7,dblp,node_classification,graphatlas_random_routing,graphatlas_certified,0,0,1,outputs\.work\runs\dblp\graphatlas_random_routing\split-0\seed-0\config-7d313e9e,outputs\.work\runs\dblp\graphatlas_random_routing\split-0\seed-0\config-7d313e9e\job_config.yaml
dblp__node_classification__graphatlas_random_routing__split1__seed1__88cd5a9a4a2f,88cd5a9a4a2f,0e672c999c335af7,dblp,node_classification,graphatlas_random_routing,graphatlas_certified,1,1,1,outputs\.work\runs\dblp\graphatlas_random_routing\split-1\seed-1\config-88cd5a9a,outputs\.work\runs\dblp\graphatlas_random_routing\split-1\seed-1\config-88cd5a9a\job_config.yaml
dblp__node_classification__graphatlas_random_routing__split2__seed2__374cd343e687,374cd343e687,0e672c999c335af7,dblp,node_classification,graphatlas_random_routing,graphatlas_certified,2,2,1,outputs\.work\runs\dblp\graphatlas_random_routing\split-2\seed-2\config-374cd343,outputs\.work\runs\dblp\graphatlas_random_routing\split-2\seed-2\config-374cd343\job_config.yaml
dblp__node_classification__graphatlas_random_routing__split3__seed3__824dae6c37ee,824dae6c37ee,0e672c999c335af7,dblp,node_classification,graphatlas_random_routing,graphatlas_certified,3,3,1,outputs\.work\runs\dblp\graphatlas_random_routing\split-3\seed-3\config-824dae6c,outputs\.work\runs\dblp\graphatlas_random_routing\split-3\seed-3\config-824dae6c\job_config.yaml
dblp__node_classification__graphatlas_random_routing__split4__seed4__ae008d61e893,ae008d61e893,0e672c999c335af7,dblp,node_classification,graphatlas_random_routing,graphatlas_certified,4,4,1,outputs\.work\runs\dblp\graphatlas_random_routing\split-4\seed-4\config-ae008d61,outputs\.work\runs\dblp\graphatlas_random_routing\split-4\seed-4\config-ae008d61\job_config.yaml
dblp__node_classification__graphatlas_beta_zero__split0__seed0__270c3305ea05,270c3305ea05,0e672c999c335af7,dblp,node_classification,graphatlas_beta_zero,graphatlas_certified,0,0,1,outputs\.work\runs\dblp\graphatlas_beta_zero\split-0\seed-0\config-270c3305,outputs\.work\runs\dblp\graphatlas_beta_zero\split-0\seed-0\config-270c3305\job_config.yaml
dblp__node_classification__graphatlas_beta_zero__split1__seed1__497d50b801a0,497d50b801a0,0e672c999c335af7,dblp,node_classification,graphatlas_beta_zero,graphatlas_certified,1,1,1,outputs\.work\runs\dblp\graphatlas_beta_zero\split-1\seed-1\config-497d50b8,outputs\.work\runs\dblp\graphatlas_beta_zero\split-1\seed-1\config-497d50b8\job_config.yaml
dblp__node_classification__graphatlas_beta_zero__split2__seed2__d56a89c58abb,d56a89c58abb,0e672c999c335af7,dblp,node_classification,graphatlas_beta_zero,graphatlas_certified,2,2,1,outputs\.work\runs\dblp\graphatlas_beta_zero\split-2\seed-2\config-d56a89c5,outputs\.work\runs\dblp\graphatlas_beta_zero\split-2\seed-2\config-d56a89c5\job_config.yaml
dblp__node_classification__graphatlas_beta_zero__split3__seed3__3cbdd5c250cc,3cbdd5c250cc,0e672c999c335af7,dblp,node_classification,graphatlas_beta_zero,graphatlas_certified,3,3,1,outputs\.work\runs\dblp\graphatlas_beta_zero\split-3\seed-3\config-3cbdd5c2,outputs\.work\runs\dblp\graphatlas_beta_zero\split-3\seed-3\config-3cbdd5c2\job_config.yaml
dblp__node_classification__graphatlas_beta_zero__split4__seed4__a665669b6571,a665669b6571,0e672c999c335af7,dblp,node_classification,graphatlas_beta_zero,graphatlas_certified,4,4,1,outputs\.work\runs\dblp\graphatlas_beta_zero\split-4\seed-4\config-a665669b,outputs\.work\runs\dblp\graphatlas_beta_zero\split-4\seed-4\config-a665669b\job_config.yaml
coauthor_cs__node_classification__graphatlas_c_oracle__split0__seed0__da80feca7753,da80feca7753,0e672c999c335af7,coauthor_cs,node_classification,graphatlas_c_oracle,graphatlas_certified,0,0,1,outputs\.work\runs\coauthor_cs\graphatlas_c_oracle\split-0\seed-0\config-da80feca,outputs\.work\runs\coauthor_cs\graphatlas_c_oracle\split-0\seed-0\config-da80feca\job_config.yaml
coauthor_cs__node_classification__graphatlas_c_oracle__split1__seed1__c5a76d4dcdaf,c5a76d4dcdaf,0e672c999c335af7,coauthor_cs,node_classification,graphatlas_c_oracle,graphatlas_certified,1,1,1,outputs\.work\runs\coauthor_cs\graphatlas_c_oracle\split-1\seed-1\config-c5a76d4d,outputs\.work\runs\coauthor_cs\graphatlas_c_oracle\split-1\seed-1\config-c5a76d4d\job_config.yaml
coauthor_cs__node_classification__graphatlas_c_oracle__split2__seed2__e41587a1319b,e41587a1319b,0e672c999c335af7,coauthor_cs,node_classification,graphatlas_c_oracle,graphatlas_certified,2,2,1,outputs\.work\runs\coauthor_cs\graphatlas_c_oracle\split-2\seed-2\config-e41587a1,outputs\.work\runs\coauthor_cs\graphatlas_c_oracle\split-2\seed-2\config-e41587a1\job_config.yaml
coauthor_cs__node_classification__graphatlas_c_oracle__split3__seed3__d595698af292,d595698af292,0e672c999c335af7,coauthor_cs,node_classification,graphatlas_c_oracle,graphatlas_certified,3,3,1,outputs\.work\runs\coauthor_cs\graphatlas_c_oracle\split-3\seed-3\config-d595698a,outputs\.work\runs\coauthor_cs\graphatlas_c_oracle\split-3\seed-3\config-d595698a\job_config.yaml
coauthor_cs__node_classification__graphatlas_c_oracle__split4__seed4__16a483376087,16a483376087,0e672c999c335af7,coauthor_cs,node_classification,graphatlas_c_oracle,graphatlas_certified,4,4,1,outputs\.work\runs\coauthor_cs\graphatlas_c_oracle\split-4\seed-4\config-16a48337,outputs\.work\runs\coauthor_cs\graphatlas_c_oracle\split-4\seed-4\config-16a48337\job_config.yaml
coauthor_cs__node_classification__graphatlas_c__split0__seed0__d1b36daaf3ab,d1b36daaf3ab,0e672c999c335af7,coauthor_cs,node_classification,graphatlas_c,graphatlas_certified,0,0,1,outputs\.work\runs\coauthor_cs\graphatlas_c\split-0\seed-0\config-d1b36daa,outputs\.work\runs\coauthor_cs\graphatlas_c\split-0\seed-0\config-d1b36daa\job_config.yaml
coauthor_cs__node_classification__graphatlas_c__split1__seed1__61c929f16fa5,61c929f16fa5,0e672c999c335af7,coauthor_cs,node_classification,graphatlas_c,graphatlas_certified,1,1,1,outputs\.work\runs\coauthor_cs\graphatlas_c\split-1\seed-1\config-61c929f1,outputs\.work\runs\coauthor_cs\graphatlas_c\split-1\seed-1\config-61c929f1\job_config.yaml
coauthor_cs__node_classification__graphatlas_c__split2__seed2__058153eb552e,058153eb552e,0e672c999c335af7,coauthor_cs,node_classification,graphatlas_c,graphatlas_certified,2,2,1,outputs\.work\runs\coauthor_cs\graphatlas_c\split-2\seed-2\config-058153eb,outputs\.work\runs\coauthor_cs\graphatlas_c\split-2\seed-2\config-058153eb\job_config.yaml
coauthor_cs__node_classification__graphatlas_c__split3__seed3__7f9d706b720a,7f9d706b720a,0e672c999c335af7,coauthor_cs,node_classification,graphatlas_c,graphatlas_certified,3,3,1,outputs\.work\runs\coauthor_cs\graphatlas_c\split-3\seed-3\config-7f9d706b,outputs\.work\runs\coauthor_cs\graphatlas_c\split-3\seed-3\config-7f9d706b\job_config.yaml
coauthor_cs__node_classification__graphatlas_c__split4__seed4__3d2c764a3e58,3d2c764a3e58,0e672c999c335af7,coauthor_cs,node_classification,graphatlas_c,graphatlas_certified,4,4,1,outputs\.work\runs\coauthor_cs\graphatlas_c\split-4\seed-4\config-3d2c764a,outputs\.work\runs\coauthor_cs\graphatlas_c\split-4\seed-4\config-3d2c764a\job_config.yaml
coauthor_cs__node_classification__graphatlas_original__split0__seed0__d35632bd85de,d35632bd85de,0e672c999c335af7,coauthor_cs,node_classification,graphatlas_original,graphatlas,0,0,1,outputs\.work\runs\coauthor_cs\graphatlas_original\split-0\seed-0\config-d35632bd,outputs\.work\runs\coauthor_cs\graphatlas_original\split-0\seed-0\config-d35632bd\job_config.yaml
coauthor_cs__node_classification__graphatlas_original__split1__seed1__0259e8eb68c2,0259e8eb68c2,0e672c999c335af7,coauthor_cs,node_classification,graphatlas_original,graphatlas,1,1,1,outputs\.work\runs\coauthor_cs\graphatlas_original\split-1\seed-1\config-0259e8eb,outputs\.work\runs\coauthor_cs\graphatlas_original\split-1\seed-1\config-0259e8eb\job_config.yaml
coauthor_cs__node_classification__graphatlas_original__split2__seed2__3b6ca2b19c8a,3b6ca2b19c8a,0e672c999c335af7,coauthor_cs,node_classification,graphatlas_original,graphatlas,2,2,1,outputs\.work\runs\coauthor_cs\graphatlas_original\split-2\seed-2\config-3b6ca2b1,outputs\.work\runs\coauthor_cs\graphatlas_original\split-2\seed-2\config-3b6ca2b1\job_config.yaml
coauthor_cs__node_classification__graphatlas_original__split3__seed3__1034c6099649,1034c6099649,0e672c999c335af7,coauthor_cs,node_classification,graphatlas_original,graphatlas,3,3,1,outputs\.work\runs\coauthor_cs\graphatlas_original\split-3\seed-3\config-1034c609,outputs\.work\runs\coauthor_cs\graphatlas_original\split-3\seed-3\config-1034c609\job_config.yaml
coauthor_cs__node_classification__graphatlas_original__split4__seed4__1902b4209ff3,1902b4209ff3,0e672c999c335af7,coauthor_cs,node_classification,graphatlas_original,graphatlas,4,4,1,outputs\.work\runs\coauthor_cs\graphatlas_original\split-4\seed-4\config-1902b420,outputs\.work\runs\coauthor_cs\graphatlas_original\split-4\seed-4\config-1902b420\job_config.yaml
coauthor_cs__node_classification__graphatlas_min_distortion__split0__seed0__8c409b4605dd,8c409b4605dd,0e672c999c335af7,coauthor_cs,node_classification,graphatlas_min_distortion,graphatlas_min_distortion,0,0,1,outputs\.work\runs\coauthor_cs\graphatlas_min_distortion\split-0\seed-0\config-8c409b46,outputs\.work\runs\coauthor_cs\graphatlas_min_distortion\split-0\seed-0\config-8c409b46\job_config.yaml
coauthor_cs__node_classification__graphatlas_min_distortion__split1__seed1__fd01dc412259,fd01dc412259,0e672c999c335af7,coauthor_cs,node_classification,graphatlas_min_distortion,graphatlas_min_distortion,1,1,1,outputs\.work\runs\coauthor_cs\graphatlas_min_distortion\split-1\seed-1\config-fd01dc41,outputs\.work\runs\coauthor_cs\graphatlas_min_distortion\split-1\seed-1\config-fd01dc41\job_config.yaml
coauthor_cs__node_classification__graphatlas_min_distortion__split2__seed2__0bbee7c7d1a2,0bbee7c7d1a2,0e672c999c335af7,coauthor_cs,node_classification,graphatlas_min_distortion,graphatlas_min_distortion,2,2,1,outputs\.work\runs\coauthor_cs\graphatlas_min_distortion\split-2\seed-2\config-0bbee7c7,outputs\.work\runs\coauthor_cs\graphatlas_min_distortion\split-2\seed-2\config-0bbee7c7\job_config.yaml
coauthor_cs__node_classification__graphatlas_min_distortion__split3__seed3__56da349df438,56da349df438,0e672c999c335af7,coauthor_cs,node_classification,graphatlas_min_distortion,graphatlas_min_distortion,3,3,1,outputs\.work\runs\coauthor_cs\graphatlas_min_distortion\split-3\seed-3\config-56da349d,outputs\.work\runs\coauthor_cs\graphatlas_min_distortion\split-3\seed-3\config-56da349d\job_config.yaml
coauthor_cs__node_classification__graphatlas_min_distortion__split4__seed4__c534a902dab2,c534a902dab2,0e672c999c335af7,coauthor_cs,node_classification,graphatlas_min_distortion,graphatlas_min_distortion,4,4,1,outputs\.work\runs\coauthor_cs\graphatlas_min_distortion\split-4\seed-4\config-c534a902,outputs\.work\runs\coauthor_cs\graphatlas_min_distortion\split-4\seed-4\config-c534a902\job_config.yaml
coauthor_cs__node_classification__graphatlas_no_transport__split0__seed0__02a30c21cbe9,02a30c21cbe9,0e672c999c335af7,coauthor_cs,node_classification,graphatlas_no_transport,graphatlas_no_transport,0,0,1,outputs\.work\runs\coauthor_cs\graphatlas_no_transport\split-0\seed-0\config-02a30c21,outputs\.work\runs\coauthor_cs\graphatlas_no_transport\split-0\seed-0\config-02a30c21\job_config.yaml
coauthor_cs__node_classification__graphatlas_no_transport__split1__seed1__18404ecea2ec,18404ecea2ec,0e672c999c335af7,coauthor_cs,node_classification,graphatlas_no_transport,graphatlas_no_transport,1,1,1,outputs\.work\runs\coauthor_cs\graphatlas_no_transport\split-1\seed-1\config-18404ece,outputs\.work\runs\coauthor_cs\graphatlas_no_transport\split-1\seed-1\config-18404ece\job_config.yaml
coauthor_cs__node_classification__graphatlas_no_transport__split2__seed2__e4d7fdfe7f93,e4d7fdfe7f93,0e672c999c335af7,coauthor_cs,node_classification,graphatlas_no_transport,graphatlas_no_transport,2,2,1,outputs\.work\runs\coauthor_cs\graphatlas_no_transport\split-2\seed-2\config-e4d7fdfe,outputs\.work\runs\coauthor_cs\graphatlas_no_transport\split-2\seed-2\config-e4d7fdfe\job_config.yaml
coauthor_cs__node_classification__graphatlas_no_transport__split3__seed3__c1f686c78482,c1f686c78482,0e672c999c335af7,coauthor_cs,node_classification,graphatlas_no_transport,graphatlas_no_transport,3,3,1,outputs\.work\runs\coauthor_cs\graphatlas_no_transport\split-3\seed-3\config-c1f686c7,outputs\.work\runs\coauthor_cs\graphatlas_no_transport\split-3\seed-3\config-c1f686c7\job_config.yaml
coauthor_cs__node_classification__graphatlas_no_transport__split4__seed4__6a28503adb23,6a28503adb23,0e672c999c335af7,coauthor_cs,node_classification,graphatlas_no_transport,graphatlas_no_transport,4,4,1,outputs\.work\runs\coauthor_cs\graphatlas_no_transport\split-4\seed-4\config-6a28503a,outputs\.work\runs\coauthor_cs\graphatlas_no_transport\split-4\seed-4\config-6a28503a\job_config.yaml
coauthor_cs__node_classification__graphatlas_free_transition__split0__seed0__94bcdf9fa855,94bcdf9fa855,0e672c999c335af7,coauthor_cs,node_classification,graphatlas_free_transition,graphatlas_free_transition,0,0,1,outputs\.work\runs\coauthor_cs\graphatlas_free_transition\split-0\seed-0\config-94bcdf9f,outputs\.work\runs\coauthor_cs\graphatlas_free_transition\split-0\seed-0\config-94bcdf9f\job_config.yaml
coauthor_cs__node_classification__graphatlas_free_transition__split1__seed1__16174c8f5276,16174c8f5276,0e672c999c335af7,coauthor_cs,node_classification,graphatlas_free_transition,graphatlas_free_transition,1,1,1,outputs\.work\runs\coauthor_cs\graphatlas_free_transition\split-1\seed-1\config-16174c8f,outputs\.work\runs\coauthor_cs\graphatlas_free_transition\split-1\seed-1\config-16174c8f\job_config.yaml
coauthor_cs__node_classification__graphatlas_free_transition__split2__seed2__e844d86e560f,e844d86e560f,0e672c999c335af7,coauthor_cs,node_classification,graphatlas_free_transition,graphatlas_free_transition,2,2,1,outputs\.work\runs\coauthor_cs\graphatlas_free_transition\split-2\seed-2\config-e844d86e,outputs\.work\runs\coauthor_cs\graphatlas_free_transition\split-2\seed-2\config-e844d86e\job_config.yaml
coauthor_cs__node_classification__graphatlas_free_transition__split3__seed3__0d053faf31d4,0d053faf31d4,0e672c999c335af7,coauthor_cs,node_classification,graphatlas_free_transition,graphatlas_free_transition,3,3,1,outputs\.work\runs\coauthor_cs\graphatlas_free_transition\split-3\seed-3\config-0d053faf,outputs\.work\runs\coauthor_cs\graphatlas_free_transition\split-3\seed-3\config-0d053faf\job_config.yaml
coauthor_cs__node_classification__graphatlas_free_transition__split4__seed4__1a2a56065e25,1a2a56065e25,0e672c999c335af7,coauthor_cs,node_classification,graphatlas_free_transition,graphatlas_free_transition,4,4,1,outputs\.work\runs\coauthor_cs\graphatlas_free_transition\split-4\seed-4\config-1a2a5606,outputs\.work\runs\coauthor_cs\graphatlas_free_transition\split-4\seed-4\config-1a2a5606\job_config.yaml
coauthor_cs__node_classification__graphatlas_membership_only__split0__seed0__12f1b038d940,12f1b038d940,0e672c999c335af7,coauthor_cs,node_classification,graphatlas_membership_only,graphatlas_certified,0,0,1,outputs\.work\runs\coauthor_cs\graphatlas_membership_only\split-0\seed-0\config-12f1b038,outputs\.work\runs\coauthor_cs\graphatlas_membership_only\split-0\seed-0\config-12f1b038\job_config.yaml
coauthor_cs__node_classification__graphatlas_membership_only__split1__seed1__dc9c0ed46cb0,dc9c0ed46cb0,0e672c999c335af7,coauthor_cs,node_classification,graphatlas_membership_only,graphatlas_certified,1,1,1,outputs\.work\runs\coauthor_cs\graphatlas_membership_only\split-1\seed-1\config-dc9c0ed4,outputs\.work\runs\coauthor_cs\graphatlas_membership_only\split-1\seed-1\config-dc9c0ed4\job_config.yaml
coauthor_cs__node_classification__graphatlas_membership_only__split2__seed2__61a2c975ef9c,61a2c975ef9c,0e672c999c335af7,coauthor_cs,node_classification,graphatlas_membership_only,graphatlas_certified,2,2,1,outputs\.work\runs\coauthor_cs\graphatlas_membership_only\split-2\seed-2\config-61a2c975,outputs\.work\runs\coauthor_cs\graphatlas_membership_only\split-2\seed-2\config-61a2c975\job_config.yaml
coauthor_cs__node_classification__graphatlas_membership_only__split3__seed3__9c3bcc8623a7,9c3bcc8623a7,0e672c999c335af7,coauthor_cs,node_classification,graphatlas_membership_only,graphatlas_certified,3,3,1,outputs\.work\runs\coauthor_cs\graphatlas_membership_only\split-3\seed-3\config-9c3bcc86,outputs\.work\runs\coauthor_cs\graphatlas_membership_only\split-3\seed-3\config-9c3bcc86\job_config.yaml
coauthor_cs__node_classification__graphatlas_membership_only__split4__seed4__f96b383b0ee2,f96b383b0ee2,0e672c999c335af7,coauthor_cs,node_classification,graphatlas_membership_only,graphatlas_certified,4,4,1,outputs\.work\runs\coauthor_cs\graphatlas_membership_only\split-4\seed-4\config-f96b383b,outputs\.work\runs\coauthor_cs\graphatlas_membership_only\split-4\seed-4\config-f96b383b\job_config.yaml
coauthor_cs__node_classification__graphatlas_q_shuffle_source__split0__seed0__0b3151643d60,0b3151643d60,0e672c999c335af7,coauthor_cs,node_classification,graphatlas_q_shuffle_source,graphatlas_certified,0,0,1,outputs\.work\runs\coauthor_cs\graphatlas_q_shuffle_source\split-0\seed-0\config-0b315164,outputs\.work\runs\coauthor_cs\graphatlas_q_shuffle_source\split-0\seed-0\config-0b315164\job_config.yaml
coauthor_cs__node_classification__graphatlas_q_shuffle_source__split1__seed1__b0ae280c9a23,b0ae280c9a23,0e672c999c335af7,coauthor_cs,node_classification,graphatlas_q_shuffle_source,graphatlas_certified,1,1,1,outputs\.work\runs\coauthor_cs\graphatlas_q_shuffle_source\split-1\seed-1\config-b0ae280c,outputs\.work\runs\coauthor_cs\graphatlas_q_shuffle_source\split-1\seed-1\config-b0ae280c\job_config.yaml
coauthor_cs__node_classification__graphatlas_q_shuffle_source__split2__seed2__a2566e813bad,a2566e813bad,0e672c999c335af7,coauthor_cs,node_classification,graphatlas_q_shuffle_source,graphatlas_certified,2,2,1,outputs\.work\runs\coauthor_cs\graphatlas_q_shuffle_source\split-2\seed-2\config-a2566e81,outputs\.work\runs\coauthor_cs\graphatlas_q_shuffle_source\split-2\seed-2\config-a2566e81\job_config.yaml
coauthor_cs__node_classification__graphatlas_q_shuffle_source__split3__seed3__2385f2a9c894,2385f2a9c894,0e672c999c335af7,coauthor_cs,node_classification,graphatlas_q_shuffle_source,graphatlas_certified,3,3,1,outputs\.work\runs\coauthor_cs\graphatlas_q_shuffle_source\split-3\seed-3\config-2385f2a9,outputs\.work\runs\coauthor_cs\graphatlas_q_shuffle_source\split-3\seed-3\config-2385f2a9\job_config.yaml
coauthor_cs__node_classification__graphatlas_q_shuffle_source__split4__seed4__d04928f22707,d04928f22707,0e672c999c335af7,coauthor_cs,node_classification,graphatlas_q_shuffle_source,graphatlas_certified,4,4,1,outputs\.work\runs\coauthor_cs\graphatlas_q_shuffle_source\split-4\seed-4\config-d04928f2,outputs\.work\runs\coauthor_cs\graphatlas_q_shuffle_source\split-4\seed-4\config-d04928f2\job_config.yaml
coauthor_cs__node_classification__graphatlas_q_shuffle_edge__split0__seed0__611fb3c4c5f1,611fb3c4c5f1,0e672c999c335af7,coauthor_cs,node_classification,graphatlas_q_shuffle_edge,graphatlas_certified,0,0,1,outputs\.work\runs\coauthor_cs\graphatlas_q_shuffle_edge\split-0\seed-0\config-611fb3c4,outputs\.work\runs\coauthor_cs\graphatlas_q_shuffle_edge\split-0\seed-0\config-611fb3c4\job_config.yaml
coauthor_cs__node_classification__graphatlas_q_shuffle_edge__split1__seed1__969eca048528,969eca048528,0e672c999c335af7,coauthor_cs,node_classification,graphatlas_q_shuffle_edge,graphatlas_certified,1,1,1,outputs\.work\runs\coauthor_cs\graphatlas_q_shuffle_edge\split-1\seed-1\config-969eca04,outputs\.work\runs\coauthor_cs\graphatlas_q_shuffle_edge\split-1\seed-1\config-969eca04\job_config.yaml
coauthor_cs__node_classification__graphatlas_q_shuffle_edge__split2__seed2__69c5d9c38a5b,69c5d9c38a5b,0e672c999c335af7,coauthor_cs,node_classification,graphatlas_q_shuffle_edge,graphatlas_certified,2,2,1,outputs\.work\runs\coauthor_cs\graphatlas_q_shuffle_edge\split-2\seed-2\config-69c5d9c3,outputs\.work\runs\coauthor_cs\graphatlas_q_shuffle_edge\split-2\seed-2\config-69c5d9c3\job_config.yaml
coauthor_cs__node_classification__graphatlas_q_shuffle_edge__split3__seed3__9c1ea99fa4eb,9c1ea99fa4eb,0e672c999c335af7,coauthor_cs,node_classification,graphatlas_q_shuffle_edge,graphatlas_certified,3,3,1,outputs\.work\runs\coauthor_cs\graphatlas_q_shuffle_edge\split-3\seed-3\config-9c1ea99f,outputs\.work\runs\coauthor_cs\graphatlas_q_shuffle_edge\split-3\seed-3\config-9c1ea99f\job_config.yaml
coauthor_cs__node_classification__graphatlas_q_shuffle_edge__split4__seed4__71c99fbde5cd,71c99fbde5cd,0e672c999c335af7,coauthor_cs,node_classification,graphatlas_q_shuffle_edge,graphatlas_certified,4,4,1,outputs\.work\runs\coauthor_cs\graphatlas_q_shuffle_edge\split-4\seed-4\config-71c99fbd,outputs\.work\runs\coauthor_cs\graphatlas_q_shuffle_edge\split-4\seed-4\config-71c99fbd\job_config.yaml
coauthor_cs__node_classification__graphatlas_random_routing__split0__seed0__f375cdc9e597,f375cdc9e597,0e672c999c335af7,coauthor_cs,node_classification,graphatlas_random_routing,graphatlas_certified,0,0,1,outputs\.work\runs\coauthor_cs\graphatlas_random_routing\split-0\seed-0\config-f375cdc9,outputs\.work\runs\coauthor_cs\graphatlas_random_routing\split-0\seed-0\config-f375cdc9\job_config.yaml
coauthor_cs__node_classification__graphatlas_random_routing__split1__seed1__ff1a8987923f,ff1a8987923f,0e672c999c335af7,coauthor_cs,node_classification,graphatlas_random_routing,graphatlas_certified,1,1,1,outputs\.work\runs\coauthor_cs\graphatlas_random_routing\split-1\seed-1\config-ff1a8987,outputs\.work\runs\coauthor_cs\graphatlas_random_routing\split-1\seed-1\config-ff1a8987\job_config.yaml
coauthor_cs__node_classification__graphatlas_random_routing__split2__seed2__e6dd9ed2481f,e6dd9ed2481f,0e672c999c335af7,coauthor_cs,node_classification,graphatlas_random_routing,graphatlas_certified,2,2,1,outputs\.work\runs\coauthor_cs\graphatlas_random_routing\split-2\seed-2\config-e6dd9ed2,outputs\.work\runs\coauthor_cs\graphatlas_random_routing\split-2\seed-2\config-e6dd9ed2\job_config.yaml
coauthor_cs__node_classification__graphatlas_random_routing__split3__seed3__5647b4fc0fc9,5647b4fc0fc9,0e672c999c335af7,coauthor_cs,node_classification,graphatlas_random_routing,graphatlas_certified,3,3,1,outputs\.work\runs\coauthor_cs\graphatlas_random_routing\split-3\seed-3\config-5647b4fc,outputs\.work\runs\coauthor_cs\graphatlas_random_routing\split-3\seed-3\config-5647b4fc\job_config.yaml
coauthor_cs__node_classification__graphatlas_random_routing__split4__seed4__ce65fa7f0633,ce65fa7f0633,0e672c999c335af7,coauthor_cs,node_classification,graphatlas_random_routing,graphatlas_certified,4,4,1,outputs\.work\runs\coauthor_cs\graphatlas_random_routing\split-4\seed-4\config-ce65fa7f,outputs\.work\runs\coauthor_cs\graphatlas_random_routing\split-4\seed-4\config-ce65fa7f\job_config.yaml
coauthor_cs__node_classification__graphatlas_beta_zero__split0__seed0__27f11a4ff30b,27f11a4ff30b,0e672c999c335af7,coauthor_cs,node_classification,graphatlas_beta_zero,graphatlas_certified,0,0,1,outputs\.work\runs\coauthor_cs\graphatlas_beta_zero\split-0\seed-0\config-27f11a4f,outputs\.work\runs\coauthor_cs\graphatlas_beta_zero\split-0\seed-0\config-27f11a4f\job_config.yaml
coauthor_cs__node_classification__graphatlas_beta_zero__split1__seed1__f8ee54935f6a,f8ee54935f6a,0e672c999c335af7,coauthor_cs,node_classification,graphatlas_beta_zero,graphatlas_certified,1,1,1,outputs\.work\runs\coauthor_cs\graphatlas_beta_zero\split-1\seed-1\config-f8ee5493,outputs\.work\runs\coauthor_cs\graphatlas_beta_zero\split-1\seed-1\config-f8ee5493\job_config.yaml
coauthor_cs__node_classification__graphatlas_beta_zero__split2__seed2__5b11f1cd52c1,5b11f1cd52c1,0e672c999c335af7,coauthor_cs,node_classification,graphatlas_beta_zero,graphatlas_certified,2,2,1,outputs\.work\runs\coauthor_cs\graphatlas_beta_zero\split-2\seed-2\config-5b11f1cd,outputs\.work\runs\coauthor_cs\graphatlas_beta_zero\split-2\seed-2\config-5b11f1cd\job_config.yaml
coauthor_cs__node_classification__graphatlas_beta_zero__split3__seed3__465de5197b32,465de5197b32,0e672c999c335af7,coauthor_cs,node_classification,graphatlas_beta_zero,graphatlas_certified,3,3,1,outputs\.work\runs\coauthor_cs\graphatlas_beta_zero\split-3\seed-3\config-465de519,outputs\.work\runs\coauthor_cs\graphatlas_beta_zero\split-3\seed-3\config-465de519\job_config.yaml
coauthor_cs__node_classification__graphatlas_beta_zero__split4__seed4__ae4866ba463b,ae4866ba463b,0e672c999c335af7,coauthor_cs,node_classification,graphatlas_beta_zero,graphatlas_certified,4,4,1,outputs\.work\runs\coauthor_cs\graphatlas_beta_zero\split-4\seed-4\config-ae4866ba,outputs\.work\runs\coauthor_cs\graphatlas_beta_zero\split-4\seed-4\config-ae4866ba\job_config.yaml
