run_id,config_hash,source_hash,dataset,task,model,model_family,seed,split,num_threads,run_dir,job_config
atlas_het__node_classification__graphatlas_c_oracle__split0__seed0__20a34f2b444a,20a34f2b444a,0e672c999c335af7,atlas_het,node_classification,graphatlas_c_oracle,graphatlas_certified,0,0,1,outputs\.work\runs\atlas_het\graphatlas_c_oracle\split-0\seed-0\config-20a34f2b,outputs\.work\runs\atlas_het\graphatlas_c_oracle\split-0\seed-0\config-20a34f2b\job_config.yaml
atlas_het__node_classification__graphatlas_c_oracle__split0__seed1__6ee3ff8788f5,6ee3ff8788f5,0e672c999c335af7,atlas_het,node_classification,graphatlas_c_oracle,graphatlas_certified,1,0,1,outputs\.work\runs\atlas_het\graphatlas_c_oracle\split-0\seed-1\config-6ee3ff87,outputs\.work\runs\atlas_het\graphatlas_c_oracle\split-0\seed-1\config-6ee3ff87\job_config.yaml
atlas_het__node_classification__graphatlas_c_oracle__split0__seed2__ddd60cd3e047,ddd60cd3e047,0e672c999c335af7,atlas_het,node_classification,graphatlas_c_oracle,graphatlas_certified,2,0,1,outputs\.work\runs\atlas_het\graphatlas_c_oracle\split-0\seed-2\config-ddd60cd3,outputs\.work\runs\atlas_het\graphatlas_c_oracle\split-0\seed-2\config-ddd60cd3\job_config.yaml
atlas_het__node_classification__graphatlas_c__split0__seed0__de1185d74993,de1185d74993,0e672c999c335af7,atlas_het,node_classification,graphatlas_c,graphatlas_certified,0,0,1,outputs\.work\runs\atlas_het\graphatlas_c\split-0\seed-0\config-de1185d7,outputs\.work\runs\atlas_het\graphatlas_c\split-0\seed-0\config-de1185d7\job_config.yaml
atlas_het__node_classification__graphatlas_c__split0__seed1__e5806f125140,e5806f125140,0e672c999c335af7,atlas_het,node_classification,graphatlas_c,graphatlas_certified,1,0,1,outputs\.work\runs\atlas_het\graphatlas_c\split-0\seed-1\config-e5806f12,outputs\.work\runs\atlas_het\graphatlas_c\split-0\seed-1\config-e5806f12\job_config.yaml
atlas_het__node_classification__graphatlas_c__split0__seed2__fc13ea8c6eeb,fc13ea8c6eeb,0e672c999c335af7,atlas_het,node_classification,graphatlas_c,graphatlas_certified,2,0,1,outputs\.work\runs\atlas_het\graphatlas_c\split-0\seed-2\config-fc13ea8c,outputs\.work\runs\atlas_het\graphatlas_c\split-0\seed-2\config-fc13ea8c\job_config.yaml
atlas_het__node_classification__graphatlas_original__split0__seed0__ba739fad13eb,ba739fad13eb,0e672c999c335af7,atlas_het,node_classification,graphatlas_original,graphatlas,0,0,1,outputs\.work\runs\atlas_het\graphatlas_original\split-0\seed-0\config-ba739fad,outputs\.work\runs\atlas_het\graphatlas_original\split-0\seed-0\config-ba739fad\job_config.yaml
atlas_het__node_classification__graphatlas_original__split0__seed1__088ae97d78cc,088ae97d78cc,0e672c999c335af7,atlas_het,node_classification,graphatlas_original,graphatlas,1,0,1,outputs\.work\runs\atlas_het\graphatlas_original\split-0\seed-1\config-088ae97d,outputs\.work\runs\atlas_het\graphatlas_original\split-0\seed-1\config-088ae97d\job_config.yaml
atlas_het__node_classification__graphatlas_original__split0__seed2__89a843ea3970,89a843ea3970,0e672c999c335af7,atlas_het,node_classification,graphatlas_original,graphatlas,2,0,1,outputs\.work\runs\atlas_het\graphatlas_original\split-0\seed-2\config-89a843ea,outputs\.work\runs\atlas_het\graphatlas_original\split-0\seed-2\config-89a843ea\job_config.yaml
atlas_het__node_classification__graphatlas_free_transition__split0__seed0__aacc46f0d3d3,aacc46f0d3d3,0e672c999c335af7,atlas_het,node_classification,graphatlas_free_transition,graphatlas_free_transition,0,0,1,outputs\.work\runs\atlas_het\graphatlas_free_transition\split-0\seed-0\config-aacc46f0,outputs\.work\runs\atlas_het\graphatlas_free_transition\split-0\seed-0\config-aacc46f0\job_config.yaml
atlas_het__node_classification__graphatlas_free_transition__split0__seed1__0ecda0420c95,0ecda0420c95,0e672c999c335af7,atlas_het,node_classification,graphatlas_free_transition,graphatlas_free_transition,1,0,1,outputs\.work\runs\atlas_het\graphatlas_free_transition\split-0\seed-1\config-0ecda042,outputs\.work\runs\atlas_het\graphatlas_free_transition\split-0\seed-1\config-0ecda042\job_config.yaml
atlas_het__node_classification__graphatlas_free_transition__split0__seed2__25f232fa478a,25f232fa478a,0e672c999c335af7,atlas_het,node_classification,graphatlas_free_transition,graphatlas_free_transition,2,0,1,outputs\.work\runs\atlas_het\graphatlas_free_transition\split-0\seed-2\config-25f232fa,outputs\.work\runs\atlas_het\graphatlas_free_transition\split-0\seed-2\config-25f232fa\job_config.yaml
atlas_het__node_classification__graphatlas_no_transport__split0__seed0__54d21d978057,54d21d978057,0e672c999c335af7,atlas_het,node_classification,graphatlas_no_transport,graphatlas_no_transport,0,0,1,outputs\.work\runs\atlas_het\graphatlas_no_transport\split-0\seed-0\config-54d21d97,outputs\.work\runs\atlas_het\graphatlas_no_transport\split-0\seed-0\config-54d21d97\job_config.yaml
atlas_het__node_classification__graphatlas_no_transport__split0__seed1__aa8e93467ceb,aa8e93467ceb,0e672c999c335af7,atlas_het,node_classification,graphatlas_no_transport,graphatlas_no_transport,1,0,1,outputs\.work\runs\atlas_het\graphatlas_no_transport\split-0\seed-1\config-aa8e9346,outputs\.work\runs\atlas_het\graphatlas_no_transport\split-0\seed-1\config-aa8e9346\job_config.yaml
atlas_het__node_classification__graphatlas_no_transport__split0__seed2__6714664cb94c,6714664cb94c,0e672c999c335af7,atlas_het,node_classification,graphatlas_no_transport,graphatlas_no_transport,2,0,1,outputs\.work\runs\atlas_het\graphatlas_no_transport\split-0\seed-2\config-6714664c,outputs\.work\runs\atlas_het\graphatlas_no_transport\split-0\seed-2\config-6714664c\job_config.yaml
atlas_het__node_classification__graphatlas_c_oracle__split0__seed0__0c372b796015,0c372b796015,0e672c999c335af7,atlas_het,node_classification,graphatlas_c_oracle,graphatlas_certified,0,0,1,outputs\.work\runs\atlas_het\graphatlas_c_oracle\split-0\seed-0\config-0c372b79,outputs\.work\runs\atlas_het\graphatlas_c_oracle\split-0\seed-0\config-0c372b79\job_config.yaml
atlas_het__node_classification__graphatlas_c_oracle__split0__seed1__bad00be0ba70,bad00be0ba70,0e672c999c335af7,atlas_het,node_classification,graphatlas_c_oracle,graphatlas_certified,1,0,1,outputs\.work\runs\atlas_het\graphatlas_c_oracle\split-0\seed-1\config-bad00be0,outputs\.work\runs\atlas_het\graphatlas_c_oracle\split-0\seed-1\config-bad00be0\job_config.yaml
atlas_het__node_classification__graphatlas_c_oracle__split0__seed2__a0a3318505f8,a0a3318505f8,0e672c999c335af7,atlas_het,node_classification,graphatlas_c_oracle,graphatlas_certified,2,0,1,outputs\.work\runs\atlas_het\graphatlas_c_oracle\split-0\seed-2\config-a0a33185,outputs\.work\runs\atlas_het\graphatlas_c_oracle\split-0\seed-2\config-a0a33185\job_config.yaml
atlas_het__node_classification__graphatlas_c__split0__seed0__f46841a2016c,f46841a2016c,0e672c999c335af7,atlas_het,node_classification,graphatlas_c,graphatlas_certified,0,0,1,outputs\.work\runs\atlas_het\graphatlas_c\split-0\seed-0\config-f46841a2,outputs\.work\runs\atlas_het\graphatlas_c\split-0\seed-0\config-f46841a2\job_config.yaml
atlas_het__node_classification__graphatlas_c__split0__seed1__f25ce9bccea9,f25ce9bccea9,0e672c999c335af7,atlas_het,node_classification,graphatlas_c,graphatlas_certified,1,0,1,outputs\.work\runs\atlas_het\graphatlas_c\split-0\seed-1\config-f25ce9bc,outputs\.work\runs\atlas_het\graphatlas_c\split-0\seed-1\config-f25ce9bc\job_config.yaml
atlas_het__node_classification__graphatlas_c__split0__seed2__cf6a086afb87,cf6a086afb87,0e672c999c335af7,atlas_het,node_classification,graphatlas_c,graphatlas_certified,2,0,1,outputs\.work\runs\atlas_het\graphatlas_c\split-0\seed-2\config-cf6a086a,outputs\.work\runs\atlas_het\graphatlas_c\split-0\seed-2\config-cf6a086a\job_config.yaml
atlas_het__node_classification__graphatlas_original__split0__seed0__4de2ac8a995b,4de2ac8a995b,0e672c999c335af7,atlas_het,node_classification,graphatlas_original,graphatlas,0,0,1,outputs\.work\runs\atlas_het\graphatlas_original\split-0\seed-0\config-4de2ac8a,outputs\.work\runs\atlas_het\graphatlas_original\split-0\seed-0\config-4de2ac8a\job_config.yaml
atlas_het__node_classification__graphatlas_original__split0__seed1__2f8b7f453651,2f8b7f453651,0e672c999c335af7,atlas_het,node_classification,graphatlas_original,graphatlas,1,0,1,outputs\.work\runs\atlas_het\graphatlas_original\split-0\seed-1\config-2f8b7f45,outputs\.work\runs\atlas_het\graphatlas_original\split-0\seed-1\config-2f8b7f45\job_config.yaml
atlas_het__node_classification__graphatlas_original__split0__seed2__354e4889dde7,354e4889dde7,0e672c999c335af7,atlas_het,node_classification,graphatlas_original,graphatlas,2,0,1,outputs\.work\runs\atlas_het\graphatlas_original\split-0\seed-2\config-354e4889,outputs\.work\runs\atlas_het\graphatlas_original\split-0\seed-2\config-354e4889\job_config.yaml
atlas_het__node_classification__graphatlas_free_transition__split0__seed0__ab6cf7d24240,ab6cf7d24240,0e672c999c335af7,atlas_het,node_classification,graphatlas_free_transition,graphatlas_free_transition,0,0,1,outputs\.work\runs\atlas_het\graphatlas_free_transition\split-0\seed-0\config-ab6cf7d2,outputs\.work\runs\atlas_het\graphatlas_free_transition\split-0\seed-0\config-ab6cf7d2\job_config.yaml
atlas_het__node_classification__graphatlas_free_transition__split0__seed1__61c360db2ade,61c360db2ade,0e672c999c335af7,atlas_het,node_classification,graphatlas_free_transition,graphatlas_free_transition,1,0,1,outputs\.work\runs\atlas_het\graphatlas_free_transition\split-0\seed-1\config-61c360db,outputs\.work\runs\atlas_het\graphatlas_free_transition\split-0\seed-1\config-61c360db\job_config.yaml
atlas_het__node_classification__graphatlas_free_transition__split0__seed2__fcb77db30438,fcb77db30438,0e672c999c335af7,atlas_het,node_classification,graphatlas_free_transition,graphatlas_free_transition,2,0,1,outputs\.work\runs\atlas_het\graphatlas_free_transition\split-0\seed-2\config-fcb77db3,outputs\.work\runs\atlas_het\graphatlas_free_transition\split-0\seed-2\config-fcb77db3\job_config.yaml
atlas_het__node_classification__graphatlas_no_transport__split0__seed0__013b68d83875,013b68d83875,0e672c999c335af7,atlas_het,node_classification,graphatlas_no_transport,graphatlas_no_transport,0,0,1,outputs\.work\runs\atlas_het\graphatlas_no_transport\split-0\seed-0\config-013b68d8,outputs\.work\runs\atlas_het\graphatlas_no_transport\split-0\seed-0\config-013b68d8\job_config.yaml
atlas_het__node_classification__graphatlas_no_transport__split0__seed1__df8dd10de27c,df8dd10de27c,0e672c999c335af7,atlas_het,node_classification,graphatlas_no_transport,graphatlas_no_transport,1,0,1,outputs\.work\runs\atlas_het\graphatlas_no_transport\split-0\seed-1\config-df8dd10d,outputs\.work\runs\atlas_het\graphatlas_no_transport\split-0\seed-1\config-df8dd10d\job_config.yaml
atlas_het__node_classification__graphatlas_no_transport__split0__seed2__9e45e6d687b0,9e45e6d687b0,0e672c999c335af7,atlas_het,node_classification,graphatlas_no_transport,graphatlas_no_transport,2,0,1,outputs\.work\runs\atlas_het\graphatlas_no_transport\split-0\seed-2\config-9e45e6d6,outputs\.work\runs\atlas_het\graphatlas_no_transport\split-0\seed-2\config-9e45e6d6\job_config.yaml
atlas_het__node_classification__graphatlas_c_oracle__split0__seed0__dd42ef0479bf,dd42ef0479bf,0e672c999c335af7,atlas_het,node_classification,graphatlas_c_oracle,graphatlas_certified,0,0,1,outputs\.work\runs\atlas_het\graphatlas_c_oracle\split-0\seed-0\config-dd42ef04,outputs\.work\runs\atlas_het\graphatlas_c_oracle\split-0\seed-0\config-dd42ef04\job_config.yaml
atlas_het__node_classification__graphatlas_c_oracle__split0__seed1__977902ed914a,977902ed914a,0e672c999c335af7,atlas_het,node_classification,graphatlas_c_oracle,graphatlas_certified,1,0,1,outputs\.work\runs\atlas_het\graphatlas_c_oracle\split-0\seed-1\config-977902ed,outputs\.work\runs\atlas_het\graphatlas_c_oracle\split-0\seed-1\config-977902ed\job_config.yaml
atlas_het__node_classification__graphatlas_c_oracle__split0__seed2__2da3e0714ee3,2da3e0714ee3,0e672c999c335af7,atlas_het,node_classification,graphatlas_c_oracle,graphatlas_certified,2,0,1,outputs\.work\runs\atlas_het\graphatlas_c_oracle\split-0\seed-2\config-2da3e071,outputs\.work\runs\atlas_het\graphatlas_c_oracle\split-0\seed-2\config-2da3e071\job_config.yaml
atlas_het__node_classification__graphatlas_c__split0__seed0__55ba2b98a4e4,55ba2b98a4e4,0e672c999c335af7,atlas_het,node_classification,graphatlas_c,graphatlas_certified,0,0,1,outputs\.work\runs\atlas_het\graphatlas_c\split-0\seed-0\config-55ba2b98,outputs\.work\runs\atlas_het\graphatlas_c\split-0\seed-0\config-55ba2b98\job_config.yaml
atlas_het__node_classification__graphatlas_c__split0__seed1__01f611e116f5,01f611e116f5,0e672c999c335af7,atlas_het,node_classification,graphatlas_c,graphatlas_certified,1,0,1,outputs\.work\runs\atlas_het\graphatlas_c\split-0\seed-1\config-01f611e1,outputs\.work\runs\atlas_het\graphatlas_c\split-0\seed-1\config-01f611e1\job_config.yaml
atlas_het__node_classification__graphatlas_c__split0__seed2__cb6ff17a2a7e,cb6ff17a2a7e,0e672c999c335af7,atlas_het,node_classification,graphatlas_c,graphatlas_certified,2,0,1,outputs\.work\runs\atlas_het\graphatlas_c\split-0\seed-2\config-cb6ff17a,outputs\.work\runs\atlas_het\graphatlas_c\split-0\seed-2\config-cb6ff17a\job_config.yaml
atlas_het__node_classification__graphatlas_original__split0__seed0__75333e66b675,75333e66b675,0e672c999c335af7,atlas_het,node_classification,graphatlas_original,graphatlas,0,0,1,outputs\.work\runs\atlas_het\graphatlas_original\split-0\seed-0\config-75333e66,outputs\.work\runs\atlas_het\graphatlas_original\split-0\seed-0\config-75333e66\job_config.yaml
atlas_het__node_classification__graphatlas_original__split0__seed1__2bda8aa5637b,2bda8aa5637b,0e672c999c335af7,atlas_het,node_classification,graphatlas_original,graphatlas,1,0,1,outputs\.work\runs\atlas_het\graphatlas_original\split-0\seed-1\config-2bda8aa5,outputs\.work\runs\atlas_het\graphatlas_original\split-0\seed-1\config-2bda8aa5\job_config.yaml
atlas_het__node_classification__graphatlas_original__split0__seed2__87effee5b7ea,87effee5b7ea,0e672c999c335af7,atlas_het,node_classification,graphatlas_original,graphatlas,2,0,1,outputs\.work\runs\atlas_het\graphatlas_original\split-0\seed-2\config-87effee5,outputs\.work\runs\atlas_het\graphatlas_original\split-0\seed-2\config-87effee5\job_config.yaml
atlas_het__node_classification__graphatlas_free_transition__split0__seed0__5951ab03af62,5951ab03af62,0e672c999c335af7,atlas_het,node_classification,graphatlas_free_transition,graphatlas_free_transition,0,0,1,outputs\.work\runs\atlas_het\graphatlas_free_transition\split-0\seed-0\config-5951ab03,outputs\.work\runs\atlas_het\graphatlas_free_transition\split-0\seed-0\config-5951ab03\job_config.yaml
atlas_het__node_classification__graphatlas_free_transition__split0__seed1__61e369d0c643,61e369d0c643,0e672c999c335af7,atlas_het,node_classification,graphatlas_free_transition,graphatlas_free_transition,1,0,1,outputs\.work\runs\atlas_het\graphatlas_free_transition\split-0\seed-1\config-61e369d0,outputs\.work\runs\atlas_het\graphatlas_free_transition\split-0\seed-1\config-61e369d0\job_config.yaml
atlas_het__node_classification__graphatlas_free_transition__split0__seed2__1eba1dd996f5,1eba1dd996f5,0e672c999c335af7,atlas_het,node_classification,graphatlas_free_transition,graphatlas_free_transition,2,0,1,outputs\.work\runs\atlas_het\graphatlas_free_transition\split-0\seed-2\config-1eba1dd9,outputs\.work\runs\atlas_het\graphatlas_free_transition\split-0\seed-2\config-1eba1dd9\job_config.yaml
atlas_het__node_classification__graphatlas_no_transport__split0__seed0__1de971f3d200,1de971f3d200,0e672c999c335af7,atlas_het,node_classification,graphatlas_no_transport,graphatlas_no_transport,0,0,1,outputs\.work\runs\atlas_het\graphatlas_no_transport\split-0\seed-0\config-1de971f3,outputs\.work\runs\atlas_het\graphatlas_no_transport\split-0\seed-0\config-1de971f3\job_config.yaml
atlas_het__node_classification__graphatlas_no_transport__split0__seed1__2a09823e0de4,2a09823e0de4,0e672c999c335af7,atlas_het,node_classification,graphatlas_no_transport,graphatlas_no_transport,1,0,1,outputs\.work\runs\atlas_het\graphatlas_no_transport\split-0\seed-1\config-2a09823e,outputs\.work\runs\atlas_het\graphatlas_no_transport\split-0\seed-1\config-2a09823e\job_config.yaml
atlas_het__node_classification__graphatlas_no_transport__split0__seed2__7b3e9c3e18d2,7b3e9c3e18d2,0e672c999c335af7,atlas_het,node_classification,graphatlas_no_transport,graphatlas_no_transport,2,0,1,outputs\.work\runs\atlas_het\graphatlas_no_transport\split-0\seed-2\config-7b3e9c3e,outputs\.work\runs\atlas_het\graphatlas_no_transport\split-0\seed-2\config-7b3e9c3e\job_config.yaml
atlas_het__node_classification__graphatlas_c_oracle__split0__seed0__1bfcba4cb482,1bfcba4cb482,0e672c999c335af7,atlas_het,node_classification,graphatlas_c_oracle,graphatlas_certified,0,0,1,outputs\.work\runs\atlas_het\graphatlas_c_oracle\split-0\seed-0\config-1bfcba4c,outputs\.work\runs\atlas_het\graphatlas_c_oracle\split-0\seed-0\config-1bfcba4c\job_config.yaml
atlas_het__node_classification__graphatlas_c_oracle__split0__seed1__2110cbf00ef3,2110cbf00ef3,0e672c999c335af7,atlas_het,node_classification,graphatlas_c_oracle,graphatlas_certified,1,0,1,outputs\.work\runs\atlas_het\graphatlas_c_oracle\split-0\seed-1\config-2110cbf0,outputs\.work\runs\atlas_het\graphatlas_c_oracle\split-0\seed-1\config-2110cbf0\job_config.yaml
atlas_het__node_classification__graphatlas_c_oracle__split0__seed2__edebbcfb1dcf,edebbcfb1dcf,0e672c999c335af7,atlas_het,node_classification,graphatlas_c_oracle,graphatlas_certified,2,0,1,outputs\.work\runs\atlas_het\graphatlas_c_oracle\split-0\seed-2\config-edebbcfb,outputs\.work\runs\atlas_het\graphatlas_c_oracle\split-0\seed-2\config-edebbcfb\job_config.yaml
atlas_het__node_classification__graphatlas_c__split0__seed0__6b99e07a6915,6b99e07a6915,0e672c999c335af7,atlas_het,node_classification,graphatlas_c,graphatlas_certified,0,0,1,outputs\.work\runs\atlas_het\graphatlas_c\split-0\seed-0\config-6b99e07a,outputs\.work\runs\atlas_het\graphatlas_c\split-0\seed-0\config-6b99e07a\job_config.yaml
atlas_het__node_classification__graphatlas_c__split0__seed1__7b94cff27c23,7b94cff27c23,0e672c999c335af7,atlas_het,node_classification,graphatlas_c,graphatlas_certified,1,0,1,outputs\.work\runs\atlas_het\graphatlas_c\split-0\seed-1\config-7b94cff2,outputs\.work\runs\atlas_het\graphatlas_c\split-0\seed-1\config-7b94cff2\job_config.yaml
atlas_het__node_classification__graphatlas_c__split0__seed2__5f72c29897a6,5f72c29897a6,0e672c999c335af7,atlas_het,node_classification,graphatlas_c,graphatlas_certified,2,0,1,outputs\.work\runs\atlas_het\graphatlas_c\split-0\seed-2\config-5f72c298,outputs\.work\runs\atlas_het\graphatlas_c\split-0\seed-2\config-5f72c298\job_config.yaml
atlas_het__node_classification__graphatlas_original__split0__seed0__fba39aa5af8c,fba39aa5af8c,0e672c999c335af7,atlas_het,node_classification,graphatlas_original,graphatlas,0,0,1,outputs\.work\runs\atlas_het\graphatlas_original\split-0\seed-0\config-fba39aa5,outputs\.work\runs\atlas_het\graphatlas_original\split-0\seed-0\config-fba39aa5\job_config.yaml
atlas_het__node_classification__graphatlas_original__split0__seed1__32b182b230da,32b182b230da,0e672c999c335af7,atlas_het,node_classification,graphatlas_original,graphatlas,1,0,1,outputs\.work\runs\atlas_het\graphatlas_original\split-0\seed-1\config-32b182b2,outputs\.work\runs\atlas_het\graphatlas_original\split-0\seed-1\config-32b182b2\job_config.yaml
atlas_het__node_classification__graphatlas_original__split0__seed2__f749f1b3de99,f749f1b3de99,0e672c999c335af7,atlas_het,node_classification,graphatlas_original,graphatlas,2,0,1,outputs\.work\runs\atlas_het\graphatlas_original\split-0\seed-2\config-f749f1b3,outputs\.work\runs\atlas_het\graphatlas_original\split-0\seed-2\config-f749f1b3\job_config.yaml
atlas_het__node_classification__graphatlas_free_transition__split0__seed0__e0eb7bf4c377,e0eb7bf4c377,0e672c999c335af7,atlas_het,node_classification,graphatlas_free_transition,graphatlas_free_transition,0,0,1,outputs\.work\runs\atlas_het\graphatlas_free_transition\split-0\seed-0\config-e0eb7bf4,outputs\.work\runs\atlas_het\graphatlas_free_transition\split-0\seed-0\config-e0eb7bf4\job_config.yaml
atlas_het__node_classification__graphatlas_free_transition__split0__seed1__da6c436efe69,da6c436efe69,0e672c999c335af7,atlas_het,node_classification,graphatlas_free_transition,graphatlas_free_transition,1,0,1,outputs\.work\runs\atlas_het\graphatlas_free_transition\split-0\seed-1\config-da6c436e,outputs\.work\runs\atlas_het\graphatlas_free_transition\split-0\seed-1\config-da6c436e\job_config.yaml
atlas_het__node_classification__graphatlas_free_transition__split0__seed2__79655de11f9c,79655de11f9c,0e672c999c335af7,atlas_het,node_classification,graphatlas_free_transition,graphatlas_free_transition,2,0,1,outputs\.work\runs\atlas_het\graphatlas_free_transition\split-0\seed-2\config-79655de1,outputs\.work\runs\atlas_het\graphatlas_free_transition\split-0\seed-2\config-79655de1\job_config.yaml
atlas_het__node_classification__graphatlas_no_transport__split0__seed0__19e080aa501b,19e080aa501b,0e672c999c335af7,atlas_het,node_classification,graphatlas_no_transport,graphatlas_no_transport,0,0,1,outputs\.work\runs\atlas_het\graphatlas_no_transport\split-0\seed-0\config-19e080aa,outputs\.work\runs\atlas_het\graphatlas_no_transport\split-0\seed-0\config-19e080aa\job_config.yaml
atlas_het__node_classification__graphatlas_no_transport__split0__seed1__65a519076450,65a519076450,0e672c999c335af7,atlas_het,node_classification,graphatlas_no_transport,graphatlas_no_transport,1,0,1,outputs\.work\runs\atlas_het\graphatlas_no_transport\split-0\seed-1\config-65a51907,outputs\.work\runs\atlas_het\graphatlas_no_transport\split-0\seed-1\config-65a51907\job_config.yaml
atlas_het__node_classification__graphatlas_no_transport__split0__seed2__645bb864b0cb,645bb864b0cb,0e672c999c335af7,atlas_het,node_classification,graphatlas_no_transport,graphatlas_no_transport,2,0,1,outputs\.work\runs\atlas_het\graphatlas_no_transport\split-0\seed-2\config-645bb864,outputs\.work\runs\atlas_het\graphatlas_no_transport\split-0\seed-2\config-645bb864\job_config.yaml
atlas_het__node_classification__graphatlas_c_oracle__split0__seed0__0a49ba70a3c2,0a49ba70a3c2,0e672c999c335af7,atlas_het,node_classification,graphatlas_c_oracle,graphatlas_certified,0,0,1,outputs\.work\runs\atlas_het\graphatlas_c_oracle\split-0\seed-0\config-0a49ba70,outputs\.work\runs\atlas_het\graphatlas_c_oracle\split-0\seed-0\config-0a49ba70\job_config.yaml
atlas_het__node_classification__graphatlas_c_oracle__split0__seed1__242b220b915d,242b220b915d,0e672c999c335af7,atlas_het,node_classification,graphatlas_c_oracle,graphatlas_certified,1,0,1,outputs\.work\runs\atlas_het\graphatlas_c_oracle\split-0\seed-1\config-242b220b,outputs\.work\runs\atlas_het\graphatlas_c_oracle\split-0\seed-1\config-242b220b\job_config.yaml
atlas_het__node_classification__graphatlas_c_oracle__split0__seed2__27e1dc1f1491,27e1dc1f1491,0e672c999c335af7,atlas_het,node_classification,graphatlas_c_oracle,graphatlas_certified,2,0,1,outputs\.work\runs\atlas_het\graphatlas_c_oracle\split-0\seed-2\config-27e1dc1f,outputs\.work\runs\atlas_het\graphatlas_c_oracle\split-0\seed-2\config-27e1dc1f\job_config.yaml
atlas_het__node_classification__graphatlas_c__split0__seed0__9732bc8d76f5,9732bc8d76f5,0e672c999c335af7,atlas_het,node_classification,graphatlas_c,graphatlas_certified,0,0,1,outputs\.work\runs\atlas_het\graphatlas_c\split-0\seed-0\config-9732bc8d,outputs\.work\runs\atlas_het\graphatlas_c\split-0\seed-0\config-9732bc8d\job_config.yaml
atlas_het__node_classification__graphatlas_c__split0__seed1__67dfb20174b7,67dfb20174b7,0e672c999c335af7,atlas_het,node_classification,graphatlas_c,graphatlas_certified,1,0,1,outputs\.work\runs\atlas_het\graphatlas_c\split-0\seed-1\config-67dfb201,outputs\.work\runs\atlas_het\graphatlas_c\split-0\seed-1\config-67dfb201\job_config.yaml
atlas_het__node_classification__graphatlas_c__split0__seed2__0b9cbbe29bb0,0b9cbbe29bb0,0e672c999c335af7,atlas_het,node_classification,graphatlas_c,graphatlas_certified,2,0,1,outputs\.work\runs\atlas_het\graphatlas_c\split-0\seed-2\config-0b9cbbe2,outputs\.work\runs\atlas_het\graphatlas_c\split-0\seed-2\config-0b9cbbe2\job_config.yaml
atlas_het__node_classification__graphatlas_original__split0__seed0__bc372621ef42,bc372621ef42,0e672c999c335af7,atlas_het,node_classification,graphatlas_original,graphatlas,0,0,1,outputs\.work\runs\atlas_het\graphatlas_original\split-0\seed-0\config-bc372621,outputs\.work\runs\atlas_het\graphatlas_original\split-0\seed-0\config-bc372621\job_config.yaml
atlas_het__node_classification__graphatlas_original__split0__seed1__5d27a220b3d8,5d27a220b3d8,0e672c999c335af7,atlas_het,node_classification,graphatlas_original,graphatlas,1,0,1,outputs\.work\runs\atlas_het\graphatlas_original\split-0\seed-1\config-5d27a220,outputs\.work\runs\atlas_het\graphatlas_original\split-0\seed-1\config-5d27a220\job_config.yaml
atlas_het__node_classification__graphatlas_original__split0__seed2__e0ed9e1884be,e0ed9e1884be,0e672c999c335af7,atlas_het,node_classification,graphatlas_original,graphatlas,2,0,1,outputs\.work\runs\atlas_het\graphatlas_original\split-0\seed-2\config-e0ed9e18,outputs\.work\runs\atlas_het\graphatlas_original\split-0\seed-2\config-e0ed9e18\job_config.yaml
atlas_het__node_classification__graphatlas_free_transition__split0__seed0__9060e697b274,9060e697b274,0e672c999c335af7,atlas_het,node_classification,graphatlas_free_transition,graphatlas_free_transition,0,0,1,outputs\.work\runs\atlas_het\graphatlas_free_transition\split-0\seed-0\config-9060e697,outputs\.work\runs\atlas_het\graphatlas_free_transition\split-0\seed-0\config-9060e697\job_config.yaml
atlas_het__node_classification__graphatlas_free_transition__split0__seed1__1906f89c82a2,1906f89c82a2,0e672c999c335af7,atlas_het,node_classification,graphatlas_free_transition,graphatlas_free_transition,1,0,1,outputs\.work\runs\atlas_het\graphatlas_free_transition\split-0\seed-1\config-1906f89c,outputs\.work\runs\atlas_het\graphatlas_free_transition\split-0\seed-1\config-1906f89c\job_config.yaml
atlas_het__node_classification__graphatlas_free_transition__split0__seed2__9e0f6bdb709f,9e0f6bdb709f,0e672c999c335af7,atlas_het,node_classification,graphatlas_free_transition,graphatlas_free_transition,2,0,1,outputs\.work\runs\atlas_het\graphatlas_free_transition\split-0\seed-2\config-9e0f6bdb,outputs\.work\runs\atlas_het\graphatlas_free_transition\split-0\seed-2\config-9e0f6bdb\job_config.yaml
atlas_het__node_classification__graphatlas_no_transport__split0__seed0__2e80cc44f5c9,2e80cc44f5c9,0e672c999c335af7,atlas_het,node_classification,graphatlas_no_transport,graphatlas_no_transport,0,0,1,outputs\.work\runs\atlas_het\graphatlas_no_transport\split-0\seed-0\config-2e80cc44,outputs\.work\runs\atlas_het\graphatlas_no_transport\split-0\seed-0\config-2e80cc44\job_config.yaml
atlas_het__node_classification__graphatlas_no_transport__split0__seed1__10e796328610,10e796328610,0e672c999c335af7,atlas_het,node_classification,graphatlas_no_transport,graphatlas_no_transport,1,0,1,outputs\.work\runs\atlas_het\graphatlas_no_transport\split-0\seed-1\config-10e79632,outputs\.work\runs\atlas_het\graphatlas_no_transport\split-0\seed-1\config-10e79632\job_config.yaml
atlas_het__node_classification__graphatlas_no_transport__split0__seed2__3ecab527a88e,3ecab527a88e,0e672c999c335af7,atlas_het,node_classification,graphatlas_no_transport,graphatlas_no_transport,2,0,1,outputs\.work\runs\atlas_het\graphatlas_no_transport\split-0\seed-2\config-3ecab527,outputs\.work\runs\atlas_het\graphatlas_no_transport\split-0\seed-2\config-3ecab527\job_config.yaml
atlas_het__node_classification__graphatlas_c_oracle__split0__seed0__aa397d079876,aa397d079876,0e672c999c335af7,atlas_het,node_classification,graphatlas_c_oracle,graphatlas_certified,0,0,1,outputs\.work\runs\atlas_het\graphatlas_c_oracle\split-0\seed-0\config-aa397d07,outputs\.work\runs\atlas_het\graphatlas_c_oracle\split-0\seed-0\config-aa397d07\job_config.yaml
atlas_het__node_classification__graphatlas_c_oracle__split0__seed1__8eee6507c4ef,8eee6507c4ef,0e672c999c335af7,atlas_het,node_classification,graphatlas_c_oracle,graphatlas_certified,1,0,1,outputs\.work\runs\atlas_het\graphatlas_c_oracle\split-0\seed-1\config-8eee6507,outputs\.work\runs\atlas_het\graphatlas_c_oracle\split-0\seed-1\config-8eee6507\job_config.yaml
atlas_het__node_classification__graphatlas_c_oracle__split0__seed2__f2b7c27d0b03,f2b7c27d0b03,0e672c999c335af7,atlas_het,node_classification,graphatlas_c_oracle,graphatlas_certified,2,0,1,outputs\.work\runs\atlas_het\graphatlas_c_oracle\split-0\seed-2\config-f2b7c27d,outputs\.work\runs\atlas_het\graphatlas_c_oracle\split-0\seed-2\config-f2b7c27d\job_config.yaml
atlas_het__node_classification__graphatlas_c__split0__seed0__df264a669678,df264a669678,0e672c999c335af7,atlas_het,node_classification,graphatlas_c,graphatlas_certified,0,0,1,outputs\.work\runs\atlas_het\graphatlas_c\split-0\seed-0\config-df264a66,outputs\.work\runs\atlas_het\graphatlas_c\split-0\seed-0\config-df264a66\job_config.yaml
atlas_het__node_classification__graphatlas_c__split0__seed1__df522f30bb99,df522f30bb99,0e672c999c335af7,atlas_het,node_classification,graphatlas_c,graphatlas_certified,1,0,1,outputs\.work\runs\atlas_het\graphatlas_c\split-0\seed-1\config-df522f30,outputs\.work\runs\atlas_het\graphatlas_c\split-0\seed-1\config-df522f30\job_config.yaml
atlas_het__node_classification__graphatlas_c__split0__seed2__e4edbd8e9fbf,e4edbd8e9fbf,0e672c999c335af7,atlas_het,node_classification,graphatlas_c,graphatlas_certified,2,0,1,outputs\.work\runs\atlas_het\graphatlas_c\split-0\seed-2\config-e4edbd8e,outputs\.work\runs\atlas_het\graphatlas_c\split-0\seed-2\config-e4edbd8e\job_config.yaml
atlas_het__node_classification__graphatlas_original__split0__seed0__4d2083cab2b7,4d2083cab2b7,0e672c999c335af7,atlas_het,node_classification,graphatlas_original,graphatlas,0,0,1,outputs\.work\runs\atlas_het\graphatlas_original\split-0\seed-0\config-4d2083ca,outputs\.work\runs\atlas_het\graphatlas_original\split-0\seed-0\config-4d2083ca\job_config.yaml
atlas_het__node_classification__graphatlas_original__split0__seed1__652a36985cc5,652a36985cc5,0e672c999c335af7,atlas_het,node_classification,graphatlas_original,graphatlas,1,0,1,outputs\.work\runs\atlas_het\graphatlas_original\split-0\seed-1\config-652a3698,outputs\.work\runs\atlas_het\graphatlas_original\split-0\seed-1\config-652a3698\job_config.yaml
atlas_het__node_classification__graphatlas_original__split0__seed2__ba6907c2ec95,ba6907c2ec95,0e672c999c335af7,atlas_het,node_classification,graphatlas_original,graphatlas,2,0,1,outputs\.work\runs\atlas_het\graphatlas_original\split-0\seed-2\config-ba6907c2,outputs\.work\runs\atlas_het\graphatlas_original\split-0\seed-2\config-ba6907c2\job_config.yaml
atlas_het__node_classification__graphatlas_free_transition__split0__seed0__e3e0af6b0f8e,e3e0af6b0f8e,0e672c999c335af7,atlas_het,node_classification,graphatlas_free_transition,graphatlas_free_transition,0,0,1,outputs\.work\runs\atlas_het\graphatlas_free_transition\split-0\seed-0\config-e3e0af6b,outputs\.work\runs\atlas_het\graphatlas_free_transition\split-0\seed-0\config-e3e0af6b\job_config.yaml
atlas_het__node_classification__graphatlas_free_transition__split0__seed1__9d93a7dddcaf,9d93a7dddcaf,0e672c999c335af7,atlas_het,node_classification,graphatlas_free_transition,graphatlas_free_transition,1,0,1,outputs\.work\runs\atlas_het\graphatlas_free_transition\split-0\seed-1\config-9d93a7dd,outputs\.work\runs\atlas_het\graphatlas_free_transition\split-0\seed-1\config-9d93a7dd\job_config.yaml
atlas_het__node_classification__graphatlas_free_transition__split0__seed2__95979654b1cb,95979654b1cb,0e672c999c335af7,atlas_het,node_classification,graphatlas_free_transition,graphatlas_free_transition,2,0,1,outputs\.work\runs\atlas_het\graphatlas_free_transition\split-0\seed-2\config-95979654,outputs\.work\runs\atlas_het\graphatlas_free_transition\split-0\seed-2\config-95979654\job_config.yaml
atlas_het__node_classification__graphatlas_no_transport__split0__seed0__fd0b54c360a3,fd0b54c360a3,0e672c999c335af7,atlas_het,node_classification,graphatlas_no_transport,graphatlas_no_transport,0,0,1,outputs\.work\runs\atlas_het\graphatlas_no_transport\split-0\seed-0\config-fd0b54c3,outputs\.work\runs\atlas_het\graphatlas_no_transport\split-0\seed-0\config-fd0b54c3\job_config.yaml
atlas_het__node_classification__graphatlas_no_transport__split0__seed1__a422d53c945d,a422d53c945d,0e672c999c335af7,atlas_het,node_classification,graphatlas_no_transport,graphatlas_no_transport,1,0,1,outputs\.work\runs\atlas_het\graphatlas_no_transport\split-0\seed-1\config-a422d53c,outputs\.work\runs\atlas_het\graphatlas_no_transport\split-0\seed-1\config-a422d53c\job_config.yaml
atlas_het__node_classification__graphatlas_no_transport__split0__seed2__8ac3eaff4bf7,8ac3eaff4bf7,0e672c999c335af7,atlas_het,node_classification,graphatlas_no_transport,graphatlas_no_transport,2,0,1,outputs\.work\runs\atlas_het\graphatlas_no_transport\split-0\seed-2\config-8ac3eaff,outputs\.work\runs\atlas_het\graphatlas_no_transport\split-0\seed-2\config-8ac3eaff\job_config.yaml
atlas_het__node_classification__graphatlas_c_oracle__split0__seed0__9543c4d968b8,9543c4d968b8,0e672c999c335af7,atlas_het,node_classification,graphatlas_c_oracle,graphatlas_certified,0,0,1,outputs\.work\runs\atlas_het\graphatlas_c_oracle\split-0\seed-0\config-9543c4d9,outputs\.work\runs\atlas_het\graphatlas_c_oracle\split-0\seed-0\config-9543c4d9\job_config.yaml
atlas_het__node_classification__graphatlas_c_oracle__split0__seed1__b25316fa5e3d,b25316fa5e3d,0e672c999c335af7,atlas_het,node_classification,graphatlas_c_oracle,graphatlas_certified,1,0,1,outputs\.work\runs\atlas_het\graphatlas_c_oracle\split-0\seed-1\config-b25316fa,outputs\.work\runs\atlas_het\graphatlas_c_oracle\split-0\seed-1\config-b25316fa\job_config.yaml
atlas_het__node_classification__graphatlas_c_oracle__split0__seed2__432d004e8a69,432d004e8a69,0e672c999c335af7,atlas_het,node_classification,graphatlas_c_oracle,graphatlas_certified,2,0,1,outputs\.work\runs\atlas_het\graphatlas_c_oracle\split-0\seed-2\config-432d004e,outputs\.work\runs\atlas_het\graphatlas_c_oracle\split-0\seed-2\config-432d004e\job_config.yaml
atlas_het__node_classification__graphatlas_c__split0__seed0__b6d211851b87,b6d211851b87,0e672c999c335af7,atlas_het,node_classification,graphatlas_c,graphatlas_certified,0,0,1,outputs\.work\runs\atlas_het\graphatlas_c\split-0\seed-0\config-b6d21185,outputs\.work\runs\atlas_het\graphatlas_c\split-0\seed-0\config-b6d21185\job_config.yaml
atlas_het__node_classification__graphatlas_c__split0__seed1__0d098c95b013,0d098c95b013,0e672c999c335af7,atlas_het,node_classification,graphatlas_c,graphatlas_certified,1,0,1,outputs\.work\runs\atlas_het\graphatlas_c\split-0\seed-1\config-0d098c95,outputs\.work\runs\atlas_het\graphatlas_c\split-0\seed-1\config-0d098c95\job_config.yaml
atlas_het__node_classification__graphatlas_c__split0__seed2__f103ab09b07d,f103ab09b07d,0e672c999c335af7,atlas_het,node_classification,graphatlas_c,graphatlas_certified,2,0,1,outputs\.work\runs\atlas_het\graphatlas_c\split-0\seed-2\config-f103ab09,outputs\.work\runs\atlas_het\graphatlas_c\split-0\seed-2\config-f103ab09\job_config.yaml
atlas_het__node_classification__graphatlas_original__split0__seed0__4214add7888f,4214add7888f,0e672c999c335af7,atlas_het,node_classification,graphatlas_original,graphatlas,0,0,1,outputs\.work\runs\atlas_het\graphatlas_original\split-0\seed-0\config-4214add7,outputs\.work\runs\atlas_het\graphatlas_original\split-0\seed-0\config-4214add7\job_config.yaml
atlas_het__node_classification__graphatlas_original__split0__seed1__0385c3023f92,0385c3023f92,0e672c999c335af7,atlas_het,node_classification,graphatlas_original,graphatlas,1,0,1,outputs\.work\runs\atlas_het\graphatlas_original\split-0\seed-1\config-0385c302,outputs\.work\runs\atlas_het\graphatlas_original\split-0\seed-1\config-0385c302\job_config.yaml
atlas_het__node_classification__graphatlas_original__split0__seed2__927b8ff3feea,927b8ff3feea,0e672c999c335af7,atlas_het,node_classification,graphatlas_original,graphatlas,2,0,1,outputs\.work\runs\atlas_het\graphatlas_original\split-0\seed-2\config-927b8ff3,outputs\.work\runs\atlas_het\graphatlas_original\split-0\seed-2\config-927b8ff3\job_config.yaml
atlas_het__node_classification__graphatlas_free_transition__split0__seed0__0570362158af,0570362158af,0e672c999c335af7,atlas_het,node_classification,graphatlas_free_transition,graphatlas_free_transition,0,0,1,outputs\.work\runs\atlas_het\graphatlas_free_transition\split-0\seed-0\config-05703621,outputs\.work\runs\atlas_het\graphatlas_free_transition\split-0\seed-0\config-05703621\job_config.yaml
atlas_het__node_classification__graphatlas_free_transition__split0__seed1__ccc1661f28c4,ccc1661f28c4,0e672c999c335af7,atlas_het,node_classification,graphatlas_free_transition,graphatlas_free_transition,1,0,1,outputs\.work\runs\atlas_het\graphatlas_free_transition\split-0\seed-1\config-ccc1661f,outputs\.work\runs\atlas_het\graphatlas_free_transition\split-0\seed-1\config-ccc1661f\job_config.yaml
atlas_het__node_classification__graphatlas_free_transition__split0__seed2__036c706314cd,036c706314cd,0e672c999c335af7,atlas_het,node_classification,graphatlas_free_transition,graphatlas_free_transition,2,0,1,outputs\.work\runs\atlas_het\graphatlas_free_transition\split-0\seed-2\config-036c7063,outputs\.work\runs\atlas_het\graphatlas_free_transition\split-0\seed-2\config-036c7063\job_config.yaml
atlas_het__node_classification__graphatlas_no_transport__split0__seed0__5bdaa9a7efe4,5bdaa9a7efe4,0e672c999c335af7,atlas_het,node_classification,graphatlas_no_transport,graphatlas_no_transport,0,0,1,outputs\.work\runs\atlas_het\graphatlas_no_transport\split-0\seed-0\config-5bdaa9a7,outputs\.work\runs\atlas_het\graphatlas_no_transport\split-0\seed-0\config-5bdaa9a7\job_config.yaml
atlas_het__node_classification__graphatlas_no_transport__split0__seed1__fdbd56fe2885,fdbd56fe2885,0e672c999c335af7,atlas_het,node_classification,graphatlas_no_transport,graphatlas_no_transport,1,0,1,outputs\.work\runs\atlas_het\graphatlas_no_transport\split-0\seed-1\config-fdbd56fe,outputs\.work\runs\atlas_het\graphatlas_no_transport\split-0\seed-1\config-fdbd56fe\job_config.yaml
atlas_het__node_classification__graphatlas_no_transport__split0__seed2__52b13b46dbc9,52b13b46dbc9,0e672c999c335af7,atlas_het,node_classification,graphatlas_no_transport,graphatlas_no_transport,2,0,1,outputs\.work\runs\atlas_het\graphatlas_no_transport\split-0\seed-2\config-52b13b46,outputs\.work\runs\atlas_het\graphatlas_no_transport\split-0\seed-2\config-52b13b46\job_config.yaml
atlas_het__node_classification__graphatlas_c_oracle__split0__seed0__ca207aa786b8,ca207aa786b8,0e672c999c335af7,atlas_het,node_classification,graphatlas_c_oracle,graphatlas_certified,0,0,1,outputs\.work\runs\atlas_het\graphatlas_c_oracle\split-0\seed-0\config-ca207aa7,outputs\.work\runs\atlas_het\graphatlas_c_oracle\split-0\seed-0\config-ca207aa7\job_config.yaml
atlas_het__node_classification__graphatlas_c_oracle__split0__seed1__06153bc29842,06153bc29842,0e672c999c335af7,atlas_het,node_classification,graphatlas_c_oracle,graphatlas_certified,1,0,1,outputs\.work\runs\atlas_het\graphatlas_c_oracle\split-0\seed-1\config-06153bc2,outputs\.work\runs\atlas_het\graphatlas_c_oracle\split-0\seed-1\config-06153bc2\job_config.yaml
atlas_het__node_classification__graphatlas_c_oracle__split0__seed2__469003ca77e4,469003ca77e4,0e672c999c335af7,atlas_het,node_classification,graphatlas_c_oracle,graphatlas_certified,2,0,1,outputs\.work\runs\atlas_het\graphatlas_c_oracle\split-0\seed-2\config-469003ca,outputs\.work\runs\atlas_het\graphatlas_c_oracle\split-0\seed-2\config-469003ca\job_config.yaml
atlas_het__node_classification__graphatlas_c__split0__seed0__e0b34c85ace8,e0b34c85ace8,0e672c999c335af7,atlas_het,node_classification,graphatlas_c,graphatlas_certified,0,0,1,outputs\.work\runs\atlas_het\graphatlas_c\split-0\seed-0\config-e0b34c85,outputs\.work\runs\atlas_het\graphatlas_c\split-0\seed-0\config-e0b34c85\job_config.yaml
atlas_het__node_classification__graphatlas_c__split0__seed1__d07390f59af7,d07390f59af7,0e672c999c335af7,atlas_het,node_classification,graphatlas_c,graphatlas_certified,1,0,1,outputs\.work\runs\atlas_het\graphatlas_c\split-0\seed-1\config-d07390f5,outputs\.work\runs\atlas_het\graphatlas_c\split-0\seed-1\config-d07390f5\job_config.yaml
atlas_het__node_classification__graphatlas_c__split0__seed2__118a940149db,118a940149db,0e672c999c335af7,atlas_het,node_classification,graphatlas_c,graphatlas_certified,2,0,1,outputs\.work\runs\atlas_het\graphatlas_c\split-0\seed-2\config-118a9401,outputs\.work\runs\atlas_het\graphatlas_c\split-0\seed-2\config-118a9401\job_config.yaml
atlas_het__node_classification__graphatlas_original__split0__seed0__540b61fc9f31,540b61fc9f31,0e672c999c335af7,atlas_het,node_classification,graphatlas_original,graphatlas,0,0,1,outputs\.work\runs\atlas_het\graphatlas_original\split-0\seed-0\config-540b61fc,outputs\.work\runs\atlas_het\graphatlas_original\split-0\seed-0\config-540b61fc\job_config.yaml
atlas_het__node_classification__graphatlas_original__split0__seed1__64bd0fdb79ba,64bd0fdb79ba,0e672c999c335af7,atlas_het,node_classification,graphatlas_original,graphatlas,1,0,1,outputs\.work\runs\atlas_het\graphatlas_original\split-0\seed-1\config-64bd0fdb,outputs\.work\runs\atlas_het\graphatlas_original\split-0\seed-1\config-64bd0fdb\job_config.yaml
atlas_het__node_classification__graphatlas_original__split0__seed2__6ddce8a281d2,6ddce8a281d2,0e672c999c335af7,atlas_het,node_classification,graphatlas_original,graphatlas,2,0,1,outputs\.work\runs\atlas_het\graphatlas_original\split-0\seed-2\config-6ddce8a2,outputs\.work\runs\atlas_het\graphatlas_original\split-0\seed-2\config-6ddce8a2\job_config.yaml
atlas_het__node_classification__graphatlas_free_transition__split0__seed0__ee8e676d52bc,ee8e676d52bc,0e672c999c335af7,atlas_het,node_classification,graphatlas_free_transition,graphatlas_free_transition,0,0,1,outputs\.work\runs\atlas_het\graphatlas_free_transition\split-0\seed-0\config-ee8e676d,outputs\.work\runs\atlas_het\graphatlas_free_transition\split-0\seed-0\config-ee8e676d\job_config.yaml
atlas_het__node_classification__graphatlas_free_transition__split0__seed1__eca56927a732,eca56927a732,0e672c999c335af7,atlas_het,node_classification,graphatlas_free_transition,graphatlas_free_transition,1,0,1,outputs\.work\runs\atlas_het\graphatlas_free_transition\split-0\seed-1\config-eca56927,outputs\.work\runs\atlas_het\graphatlas_free_transition\split-0\seed-1\config-eca56927\job_config.yaml
atlas_het__node_classification__graphatlas_free_transition__split0__seed2__3569f4e554b6,3569f4e554b6,0e672c999c335af7,atlas_het,node_classification,graphatlas_free_transition,graphatlas_free_transition,2,0,1,outputs\.work\runs\atlas_het\graphatlas_free_transition\split-0\seed-2\config-3569f4e5,outputs\.work\runs\atlas_het\graphatlas_free_transition\split-0\seed-2\config-3569f4e5\job_config.yaml
atlas_het__node_classification__graphatlas_no_transport__split0__seed0__7a61beb7352c,7a61beb7352c,0e672c999c335af7,atlas_het,node_classification,graphatlas_no_transport,graphatlas_no_transport,0,0,1,outputs\.work\runs\atlas_het\graphatlas_no_transport\split-0\seed-0\config-7a61beb7,outputs\.work\runs\atlas_het\graphatlas_no_transport\split-0\seed-0\config-7a61beb7\job_config.yaml
atlas_het__node_classification__graphatlas_no_transport__split0__seed1__ff74ef64afac,ff74ef64afac,0e672c999c335af7,atlas_het,node_classification,graphatlas_no_transport,graphatlas_no_transport,1,0,1,outputs\.work\runs\atlas_het\graphatlas_no_transport\split-0\seed-1\config-ff74ef64,outputs\.work\runs\atlas_het\graphatlas_no_transport\split-0\seed-1\config-ff74ef64\job_config.yaml
atlas_het__node_classification__graphatlas_no_transport__split0__seed2__b87e9aa35b22,b87e9aa35b22,0e672c999c335af7,atlas_het,node_classification,graphatlas_no_transport,graphatlas_no_transport,2,0,1,outputs\.work\runs\atlas_het\graphatlas_no_transport\split-0\seed-2\config-b87e9aa3,outputs\.work\runs\atlas_het\graphatlas_no_transport\split-0\seed-2\config-b87e9aa3\job_config.yaml
atlas_het__node_classification__graphatlas_c_oracle__split0__seed0__506fb15611ab,506fb15611ab,0e672c999c335af7,atlas_het,node_classification,graphatlas_c_oracle,graphatlas_certified,0,0,1,outputs\.work\runs\atlas_het\graphatlas_c_oracle\split-0\seed-0\config-506fb156,outputs\.work\runs\atlas_het\graphatlas_c_oracle\split-0\seed-0\config-506fb156\job_config.yaml
atlas_het__node_classification__graphatlas_c_oracle__split0__seed1__efd6c1c5c299,efd6c1c5c299,0e672c999c335af7,atlas_het,node_classification,graphatlas_c_oracle,graphatlas_certified,1,0,1,outputs\.work\runs\atlas_het\graphatlas_c_oracle\split-0\seed-1\config-efd6c1c5,outputs\.work\runs\atlas_het\graphatlas_c_oracle\split-0\seed-1\config-efd6c1c5\job_config.yaml
atlas_het__node_classification__graphatlas_c_oracle__split0__seed2__f53b6c4670b2,f53b6c4670b2,0e672c999c335af7,atlas_het,node_classification,graphatlas_c_oracle,graphatlas_certified,2,0,1,outputs\.work\runs\atlas_het\graphatlas_c_oracle\split-0\seed-2\config-f53b6c46,outputs\.work\runs\atlas_het\graphatlas_c_oracle\split-0\seed-2\config-f53b6c46\job_config.yaml
atlas_het__node_classification__graphatlas_c__split0__seed0__6d6e5b03b44c,6d6e5b03b44c,0e672c999c335af7,atlas_het,node_classification,graphatlas_c,graphatlas_certified,0,0,1,outputs\.work\runs\atlas_het\graphatlas_c\split-0\seed-0\config-6d6e5b03,outputs\.work\runs\atlas_het\graphatlas_c\split-0\seed-0\config-6d6e5b03\job_config.yaml
atlas_het__node_classification__graphatlas_c__split0__seed1__6d21aff4236d,6d21aff4236d,0e672c999c335af7,atlas_het,node_classification,graphatlas_c,graphatlas_certified,1,0,1,outputs\.work\runs\atlas_het\graphatlas_c\split-0\seed-1\config-6d21aff4,outputs\.work\runs\atlas_het\graphatlas_c\split-0\seed-1\config-6d21aff4\job_config.yaml
atlas_het__node_classification__graphatlas_c__split0__seed2__bf671ad3c29f,bf671ad3c29f,0e672c999c335af7,atlas_het,node_classification,graphatlas_c,graphatlas_certified,2,0,1,outputs\.work\runs\atlas_het\graphatlas_c\split-0\seed-2\config-bf671ad3,outputs\.work\runs\atlas_het\graphatlas_c\split-0\seed-2\config-bf671ad3\job_config.yaml
atlas_het__node_classification__graphatlas_original__split0__seed0__c817f03b40f9,c817f03b40f9,0e672c999c335af7,atlas_het,node_classification,graphatlas_original,graphatlas,0,0,1,outputs\.work\runs\atlas_het\graphatlas_original\split-0\seed-0\config-c817f03b,outputs\.work\runs\atlas_het\graphatlas_original\split-0\seed-0\config-c817f03b\job_config.yaml
atlas_het__node_classification__graphatlas_original__split0__seed1__2be398029bc6,2be398029bc6,0e672c999c335af7,atlas_het,node_classification,graphatlas_original,graphatlas,1,0,1,outputs\.work\runs\atlas_het\graphatlas_original\split-0\seed-1\config-2be39802,outputs\.work\runs\atlas_het\graphatlas_original\split-0\seed-1\config-2be39802\job_config.yaml
atlas_het__node_classification__graphatlas_original__split0__seed2__a45f52d0ae15,a45f52d0ae15,0e672c999c335af7,atlas_het,node_classification,graphatlas_original,graphatlas,2,0,1,outputs\.work\runs\atlas_het\graphatlas_original\split-0\seed-2\config-a45f52d0,outputs\.work\runs\atlas_het\graphatlas_original\split-0\seed-2\config-a45f52d0\job_config.yaml
atlas_het__node_classification__graphatlas_free_transition__split0__seed0__18116f71a403,18116f71a403,0e672c999c335af7,atlas_het,node_classification,graphatlas_free_transition,graphatlas_free_transition,0,0,1,outputs\.work\runs\atlas_het\graphatlas_free_transition\split-0\seed-0\config-18116f71,outputs\.work\runs\atlas_het\graphatlas_free_transition\split-0\seed-0\config-18116f71\job_config.yaml
atlas_het__node_classification__graphatlas_free_transition__split0__seed1__2ebbb7b57faa,2ebbb7b57faa,0e672c999c335af7,atlas_het,node_classification,graphatlas_free_transition,graphatlas_free_transition,1,0,1,outputs\.work\runs\atlas_het\graphatlas_free_transition\split-0\seed-1\config-2ebbb7b5,outputs\.work\runs\atlas_het\graphatlas_free_transition\split-0\seed-1\config-2ebbb7b5\job_config.yaml
atlas_het__node_classification__graphatlas_free_transition__split0__seed2__10e573b9be0e,10e573b9be0e,0e672c999c335af7,atlas_het,node_classification,graphatlas_free_transition,graphatlas_free_transition,2,0,1,outputs\.work\runs\atlas_het\graphatlas_free_transition\split-0\seed-2\config-10e573b9,outputs\.work\runs\atlas_het\graphatlas_free_transition\split-0\seed-2\config-10e573b9\job_config.yaml
atlas_het__node_classification__graphatlas_no_transport__split0__seed0__dfec0f256ca3,dfec0f256ca3,0e672c999c335af7,atlas_het,node_classification,graphatlas_no_transport,graphatlas_no_transport,0,0,1,outputs\.work\runs\atlas_het\graphatlas_no_transport\split-0\seed-0\config-dfec0f25,outputs\.work\runs\atlas_het\graphatlas_no_transport\split-0\seed-0\config-dfec0f25\job_config.yaml
atlas_het__node_classification__graphatlas_no_transport__split0__seed1__a368a37a110d,a368a37a110d,0e672c999c335af7,atlas_het,node_classification,graphatlas_no_transport,graphatlas_no_transport,1,0,1,outputs\.work\runs\atlas_het\graphatlas_no_transport\split-0\seed-1\config-a368a37a,outputs\.work\runs\atlas_het\graphatlas_no_transport\split-0\seed-1\config-a368a37a\job_config.yaml
atlas_het__node_classification__graphatlas_no_transport__split0__seed2__bc20bbd512ab,bc20bbd512ab,0e672c999c335af7,atlas_het,node_classification,graphatlas_no_transport,graphatlas_no_transport,2,0,1,outputs\.work\runs\atlas_het\graphatlas_no_transport\split-0\seed-2\config-bc20bbd5,outputs\.work\runs\atlas_het\graphatlas_no_transport\split-0\seed-2\config-bc20bbd5\job_config.yaml
atlas_het__node_classification__graphatlas_c_oracle__split0__seed0__0254f96db4ae,0254f96db4ae,0e672c999c335af7,atlas_het,node_classification,graphatlas_c_oracle,graphatlas_certified,0,0,1,outputs\.work\runs\atlas_het\graphatlas_c_oracle\split-0\seed-0\config-0254f96d,outputs\.work\runs\atlas_het\graphatlas_c_oracle\split-0\seed-0\config-0254f96d\job_config.yaml
atlas_het__node_classification__graphatlas_c_oracle__split0__seed1__868d88ef1abb,868d88ef1abb,0e672c999c335af7,atlas_het,node_classification,graphatlas_c_oracle,graphatlas_certified,1,0,1,outputs\.work\runs\atlas_het\graphatlas_c_oracle\split-0\seed-1\config-868d88ef,outputs\.work\runs\atlas_het\graphatlas_c_oracle\split-0\seed-1\config-868d88ef\job_config.yaml
atlas_het__node_classification__graphatlas_c_oracle__split0__seed2__fcbf7cc589bc,fcbf7cc589bc,0e672c999c335af7,atlas_het,node_classification,graphatlas_c_oracle,graphatlas_certified,2,0,1,outputs\.work\runs\atlas_het\graphatlas_c_oracle\split-0\seed-2\config-fcbf7cc5,outputs\.work\runs\atlas_het\graphatlas_c_oracle\split-0\seed-2\config-fcbf7cc5\job_config.yaml
atlas_het__node_classification__graphatlas_c__split0__seed0__bacfbe45205d,bacfbe45205d,0e672c999c335af7,atlas_het,node_classification,graphatlas_c,graphatlas_certified,0,0,1,outputs\.work\runs\atlas_het\graphatlas_c\split-0\seed-0\config-bacfbe45,outputs\.work\runs\atlas_het\graphatlas_c\split-0\seed-0\config-bacfbe45\job_config.yaml
atlas_het__node_classification__graphatlas_c__split0__seed1__5d6a24c2e39a,5d6a24c2e39a,0e672c999c335af7,atlas_het,node_classification,graphatlas_c,graphatlas_certified,1,0,1,outputs\.work\runs\atlas_het\graphatlas_c\split-0\seed-1\config-5d6a24c2,outputs\.work\runs\atlas_het\graphatlas_c\split-0\seed-1\config-5d6a24c2\job_config.yaml
atlas_het__node_classification__graphatlas_c__split0__seed2__53fdf691c9c2,53fdf691c9c2,0e672c999c335af7,atlas_het,node_classification,graphatlas_c,graphatlas_certified,2,0,1,outputs\.work\runs\atlas_het\graphatlas_c\split-0\seed-2\config-53fdf691,outputs\.work\runs\atlas_het\graphatlas_c\split-0\seed-2\config-53fdf691\job_config.yaml
atlas_het__node_classification__graphatlas_original__split0__seed0__312af6a62cff,312af6a62cff,0e672c999c335af7,atlas_het,node_classification,graphatlas_original,graphatlas,0,0,1,outputs\.work\runs\atlas_het\graphatlas_original\split-0\seed-0\config-312af6a6,outputs\.work\runs\atlas_het\graphatlas_original\split-0\seed-0\config-312af6a6\job_config.yaml
atlas_het__node_classification__graphatlas_original__split0__seed1__a00974ea45b7,a00974ea45b7,0e672c999c335af7,atlas_het,node_classification,graphatlas_original,graphatlas,1,0,1,outputs\.work\runs\atlas_het\graphatlas_original\split-0\seed-1\config-a00974ea,outputs\.work\runs\atlas_het\graphatlas_original\split-0\seed-1\config-a00974ea\job_config.yaml
atlas_het__node_classification__graphatlas_original__split0__seed2__0ba677b0a893,0ba677b0a893,0e672c999c335af7,atlas_het,node_classification,graphatlas_original,graphatlas,2,0,1,outputs\.work\runs\atlas_het\graphatlas_original\split-0\seed-2\config-0ba677b0,outputs\.work\runs\atlas_het\graphatlas_original\split-0\seed-2\config-0ba677b0\job_config.yaml
atlas_het__node_classification__graphatlas_free_transition__split0__seed0__f22ae4ff6c6d,f22ae4ff6c6d,0e672c999c335af7,atlas_het,node_classification,graphatlas_free_transition,graphatlas_free_transition,0,0,1,outputs\.work\runs\atlas_het\graphatlas_free_transition\split-0\seed-0\config-f22ae4ff,outputs\.work\runs\atlas_het\graphatlas_free_transition\split-0\seed-0\config-f22ae4ff\job_config.yaml
atlas_het__node_classification__graphatlas_free_transition__split0__seed1__65fdf65454ae,65fdf65454ae,0e672c999c335af7,atlas_het,node_classification,graphatlas_free_transition,graphatlas_free_transition,1,0,1,outputs\.work\runs\atlas_het\graphatlas_free_transition\split-0\seed-1\config-65fdf654,outputs\.work\runs\atlas_het\graphatlas_free_transition\split-0\seed-1\config-65fdf654\job_config.yaml
atlas_het__node_classification__graphatlas_free_transition__split0__seed2__08e6a915a1a8,08e6a915a1a8,0e672c999c335af7,atlas_het,node_classification,graphatlas_free_transition,graphatlas_free_transition,2,0,1,outputs\.work\runs\atlas_het\graphatlas_free_transition\split-0\seed-2\config-08e6a915,outputs\.work\runs\atlas_het\graphatlas_free_transition\split-0\seed-2\config-08e6a915\job_config.yaml
atlas_het__node_classification__graphatlas_no_transport__split0__seed0__0438dae683a3,0438dae683a3,0e672c999c335af7,atlas_het,node_classification,graphatlas_no_transport,graphatlas_no_transport,0,0,1,outputs\.work\runs\atlas_het\graphatlas_no_transport\split-0\seed-0\config-0438dae6,outputs\.work\runs\atlas_het\graphatlas_no_transport\split-0\seed-0\config-0438dae6\job_config.yaml
atlas_het__node_classification__graphatlas_no_transport__split0__seed1__b85876153d7f,b85876153d7f,0e672c999c335af7,atlas_het,node_classification,graphatlas_no_transport,graphatlas_no_transport,1,0,1,outputs\.work\runs\atlas_het\graphatlas_no_transport\split-0\seed-1\config-b8587615,outputs\.work\runs\atlas_het\graphatlas_no_transport\split-0\seed-1\config-b8587615\job_config.yaml
atlas_het__node_classification__graphatlas_no_transport__split0__seed2__478da38b2e58,478da38b2e58,0e672c999c335af7,atlas_het,node_classification,graphatlas_no_transport,graphatlas_no_transport,2,0,1,outputs\.work\runs\atlas_het\graphatlas_no_transport\split-0\seed-2\config-478da38b,outputs\.work\runs\atlas_het\graphatlas_no_transport\split-0\seed-2\config-478da38b\job_config.yaml
atlas_het__node_classification__graphatlas_c_oracle__split0__seed0__3e8c104a2f8a,3e8c104a2f8a,0e672c999c335af7,atlas_het,node_classification,graphatlas_c_oracle,graphatlas_certified,0,0,1,outputs\.work\runs\atlas_het\graphatlas_c_oracle\split-0\seed-0\config-3e8c104a,outputs\.work\runs\atlas_het\graphatlas_c_oracle\split-0\seed-0\config-3e8c104a\job_config.yaml
atlas_het__node_classification__graphatlas_c_oracle__split0__seed1__d6b1f07770a1,d6b1f07770a1,0e672c999c335af7,atlas_het,node_classification,graphatlas_c_oracle,graphatlas_certified,1,0,1,outputs\.work\runs\atlas_het\graphatlas_c_oracle\split-0\seed-1\config-d6b1f077,outputs\.work\runs\atlas_het\graphatlas_c_oracle\split-0\seed-1\config-d6b1f077\job_config.yaml
atlas_het__node_classification__graphatlas_c_oracle__split0__seed2__df427a42e6d9,df427a42e6d9,0e672c999c335af7,atlas_het,node_classification,graphatlas_c_oracle,graphatlas_certified,2,0,1,outputs\.work\runs\atlas_het\graphatlas_c_oracle\split-0\seed-2\config-df427a42,outputs\.work\runs\atlas_het\graphatlas_c_oracle\split-0\seed-2\config-df427a42\job_config.yaml
atlas_het__node_classification__graphatlas_c__split0__seed0__6c7f9764a489,6c7f9764a489,0e672c999c335af7,atlas_het,node_classification,graphatlas_c,graphatlas_certified,0,0,1,outputs\.work\runs\atlas_het\graphatlas_c\split-0\seed-0\config-6c7f9764,outputs\.work\runs\atlas_het\graphatlas_c\split-0\seed-0\config-6c7f9764\job_config.yaml
atlas_het__node_classification__graphatlas_c__split0__seed1__47795aa10ffd,47795aa10ffd,0e672c999c335af7,atlas_het,node_classification,graphatlas_c,graphatlas_certified,1,0,1,outputs\.work\runs\atlas_het\graphatlas_c\split-0\seed-1\config-47795aa1,outputs\.work\runs\atlas_het\graphatlas_c\split-0\seed-1\config-47795aa1\job_config.yaml
atlas_het__node_classification__graphatlas_c__split0__seed2__5e244ed0e588,5e244ed0e588,0e672c999c335af7,atlas_het,node_classification,graphatlas_c,graphatlas_certified,2,0,1,outputs\.work\runs\atlas_het\graphatlas_c\split-0\seed-2\config-5e244ed0,outputs\.work\runs\atlas_het\graphatlas_c\split-0\seed-2\config-5e244ed0\job_config.yaml
atlas_het__node_classification__graphatlas_original__split0__seed0__d4611b0aa19e,d4611b0aa19e,0e672c999c335af7,atlas_het,node_classification,graphatlas_original,graphatlas,0,0,1,outputs\.work\runs\atlas_het\graphatlas_original\split-0\seed-0\config-d4611b0a,outputs\.work\runs\atlas_het\graphatlas_original\split-0\seed-0\config-d4611b0a\job_config.yaml
atlas_het__node_classification__graphatlas_original__split0__seed1__43040977a607,43040977a607,0e672c999c335af7,atlas_het,node_classification,graphatlas_original,graphatlas,1,0,1,outputs\.work\runs\atlas_het\graphatlas_original\split-0\seed-1\config-43040977,outputs\.work\runs\atlas_het\graphatlas_original\split-0\seed-1\config-43040977\job_config.yaml
atlas_het__node_classification__graphatlas_original__split0__seed2__9cc096975d29,9cc096975d29,0e672c999c335af7,atlas_het,node_classification,graphatlas_original,graphatlas,2,0,1,outputs\.work\runs\atlas_het\graphatlas_original\split-0\seed-2\config-9cc09697,outputs\.work\runs\atlas_het\graphatlas_original\split-0\seed-2\config-9cc09697\job_config.yaml
atlas_het__node_classification__graphatlas_free_transition__split0__seed0__a3e8088254ad,a3e8088254ad,0e672c999c335af7,atlas_het,node_classification,graphatlas_free_transition,graphatlas_free_transition,0,0,1,outputs\.work\runs\atlas_het\graphatlas_free_transition\split-0\seed-0\config-a3e80882,outputs\.work\runs\atlas_het\graphatlas_free_transition\split-0\seed-0\config-a3e80882\job_config.yaml
atlas_het__node_classification__graphatlas_free_transition__split0__seed1__2dfa285373fb,2dfa285373fb,0e672c999c335af7,atlas_het,node_classification,graphatlas_free_transition,graphatlas_free_transition,1,0,1,outputs\.work\runs\atlas_het\graphatlas_free_transition\split-0\seed-1\config-2dfa2853,outputs\.work\runs\atlas_het\graphatlas_free_transition\split-0\seed-1\config-2dfa2853\job_config.yaml
atlas_het__node_classification__graphatlas_free_transition__split0__seed2__0691a5665f6e,0691a5665f6e,0e672c999c335af7,atlas_het,node_classification,graphatlas_free_transition,graphatlas_free_transition,2,0,1,outputs\.work\runs\atlas_het\graphatlas_free_transition\split-0\seed-2\config-0691a566,outputs\.work\runs\atlas_het\graphatlas_free_transition\split-0\seed-2\config-0691a566\job_config.yaml
atlas_het__node_classification__graphatlas_no_transport__split0__seed0__1ea4b1101b47,1ea4b1101b47,0e672c999c335af7,atlas_het,node_classification,graphatlas_no_transport,graphatlas_no_transport,0,0,1,outputs\.work\runs\atlas_het\graphatlas_no_transport\split-0\seed-0\config-1ea4b110,outputs\.work\runs\atlas_het\graphatlas_no_transport\split-0\seed-0\config-1ea4b110\job_config.yaml
atlas_het__node_classification__graphatlas_no_transport__split0__seed1__877a02e57cde,877a02e57cde,0e672c999c335af7,atlas_het,node_classification,graphatlas_no_transport,graphatlas_no_transport,1,0,1,outputs\.work\runs\atlas_het\graphatlas_no_transport\split-0\seed-1\config-877a02e5,outputs\.work\runs\atlas_het\graphatlas_no_transport\split-0\seed-1\config-877a02e5\job_config.yaml
atlas_het__node_classification__graphatlas_no_transport__split0__seed2__4de2a0340060,4de2a0340060,0e672c999c335af7,atlas_het,node_classification,graphatlas_no_transport,graphatlas_no_transport,2,0,1,outputs\.work\runs\atlas_het\graphatlas_no_transport\split-0\seed-2\config-4de2a034,outputs\.work\runs\atlas_het\graphatlas_no_transport\split-0\seed-2\config-4de2a034\job_config.yaml
atlas_het__node_classification__graphatlas_c_oracle__split0__seed0__7a9cdebc9df2,7a9cdebc9df2,0e672c999c335af7,atlas_het,node_classification,graphatlas_c_oracle,graphatlas_certified,0,0,1,outputs\.work\runs\atlas_het\graphatlas_c_oracle\split-0\seed-0\config-7a9cdebc,outputs\.work\runs\atlas_het\graphatlas_c_oracle\split-0\seed-0\config-7a9cdebc\job_config.yaml
atlas_het__node_classification__graphatlas_c_oracle__split0__seed1__a8ce4cd5115a,a8ce4cd5115a,0e672c999c335af7,atlas_het,node_classification,graphatlas_c_oracle,graphatlas_certified,1,0,1,outputs\.work\runs\atlas_het\graphatlas_c_oracle\split-0\seed-1\config-a8ce4cd5,outputs\.work\runs\atlas_het\graphatlas_c_oracle\split-0\seed-1\config-a8ce4cd5\job_config.yaml
atlas_het__node_classification__graphatlas_c_oracle__split0__seed2__3f4309138b6a,3f4309138b6a,0e672c999c335af7,atlas_het,node_classification,graphatlas_c_oracle,graphatlas_certified,2,0,1,outputs\.work\runs\atlas_het\graphatlas_c_oracle\split-0\seed-2\config-3f430913,outputs\.work\runs\atlas_het\graphatlas_c_oracle\split-0\seed-2\config-3f430913\job_config.yaml
atlas_het__node_classification__graphatlas_c__split0__seed0__59ff55d011be,59ff55d011be,0e672c999c335af7,atlas_het,node_classification,graphatlas_c,graphatlas_certified,0,0,1,outputs\.work\runs\atlas_het\graphatlas_c\split-0\seed-0\config-59ff55d0,outputs\.work\runs\atlas_het\graphatlas_c\split-0\seed-0\config-59ff55d0\job_config.yaml
atlas_het__node_classification__graphatlas_c__split0__seed1__b05ed1547f00,b05ed1547f00,0e672c999c335af7,atlas_het,node_classification,graphatlas_c,graphatlas_certified,1,0,1,outputs\.work\runs\atlas_het\graphatlas_c\split-0\seed-1\config-b05ed154,outputs\.work\runs\atlas_het\graphatlas_c\split-0\seed-1\config-b05ed154\job_config.yaml
atlas_het__node_classification__graphatlas_c__split0__seed2__10faaf0e1b57,10faaf0e1b57,0e672c999c335af7,atlas_het,node_classification,graphatlas_c,graphatlas_certified,2,0,1,outputs\.work\runs\atlas_het\graphatlas_c\split-0\seed-2\config-10faaf0e,outputs\.work\runs\atlas_het\graphatlas_c\split-0\seed-2\config-10faaf0e\job_config.yaml
atlas_het__node_classification__graphatlas_original__split0__seed0__6cb22ea22b4a,6cb22ea22b4a,0e672c999c335af7,atlas_het,node_classification,graphatlas_original,graphatlas,0,0,1,outputs\.work\runs\atlas_het\graphatlas_original\split-0\seed-0\config-6cb22ea2,outputs\.work\runs\atlas_het\graphatlas_original\split-0\seed-0\config-6cb22ea2\job_config.yaml
atlas_het__node_classification__graphatlas_original__split0__seed1__101ec50b2c99,101ec50b2c99,0e672c999c335af7,atlas_het,node_classification,graphatlas_original,graphatlas,1,0,1,outputs\.work\runs\atlas_het\graphatlas_original\split-0\seed-1\config-101ec50b,outputs\.work\runs\atlas_het\graphatlas_original\split-0\seed-1\config-101ec50b\job_config.yaml
atlas_het__node_classification__graphatlas_original__split0__seed2__0519c3574e82,0519c3574e82,0e672c999c335af7,atlas_het,node_classification,graphatlas_original,graphatlas,2,0,1,outputs\.work\runs\atlas_het\graphatlas_original\split-0\seed-2\config-0519c357,outputs\.work\runs\atlas_het\graphatlas_original\split-0\seed-2\config-0519c357\job_config.yaml
atlas_het__node_classification__graphatlas_free_transition__split0__seed0__d18a1f907523,d18a1f907523,0e672c999c335af7,atlas_het,node_classification,graphatlas_free_transition,graphatlas_free_transition,0,0,1,outputs\.work\runs\atlas_het\graphatlas_free_transition\split-0\seed-0\config-d18a1f90,outputs\.work\runs\atlas_het\graphatlas_free_transition\split-0\seed-0\config-d18a1f90\job_config.yaml
atlas_het__node_classification__graphatlas_free_transition__split0__seed1__b32da4c56f45,b32da4c56f45,0e672c999c335af7,atlas_het,node_classification,graphatlas_free_transition,graphatlas_free_transition,1,0,1,outputs\.work\runs\atlas_het\graphatlas_free_transition\split-0\seed-1\config-b32da4c5,outputs\.work\runs\atlas_het\graphatlas_free_transition\split-0\seed-1\config-b32da4c5\job_config.yaml
atlas_het__node_classification__graphatlas_free_transition__split0__seed2__28c83250a72d,28c83250a72d,0e672c999c335af7,atlas_het,node_classification,graphatlas_free_transition,graphatlas_free_transition,2,0,1,outputs\.work\runs\atlas_het\graphatlas_free_transition\split-0\seed-2\config-28c83250,outputs\.work\runs\atlas_het\graphatlas_free_transition\split-0\seed-2\config-28c83250\job_config.yaml
atlas_het__node_classification__graphatlas_no_transport__split0__seed0__3f049d5cf6cc,3f049d5cf6cc,0e672c999c335af7,atlas_het,node_classification,graphatlas_no_transport,graphatlas_no_transport,0,0,1,outputs\.work\runs\atlas_het\graphatlas_no_transport\split-0\seed-0\config-3f049d5c,outputs\.work\runs\atlas_het\graphatlas_no_transport\split-0\seed-0\config-3f049d5c\job_config.yaml
atlas_het__node_classification__graphatlas_no_transport__split0__seed1__2236fde5894c,2236fde5894c,0e672c999c335af7,atlas_het,node_classification,graphatlas_no_transport,graphatlas_no_transport,1,0,1,outputs\.work\runs\atlas_het\graphatlas_no_transport\split-0\seed-1\config-2236fde5,outputs\.work\runs\atlas_het\graphatlas_no_transport\split-0\seed-1\config-2236fde5\job_config.yaml
atlas_het__node_classification__graphatlas_no_transport__split0__seed2__aa431aea7964,aa431aea7964,0e672c999c335af7,atlas_het,node_classification,graphatlas_no_transport,graphatlas_no_transport,2,0,1,outputs\.work\runs\atlas_het\graphatlas_no_transport\split-0\seed-2\config-aa431aea,outputs\.work\runs\atlas_het\graphatlas_no_transport\split-0\seed-2\config-aa431aea\job_config.yaml
atlas_het__node_classification__graphatlas_c_oracle__split0__seed0__2d47daffa058,2d47daffa058,0e672c999c335af7,atlas_het,node_classification,graphatlas_c_oracle,graphatlas_certified,0,0,1,outputs\.work\runs\atlas_het\graphatlas_c_oracle\split-0\seed-0\config-2d47daff,outputs\.work\runs\atlas_het\graphatlas_c_oracle\split-0\seed-0\config-2d47daff\job_config.yaml
atlas_het__node_classification__graphatlas_c_oracle__split0__seed1__d12d7bb40ed0,d12d7bb40ed0,0e672c999c335af7,atlas_het,node_classification,graphatlas_c_oracle,graphatlas_certified,1,0,1,outputs\.work\runs\atlas_het\graphatlas_c_oracle\split-0\seed-1\config-d12d7bb4,outputs\.work\runs\atlas_het\graphatlas_c_oracle\split-0\seed-1\config-d12d7bb4\job_config.yaml
atlas_het__node_classification__graphatlas_c_oracle__split0__seed2__40fb801686cf,40fb801686cf,0e672c999c335af7,atlas_het,node_classification,graphatlas_c_oracle,graphatlas_certified,2,0,1,outputs\.work\runs\atlas_het\graphatlas_c_oracle\split-0\seed-2\config-40fb8016,outputs\.work\runs\atlas_het\graphatlas_c_oracle\split-0\seed-2\config-40fb8016\job_config.yaml
atlas_het__node_classification__graphatlas_c__split0__seed0__73f05c6e72c6,73f05c6e72c6,0e672c999c335af7,atlas_het,node_classification,graphatlas_c,graphatlas_certified,0,0,1,outputs\.work\runs\atlas_het\graphatlas_c\split-0\seed-0\config-73f05c6e,outputs\.work\runs\atlas_het\graphatlas_c\split-0\seed-0\config-73f05c6e\job_config.yaml
atlas_het__node_classification__graphatlas_c__split0__seed1__d7737e315561,d7737e315561,0e672c999c335af7,atlas_het,node_classification,graphatlas_c,graphatlas_certified,1,0,1,outputs\.work\runs\atlas_het\graphatlas_c\split-0\seed-1\config-d7737e31,outputs\.work\runs\atlas_het\graphatlas_c\split-0\seed-1\config-d7737e31\job_config.yaml
atlas_het__node_classification__graphatlas_c__split0__seed2__2eb164fb1744,2eb164fb1744,0e672c999c335af7,atlas_het,node_classification,graphatlas_c,graphatlas_certified,2,0,1,outputs\.work\runs\atlas_het\graphatlas_c\split-0\seed-2\config-2eb164fb,outputs\.work\runs\atlas_het\graphatlas_c\split-0\seed-2\config-2eb164fb\job_config.yaml
atlas_het__node_classification__graphatlas_original__split0__seed0__8b8711d7c3ad,8b8711d7c3ad,0e672c999c335af7,atlas_het,node_classification,graphatlas_original,graphatlas,0,0,1,outputs\.work\runs\atlas_het\graphatlas_original\split-0\seed-0\config-8b8711d7,outputs\.work\runs\atlas_het\graphatlas_original\split-0\seed-0\config-8b8711d7\job_config.yaml
atlas_het__node_classification__graphatlas_original__split0__seed1__ae8647d78ef9,ae8647d78ef9,0e672c999c335af7,atlas_het,node_classification,graphatlas_original,graphatlas,1,0,1,outputs\.work\runs\atlas_het\graphatlas_original\split-0\seed-1\config-ae8647d7,outputs\.work\runs\atlas_het\graphatlas_original\split-0\seed-1\config-ae8647d7\job_config.yaml
atlas_het__node_classification__graphatlas_original__split0__seed2__9c585cb94621,9c585cb94621,0e672c999c335af7,atlas_het,node_classification,graphatlas_original,graphatlas,2,0,1,outputs\.work\runs\atlas_het\graphatlas_original\split-0\seed-2\config-9c585cb9,outputs\.work\runs\atlas_het\graphatlas_original\split-0\seed-2\config-9c585cb9\job_config.yaml
atlas_het__node_classification__graphatlas_free_transition__split0__seed0__426c2854c43d,426c2854c43d,0e672c999c335af7,atlas_het,node_classification,graphatlas_free_transition,graphatlas_free_transition,0,0,1,outputs\.work\runs\atlas_het\graphatlas_free_transition\split-0\seed-0\config-426c2854,outputs\.work\runs\atlas_het\graphatlas_free_transition\split-0\seed-0\config-426c2854\job_config.yaml
atlas_het__node_classification__graphatlas_free_transition__split0__seed1__545fa7f07507,545fa7f07507,0e672c999c335af7,atlas_het,node_classification,graphatlas_free_transition,graphatlas_free_transition,1,0,1,outputs\.work\runs\atlas_het\graphatlas_free_transition\split-0\seed-1\config-545fa7f0,outputs\.work\runs\atlas_het\graphatlas_free_transition\split-0\seed-1\config-545fa7f0\job_config.yaml
atlas_het__node_classification__graphatlas_free_transition__split0__seed2__7a1fa8ffcbc0,7a1fa8ffcbc0,0e672c999c335af7,atlas_het,node_classification,graphatlas_free_transition,graphatlas_free_transition,2,0,1,outputs\.work\runs\atlas_het\graphatlas_free_transition\split-0\seed-2\config-7a1fa8ff,outputs\.work\runs\atlas_het\graphatlas_free_transition\split-0\seed-2\config-7a1fa8ff\job_config.yaml
atlas_het__node_classification__graphatlas_no_transport__split0__seed0__92ea2b05f60f,92ea2b05f60f,0e672c999c335af7,atlas_het,node_classification,graphatlas_no_transport,graphatlas_no_transport,0,0,1,outputs\.work\runs\atlas_het\graphatlas_no_transport\split-0\seed-0\config-92ea2b05,outputs\.work\runs\atlas_het\graphatlas_no_transport\split-0\seed-0\config-92ea2b05\job_config.yaml
atlas_het__node_classification__graphatlas_no_transport__split0__seed1__c2e1d87d93fb,c2e1d87d93fb,0e672c999c335af7,atlas_het,node_classification,graphatlas_no_transport,graphatlas_no_transport,1,0,1,outputs\.work\runs\atlas_het\graphatlas_no_transport\split-0\seed-1\config-c2e1d87d,outputs\.work\runs\atlas_het\graphatlas_no_transport\split-0\seed-1\config-c2e1d87d\job_config.yaml
atlas_het__node_classification__graphatlas_no_transport__split0__seed2__59d5b93eb1a7,59d5b93eb1a7,0e672c999c335af7,atlas_het,node_classification,graphatlas_no_transport,graphatlas_no_transport,2,0,1,outputs\.work\runs\atlas_het\graphatlas_no_transport\split-0\seed-2\config-59d5b93e,outputs\.work\runs\atlas_het\graphatlas_no_transport\split-0\seed-2\config-59d5b93e\job_config.yaml
atlas_het__node_classification__graphatlas_c_oracle__split0__seed0__90144099f15f,90144099f15f,0e672c999c335af7,atlas_het,node_classification,graphatlas_c_oracle,graphatlas_certified,0,0,1,outputs\.work\runs\atlas_het\graphatlas_c_oracle\split-0\seed-0\config-90144099,outputs\.work\runs\atlas_het\graphatlas_c_oracle\split-0\seed-0\config-90144099\job_config.yaml
atlas_het__node_classification__graphatlas_c_oracle__split0__seed1__7ddb3a08ed46,7ddb3a08ed46,0e672c999c335af7,atlas_het,node_classification,graphatlas_c_oracle,graphatlas_certified,1,0,1,outputs\.work\runs\atlas_het\graphatlas_c_oracle\split-0\seed-1\config-7ddb3a08,outputs\.work\runs\atlas_het\graphatlas_c_oracle\split-0\seed-1\config-7ddb3a08\job_config.yaml
atlas_het__node_classification__graphatlas_c_oracle__split0__seed2__75f7a2339a8f,75f7a2339a8f,0e672c999c335af7,atlas_het,node_classification,graphatlas_c_oracle,graphatlas_certified,2,0,1,outputs\.work\runs\atlas_het\graphatlas_c_oracle\split-0\seed-2\config-75f7a233,outputs\.work\runs\atlas_het\graphatlas_c_oracle\split-0\seed-2\config-75f7a233\job_config.yaml
atlas_het__node_classification__graphatlas_c__split0__seed0__e7ed47c0808a,e7ed47c0808a,0e672c999c335af7,atlas_het,node_classification,graphatlas_c,graphatlas_certified,0,0,1,outputs\.work\runs\atlas_het\graphatlas_c\split-0\seed-0\config-e7ed47c0,outputs\.work\runs\atlas_het\graphatlas_c\split-0\seed-0\config-e7ed47c0\job_config.yaml
atlas_het__node_classification__graphatlas_c__split0__seed1__b2b27d5a213d,b2b27d5a213d,0e672c999c335af7,atlas_het,node_classification,graphatlas_c,graphatlas_certified,1,0,1,outputs\.work\runs\atlas_het\graphatlas_c\split-0\seed-1\config-b2b27d5a,outputs\.work\runs\atlas_het\graphatlas_c\split-0\seed-1\config-b2b27d5a\job_config.yaml
atlas_het__node_classification__graphatlas_c__split0__seed2__e0ebb8589ff3,e0ebb8589ff3,0e672c999c335af7,atlas_het,node_classification,graphatlas_c,graphatlas_certified,2,0,1,outputs\.work\runs\atlas_het\graphatlas_c\split-0\seed-2\config-e0ebb858,outputs\.work\runs\atlas_het\graphatlas_c\split-0\seed-2\config-e0ebb858\job_config.yaml
atlas_het__node_classification__graphatlas_original__split0__seed0__5a0d5486f415,5a0d5486f415,0e672c999c335af7,atlas_het,node_classification,graphatlas_original,graphatlas,0,0,1,outputs\.work\runs\atlas_het\graphatlas_original\split-0\seed-0\config-5a0d5486,outputs\.work\runs\atlas_het\graphatlas_original\split-0\seed-0\config-5a0d5486\job_config.yaml
atlas_het__node_classification__graphatlas_original__split0__seed1__e9fc8b99b614,e9fc8b99b614,0e672c999c335af7,atlas_het,node_classification,graphatlas_original,graphatlas,1,0,1,outputs\.work\runs\atlas_het\graphatlas_original\split-0\seed-1\config-e9fc8b99,outputs\.work\runs\atlas_het\graphatlas_original\split-0\seed-1\config-e9fc8b99\job_config.yaml
atlas_het__node_classification__graphatlas_original__split0__seed2__bfa6c27d57df,bfa6c27d57df,0e672c999c335af7,atlas_het,node_classification,graphatlas_original,graphatlas,2,0,1,outputs\.work\runs\atlas_het\graphatlas_original\split-0\seed-2\config-bfa6c27d,outputs\.work\runs\atlas_het\graphatlas_original\split-0\seed-2\config-bfa6c27d\job_config.yaml
atlas_het__node_classification__graphatlas_free_transition__split0__seed0__6ee1c56a6be2,6ee1c56a6be2,0e672c999c335af7,atlas_het,node_classification,graphatlas_free_transition,graphatlas_free_transition,0,0,1,outputs\.work\runs\atlas_het\graphatlas_free_transition\split-0\seed-0\config-6ee1c56a,outputs\.work\runs\atlas_het\graphatlas_free_transition\split-0\seed-0\config-6ee1c56a\job_config.yaml
atlas_het__node_classification__graphatlas_free_transition__split0__seed1__93e1b345eead,93e1b345eead,0e672c999c335af7,atlas_het,node_classification,graphatlas_free_transition,graphatlas_free_transition,1,0,1,outputs\.work\runs\atlas_het\graphatlas_free_transition\split-0\seed-1\config-93e1b345,outputs\.work\runs\atlas_het\graphatlas_free_transition\split-0\seed-1\config-93e1b345\job_config.yaml
atlas_het__node_classification__graphatlas_free_transition__split0__seed2__bce2d0b6e04a,bce2d0b6e04a,0e672c999c335af7,atlas_het,node_classification,graphatlas_free_transition,graphatlas_free_transition,2,0,1,outputs\.work\runs\atlas_het\graphatlas_free_transition\split-0\seed-2\config-bce2d0b6,outputs\.work\runs\atlas_het\graphatlas_free_transition\split-0\seed-2\config-bce2d0b6\job_config.yaml
atlas_het__node_classification__graphatlas_no_transport__split0__seed0__e52c1a81cea6,e52c1a81cea6,0e672c999c335af7,atlas_het,node_classification,graphatlas_no_transport,graphatlas_no_transport,0,0,1,outputs\.work\runs\atlas_het\graphatlas_no_transport\split-0\seed-0\config-e52c1a81,outputs\.work\runs\atlas_het\graphatlas_no_transport\split-0\seed-0\config-e52c1a81\job_config.yaml
atlas_het__node_classification__graphatlas_no_transport__split0__seed1__0fc7cb7d2dcc,0fc7cb7d2dcc,0e672c999c335af7,atlas_het,node_classification,graphatlas_no_transport,graphatlas_no_transport,1,0,1,outputs\.work\runs\atlas_het\graphatlas_no_transport\split-0\seed-1\config-0fc7cb7d,outputs\.work\runs\atlas_het\graphatlas_no_transport\split-0\seed-1\config-0fc7cb7d\job_config.yaml
atlas_het__node_classification__graphatlas_no_transport__split0__seed2__3455aeca770b,3455aeca770b,0e672c999c335af7,atlas_het,node_classification,graphatlas_no_transport,graphatlas_no_transport,2,0,1,outputs\.work\runs\atlas_het\graphatlas_no_transport\split-0\seed-2\config-3455aeca,outputs\.work\runs\atlas_het\graphatlas_no_transport\split-0\seed-2\config-3455aeca\job_config.yaml
atlas_het__node_classification__graphatlas_c_oracle__split0__seed0__bf3c04544060,bf3c04544060,0e672c999c335af7,atlas_het,node_classification,graphatlas_c_oracle,graphatlas_certified,0,0,1,outputs\.work\runs\atlas_het\graphatlas_c_oracle\split-0\seed-0\config-bf3c0454,outputs\.work\runs\atlas_het\graphatlas_c_oracle\split-0\seed-0\config-bf3c0454\job_config.yaml
atlas_het__node_classification__graphatlas_c_oracle__split0__seed1__460087fec1c9,460087fec1c9,0e672c999c335af7,atlas_het,node_classification,graphatlas_c_oracle,graphatlas_certified,1,0,1,outputs\.work\runs\atlas_het\graphatlas_c_oracle\split-0\seed-1\config-460087fe,outputs\.work\runs\atlas_het\graphatlas_c_oracle\split-0\seed-1\config-460087fe\job_config.yaml
atlas_het__node_classification__graphatlas_c_oracle__split0__seed2__88dd67bfe9e6,88dd67bfe9e6,0e672c999c335af7,atlas_het,node_classification,graphatlas_c_oracle,graphatlas_certified,2,0,1,outputs\.work\runs\atlas_het\graphatlas_c_oracle\split-0\seed-2\config-88dd67bf,outputs\.work\runs\atlas_het\graphatlas_c_oracle\split-0\seed-2\config-88dd67bf\job_config.yaml
atlas_het__node_classification__graphatlas_c__split0__seed0__2e8f04f7e1a9,2e8f04f7e1a9,0e672c999c335af7,atlas_het,node_classification,graphatlas_c,graphatlas_certified,0,0,1,outputs\.work\runs\atlas_het\graphatlas_c\split-0\seed-0\config-2e8f04f7,outputs\.work\runs\atlas_het\graphatlas_c\split-0\seed-0\config-2e8f04f7\job_config.yaml
atlas_het__node_classification__graphatlas_c__split0__seed1__4a87626584ca,4a87626584ca,0e672c999c335af7,atlas_het,node_classification,graphatlas_c,graphatlas_certified,1,0,1,outputs\.work\runs\atlas_het\graphatlas_c\split-0\seed-1\config-4a876265,outputs\.work\runs\atlas_het\graphatlas_c\split-0\seed-1\config-4a876265\job_config.yaml
atlas_het__node_classification__graphatlas_c__split0__seed2__de5a81134b58,de5a81134b58,0e672c999c335af7,atlas_het,node_classification,graphatlas_c,graphatlas_certified,2,0,1,outputs\.work\runs\atlas_het\graphatlas_c\split-0\seed-2\config-de5a8113,outputs\.work\runs\atlas_het\graphatlas_c\split-0\seed-2\config-de5a8113\job_config.yaml
atlas_het__node_classification__graphatlas_original__split0__seed0__0d1b4ccb81c9,0d1b4ccb81c9,0e672c999c335af7,atlas_het,node_classification,graphatlas_original,graphatlas,0,0,1,outputs\.work\runs\atlas_het\graphatlas_original\split-0\seed-0\config-0d1b4ccb,outputs\.work\runs\atlas_het\graphatlas_original\split-0\seed-0\config-0d1b4ccb\job_config.yaml
atlas_het__node_classification__graphatlas_original__split0__seed1__6576878d861b,6576878d861b,0e672c999c335af7,atlas_het,node_classification,graphatlas_original,graphatlas,1,0,1,outputs\.work\runs\atlas_het\graphatlas_original\split-0\seed-1\config-6576878d,outputs\.work\runs\atlas_het\graphatlas_original\split-0\seed-1\config-6576878d\job_config.yaml
atlas_het__node_classification__graphatlas_original__split0__seed2__0e55c958013b,0e55c958013b,0e672c999c335af7,atlas_het,node_classification,graphatlas_original,graphatlas,2,0,1,outputs\.work\runs\atlas_het\graphatlas_original\split-0\seed-2\config-0e55c958,outputs\.work\runs\atlas_het\graphatlas_original\split-0\seed-2\config-0e55c958\job_config.yaml
atlas_het__node_classification__graphatlas_free_transition__split0__seed0__c15645a83681,c15645a83681,0e672c999c335af7,atlas_het,node_classification,graphatlas_free_transition,graphatlas_free_transition,0,0,1,outputs\.work\runs\atlas_het\graphatlas_free_transition\split-0\seed-0\config-c15645a8,outputs\.work\runs\atlas_het\graphatlas_free_transition\split-0\seed-0\config-c15645a8\job_config.yaml
atlas_het__node_classification__graphatlas_free_transition__split0__seed1__aa5aeca1e827,aa5aeca1e827,0e672c999c335af7,atlas_het,node_classification,graphatlas_free_transition,graphatlas_free_transition,1,0,1,outputs\.work\runs\atlas_het\graphatlas_free_transition\split-0\seed-1\config-aa5aeca1,outputs\.work\runs\atlas_het\graphatlas_free_transition\split-0\seed-1\config-aa5aeca1\job_config.yaml
atlas_het__node_classification__graphatlas_free_transition__split0__seed2__9f5d8f386853,9f5d8f386853,0e672c999c335af7,atlas_het,node_classification,graphatlas_free_transition,graphatlas_free_transition,2,0,1,outputs\.work\runs\atlas_het\graphatlas_free_transition\split-0\seed-2\config-9f5d8f38,outputs\.work\runs\atlas_het\graphatlas_free_transition\split-0\seed-2\config-9f5d8f38\job_config.yaml
atlas_het__node_classification__graphatlas_no_transport__split0__seed0__8ff12254b5b5,8ff12254b5b5,0e672c999c335af7,atlas_het,node_classification,graphatlas_no_transport,graphatlas_no_transport,0,0,1,outputs\.work\runs\atlas_het\graphatlas_no_transport\split-0\seed-0\config-8ff12254,outputs\.work\runs\atlas_het\graphatlas_no_transport\split-0\seed-0\config-8ff12254\job_config.yaml
atlas_het__node_classification__graphatlas_no_transport__split0__seed1__1ca1867e6563,1ca1867e6563,0e672c999c335af7,atlas_het,node_classification,graphatlas_no_transport,graphatlas_no_transport,1,0,1,outputs\.work\runs\atlas_het\graphatlas_no_transport\split-0\seed-1\config-1ca1867e,outputs\.work\runs\atlas_het\graphatlas_no_transport\split-0\seed-1\config-1ca1867e\job_config.yaml
atlas_het__node_classification__graphatlas_no_transport__split0__seed2__d7f75064a69a,d7f75064a69a,0e672c999c335af7,atlas_het,node_classification,graphatlas_no_transport,graphatlas_no_transport,2,0,1,outputs\.work\runs\atlas_het\graphatlas_no_transport\split-0\seed-2\config-d7f75064,outputs\.work\runs\atlas_het\graphatlas_no_transport\split-0\seed-2\config-d7f75064\job_config.yaml
atlas_het__node_classification__graphatlas_c_oracle__split0__seed0__faf938637592,faf938637592,0e672c999c335af7,atlas_het,node_classification,graphatlas_c_oracle,graphatlas_certified,0,0,1,outputs\.work\runs\atlas_het\graphatlas_c_oracle\split-0\seed-0\config-faf93863,outputs\.work\runs\atlas_het\graphatlas_c_oracle\split-0\seed-0\config-faf93863\job_config.yaml
atlas_het__node_classification__graphatlas_c_oracle__split0__seed1__a3e0d3838237,a3e0d3838237,0e672c999c335af7,atlas_het,node_classification,graphatlas_c_oracle,graphatlas_certified,1,0,1,outputs\.work\runs\atlas_het\graphatlas_c_oracle\split-0\seed-1\config-a3e0d383,outputs\.work\runs\atlas_het\graphatlas_c_oracle\split-0\seed-1\config-a3e0d383\job_config.yaml
atlas_het__node_classification__graphatlas_c_oracle__split0__seed2__4fa1e3ea0913,4fa1e3ea0913,0e672c999c335af7,atlas_het,node_classification,graphatlas_c_oracle,graphatlas_certified,2,0,1,outputs\.work\runs\atlas_het\graphatlas_c_oracle\split-0\seed-2\config-4fa1e3ea,outputs\.work\runs\atlas_het\graphatlas_c_oracle\split-0\seed-2\config-4fa1e3ea\job_config.yaml
atlas_het__node_classification__graphatlas_c__split0__seed0__35ffd18fd2c6,35ffd18fd2c6,0e672c999c335af7,atlas_het,node_classification,graphatlas_c,graphatlas_certified,0,0,1,outputs\.work\runs\atlas_het\graphatlas_c\split-0\seed-0\config-35ffd18f,outputs\.work\runs\atlas_het\graphatlas_c\split-0\seed-0\config-35ffd18f\job_config.yaml
atlas_het__node_classification__graphatlas_c__split0__seed1__694a8c91c8c8,694a8c91c8c8,0e672c999c335af7,atlas_het,node_classification,graphatlas_c,graphatlas_certified,1,0,1,outputs\.work\runs\atlas_het\graphatlas_c\split-0\seed-1\config-694a8c91,outputs\.work\runs\atlas_het\graphatlas_c\split-0\seed-1\config-694a8c91\job_config.yaml
atlas_het__node_classification__graphatlas_c__split0__seed2__4451d77e4bdf,4451d77e4bdf,0e672c999c335af7,atlas_het,node_classification,graphatlas_c,graphatlas_certified,2,0,1,outputs\.work\runs\atlas_het\graphatlas_c\split-0\seed-2\config-4451d77e,outputs\.work\runs\atlas_het\graphatlas_c\split-0\seed-2\config-4451d77e\job_config.yaml
atlas_het__node_classification__graphatlas_original__split0__seed0__d9fdc0ee6871,d9fdc0ee6871,0e672c999c335af7,atlas_het,node_classification,graphatlas_original,graphatlas,0,0,1,outputs\.work\runs\atlas_het\graphatlas_original\split-0\seed-0\config-d9fdc0ee,outputs\.work\runs\atlas_het\graphatlas_original\split-0\seed-0\config-d9fdc0ee\job_config.yaml
atlas_het__node_classification__graphatlas_original__split0__seed1__55155f2213dd,55155f2213dd,0e672c999c335af7,atlas_het,node_classification,graphatlas_original,graphatlas,1,0,1,outputs\.work\runs\atlas_het\graphatlas_original\split-0\seed-1\config-55155f22,outputs\.work\runs\atlas_het\graphatlas_original\split-0\seed-1\config-55155f22\job_config.yaml
atlas_het__node_classification__graphatlas_original__split0__seed2__5ac01b6d512a,5ac01b6d512a,0e672c999c335af7,atlas_het,node_classification,graphatlas_original,graphatlas,2,0,1,outputs\.work\runs\atlas_het\graphatlas_original\split-0\seed-2\config-5ac01b6d,outputs\.work\runs\atlas_het\graphatlas_original\split-0\seed-2\config-5ac01b6d\job_config.yaml
atlas_het__node_classification__graphatlas_free_transition__split0__seed0__9676678bc574,9676678bc574,0e672c999c335af7,atlas_het,node_classification,graphatlas_free_transition,graphatlas_free_transition,0,0,1,outputs\.work\runs\atlas_het\graphatlas_free_transition\split-0\seed-0\config-9676678b,outputs\.work\runs\atlas_het\graphatlas_free_transition\split-0\seed-0\config-9676678b\job_config.yaml
atlas_het__node_classification__graphatlas_free_transition__split0__seed1__577c47e3428a,577c47e3428a,0e672c999c335af7,atlas_het,node_classification,graphatlas_free_transition,graphatlas_free_transition,1,0,1,outputs\.work\runs\atlas_het\graphatlas_free_transition\split-0\seed-1\config-577c47e3,outputs\.work\runs\atlas_het\graphatlas_free_transition\split-0\seed-1\config-577c47e3\job_config.yaml
atlas_het__node_classification__graphatlas_free_transition__split0__seed2__cde6ba269269,cde6ba269269,0e672c999c335af7,atlas_het,node_classification,graphatlas_free_transition,graphatlas_free_transition,2,0,1,outputs\.work\runs\atlas_het\graphatlas_free_transition\split-0\seed-2\config-cde6ba26,outputs\.work\runs\atlas_het\graphatlas_free_transition\split-0\seed-2\config-cde6ba26\job_config.yaml
atlas_het__node_classification__graphatlas_no_transport__split0__seed0__18dba7938835,18dba7938835,0e672c999c335af7,atlas_het,node_classification,graphatlas_no_transport,graphatlas_no_transport,0,0,1,outputs\.work\runs\atlas_het\graphatlas_no_transport\split-0\seed-0\config-18dba793,outputs\.work\runs\atlas_het\graphatlas_no_transport\split-0\seed-0\config-18dba793\job_config.yaml
atlas_het__node_classification__graphatlas_no_transport__split0__seed1__d7931e42ff74,d7931e42ff74,0e672c999c335af7,atlas_het,node_classification,graphatlas_no_transport,graphatlas_no_transport,1,0,1,outputs\.work\runs\atlas_het\graphatlas_no_transport\split-0\seed-1\config-d7931e42,outputs\.work\runs\atlas_het\graphatlas_no_transport\split-0\seed-1\config-d7931e42\job_config.yaml
atlas_het__node_classification__graphatlas_no_transport__split0__seed2__8daeb2cfecf1,8daeb2cfecf1,0e672c999c335af7,atlas_het,node_classification,graphatlas_no_transport,graphatlas_no_transport,2,0,1,outputs\.work\runs\atlas_het\graphatlas_no_transport\split-0\seed-2\config-8daeb2cf,outputs\.work\runs\atlas_het\graphatlas_no_transport\split-0\seed-2\config-8daeb2cf\job_config.yaml
atlas_het__node_classification__graphatlas_c_oracle__split0__seed0__691eed8519fe,691eed8519fe,0e672c999c335af7,atlas_het,node_classification,graphatlas_c_oracle,graphatlas_certified,0,0,1,outputs\.work\runs\atlas_het\graphatlas_c_oracle\split-0\seed-0\config-691eed85,outputs\.work\runs\atlas_het\graphatlas_c_oracle\split-0\seed-0\config-691eed85\job_config.yaml
atlas_het__node_classification__graphatlas_c_oracle__split0__seed1__9fd52c95b36e,9fd52c95b36e,0e672c999c335af7,atlas_het,node_classification,graphatlas_c_oracle,graphatlas_certified,1,0,1,outputs\.work\runs\atlas_het\graphatlas_c_oracle\split-0\seed-1\config-9fd52c95,outputs\.work\runs\atlas_het\graphatlas_c_oracle\split-0\seed-1\config-9fd52c95\job_config.yaml
atlas_het__node_classification__graphatlas_c_oracle__split0__seed2__49480da0739e,49480da0739e,0e672c999c335af7,atlas_het,node_classification,graphatlas_c_oracle,graphatlas_certified,2,0,1,outputs\.work\runs\atlas_het\graphatlas_c_oracle\split-0\seed-2\config-49480da0,outputs\.work\runs\atlas_het\graphatlas_c_oracle\split-0\seed-2\config-49480da0\job_config.yaml
atlas_het__node_classification__graphatlas_c__split0__seed0__684f6e7536f4,684f6e7536f4,0e672c999c335af7,atlas_het,node_classification,graphatlas_c,graphatlas_certified,0,0,1,outputs\.work\runs\atlas_het\graphatlas_c\split-0\seed-0\config-684f6e75,outputs\.work\runs\atlas_het\graphatlas_c\split-0\seed-0\config-684f6e75\job_config.yaml
atlas_het__node_classification__graphatlas_c__split0__seed1__056aec074203,056aec074203,0e672c999c335af7,atlas_het,node_classification,graphatlas_c,graphatlas_certified,1,0,1,outputs\.work\runs\atlas_het\graphatlas_c\split-0\seed-1\config-056aec07,outputs\.work\runs\atlas_het\graphatlas_c\split-0\seed-1\config-056aec07\job_config.yaml
atlas_het__node_classification__graphatlas_c__split0__seed2__1628e7cc6d5a,1628e7cc6d5a,0e672c999c335af7,atlas_het,node_classification,graphatlas_c,graphatlas_certified,2,0,1,outputs\.work\runs\atlas_het\graphatlas_c\split-0\seed-2\config-1628e7cc,outputs\.work\runs\atlas_het\graphatlas_c\split-0\seed-2\config-1628e7cc\job_config.yaml
atlas_het__node_classification__graphatlas_original__split0__seed0__e80bef444c65,e80bef444c65,0e672c999c335af7,atlas_het,node_classification,graphatlas_original,graphatlas,0,0,1,outputs\.work\runs\atlas_het\graphatlas_original\split-0\seed-0\config-e80bef44,outputs\.work\runs\atlas_het\graphatlas_original\split-0\seed-0\config-e80bef44\job_config.yaml
atlas_het__node_classification__graphatlas_original__split0__seed1__e1b3c5d26efd,e1b3c5d26efd,0e672c999c335af7,atlas_het,node_classification,graphatlas_original,graphatlas,1,0,1,outputs\.work\runs\atlas_het\graphatlas_original\split-0\seed-1\config-e1b3c5d2,outputs\.work\runs\atlas_het\graphatlas_original\split-0\seed-1\config-e1b3c5d2\job_config.yaml
atlas_het__node_classification__graphatlas_original__split0__seed2__4b4fd3b261b4,4b4fd3b261b4,0e672c999c335af7,atlas_het,node_classification,graphatlas_original,graphatlas,2,0,1,outputs\.work\runs\atlas_het\graphatlas_original\split-0\seed-2\config-4b4fd3b2,outputs\.work\runs\atlas_het\graphatlas_original\split-0\seed-2\config-4b4fd3b2\job_config.yaml
atlas_het__node_classification__graphatlas_free_transition__split0__seed0__eab6ae70215d,eab6ae70215d,0e672c999c335af7,atlas_het,node_classification,graphatlas_free_transition,graphatlas_free_transition,0,0,1,outputs\.work\runs\atlas_het\graphatlas_free_transition\split-0\seed-0\config-eab6ae70,outputs\.work\runs\atlas_het\graphatlas_free_transition\split-0\seed-0\config-eab6ae70\job_config.yaml
atlas_het__node_classification__graphatlas_free_transition__split0__seed1__5d1eba224046,5d1eba224046,0e672c999c335af7,atlas_het,node_classification,graphatlas_free_transition,graphatlas_free_transition,1,0,1,outputs\.work\runs\atlas_het\graphatlas_free_transition\split-0\seed-1\config-5d1eba22,outputs\.work\runs\atlas_het\graphatlas_free_transition\split-0\seed-1\config-5d1eba22\job_config.yaml
atlas_het__node_classification__graphatlas_free_transition__split0__seed2__35ce2baa9966,35ce2baa9966,0e672c999c335af7,atlas_het,node_classification,graphatlas_free_transition,graphatlas_free_transition,2,0,1,outputs\.work\runs\atlas_het\graphatlas_free_transition\split-0\seed-2\config-35ce2baa,outputs\.work\runs\atlas_het\graphatlas_free_transition\split-0\seed-2\config-35ce2baa\job_config.yaml
atlas_het__node_classification__graphatlas_no_transport__split0__seed0__ea1343d21708,ea1343d21708,0e672c999c335af7,atlas_het,node_classification,graphatlas_no_transport,graphatlas_no_transport,0,0,1,outputs\.work\runs\atlas_het\graphatlas_no_transport\split-0\seed-0\config-ea1343d2,outputs\.work\runs\atlas_het\graphatlas_no_transport\split-0\seed-0\config-ea1343d2\job_config.yaml
atlas_het__node_classification__graphatlas_no_transport__split0__seed1__621c3ec3f70d,621c3ec3f70d,0e672c999c335af7,atlas_het,node_classification,graphatlas_no_transport,graphatlas_no_transport,1,0,1,outputs\.work\runs\atlas_het\graphatlas_no_transport\split-0\seed-1\config-621c3ec3,outputs\.work\runs\atlas_het\graphatlas_no_transport\split-0\seed-1\config-621c3ec3\job_config.yaml
atlas_het__node_classification__graphatlas_no_transport__split0__seed2__9fef95901fe3,9fef95901fe3,0e672c999c335af7,atlas_het,node_classification,graphatlas_no_transport,graphatlas_no_transport,2,0,1,outputs\.work\runs\atlas_het\graphatlas_no_transport\split-0\seed-2\config-9fef9590,outputs\.work\runs\atlas_het\graphatlas_no_transport\split-0\seed-2\config-9fef9590\job_config.yaml
atlas_het__node_classification__graphatlas_c_oracle__split0__seed0__cbaa24251e7d,cbaa24251e7d,0e672c999c335af7,atlas_het,node_classification,graphatlas_c_oracle,graphatlas_certified,0,0,1,outputs\.work\runs\atlas_het\graphatlas_c_oracle\split-0\seed-0\config-cbaa2425,outputs\.work\runs\atlas_het\graphatlas_c_oracle\split-0\seed-0\config-cbaa2425\job_config.yaml
atlas_het__node_classification__graphatlas_c_oracle__split0__seed1__0904fee976f3,0904fee976f3,0e672c999c335af7,atlas_het,node_classification,graphatlas_c_oracle,graphatlas_certified,1,0,1,outputs\.work\runs\atlas_het\graphatlas_c_oracle\split-0\seed-1\config-0904fee9,outputs\.work\runs\atlas_het\graphatlas_c_oracle\split-0\seed-1\config-0904fee9\job_config.yaml
atlas_het__node_classification__graphatlas_c_oracle__split0__seed2__cc3682d63853,cc3682d63853,0e672c999c335af7,atlas_het,node_classification,graphatlas_c_oracle,graphatlas_certified,2,0,1,outputs\.work\runs\atlas_het\graphatlas_c_oracle\split-0\seed-2\config-cc3682d6,outputs\.work\runs\atlas_het\graphatlas_c_oracle\split-0\seed-2\config-cc3682d6\job_config.yaml
atlas_het__node_classification__graphatlas_c__split0__seed0__459f60cd6975,459f60cd6975,0e672c999c335af7,atlas_het,node_classification,graphatlas_c,graphatlas_certified,0,0,1,outputs\.work\runs\atlas_het\graphatlas_c\split-0\seed-0\config-459f60cd,outputs\.work\runs\atlas_het\graphatlas_c\split-0\seed-0\config-459f60cd\job_config.yaml
atlas_het__node_classification__graphatlas_c__split0__seed1__0dddb5c9425b,0dddb5c9425b,0e672c999c335af7,atlas_het,node_classification,graphatlas_c,graphatlas_certified,1,0,1,outputs\.work\runs\atlas_het\graphatlas_c\split-0\seed-1\config-0dddb5c9,outputs\.work\runs\atlas_het\graphatlas_c\split-0\seed-1\config-0dddb5c9\job_config.yaml
atlas_het__node_classification__graphatlas_c__split0__seed2__59e9a880aecb,59e9a880aecb,0e672c999c335af7,atlas_het,node_classification,graphatlas_c,graphatlas_certified,2,0,1,outputs\.work\runs\atlas_het\graphatlas_c\split-0\seed-2\config-59e9a880,outputs\.work\runs\atlas_het\graphatlas_c\split-0\seed-2\config-59e9a880\job_config.yaml
atlas_het__node_classification__graphatlas_original__split0__seed0__1f5ac78149be,1f5ac78149be,0e672c999c335af7,atlas_het,node_classification,graphatlas_original,graphatlas,0,0,1,outputs\.work\runs\atlas_het\graphatlas_original\split-0\seed-0\config-1f5ac781,outputs\.work\runs\atlas_het\graphatlas_original\split-0\seed-0\config-1f5ac781\job_config.yaml
atlas_het__node_classification__graphatlas_original__split0__seed1__56595df927c4,56595df927c4,0e672c999c335af7,atlas_het,node_classification,graphatlas_original,graphatlas,1,0,1,outputs\.work\runs\atlas_het\graphatlas_original\split-0\seed-1\config-56595df9,outputs\.work\runs\atlas_het\graphatlas_original\split-0\seed-1\config-56595df9\job_config.yaml
atlas_het__node_classification__graphatlas_original__split0__seed2__eda1109f9dc8,eda1109f9dc8,0e672c999c335af7,atlas_het,node_classification,graphatlas_original,graphatlas,2,0,1,outputs\.work\runs\atlas_het\graphatlas_original\split-0\seed-2\config-eda1109f,outputs\.work\runs\atlas_het\graphatlas_original\split-0\seed-2\config-eda1109f\job_config.yaml
atlas_het__node_classification__graphatlas_free_transition__split0__seed0__a9445142cf56,a9445142cf56,0e672c999c335af7,atlas_het,node_classification,graphatlas_free_transition,graphatlas_free_transition,0,0,1,outputs\.work\runs\atlas_het\graphatlas_free_transition\split-0\seed-0\config-a9445142,outputs\.work\runs\atlas_het\graphatlas_free_transition\split-0\seed-0\config-a9445142\job_config.yaml
atlas_het__node_classification__graphatlas_free_transition__split0__seed1__7b429dae63e4,7b429dae63e4,0e672c999c335af7,atlas_het,node_classification,graphatlas_free_transition,graphatlas_free_transition,1,0,1,outputs\.work\runs\atlas_het\graphatlas_free_transition\split-0\seed-1\config-7b429dae,outputs\.work\runs\atlas_het\graphatlas_free_transition\split-0\seed-1\config-7b429dae\job_config.yaml
atlas_het__node_classification__graphatlas_free_transition__split0__seed2__d28f0c4f1313,d28f0c4f1313,0e672c999c335af7,atlas_het,node_classification,graphatlas_free_transition,graphatlas_free_transition,2,0,1,outputs\.work\runs\atlas_het\graphatlas_free_transition\split-0\seed-2\config-d28f0c4f,outputs\.work\runs\atlas_het\graphatlas_free_transition\split-0\seed-2\config-d28f0c4f\job_config.yaml
atlas_het__node_classification__graphatlas_no_transport__split0__seed0__82f6c0e0dd9a,82f6c0e0dd9a,0e672c999c335af7,atlas_het,node_classification,graphatlas_no_transport,graphatlas_no_transport,0,0,1,outputs\.work\runs\atlas_het\graphatlas_no_transport\split-0\seed-0\config-82f6c0e0,outputs\.work\runs\atlas_het\graphatlas_no_transport\split-0\seed-0\config-82f6c0e0\job_config.yaml
atlas_het__node_classification__graphatlas_no_transport__split0__seed1__e2fedce9c64d,e2fedce9c64d,0e672c999c335af7,atlas_het,node_classification,graphatlas_no_transport,graphatlas_no_transport,1,0,1,outputs\.work\runs\atlas_het\graphatlas_no_transport\split-0\seed-1\config-e2fedce9,outputs\.work\runs\atlas_het\graphatlas_no_transport\split-0\seed-1\config-e2fedce9\job_config.yaml
atlas_het__node_classification__graphatlas_no_transport__split0__seed2__8b7b06580350,8b7b06580350,0e672c999c335af7,atlas_het,node_classification,graphatlas_no_transport,graphatlas_no_transport,2,0,1,outputs\.work\runs\atlas_het\graphatlas_no_transport\split-0\seed-2\config-8b7b0658,outputs\.work\runs\atlas_het\graphatlas_no_transport\split-0\seed-2\config-8b7b0658\job_config.yaml
atlas_het__node_classification__graphatlas_c_oracle__split0__seed0__fbe37b9b0703,fbe37b9b0703,0e672c999c335af7,atlas_het,node_classification,graphatlas_c_oracle,graphatlas_certified,0,0,1,outputs\.work\runs\atlas_het\graphatlas_c_oracle\split-0\seed-0\config-fbe37b9b,outputs\.work\runs\atlas_het\graphatlas_c_oracle\split-0\seed-0\config-fbe37b9b\job_config.yaml
atlas_het__node_classification__graphatlas_c_oracle__split0__seed1__b19053d4c1d1,b19053d4c1d1,0e672c999c335af7,atlas_het,node_classification,graphatlas_c_oracle,graphatlas_certified,1,0,1,outputs\.work\runs\atlas_het\graphatlas_c_oracle\split-0\seed-1\config-b19053d4,outputs\.work\runs\atlas_het\graphatlas_c_oracle\split-0\seed-1\config-b19053d4\job_config.yaml
atlas_het__node_classification__graphatlas_c_oracle__split0__seed2__6b354c272832,6b354c272832,0e672c999c335af7,atlas_het,node_classification,graphatlas_c_oracle,graphatlas_certified,2,0,1,outputs\.work\runs\atlas_het\graphatlas_c_oracle\split-0\seed-2\config-6b354c27,outputs\.work\runs\atlas_het\graphatlas_c_oracle\split-0\seed-2\config-6b354c27\job_config.yaml
atlas_het__node_classification__graphatlas_c__split0__seed0__a6a0367a570c,a6a0367a570c,0e672c999c335af7,atlas_het,node_classification,graphatlas_c,graphatlas_certified,0,0,1,outputs\.work\runs\atlas_het\graphatlas_c\split-0\seed-0\config-a6a0367a,outputs\.work\runs\atlas_het\graphatlas_c\split-0\seed-0\config-a6a0367a\job_config.yaml
atlas_het__node_classification__graphatlas_c__split0__seed1__7f9dec9ef4a7,7f9dec9ef4a7,0e672c999c335af7,atlas_het,node_classification,graphatlas_c,graphatlas_certified,1,0,1,outputs\.work\runs\atlas_het\graphatlas_c\split-0\seed-1\config-7f9dec9e,outputs\.work\runs\atlas_het\graphatlas_c\split-0\seed-1\config-7f9dec9e\job_config.yaml
atlas_het__node_classification__graphatlas_c__split0__seed2__0889779fef59,0889779fef59,0e672c999c335af7,atlas_het,node_classification,graphatlas_c,graphatlas_certified,2,0,1,outputs\.work\runs\atlas_het\graphatlas_c\split-0\seed-2\config-0889779f,outputs\.work\runs\atlas_het\graphatlas_c\split-0\seed-2\config-0889779f\job_config.yaml
atlas_het__node_classification__graphatlas_original__split0__seed0__99388463fb1f,99388463fb1f,0e672c999c335af7,atlas_het,node_classification,graphatlas_original,graphatlas,0,0,1,outputs\.work\runs\atlas_het\graphatlas_original\split-0\seed-0\config-99388463,outputs\.work\runs\atlas_het\graphatlas_original\split-0\seed-0\config-99388463\job_config.yaml
atlas_het__node_classification__graphatlas_original__split0__seed1__3c392635812a,3c392635812a,0e672c999c335af7,atlas_het,node_classification,graphatlas_original,graphatlas,1,0,1,outputs\.work\runs\atlas_het\graphatlas_original\split-0\seed-1\config-3c392635,outputs\.work\runs\atlas_het\graphatlas_original\split-0\seed-1\config-3c392635\job_config.yaml
atlas_het__node_classification__graphatlas_original__split0__seed2__4e626ba26efd,4e626ba26efd,0e672c999c335af7,atlas_het,node_classification,graphatlas_original,graphatlas,2,0,1,outputs\.work\runs\atlas_het\graphatlas_original\split-0\seed-2\config-4e626ba2,outputs\.work\runs\atlas_het\graphatlas_original\split-0\seed-2\config-4e626ba2\job_config.yaml
atlas_het__node_classification__graphatlas_free_transition__split0__seed0__15fa41b13a59,15fa41b13a59,0e672c999c335af7,atlas_het,node_classification,graphatlas_free_transition,graphatlas_free_transition,0,0,1,outputs\.work\runs\atlas_het\graphatlas_free_transition\split-0\seed-0\config-15fa41b1,outputs\.work\runs\atlas_het\graphatlas_free_transition\split-0\seed-0\config-15fa41b1\job_config.yaml
atlas_het__node_classification__graphatlas_free_transition__split0__seed1__c7d58ebc17d5,c7d58ebc17d5,0e672c999c335af7,atlas_het,node_classification,graphatlas_free_transition,graphatlas_free_transition,1,0,1,outputs\.work\runs\atlas_het\graphatlas_free_transition\split-0\seed-1\config-c7d58ebc,outputs\.work\runs\atlas_het\graphatlas_free_transition\split-0\seed-1\config-c7d58ebc\job_config.yaml
atlas_het__node_classification__graphatlas_free_transition__split0__seed2__eb891506c056,eb891506c056,0e672c999c335af7,atlas_het,node_classification,graphatlas_free_transition,graphatlas_free_transition,2,0,1,outputs\.work\runs\atlas_het\graphatlas_free_transition\split-0\seed-2\config-eb891506,outputs\.work\runs\atlas_het\graphatlas_free_transition\split-0\seed-2\config-eb891506\job_config.yaml
atlas_het__node_classification__graphatlas_no_transport__split0__seed0__60e32e153322,60e32e153322,0e672c999c335af7,atlas_het,node_classification,graphatlas_no_transport,graphatlas_no_transport,0,0,1,outputs\.work\runs\atlas_het\graphatlas_no_transport\split-0\seed-0\config-60e32e15,outputs\.work\runs\atlas_het\graphatlas_no_transport\split-0\seed-0\config-60e32e15\job_config.yaml
atlas_het__node_classification__graphatlas_no_transport__split0__seed1__5437ddeb9f02,5437ddeb9f02,0e672c999c335af7,atlas_het,node_classification,graphatlas_no_transport,graphatlas_no_transport,1,0,1,outputs\.work\runs\atlas_het\graphatlas_no_transport\split-0\seed-1\config-5437ddeb,outputs\.work\runs\atlas_het\graphatlas_no_transport\split-0\seed-1\config-5437ddeb\job_config.yaml
atlas_het__node_classification__graphatlas_no_transport__split0__seed2__42cc60ee15e8,42cc60ee15e8,0e672c999c335af7,atlas_het,node_classification,graphatlas_no_transport,graphatlas_no_transport,2,0,1,outputs\.work\runs\atlas_het\graphatlas_no_transport\split-0\seed-2\config-42cc60ee,outputs\.work\runs\atlas_het\graphatlas_no_transport\split-0\seed-2\config-42cc60ee\job_config.yaml
atlas_het__node_classification__graphatlas_c_oracle__split0__seed0__367377f5abb5,367377f5abb5,0e672c999c335af7,atlas_het,node_classification,graphatlas_c_oracle,graphatlas_certified,0,0,1,outputs\.work\runs\atlas_het\graphatlas_c_oracle\split-0\seed-0\config-367377f5,outputs\.work\runs\atlas_het\graphatlas_c_oracle\split-0\seed-0\config-367377f5\job_config.yaml
atlas_het__node_classification__graphatlas_c_oracle__split0__seed1__94b75e1a6705,94b75e1a6705,0e672c999c335af7,atlas_het,node_classification,graphatlas_c_oracle,graphatlas_certified,1,0,1,outputs\.work\runs\atlas_het\graphatlas_c_oracle\split-0\seed-1\config-94b75e1a,outputs\.work\runs\atlas_het\graphatlas_c_oracle\split-0\seed-1\config-94b75e1a\job_config.yaml
atlas_het__node_classification__graphatlas_c_oracle__split0__seed2__60a3afccc3fb,60a3afccc3fb,0e672c999c335af7,atlas_het,node_classification,graphatlas_c_oracle,graphatlas_certified,2,0,1,outputs\.work\runs\atlas_het\graphatlas_c_oracle\split-0\seed-2\config-60a3afcc,outputs\.work\runs\atlas_het\graphatlas_c_oracle\split-0\seed-2\config-60a3afcc\job_config.yaml
atlas_het__node_classification__graphatlas_c__split0__seed0__ee607f6d98ce,ee607f6d98ce,0e672c999c335af7,atlas_het,node_classification,graphatlas_c,graphatlas_certified,0,0,1,outputs\.work\runs\atlas_het\graphatlas_c\split-0\seed-0\config-ee607f6d,outputs\.work\runs\atlas_het\graphatlas_c\split-0\seed-0\config-ee607f6d\job_config.yaml
atlas_het__node_classification__graphatlas_c__split0__seed1__4878a4147bba,4878a4147bba,0e672c999c335af7,atlas_het,node_classification,graphatlas_c,graphatlas_certified,1,0,1,outputs\.work\runs\atlas_het\graphatlas_c\split-0\seed-1\config-4878a414,outputs\.work\runs\atlas_het\graphatlas_c\split-0\seed-1\config-4878a414\job_config.yaml
atlas_het__node_classification__graphatlas_c__split0__seed2__94eb64b6ebf7,94eb64b6ebf7,0e672c999c335af7,atlas_het,node_classification,graphatlas_c,graphatlas_certified,2,0,1,outputs\.work\runs\atlas_het\graphatlas_c\split-0\seed-2\config-94eb64b6,outputs\.work\runs\atlas_het\graphatlas_c\split-0\seed-2\config-94eb64b6\job_config.yaml
atlas_het__node_classification__graphatlas_original__split0__seed0__021f254d733c,021f254d733c,0e672c999c335af7,atlas_het,node_classification,graphatlas_original,graphatlas,0,0,1,outputs\.work\runs\atlas_het\graphatlas_original\split-0\seed-0\config-021f254d,outputs\.work\runs\atlas_het\graphatlas_original\split-0\seed-0\config-021f254d\job_config.yaml
atlas_het__node_classification__graphatlas_original__split0__seed1__627a8bbc7673,627a8bbc7673,0e672c999c335af7,atlas_het,node_classification,graphatlas_original,graphatlas,1,0,1,outputs\.work\runs\atlas_het\graphatlas_original\split-0\seed-1\config-627a8bbc,outputs\.work\runs\atlas_het\graphatlas_original\split-0\seed-1\config-627a8bbc\job_config.yaml
atlas_het__node_classification__graphatlas_original__split0__seed2__a88b362d3ba2,a88b362d3ba2,0e672c999c335af7,atlas_het,node_classification,graphatlas_original,graphatlas,2,0,1,outputs\.work\runs\atlas_het\graphatlas_original\split-0\seed-2\config-a88b362d,outputs\.work\runs\atlas_het\graphatlas_original\split-0\seed-2\config-a88b362d\job_config.yaml
atlas_het__node_classification__graphatlas_free_transition__split0__seed0__2a13f3125393,2a13f3125393,0e672c999c335af7,atlas_het,node_classification,graphatlas_free_transition,graphatlas_free_transition,0,0,1,outputs\.work\runs\atlas_het\graphatlas_free_transition\split-0\seed-0\config-2a13f312,outputs\.work\runs\atlas_het\graphatlas_free_transition\split-0\seed-0\config-2a13f312\job_config.yaml
atlas_het__node_classification__graphatlas_free_transition__split0__seed1__da3699512b73,da3699512b73,0e672c999c335af7,atlas_het,node_classification,graphatlas_free_transition,graphatlas_free_transition,1,0,1,outputs\.work\runs\atlas_het\graphatlas_free_transition\split-0\seed-1\config-da369951,outputs\.work\runs\atlas_het\graphatlas_free_transition\split-0\seed-1\config-da369951\job_config.yaml
atlas_het__node_classification__graphatlas_free_transition__split0__seed2__e9a162ec6424,e9a162ec6424,0e672c999c335af7,atlas_het,node_classification,graphatlas_free_transition,graphatlas_free_transition,2,0,1,outputs\.work\runs\atlas_het\graphatlas_free_transition\split-0\seed-2\config-e9a162ec,outputs\.work\runs\atlas_het\graphatlas_free_transition\split-0\seed-2\config-e9a162ec\job_config.yaml
atlas_het__node_classification__graphatlas_no_transport__split0__seed0__74c5b62efb40,74c5b62efb40,0e672c999c335af7,atlas_het,node_classification,graphatlas_no_transport,graphatlas_no_transport,0,0,1,outputs\.work\runs\atlas_het\graphatlas_no_transport\split-0\seed-0\config-74c5b62e,outputs\.work\runs\atlas_het\graphatlas_no_transport\split-0\seed-0\config-74c5b62e\job_config.yaml
atlas_het__node_classification__graphatlas_no_transport__split0__seed1__3483427e529b,3483427e529b,0e672c999c335af7,atlas_het,node_classification,graphatlas_no_transport,graphatlas_no_transport,1,0,1,outputs\.work\runs\atlas_het\graphatlas_no_transport\split-0\seed-1\config-3483427e,outputs\.work\runs\atlas_het\graphatlas_no_transport\split-0\seed-1\config-3483427e\job_config.yaml
atlas_het__node_classification__graphatlas_no_transport__split0__seed2__09abe2520296,09abe2520296,0e672c999c335af7,atlas_het,node_classification,graphatlas_no_transport,graphatlas_no_transport,2,0,1,outputs\.work\runs\atlas_het\graphatlas_no_transport\split-0\seed-2\config-09abe252,outputs\.work\runs\atlas_het\graphatlas_no_transport\split-0\seed-2\config-09abe252\job_config.yaml
atlas_het__node_classification__graphatlas_c_oracle__split0__seed0__674597f1fd20,674597f1fd20,0e672c999c335af7,atlas_het,node_classification,graphatlas_c_oracle,graphatlas_certified,0,0,1,outputs\.work\runs\atlas_het\graphatlas_c_oracle\split-0\seed-0\config-674597f1,outputs\.work\runs\atlas_het\graphatlas_c_oracle\split-0\seed-0\config-674597f1\job_config.yaml
atlas_het__node_classification__graphatlas_c_oracle__split0__seed1__eb4d9c34a25d,eb4d9c34a25d,0e672c999c335af7,atlas_het,node_classification,graphatlas_c_oracle,graphatlas_certified,1,0,1,outputs\.work\runs\atlas_het\graphatlas_c_oracle\split-0\seed-1\config-eb4d9c34,outputs\.work\runs\atlas_het\graphatlas_c_oracle\split-0\seed-1\config-eb4d9c34\job_config.yaml
atlas_het__node_classification__graphatlas_c_oracle__split0__seed2__9fc06450b5fd,9fc06450b5fd,0e672c999c335af7,atlas_het,node_classification,graphatlas_c_oracle,graphatlas_certified,2,0,1,outputs\.work\runs\atlas_het\graphatlas_c_oracle\split-0\seed-2\config-9fc06450,outputs\.work\runs\atlas_het\graphatlas_c_oracle\split-0\seed-2\config-9fc06450\job_config.yaml
atlas_het__node_classification__graphatlas_c__split0__seed0__4f7735992b7a,4f7735992b7a,0e672c999c335af7,atlas_het,node_classification,graphatlas_c,graphatlas_certified,0,0,1,outputs\.work\runs\atlas_het\graphatlas_c\split-0\seed-0\config-4f773599,outputs\.work\runs\atlas_het\graphatlas_c\split-0\seed-0\config-4f773599\job_config.yaml
atlas_het__node_classification__graphatlas_c__split0__seed1__bc153db57741,bc153db57741,0e672c999c335af7,atlas_het,node_classification,graphatlas_c,graphatlas_certified,1,0,1,outputs\.work\runs\atlas_het\graphatlas_c\split-0\seed-1\config-bc153db5,outputs\.work\runs\atlas_het\graphatlas_c\split-0\seed-1\config-bc153db5\job_config.yaml
atlas_het__node_classification__graphatlas_c__split0__seed2__54a4aa02b7f6,54a4aa02b7f6,0e672c999c335af7,atlas_het,node_classification,graphatlas_c,graphatlas_certified,2,0,1,outputs\.work\runs\atlas_het\graphatlas_c\split-0\seed-2\config-54a4aa02,outputs\.work\runs\atlas_het\graphatlas_c\split-0\seed-2\config-54a4aa02\job_config.yaml
atlas_het__node_classification__graphatlas_original__split0__seed0__c50971474429,c50971474429,0e672c999c335af7,atlas_het,node_classification,graphatlas_original,graphatlas,0,0,1,outputs\.work\runs\atlas_het\graphatlas_original\split-0\seed-0\config-c5097147,outputs\.work\runs\atlas_het\graphatlas_original\split-0\seed-0\config-c5097147\job_config.yaml
atlas_het__node_classification__graphatlas_original__split0__seed1__7b260571a7d8,7b260571a7d8,0e672c999c335af7,atlas_het,node_classification,graphatlas_original,graphatlas,1,0,1,outputs\.work\runs\atlas_het\graphatlas_original\split-0\seed-1\config-7b260571,outputs\.work\runs\atlas_het\graphatlas_original\split-0\seed-1\config-7b260571\job_config.yaml
atlas_het__node_classification__graphatlas_original__split0__seed2__0d043f601ca5,0d043f601ca5,0e672c999c335af7,atlas_het,node_classification,graphatlas_original,graphatlas,2,0,1,outputs\.work\runs\atlas_het\graphatlas_original\split-0\seed-2\config-0d043f60,outputs\.work\runs\atlas_het\graphatlas_original\split-0\seed-2\config-0d043f60\job_config.yaml
atlas_het__node_classification__graphatlas_free_transition__split0__seed0__8a525a74be15,8a525a74be15,0e672c999c335af7,atlas_het,node_classification,graphatlas_free_transition,graphatlas_free_transition,0,0,1,outputs\.work\runs\atlas_het\graphatlas_free_transition\split-0\seed-0\config-8a525a74,outputs\.work\runs\atlas_het\graphatlas_free_transition\split-0\seed-0\config-8a525a74\job_config.yaml
atlas_het__node_classification__graphatlas_free_transition__split0__seed1__3fa15d8d89bc,3fa15d8d89bc,0e672c999c335af7,atlas_het,node_classification,graphatlas_free_transition,graphatlas_free_transition,1,0,1,outputs\.work\runs\atlas_het\graphatlas_free_transition\split-0\seed-1\config-3fa15d8d,outputs\.work\runs\atlas_het\graphatlas_free_transition\split-0\seed-1\config-3fa15d8d\job_config.yaml
atlas_het__node_classification__graphatlas_free_transition__split0__seed2__62a0014da72c,62a0014da72c,0e672c999c335af7,atlas_het,node_classification,graphatlas_free_transition,graphatlas_free_transition,2,0,1,outputs\.work\runs\atlas_het\graphatlas_free_transition\split-0\seed-2\config-62a0014d,outputs\.work\runs\atlas_het\graphatlas_free_transition\split-0\seed-2\config-62a0014d\job_config.yaml
atlas_het__node_classification__graphatlas_no_transport__split0__seed0__22dba9346fc3,22dba9346fc3,0e672c999c335af7,atlas_het,node_classification,graphatlas_no_transport,graphatlas_no_transport,0,0,1,outputs\.work\runs\atlas_het\graphatlas_no_transport\split-0\seed-0\config-22dba934,outputs\.work\runs\atlas_het\graphatlas_no_transport\split-0\seed-0\config-22dba934\job_config.yaml
atlas_het__node_classification__graphatlas_no_transport__split0__seed1__45e73066b423,45e73066b423,0e672c999c335af7,atlas_het,node_classification,graphatlas_no_transport,graphatlas_no_transport,1,0,1,outputs\.work\runs\atlas_het\graphatlas_no_transport\split-0\seed-1\config-45e73066,outputs\.work\runs\atlas_het\graphatlas_no_transport\split-0\seed-1\config-45e73066\job_config.yaml
atlas_het__node_classification__graphatlas_no_transport__split0__seed2__3467023971a8,3467023971a8,0e672c999c335af7,atlas_het,node_classification,graphatlas_no_transport,graphatlas_no_transport,2,0,1,outputs\.work\runs\atlas_het\graphatlas_no_transport\split-0\seed-2\config-34670239,outputs\.work\runs\atlas_het\graphatlas_no_transport\split-0\seed-2\config-34670239\job_config.yaml
atlas_het__node_classification__graphatlas_c_oracle__split0__seed0__47127118d218,47127118d218,0e672c999c335af7,atlas_het,node_classification,graphatlas_c_oracle,graphatlas_certified,0,0,1,outputs\.work\runs\atlas_het\graphatlas_c_oracle\split-0\seed-0\config-47127118,outputs\.work\runs\atlas_het\graphatlas_c_oracle\split-0\seed-0\config-47127118\job_config.yaml
atlas_het__node_classification__graphatlas_c_oracle__split0__seed1__1e07492145f9,1e07492145f9,0e672c999c335af7,atlas_het,node_classification,graphatlas_c_oracle,graphatlas_certified,1,0,1,outputs\.work\runs\atlas_het\graphatlas_c_oracle\split-0\seed-1\config-1e074921,outputs\.work\runs\atlas_het\graphatlas_c_oracle\split-0\seed-1\config-1e074921\job_config.yaml
atlas_het__node_classification__graphatlas_c_oracle__split0__seed2__00ef0b24b5a0,00ef0b24b5a0,0e672c999c335af7,atlas_het,node_classification,graphatlas_c_oracle,graphatlas_certified,2,0,1,outputs\.work\runs\atlas_het\graphatlas_c_oracle\split-0\seed-2\config-00ef0b24,outputs\.work\runs\atlas_het\graphatlas_c_oracle\split-0\seed-2\config-00ef0b24\job_config.yaml
atlas_het__node_classification__graphatlas_c__split0__seed0__0844a2f02053,0844a2f02053,0e672c999c335af7,atlas_het,node_classification,graphatlas_c,graphatlas_certified,0,0,1,outputs\.work\runs\atlas_het\graphatlas_c\split-0\seed-0\config-0844a2f0,outputs\.work\runs\atlas_het\graphatlas_c\split-0\seed-0\config-0844a2f0\job_config.yaml
atlas_het__node_classification__graphatlas_c__split0__seed1__56f70cd44af4,56f70cd44af4,0e672c999c335af7,atlas_het,node_classification,graphatlas_c,graphatlas_certified,1,0,1,outputs\.work\runs\atlas_het\graphatlas_c\split-0\seed-1\config-56f70cd4,outputs\.work\runs\atlas_het\graphatlas_c\split-0\seed-1\config-56f70cd4\job_config.yaml
atlas_het__node_classification__graphatlas_c__split0__seed2__8c84530374df,8c84530374df,0e672c999c335af7,atlas_het,node_classification,graphatlas_c,graphatlas_certified,2,0,1,outputs\.work\runs\atlas_het\graphatlas_c\split-0\seed-2\config-8c845303,outputs\.work\runs\atlas_het\graphatlas_c\split-0\seed-2\config-8c845303\job_config.yaml
atlas_het__node_classification__graphatlas_original__split0__seed0__4796e4ee0a74,4796e4ee0a74,0e672c999c335af7,atlas_het,node_classification,graphatlas_original,graphatlas,0,0,1,outputs\.work\runs\atlas_het\graphatlas_original\split-0\seed-0\config-4796e4ee,outputs\.work\runs\atlas_het\graphatlas_original\split-0\seed-0\config-4796e4ee\job_config.yaml
atlas_het__node_classification__graphatlas_original__split0__seed1__3373170f257b,3373170f257b,0e672c999c335af7,atlas_het,node_classification,graphatlas_original,graphatlas,1,0,1,outputs\.work\runs\atlas_het\graphatlas_original\split-0\seed-1\config-3373170f,outputs\.work\runs\atlas_het\graphatlas_original\split-0\seed-1\config-3373170f\job_config.yaml
atlas_het__node_classification__graphatlas_original__split0__seed2__c0e8657c6412,c0e8657c6412,0e672c999c335af7,atlas_het,node_classification,graphatlas_original,graphatlas,2,0,1,outputs\.work\runs\atlas_het\graphatlas_original\split-0\seed-2\config-c0e8657c,outputs\.work\runs\atlas_het\graphatlas_original\split-0\seed-2\config-c0e8657c\job_config.yaml
atlas_het__node_classification__graphatlas_free_transition__split0__seed0__9781af64c315,9781af64c315,0e672c999c335af7,atlas_het,node_classification,graphatlas_free_transition,graphatlas_free_transition,0,0,1,outputs\.work\runs\atlas_het\graphatlas_free_transition\split-0\seed-0\config-9781af64,outputs\.work\runs\atlas_het\graphatlas_free_transition\split-0\seed-0\config-9781af64\job_config.yaml
atlas_het__node_classification__graphatlas_free_transition__split0__seed1__3c6a11d297de,3c6a11d297de,0e672c999c335af7,atlas_het,node_classification,graphatlas_free_transition,graphatlas_free_transition,1,0,1,outputs\.work\runs\atlas_het\graphatlas_free_transition\split-0\seed-1\config-3c6a11d2,outputs\.work\runs\atlas_het\graphatlas_free_transition\split-0\seed-1\config-3c6a11d2\job_config.yaml
atlas_het__node_classification__graphatlas_free_transition__split0__seed2__2c733f45cc49,2c733f45cc49,0e672c999c335af7,atlas_het,node_classification,graphatlas_free_transition,graphatlas_free_transition,2,0,1,outputs\.work\runs\atlas_het\graphatlas_free_transition\split-0\seed-2\config-2c733f45,outputs\.work\runs\atlas_het\graphatlas_free_transition\split-0\seed-2\config-2c733f45\job_config.yaml
atlas_het__node_classification__graphatlas_no_transport__split0__seed0__70a4d948152d,70a4d948152d,0e672c999c335af7,atlas_het,node_classification,graphatlas_no_transport,graphatlas_no_transport,0,0,1,outputs\.work\runs\atlas_het\graphatlas_no_transport\split-0\seed-0\config-70a4d948,outputs\.work\runs\atlas_het\graphatlas_no_transport\split-0\seed-0\config-70a4d948\job_config.yaml
atlas_het__node_classification__graphatlas_no_transport__split0__seed1__2ff72e68823b,2ff72e68823b,0e672c999c335af7,atlas_het,node_classification,graphatlas_no_transport,graphatlas_no_transport,1,0,1,outputs\.work\runs\atlas_het\graphatlas_no_transport\split-0\seed-1\config-2ff72e68,outputs\.work\runs\atlas_het\graphatlas_no_transport\split-0\seed-1\config-2ff72e68\job_config.yaml
atlas_het__node_classification__graphatlas_no_transport__split0__seed2__3d7a0595dbb6,3d7a0595dbb6,0e672c999c335af7,atlas_het,node_classification,graphatlas_no_transport,graphatlas_no_transport,2,0,1,outputs\.work\runs\atlas_het\graphatlas_no_transport\split-0\seed-2\config-3d7a0595,outputs\.work\runs\atlas_het\graphatlas_no_transport\split-0\seed-2\config-3d7a0595\job_config.yaml
atlas_het__node_classification__graphatlas_c_oracle__split0__seed0__ac143cdfcc54,ac143cdfcc54,0e672c999c335af7,atlas_het,node_classification,graphatlas_c_oracle,graphatlas_certified,0,0,1,outputs\.work\runs\atlas_het\graphatlas_c_oracle\split-0\seed-0\config-ac143cdf,outputs\.work\runs\atlas_het\graphatlas_c_oracle\split-0\seed-0\config-ac143cdf\job_config.yaml
atlas_het__node_classification__graphatlas_c_oracle__split0__seed1__06bb556779a4,06bb556779a4,0e672c999c335af7,atlas_het,node_classification,graphatlas_c_oracle,graphatlas_certified,1,0,1,outputs\.work\runs\atlas_het\graphatlas_c_oracle\split-0\seed-1\config-06bb5567,outputs\.work\runs\atlas_het\graphatlas_c_oracle\split-0\seed-1\config-06bb5567\job_config.yaml
atlas_het__node_classification__graphatlas_c_oracle__split0__seed2__fc7249473a62,fc7249473a62,0e672c999c335af7,atlas_het,node_classification,graphatlas_c_oracle,graphatlas_certified,2,0,1,outputs\.work\runs\atlas_het\graphatlas_c_oracle\split-0\seed-2\config-fc724947,outputs\.work\runs\atlas_het\graphatlas_c_oracle\split-0\seed-2\config-fc724947\job_config.yaml
atlas_het__node_classification__graphatlas_c__split0__seed0__e4fa42c8aec1,e4fa42c8aec1,0e672c999c335af7,atlas_het,node_classification,graphatlas_c,graphatlas_certified,0,0,1,outputs\.work\runs\atlas_het\graphatlas_c\split-0\seed-0\config-e4fa42c8,outputs\.work\runs\atlas_het\graphatlas_c\split-0\seed-0\config-e4fa42c8\job_config.yaml
atlas_het__node_classification__graphatlas_c__split0__seed1__77e43e4e0515,77e43e4e0515,0e672c999c335af7,atlas_het,node_classification,graphatlas_c,graphatlas_certified,1,0,1,outputs\.work\runs\atlas_het\graphatlas_c\split-0\seed-1\config-77e43e4e,outputs\.work\runs\atlas_het\graphatlas_c\split-0\seed-1\config-77e43e4e\job_config.yaml
atlas_het__node_classification__graphatlas_c__split0__seed2__f9cea64c557a,f9cea64c557a,0e672c999c335af7,atlas_het,node_classification,graphatlas_c,graphatlas_certified,2,0,1,outputs\.work\runs\atlas_het\graphatlas_c\split-0\seed-2\config-f9cea64c,outputs\.work\runs\atlas_het\graphatlas_c\split-0\seed-2\config-f9cea64c\job_config.yaml
atlas_het__node_classification__graphatlas_original__split0__seed0__d6fabb2438a6,d6fabb2438a6,0e672c999c335af7,atlas_het,node_classification,graphatlas_original,graphatlas,0,0,1,outputs\.work\runs\atlas_het\graphatlas_original\split-0\seed-0\config-d6fabb24,outputs\.work\runs\atlas_het\graphatlas_original\split-0\seed-0\config-d6fabb24\job_config.yaml
atlas_het__node_classification__graphatlas_original__split0__seed1__62842876fb70,62842876fb70,0e672c999c335af7,atlas_het,node_classification,graphatlas_original,graphatlas,1,0,1,outputs\.work\runs\atlas_het\graphatlas_original\split-0\seed-1\config-62842876,outputs\.work\runs\atlas_het\graphatlas_original\split-0\seed-1\config-62842876\job_config.yaml
atlas_het__node_classification__graphatlas_original__split0__seed2__f90d374b95c1,f90d374b95c1,0e672c999c335af7,atlas_het,node_classification,graphatlas_original,graphatlas,2,0,1,outputs\.work\runs\atlas_het\graphatlas_original\split-0\seed-2\config-f90d374b,outputs\.work\runs\atlas_het\graphatlas_original\split-0\seed-2\config-f90d374b\job_config.yaml
atlas_het__node_classification__graphatlas_free_transition__split0__seed0__c1632f79c1ce,c1632f79c1ce,0e672c999c335af7,atlas_het,node_classification,graphatlas_free_transition,graphatlas_free_transition,0,0,1,outputs\.work\runs\atlas_het\graphatlas_free_transition\split-0\seed-0\config-c1632f79,outputs\.work\runs\atlas_het\graphatlas_free_transition\split-0\seed-0\config-c1632f79\job_config.yaml
atlas_het__node_classification__graphatlas_free_transition__split0__seed1__2f7129e00666,2f7129e00666,0e672c999c335af7,atlas_het,node_classification,graphatlas_free_transition,graphatlas_free_transition,1,0,1,outputs\.work\runs\atlas_het\graphatlas_free_transition\split-0\seed-1\config-2f7129e0,outputs\.work\runs\atlas_het\graphatlas_free_transition\split-0\seed-1\config-2f7129e0\job_config.yaml
atlas_het__node_classification__graphatlas_free_transition__split0__seed2__c9ec7f866358,c9ec7f866358,0e672c999c335af7,atlas_het,node_classification,graphatlas_free_transition,graphatlas_free_transition,2,0,1,outputs\.work\runs\atlas_het\graphatlas_free_transition\split-0\seed-2\config-c9ec7f86,outputs\.work\runs\atlas_het\graphatlas_free_transition\split-0\seed-2\config-c9ec7f86\job_config.yaml
atlas_het__node_classification__graphatlas_no_transport__split0__seed0__8a5f6773a7ed,8a5f6773a7ed,0e672c999c335af7,atlas_het,node_classification,graphatlas_no_transport,graphatlas_no_transport,0,0,1,outputs\.work\runs\atlas_het\graphatlas_no_transport\split-0\seed-0\config-8a5f6773,outputs\.work\runs\atlas_het\graphatlas_no_transport\split-0\seed-0\config-8a5f6773\job_config.yaml
atlas_het__node_classification__graphatlas_no_transport__split0__seed1__fbf6bee772d2,fbf6bee772d2,0e672c999c335af7,atlas_het,node_classification,graphatlas_no_transport,graphatlas_no_transport,1,0,1,outputs\.work\runs\atlas_het\graphatlas_no_transport\split-0\seed-1\config-fbf6bee7,outputs\.work\runs\atlas_het\graphatlas_no_transport\split-0\seed-1\config-fbf6bee7\job_config.yaml
atlas_het__node_classification__graphatlas_no_transport__split0__seed2__0c4e9e010322,0c4e9e010322,0e672c999c335af7,atlas_het,node_classification,graphatlas_no_transport,graphatlas_no_transport,2,0,1,outputs\.work\runs\atlas_het\graphatlas_no_transport\split-0\seed-2\config-0c4e9e01,outputs\.work\runs\atlas_het\graphatlas_no_transport\split-0\seed-2\config-0c4e9e01\job_config.yaml
atlas_het__node_classification__graphatlas_c_oracle__split0__seed0__674dc4ed5b70,674dc4ed5b70,0e672c999c335af7,atlas_het,node_classification,graphatlas_c_oracle,graphatlas_certified,0,0,1,outputs\.work\runs\atlas_het\graphatlas_c_oracle\split-0\seed-0\config-674dc4ed,outputs\.work\runs\atlas_het\graphatlas_c_oracle\split-0\seed-0\config-674dc4ed\job_config.yaml
atlas_het__node_classification__graphatlas_c_oracle__split0__seed1__f3f8c558e7b8,f3f8c558e7b8,0e672c999c335af7,atlas_het,node_classification,graphatlas_c_oracle,graphatlas_certified,1,0,1,outputs\.work\runs\atlas_het\graphatlas_c_oracle\split-0\seed-1\config-f3f8c558,outputs\.work\runs\atlas_het\graphatlas_c_oracle\split-0\seed-1\config-f3f8c558\job_config.yaml
atlas_het__node_classification__graphatlas_c_oracle__split0__seed2__36aa7f17d9d3,36aa7f17d9d3,0e672c999c335af7,atlas_het,node_classification,graphatlas_c_oracle,graphatlas_certified,2,0,1,outputs\.work\runs\atlas_het\graphatlas_c_oracle\split-0\seed-2\config-36aa7f17,outputs\.work\runs\atlas_het\graphatlas_c_oracle\split-0\seed-2\config-36aa7f17\job_config.yaml
atlas_het__node_classification__graphatlas_c__split0__seed0__95a21c4d0b75,95a21c4d0b75,0e672c999c335af7,atlas_het,node_classification,graphatlas_c,graphatlas_certified,0,0,1,outputs\.work\runs\atlas_het\graphatlas_c\split-0\seed-0\config-95a21c4d,outputs\.work\runs\atlas_het\graphatlas_c\split-0\seed-0\config-95a21c4d\job_config.yaml
atlas_het__node_classification__graphatlas_c__split0__seed1__b8a10007f630,b8a10007f630,0e672c999c335af7,atlas_het,node_classification,graphatlas_c,graphatlas_certified,1,0,1,outputs\.work\runs\atlas_het\graphatlas_c\split-0\seed-1\config-b8a10007,outputs\.work\runs\atlas_het\graphatlas_c\split-0\seed-1\config-b8a10007\job_config.yaml
atlas_het__node_classification__graphatlas_c__split0__seed2__cfc0b356ff27,cfc0b356ff27,0e672c999c335af7,atlas_het,node_classification,graphatlas_c,graphatlas_certified,2,0,1,outputs\.work\runs\atlas_het\graphatlas_c\split-0\seed-2\config-cfc0b356,outputs\.work\runs\atlas_het\graphatlas_c\split-0\seed-2\config-cfc0b356\job_config.yaml
atlas_het__node_classification__graphatlas_original__split0__seed0__57a3066174f9,57a3066174f9,0e672c999c335af7,atlas_het,node_classification,graphatlas_original,graphatlas,0,0,1,outputs\.work\runs\atlas_het\graphatlas_original\split-0\seed-0\config-57a30661,outputs\.work\runs\atlas_het\graphatlas_original\split-0\seed-0\config-57a30661\job_config.yaml
atlas_het__node_classification__graphatlas_original__split0__seed1__17b49cbf669b,17b49cbf669b,0e672c999c335af7,atlas_het,node_classification,graphatlas_original,graphatlas,1,0,1,outputs\.work\runs\atlas_het\graphatlas_original\split-0\seed-1\config-17b49cbf,outputs\.work\runs\atlas_het\graphatlas_original\split-0\seed-1\config-17b49cbf\job_config.yaml
atlas_het__node_classification__graphatlas_original__split0__seed2__003a9453b418,003a9453b418,0e672c999c335af7,atlas_het,node_classification,graphatlas_original,graphatlas,2,0,1,outputs\.work\runs\atlas_het\graphatlas_original\split-0\seed-2\config-003a9453,outputs\.work\runs\atlas_het\graphatlas_original\split-0\seed-2\config-003a9453\job_config.yaml
atlas_het__node_classification__graphatlas_free_transition__split0__seed0__42123492f2b3,42123492f2b3,0e672c999c335af7,atlas_het,node_classification,graphatlas_free_transition,graphatlas_free_transition,0,0,1,outputs\.work\runs\atlas_het\graphatlas_free_transition\split-0\seed-0\config-42123492,outputs\.work\runs\atlas_het\graphatlas_free_transition\split-0\seed-0\config-42123492\job_config.yaml
atlas_het__node_classification__graphatlas_free_transition__split0__seed1__897ac0fe3e14,897ac0fe3e14,0e672c999c335af7,atlas_het,node_classification,graphatlas_free_transition,graphatlas_free_transition,1,0,1,outputs\.work\runs\atlas_het\graphatlas_free_transition\split-0\seed-1\config-897ac0fe,outputs\.work\runs\atlas_het\graphatlas_free_transition\split-0\seed-1\config-897ac0fe\job_config.yaml
atlas_het__node_classification__graphatlas_free_transition__split0__seed2__d10cf6ab5d83,d10cf6ab5d83,0e672c999c335af7,atlas_het,node_classification,graphatlas_free_transition,graphatlas_free_transition,2,0,1,outputs\.work\runs\atlas_het\graphatlas_free_transition\split-0\seed-2\config-d10cf6ab,outputs\.work\runs\atlas_het\graphatlas_free_transition\split-0\seed-2\config-d10cf6ab\job_config.yaml
atlas_het__node_classification__graphatlas_no_transport__split0__seed0__fb0c32a8b78c,fb0c32a8b78c,0e672c999c335af7,atlas_het,node_classification,graphatlas_no_transport,graphatlas_no_transport,0,0,1,outputs\.work\runs\atlas_het\graphatlas_no_transport\split-0\seed-0\config-fb0c32a8,outputs\.work\runs\atlas_het\graphatlas_no_transport\split-0\seed-0\config-fb0c32a8\job_config.yaml
atlas_het__node_classification__graphatlas_no_transport__split0__seed1__068e3d7b276b,068e3d7b276b,0e672c999c335af7,atlas_het,node_classification,graphatlas_no_transport,graphatlas_no_transport,1,0,1,outputs\.work\runs\atlas_het\graphatlas_no_transport\split-0\seed-1\config-068e3d7b,outputs\.work\runs\atlas_het\graphatlas_no_transport\split-0\seed-1\config-068e3d7b\job_config.yaml
atlas_het__node_classification__graphatlas_no_transport__split0__seed2__69f12f0d293f,69f12f0d293f,0e672c999c335af7,atlas_het,node_classification,graphatlas_no_transport,graphatlas_no_transport,2,0,1,outputs\.work\runs\atlas_het\graphatlas_no_transport\split-0\seed-2\config-69f12f0d,outputs\.work\runs\atlas_het\graphatlas_no_transport\split-0\seed-2\config-69f12f0d\job_config.yaml
atlas_het__node_classification__graphatlas_c_oracle__split0__seed0__97ceb232bd35,97ceb232bd35,0e672c999c335af7,atlas_het,node_classification,graphatlas_c_oracle,graphatlas_certified,0,0,1,outputs\.work\runs\atlas_het\graphatlas_c_oracle\split-0\seed-0\config-97ceb232,outputs\.work\runs\atlas_het\graphatlas_c_oracle\split-0\seed-0\config-97ceb232\job_config.yaml
atlas_het__node_classification__graphatlas_c_oracle__split0__seed1__3371b7e2e5c6,3371b7e2e5c6,0e672c999c335af7,atlas_het,node_classification,graphatlas_c_oracle,graphatlas_certified,1,0,1,outputs\.work\runs\atlas_het\graphatlas_c_oracle\split-0\seed-1\config-3371b7e2,outputs\.work\runs\atlas_het\graphatlas_c_oracle\split-0\seed-1\config-3371b7e2\job_config.yaml
atlas_het__node_classification__graphatlas_c_oracle__split0__seed2__17695c894588,17695c894588,0e672c999c335af7,atlas_het,node_classification,graphatlas_c_oracle,graphatlas_certified,2,0,1,outputs\.work\runs\atlas_het\graphatlas_c_oracle\split-0\seed-2\config-17695c89,outputs\.work\runs\atlas_het\graphatlas_c_oracle\split-0\seed-2\config-17695c89\job_config.yaml
atlas_het__node_classification__graphatlas_c__split0__seed0__91789e799d0a,91789e799d0a,0e672c999c335af7,atlas_het,node_classification,graphatlas_c,graphatlas_certified,0,0,1,outputs\.work\runs\atlas_het\graphatlas_c\split-0\seed-0\config-91789e79,outputs\.work\runs\atlas_het\graphatlas_c\split-0\seed-0\config-91789e79\job_config.yaml
atlas_het__node_classification__graphatlas_c__split0__seed1__ad0cc6f8dc43,ad0cc6f8dc43,0e672c999c335af7,atlas_het,node_classification,graphatlas_c,graphatlas_certified,1,0,1,outputs\.work\runs\atlas_het\graphatlas_c\split-0\seed-1\config-ad0cc6f8,outputs\.work\runs\atlas_het\graphatlas_c\split-0\seed-1\config-ad0cc6f8\job_config.yaml
atlas_het__node_classification__graphatlas_c__split0__seed2__9c9116b850cd,9c9116b850cd,0e672c999c335af7,atlas_het,node_classification,graphatlas_c,graphatlas_certified,2,0,1,outputs\.work\runs\atlas_het\graphatlas_c\split-0\seed-2\config-9c9116b8,outputs\.work\runs\atlas_het\graphatlas_c\split-0\seed-2\config-9c9116b8\job_config.yaml
atlas_het__node_classification__graphatlas_original__split0__seed0__8246b84c574e,8246b84c574e,0e672c999c335af7,atlas_het,node_classification,graphatlas_original,graphatlas,0,0,1,outputs\.work\runs\atlas_het\graphatlas_original\split-0\seed-0\config-8246b84c,outputs\.work\runs\atlas_het\graphatlas_original\split-0\seed-0\config-8246b84c\job_config.yaml
atlas_het__node_classification__graphatlas_original__split0__seed1__968d20f6f5ef,968d20f6f5ef,0e672c999c335af7,atlas_het,node_classification,graphatlas_original,graphatlas,1,0,1,outputs\.work\runs\atlas_het\graphatlas_original\split-0\seed-1\config-968d20f6,outputs\.work\runs\atlas_het\graphatlas_original\split-0\seed-1\config-968d20f6\job_config.yaml
atlas_het__node_classification__graphatlas_original__split0__seed2__f90ecc1ec4e4,f90ecc1ec4e4,0e672c999c335af7,atlas_het,node_classification,graphatlas_original,graphatlas,2,0,1,outputs\.work\runs\atlas_het\graphatlas_original\split-0\seed-2\config-f90ecc1e,outputs\.work\runs\atlas_het\graphatlas_original\split-0\seed-2\config-f90ecc1e\job_config.yaml
atlas_het__node_classification__graphatlas_free_transition__split0__seed0__ff1c23e5a8e5,ff1c23e5a8e5,0e672c999c335af7,atlas_het,node_classification,graphatlas_free_transition,graphatlas_free_transition,0,0,1,outputs\.work\runs\atlas_het\graphatlas_free_transition\split-0\seed-0\config-ff1c23e5,outputs\.work\runs\atlas_het\graphatlas_free_transition\split-0\seed-0\config-ff1c23e5\job_config.yaml
atlas_het__node_classification__graphatlas_free_transition__split0__seed1__ba45aad91701,ba45aad91701,0e672c999c335af7,atlas_het,node_classification,graphatlas_free_transition,graphatlas_free_transition,1,0,1,outputs\.work\runs\atlas_het\graphatlas_free_transition\split-0\seed-1\config-ba45aad9,outputs\.work\runs\atlas_het\graphatlas_free_transition\split-0\seed-1\config-ba45aad9\job_config.yaml
atlas_het__node_classification__graphatlas_free_transition__split0__seed2__4a96009581bc,4a96009581bc,0e672c999c335af7,atlas_het,node_classification,graphatlas_free_transition,graphatlas_free_transition,2,0,1,outputs\.work\runs\atlas_het\graphatlas_free_transition\split-0\seed-2\config-4a960095,outputs\.work\runs\atlas_het\graphatlas_free_transition\split-0\seed-2\config-4a960095\job_config.yaml
atlas_het__node_classification__graphatlas_no_transport__split0__seed0__992d82bc7934,992d82bc7934,0e672c999c335af7,atlas_het,node_classification,graphatlas_no_transport,graphatlas_no_transport,0,0,1,outputs\.work\runs\atlas_het\graphatlas_no_transport\split-0\seed-0\config-992d82bc,outputs\.work\runs\atlas_het\graphatlas_no_transport\split-0\seed-0\config-992d82bc\job_config.yaml
atlas_het__node_classification__graphatlas_no_transport__split0__seed1__71804d76ae1a,71804d76ae1a,0e672c999c335af7,atlas_het,node_classification,graphatlas_no_transport,graphatlas_no_transport,1,0,1,outputs\.work\runs\atlas_het\graphatlas_no_transport\split-0\seed-1\config-71804d76,outputs\.work\runs\atlas_het\graphatlas_no_transport\split-0\seed-1\config-71804d76\job_config.yaml
atlas_het__node_classification__graphatlas_no_transport__split0__seed2__0885540c723a,0885540c723a,0e672c999c335af7,atlas_het,node_classification,graphatlas_no_transport,graphatlas_no_transport,2,0,1,outputs\.work\runs\atlas_het\graphatlas_no_transport\split-0\seed-2\config-0885540c,outputs\.work\runs\atlas_het\graphatlas_no_transport\split-0\seed-2\config-0885540c\job_config.yaml
atlas_het__node_classification__graphatlas_c_oracle__split0__seed0__0978a85032dd,0978a85032dd,0e672c999c335af7,atlas_het,node_classification,graphatlas_c_oracle,graphatlas_certified,0,0,1,outputs\.work\runs\atlas_het\graphatlas_c_oracle\split-0\seed-0\config-0978a850,outputs\.work\runs\atlas_het\graphatlas_c_oracle\split-0\seed-0\config-0978a850\job_config.yaml
atlas_het__node_classification__graphatlas_c_oracle__split0__seed1__bc2081296c19,bc2081296c19,0e672c999c335af7,atlas_het,node_classification,graphatlas_c_oracle,graphatlas_certified,1,0,1,outputs\.work\runs\atlas_het\graphatlas_c_oracle\split-0\seed-1\config-bc208129,outputs\.work\runs\atlas_het\graphatlas_c_oracle\split-0\seed-1\config-bc208129\job_config.yaml
atlas_het__node_classification__graphatlas_c_oracle__split0__seed2__303a2dd95556,303a2dd95556,0e672c999c335af7,atlas_het,node_classification,graphatlas_c_oracle,graphatlas_certified,2,0,1,outputs\.work\runs\atlas_het\graphatlas_c_oracle\split-0\seed-2\config-303a2dd9,outputs\.work\runs\atlas_het\graphatlas_c_oracle\split-0\seed-2\config-303a2dd9\job_config.yaml
atlas_het__node_classification__graphatlas_c__split0__seed0__554f1d6fff32,554f1d6fff32,0e672c999c335af7,atlas_het,node_classification,graphatlas_c,graphatlas_certified,0,0,1,outputs\.work\runs\atlas_het\graphatlas_c\split-0\seed-0\config-554f1d6f,outputs\.work\runs\atlas_het\graphatlas_c\split-0\seed-0\config-554f1d6f\job_config.yaml
atlas_het__node_classification__graphatlas_c__split0__seed1__e0f2af9d5785,e0f2af9d5785,0e672c999c335af7,atlas_het,node_classification,graphatlas_c,graphatlas_certified,1,0,1,outputs\.work\runs\atlas_het\graphatlas_c\split-0\seed-1\config-e0f2af9d,outputs\.work\runs\atlas_het\graphatlas_c\split-0\seed-1\config-e0f2af9d\job_config.yaml
atlas_het__node_classification__graphatlas_c__split0__seed2__cb799d161061,cb799d161061,0e672c999c335af7,atlas_het,node_classification,graphatlas_c,graphatlas_certified,2,0,1,outputs\.work\runs\atlas_het\graphatlas_c\split-0\seed-2\config-cb799d16,outputs\.work\runs\atlas_het\graphatlas_c\split-0\seed-2\config-cb799d16\job_config.yaml
atlas_het__node_classification__graphatlas_original__split0__seed0__eeb4e56af3c9,eeb4e56af3c9,0e672c999c335af7,atlas_het,node_classification,graphatlas_original,graphatlas,0,0,1,outputs\.work\runs\atlas_het\graphatlas_original\split-0\seed-0\config-eeb4e56a,outputs\.work\runs\atlas_het\graphatlas_original\split-0\seed-0\config-eeb4e56a\job_config.yaml
atlas_het__node_classification__graphatlas_original__split0__seed1__f9bee915ce5d,f9bee915ce5d,0e672c999c335af7,atlas_het,node_classification,graphatlas_original,graphatlas,1,0,1,outputs\.work\runs\atlas_het\graphatlas_original\split-0\seed-1\config-f9bee915,outputs\.work\runs\atlas_het\graphatlas_original\split-0\seed-1\config-f9bee915\job_config.yaml
atlas_het__node_classification__graphatlas_original__split0__seed2__61905f06cef3,61905f06cef3,0e672c999c335af7,atlas_het,node_classification,graphatlas_original,graphatlas,2,0,1,outputs\.work\runs\atlas_het\graphatlas_original\split-0\seed-2\config-61905f06,outputs\.work\runs\atlas_het\graphatlas_original\split-0\seed-2\config-61905f06\job_config.yaml
atlas_het__node_classification__graphatlas_free_transition__split0__seed0__e39f0e70b6b5,e39f0e70b6b5,0e672c999c335af7,atlas_het,node_classification,graphatlas_free_transition,graphatlas_free_transition,0,0,1,outputs\.work\runs\atlas_het\graphatlas_free_transition\split-0\seed-0\config-e39f0e70,outputs\.work\runs\atlas_het\graphatlas_free_transition\split-0\seed-0\config-e39f0e70\job_config.yaml
atlas_het__node_classification__graphatlas_free_transition__split0__seed1__61f163b9fe90,61f163b9fe90,0e672c999c335af7,atlas_het,node_classification,graphatlas_free_transition,graphatlas_free_transition,1,0,1,outputs\.work\runs\atlas_het\graphatlas_free_transition\split-0\seed-1\config-61f163b9,outputs\.work\runs\atlas_het\graphatlas_free_transition\split-0\seed-1\config-61f163b9\job_config.yaml
atlas_het__node_classification__graphatlas_free_transition__split0__seed2__3b803d6e7502,3b803d6e7502,0e672c999c335af7,atlas_het,node_classification,graphatlas_free_transition,graphatlas_free_transition,2,0,1,outputs\.work\runs\atlas_het\graphatlas_free_transition\split-0\seed-2\config-3b803d6e,outputs\.work\runs\atlas_het\graphatlas_free_transition\split-0\seed-2\config-3b803d6e\job_config.yaml
atlas_het__node_classification__graphatlas_no_transport__split0__seed0__6bfa5ab41433,6bfa5ab41433,0e672c999c335af7,atlas_het,node_classification,graphatlas_no_transport,graphatlas_no_transport,0,0,1,outputs\.work\runs\atlas_het\graphatlas_no_transport\split-0\seed-0\config-6bfa5ab4,outputs\.work\runs\atlas_het\graphatlas_no_transport\split-0\seed-0\config-6bfa5ab4\job_config.yaml
atlas_het__node_classification__graphatlas_no_transport__split0__seed1__bb1d0586b3da,bb1d0586b3da,0e672c999c335af7,atlas_het,node_classification,graphatlas_no_transport,graphatlas_no_transport,1,0,1,outputs\.work\runs\atlas_het\graphatlas_no_transport\split-0\seed-1\config-bb1d0586,outputs\.work\runs\atlas_het\graphatlas_no_transport\split-0\seed-1\config-bb1d0586\job_config.yaml
atlas_het__node_classification__graphatlas_no_transport__split0__seed2__24b1df1326b3,24b1df1326b3,0e672c999c335af7,atlas_het,node_classification,graphatlas_no_transport,graphatlas_no_transport,2,0,1,outputs\.work\runs\atlas_het\graphatlas_no_transport\split-0\seed-2\config-24b1df13,outputs\.work\runs\atlas_het\graphatlas_no_transport\split-0\seed-2\config-24b1df13\job_config.yaml
atlas_het__node_classification__graphatlas_c_oracle__split0__seed0__7a2308b33a6b,7a2308b33a6b,0e672c999c335af7,atlas_het,node_classification,graphatlas_c_oracle,graphatlas_certified,0,0,1,outputs\.work\runs\atlas_het\graphatlas_c_oracle\split-0\seed-0\config-7a2308b3,outputs\.work\runs\atlas_het\graphatlas_c_oracle\split-0\seed-0\config-7a2308b3\job_config.yaml
atlas_het__node_classification__graphatlas_c_oracle__split0__seed1__75f8c2e2e3f7,75f8c2e2e3f7,0e672c999c335af7,atlas_het,node_classification,graphatlas_c_oracle,graphatlas_certified,1,0,1,outputs\.work\runs\atlas_het\graphatlas_c_oracle\split-0\seed-1\config-75f8c2e2,outputs\.work\runs\atlas_het\graphatlas_c_oracle\split-0\seed-1\config-75f8c2e2\job_config.yaml
atlas_het__node_classification__graphatlas_c_oracle__split0__seed2__868708d22a4d,868708d22a4d,0e672c999c335af7,atlas_het,node_classification,graphatlas_c_oracle,graphatlas_certified,2,0,1,outputs\.work\runs\atlas_het\graphatlas_c_oracle\split-0\seed-2\config-868708d2,outputs\.work\runs\atlas_het\graphatlas_c_oracle\split-0\seed-2\config-868708d2\job_config.yaml
atlas_het__node_classification__graphatlas_c__split0__seed0__f003964240e5,f003964240e5,0e672c999c335af7,atlas_het,node_classification,graphatlas_c,graphatlas_certified,0,0,1,outputs\.work\runs\atlas_het\graphatlas_c\split-0\seed-0\config-f0039642,outputs\.work\runs\atlas_het\graphatlas_c\split-0\seed-0\config-f0039642\job_config.yaml
atlas_het__node_classification__graphatlas_c__split0__seed1__de625ba2a7e9,de625ba2a7e9,0e672c999c335af7,atlas_het,node_classification,graphatlas_c,graphatlas_certified,1,0,1,outputs\.work\runs\atlas_het\graphatlas_c\split-0\seed-1\config-de625ba2,outputs\.work\runs\atlas_het\graphatlas_c\split-0\seed-1\config-de625ba2\job_config.yaml
atlas_het__node_classification__graphatlas_c__split0__seed2__25fea1d7e615,25fea1d7e615,0e672c999c335af7,atlas_het,node_classification,graphatlas_c,graphatlas_certified,2,0,1,outputs\.work\runs\atlas_het\graphatlas_c\split-0\seed-2\config-25fea1d7,outputs\.work\runs\atlas_het\graphatlas_c\split-0\seed-2\config-25fea1d7\job_config.yaml
atlas_het__node_classification__graphatlas_original__split0__seed0__4afb44a628e1,4afb44a628e1,0e672c999c335af7,atlas_het,node_classification,graphatlas_original,graphatlas,0,0,1,outputs\.work\runs\atlas_het\graphatlas_original\split-0\seed-0\config-4afb44a6,outputs\.work\runs\atlas_het\graphatlas_original\split-0\seed-0\config-4afb44a6\job_config.yaml
atlas_het__node_classification__graphatlas_original__split0__seed1__82abbdf763cf,82abbdf763cf,0e672c999c335af7,atlas_het,node_classification,graphatlas_original,graphatlas,1,0,1,outputs\.work\runs\atlas_het\graphatlas_original\split-0\seed-1\config-82abbdf7,outputs\.work\runs\atlas_het\graphatlas_original\split-0\seed-1\config-82abbdf7\job_config.yaml
atlas_het__node_classification__graphatlas_original__split0__seed2__9f04d380834a,9f04d380834a,0e672c999c335af7,atlas_het,node_classification,graphatlas_original,graphatlas,2,0,1,outputs\.work\runs\atlas_het\graphatlas_original\split-0\seed-2\config-9f04d380,outputs\.work\runs\atlas_het\graphatlas_original\split-0\seed-2\config-9f04d380\job_config.yaml
atlas_het__node_classification__graphatlas_free_transition__split0__seed0__b84eec408369,b84eec408369,0e672c999c335af7,atlas_het,node_classification,graphatlas_free_transition,graphatlas_free_transition,0,0,1,outputs\.work\runs\atlas_het\graphatlas_free_transition\split-0\seed-0\config-b84eec40,outputs\.work\runs\atlas_het\graphatlas_free_transition\split-0\seed-0\config-b84eec40\job_config.yaml
atlas_het__node_classification__graphatlas_free_transition__split0__seed1__e6bdbac944d7,e6bdbac944d7,0e672c999c335af7,atlas_het,node_classification,graphatlas_free_transition,graphatlas_free_transition,1,0,1,outputs\.work\runs\atlas_het\graphatlas_free_transition\split-0\seed-1\config-e6bdbac9,outputs\.work\runs\atlas_het\graphatlas_free_transition\split-0\seed-1\config-e6bdbac9\job_config.yaml
atlas_het__node_classification__graphatlas_free_transition__split0__seed2__6e14c9069585,6e14c9069585,0e672c999c335af7,atlas_het,node_classification,graphatlas_free_transition,graphatlas_free_transition,2,0,1,outputs\.work\runs\atlas_het\graphatlas_free_transition\split-0\seed-2\config-6e14c906,outputs\.work\runs\atlas_het\graphatlas_free_transition\split-0\seed-2\config-6e14c906\job_config.yaml
atlas_het__node_classification__graphatlas_no_transport__split0__seed0__d83d2e5951aa,d83d2e5951aa,0e672c999c335af7,atlas_het,node_classification,graphatlas_no_transport,graphatlas_no_transport,0,0,1,outputs\.work\runs\atlas_het\graphatlas_no_transport\split-0\seed-0\config-d83d2e59,outputs\.work\runs\atlas_het\graphatlas_no_transport\split-0\seed-0\config-d83d2e59\job_config.yaml
atlas_het__node_classification__graphatlas_no_transport__split0__seed1__97fc7e075709,97fc7e075709,0e672c999c335af7,atlas_het,node_classification,graphatlas_no_transport,graphatlas_no_transport,1,0,1,outputs\.work\runs\atlas_het\graphatlas_no_transport\split-0\seed-1\config-97fc7e07,outputs\.work\runs\atlas_het\graphatlas_no_transport\split-0\seed-1\config-97fc7e07\job_config.yaml
atlas_het__node_classification__graphatlas_no_transport__split0__seed2__074c8500dcdd,074c8500dcdd,0e672c999c335af7,atlas_het,node_classification,graphatlas_no_transport,graphatlas_no_transport,2,0,1,outputs\.work\runs\atlas_het\graphatlas_no_transport\split-0\seed-2\config-074c8500,outputs\.work\runs\atlas_het\graphatlas_no_transport\split-0\seed-2\config-074c8500\job_config.yaml
atlas_het__node_classification__graphatlas_c_oracle__split0__seed0__f41d5fc3f2e5,f41d5fc3f2e5,0e672c999c335af7,atlas_het,node_classification,graphatlas_c_oracle,graphatlas_certified,0,0,1,outputs\.work\runs\atlas_het\graphatlas_c_oracle\split-0\seed-0\config-f41d5fc3,outputs\.work\runs\atlas_het\graphatlas_c_oracle\split-0\seed-0\config-f41d5fc3\job_config.yaml
atlas_het__node_classification__graphatlas_c_oracle__split0__seed1__272db5228039,272db5228039,0e672c999c335af7,atlas_het,node_classification,graphatlas_c_oracle,graphatlas_certified,1,0,1,outputs\.work\runs\atlas_het\graphatlas_c_oracle\split-0\seed-1\config-272db522,outputs\.work\runs\atlas_het\graphatlas_c_oracle\split-0\seed-1\config-272db522\job_config.yaml
atlas_het__node_classification__graphatlas_c_oracle__split0__seed2__f1408f370eea,f1408f370eea,0e672c999c335af7,atlas_het,node_classification,graphatlas_c_oracle,graphatlas_certified,2,0,1,outputs\.work\runs\atlas_het\graphatlas_c_oracle\split-0\seed-2\config-f1408f37,outputs\.work\runs\atlas_het\graphatlas_c_oracle\split-0\seed-2\config-f1408f37\job_config.yaml
atlas_het__node_classification__graphatlas_c__split0__seed0__341287c0ed31,341287c0ed31,0e672c999c335af7,atlas_het,node_classification,graphatlas_c,graphatlas_certified,0,0,1,outputs\.work\runs\atlas_het\graphatlas_c\split-0\seed-0\config-341287c0,outputs\.work\runs\atlas_het\graphatlas_c\split-0\seed-0\config-341287c0\job_config.yaml
atlas_het__node_classification__graphatlas_c__split0__seed1__ea4b3972c1e7,ea4b3972c1e7,0e672c999c335af7,atlas_het,node_classification,graphatlas_c,graphatlas_certified,1,0,1,outputs\.work\runs\atlas_het\graphatlas_c\split-0\seed-1\config-ea4b3972,outputs\.work\runs\atlas_het\graphatlas_c\split-0\seed-1\config-ea4b3972\job_config.yaml
atlas_het__node_classification__graphatlas_c__split0__seed2__5ea6c81f6f44,5ea6c81f6f44,0e672c999c335af7,atlas_het,node_classification,graphatlas_c,graphatlas_certified,2,0,1,outputs\.work\runs\atlas_het\graphatlas_c\split-0\seed-2\config-5ea6c81f,outputs\.work\runs\atlas_het\graphatlas_c\split-0\seed-2\config-5ea6c81f\job_config.yaml
atlas_het__node_classification__graphatlas_original__split0__seed0__ad52a2a0a2d9,ad52a2a0a2d9,0e672c999c335af7,atlas_het,node_classification,graphatlas_original,graphatlas,0,0,1,outputs\.work\runs\atlas_het\graphatlas_original\split-0\seed-0\config-ad52a2a0,outputs\.work\runs\atlas_het\graphatlas_original\split-0\seed-0\config-ad52a2a0\job_config.yaml
atlas_het__node_classification__graphatlas_original__split0__seed1__35373f67893f,35373f67893f,0e672c999c335af7,atlas_het,node_classification,graphatlas_original,graphatlas,1,0,1,outputs\.work\runs\atlas_het\graphatlas_original\split-0\seed-1\config-35373f67,outputs\.work\runs\atlas_het\graphatlas_original\split-0\seed-1\config-35373f67\job_config.yaml
atlas_het__node_classification__graphatlas_original__split0__seed2__657a3f4c07b4,657a3f4c07b4,0e672c999c335af7,atlas_het,node_classification,graphatlas_original,graphatlas,2,0,1,outputs\.work\runs\atlas_het\graphatlas_original\split-0\seed-2\config-657a3f4c,outputs\.work\runs\atlas_het\graphatlas_original\split-0\seed-2\config-657a3f4c\job_config.yaml
atlas_het__node_classification__graphatlas_free_transition__split0__seed0__e2015cea0fe4,e2015cea0fe4,0e672c999c335af7,atlas_het,node_classification,graphatlas_free_transition,graphatlas_free_transition,0,0,1,outputs\.work\runs\atlas_het\graphatlas_free_transition\split-0\seed-0\config-e2015cea,outputs\.work\runs\atlas_het\graphatlas_free_transition\split-0\seed-0\config-e2015cea\job_config.yaml
atlas_het__node_classification__graphatlas_free_transition__split0__seed1__c0160e69f208,c0160e69f208,0e672c999c335af7,atlas_het,node_classification,graphatlas_free_transition,graphatlas_free_transition,1,0,1,outputs\.work\runs\atlas_het\graphatlas_free_transition\split-0\seed-1\config-c0160e69,outputs\.work\runs\atlas_het\graphatlas_free_transition\split-0\seed-1\config-c0160e69\job_config.yaml
atlas_het__node_classification__graphatlas_free_transition__split0__seed2__b2604edeb036,b2604edeb036,0e672c999c335af7,atlas_het,node_classification,graphatlas_free_transition,graphatlas_free_transition,2,0,1,outputs\.work\runs\atlas_het\graphatlas_free_transition\split-0\seed-2\config-b2604ede,outputs\.work\runs\atlas_het\graphatlas_free_transition\split-0\seed-2\config-b2604ede\job_config.yaml
atlas_het__node_classification__graphatlas_no_transport__split0__seed0__a4f5ec2293cf,a4f5ec2293cf,0e672c999c335af7,atlas_het,node_classification,graphatlas_no_transport,graphatlas_no_transport,0,0,1,outputs\.work\runs\atlas_het\graphatlas_no_transport\split-0\seed-0\config-a4f5ec22,outputs\.work\runs\atlas_het\graphatlas_no_transport\split-0\seed-0\config-a4f5ec22\job_config.yaml
atlas_het__node_classification__graphatlas_no_transport__split0__seed1__4bc1fd8809ba,4bc1fd8809ba,0e672c999c335af7,atlas_het,node_classification,graphatlas_no_transport,graphatlas_no_transport,1,0,1,outputs\.work\runs\atlas_het\graphatlas_no_transport\split-0\seed-1\config-4bc1fd88,outputs\.work\runs\atlas_het\graphatlas_no_transport\split-0\seed-1\config-4bc1fd88\job_config.yaml
atlas_het__node_classification__graphatlas_no_transport__split0__seed2__82cc69ff794d,82cc69ff794d,0e672c999c335af7,atlas_het,node_classification,graphatlas_no_transport,graphatlas_no_transport,2,0,1,outputs\.work\runs\atlas_het\graphatlas_no_transport\split-0\seed-2\config-82cc69ff,outputs\.work\runs\atlas_het\graphatlas_no_transport\split-0\seed-2\config-82cc69ff\job_config.yaml
atlas_het__node_classification__graphatlas_c_oracle__split0__seed0__9e9a20b3c875,9e9a20b3c875,0e672c999c335af7,atlas_het,node_classification,graphatlas_c_oracle,graphatlas_certified,0,0,1,outputs\.work\runs\atlas_het\graphatlas_c_oracle\split-0\seed-0\config-9e9a20b3,outputs\.work\runs\atlas_het\graphatlas_c_oracle\split-0\seed-0\config-9e9a20b3\job_config.yaml
atlas_het__node_classification__graphatlas_c_oracle__split0__seed1__050964a3ae7f,050964a3ae7f,0e672c999c335af7,atlas_het,node_classification,graphatlas_c_oracle,graphatlas_certified,1,0,1,outputs\.work\runs\atlas_het\graphatlas_c_oracle\split-0\seed-1\config-050964a3,outputs\.work\runs\atlas_het\graphatlas_c_oracle\split-0\seed-1\config-050964a3\job_config.yaml
atlas_het__node_classification__graphatlas_c_oracle__split0__seed2__25a73944852c,25a73944852c,0e672c999c335af7,atlas_het,node_classification,graphatlas_c_oracle,graphatlas_certified,2,0,1,outputs\.work\runs\atlas_het\graphatlas_c_oracle\split-0\seed-2\config-25a73944,outputs\.work\runs\atlas_het\graphatlas_c_oracle\split-0\seed-2\config-25a73944\job_config.yaml
atlas_het__node_classification__graphatlas_c__split0__seed0__b1d75079f5c6,b1d75079f5c6,0e672c999c335af7,atlas_het,node_classification,graphatlas_c,graphatlas_certified,0,0,1,outputs\.work\runs\atlas_het\graphatlas_c\split-0\seed-0\config-b1d75079,outputs\.work\runs\atlas_het\graphatlas_c\split-0\seed-0\config-b1d75079\job_config.yaml
atlas_het__node_classification__graphatlas_c__split0__seed1__8a24c1ac4fae,8a24c1ac4fae,0e672c999c335af7,atlas_het,node_classification,graphatlas_c,graphatlas_certified,1,0,1,outputs\.work\runs\atlas_het\graphatlas_c\split-0\seed-1\config-8a24c1ac,outputs\.work\runs\atlas_het\graphatlas_c\split-0\seed-1\config-8a24c1ac\job_config.yaml
atlas_het__node_classification__graphatlas_c__split0__seed2__a2e114c73f1b,a2e114c73f1b,0e672c999c335af7,atlas_het,node_classification,graphatlas_c,graphatlas_certified,2,0,1,outputs\.work\runs\atlas_het\graphatlas_c\split-0\seed-2\config-a2e114c7,outputs\.work\runs\atlas_het\graphatlas_c\split-0\seed-2\config-a2e114c7\job_config.yaml
atlas_het__node_classification__graphatlas_original__split0__seed0__c09cd7914f0c,c09cd7914f0c,0e672c999c335af7,atlas_het,node_classification,graphatlas_original,graphatlas,0,0,1,outputs\.work\runs\atlas_het\graphatlas_original\split-0\seed-0\config-c09cd791,outputs\.work\runs\atlas_het\graphatlas_original\split-0\seed-0\config-c09cd791\job_config.yaml
atlas_het__node_classification__graphatlas_original__split0__seed1__126b0ced3f40,126b0ced3f40,0e672c999c335af7,atlas_het,node_classification,graphatlas_original,graphatlas,1,0,1,outputs\.work\runs\atlas_het\graphatlas_original\split-0\seed-1\config-126b0ced,outputs\.work\runs\atlas_het\graphatlas_original\split-0\seed-1\config-126b0ced\job_config.yaml
atlas_het__node_classification__graphatlas_original__split0__seed2__60db7bd7652b,60db7bd7652b,0e672c999c335af7,atlas_het,node_classification,graphatlas_original,graphatlas,2,0,1,outputs\.work\runs\atlas_het\graphatlas_original\split-0\seed-2\config-60db7bd7,outputs\.work\runs\atlas_het\graphatlas_original\split-0\seed-2\config-60db7bd7\job_config.yaml
atlas_het__node_classification__graphatlas_free_transition__split0__seed0__b6c7d96bef06,b6c7d96bef06,0e672c999c335af7,atlas_het,node_classification,graphatlas_free_transition,graphatlas_free_transition,0,0,1,outputs\.work\runs\atlas_het\graphatlas_free_transition\split-0\seed-0\config-b6c7d96b,outputs\.work\runs\atlas_het\graphatlas_free_transition\split-0\seed-0\config-b6c7d96b\job_config.yaml
atlas_het__node_classification__graphatlas_free_transition__split0__seed1__9877c90d815c,9877c90d815c,0e672c999c335af7,atlas_het,node_classification,graphatlas_free_transition,graphatlas_free_transition,1,0,1,outputs\.work\runs\atlas_het\graphatlas_free_transition\split-0\seed-1\config-9877c90d,outputs\.work\runs\atlas_het\graphatlas_free_transition\split-0\seed-1\config-9877c90d\job_config.yaml
atlas_het__node_classification__graphatlas_free_transition__split0__seed2__7029c90db4f6,7029c90db4f6,0e672c999c335af7,atlas_het,node_classification,graphatlas_free_transition,graphatlas_free_transition,2,0,1,outputs\.work\runs\atlas_het\graphatlas_free_transition\split-0\seed-2\config-7029c90d,outputs\.work\runs\atlas_het\graphatlas_free_transition\split-0\seed-2\config-7029c90d\job_config.yaml
atlas_het__node_classification__graphatlas_no_transport__split0__seed0__6d76565cbc5c,6d76565cbc5c,0e672c999c335af7,atlas_het,node_classification,graphatlas_no_transport,graphatlas_no_transport,0,0,1,outputs\.work\runs\atlas_het\graphatlas_no_transport\split-0\seed-0\config-6d76565c,outputs\.work\runs\atlas_het\graphatlas_no_transport\split-0\seed-0\config-6d76565c\job_config.yaml
atlas_het__node_classification__graphatlas_no_transport__split0__seed1__925bc7bf85f0,925bc7bf85f0,0e672c999c335af7,atlas_het,node_classification,graphatlas_no_transport,graphatlas_no_transport,1,0,1,outputs\.work\runs\atlas_het\graphatlas_no_transport\split-0\seed-1\config-925bc7bf,outputs\.work\runs\atlas_het\graphatlas_no_transport\split-0\seed-1\config-925bc7bf\job_config.yaml
atlas_het__node_classification__graphatlas_no_transport__split0__seed2__be882d050763,be882d050763,0e672c999c335af7,atlas_het,node_classification,graphatlas_no_transport,graphatlas_no_transport,2,0,1,outputs\.work\runs\atlas_het\graphatlas_no_transport\split-0\seed-2\config-be882d05,outputs\.work\runs\atlas_het\graphatlas_no_transport\split-0\seed-2\config-be882d05\job_config.yaml
atlas_het__node_classification__graphatlas_c_oracle__split0__seed0__c2ff8f71adc1,c2ff8f71adc1,0e672c999c335af7,atlas_het,node_classification,graphatlas_c_oracle,graphatlas_certified,0,0,1,outputs\.work\runs\atlas_het\graphatlas_c_oracle\split-0\seed-0\config-c2ff8f71,outputs\.work\runs\atlas_het\graphatlas_c_oracle\split-0\seed-0\config-c2ff8f71\job_config.yaml
atlas_het__node_classification__graphatlas_c_oracle__split0__seed1__c96fca33d1c8,c96fca33d1c8,0e672c999c335af7,atlas_het,node_classification,graphatlas_c_oracle,graphatlas_certified,1,0,1,outputs\.work\runs\atlas_het\graphatlas_c_oracle\split-0\seed-1\config-c96fca33,outputs\.work\runs\atlas_het\graphatlas_c_oracle\split-0\seed-1\config-c96fca33\job_config.yaml
atlas_het__node_classification__graphatlas_c_oracle__split0__seed2__ee65d7e8bcf8,ee65d7e8bcf8,0e672c999c335af7,atlas_het,node_classification,graphatlas_c_oracle,graphatlas_certified,2,0,1,outputs\.work\runs\atlas_het\graphatlas_c_oracle\split-0\seed-2\config-ee65d7e8,outputs\.work\runs\atlas_het\graphatlas_c_oracle\split-0\seed-2\config-ee65d7e8\job_config.yaml
atlas_het__node_classification__graphatlas_c__split0__seed0__eb985c778315,eb985c778315,0e672c999c335af7,atlas_het,node_classification,graphatlas_c,graphatlas_certified,0,0,1,outputs\.work\runs\atlas_het\graphatlas_c\split-0\seed-0\config-eb985c77,outputs\.work\runs\atlas_het\graphatlas_c\split-0\seed-0\config-eb985c77\job_config.yaml
atlas_het__node_classification__graphatlas_c__split0__seed1__a433c042d281,a433c042d281,0e672c999c335af7,atlas_het,node_classification,graphatlas_c,graphatlas_certified,1,0,1,outputs\.work\runs\atlas_het\graphatlas_c\split-0\seed-1\config-a433c042,outputs\.work\runs\atlas_het\graphatlas_c\split-0\seed-1\config-a433c042\job_config.yaml
atlas_het__node_classification__graphatlas_c__split0__seed2__497e2bff7c3f,497e2bff7c3f,0e672c999c335af7,atlas_het,node_classification,graphatlas_c,graphatlas_certified,2,0,1,outputs\.work\runs\atlas_het\graphatlas_c\split-0\seed-2\config-497e2bff,outputs\.work\runs\atlas_het\graphatlas_c\split-0\seed-2\config-497e2bff\job_config.yaml
atlas_het__node_classification__graphatlas_original__split0__seed0__4cb8fcd51558,4cb8fcd51558,0e672c999c335af7,atlas_het,node_classification,graphatlas_original,graphatlas,0,0,1,outputs\.work\runs\atlas_het\graphatlas_original\split-0\seed-0\config-4cb8fcd5,outputs\.work\runs\atlas_het\graphatlas_original\split-0\seed-0\config-4cb8fcd5\job_config.yaml
atlas_het__node_classification__graphatlas_original__split0__seed1__65a106714d64,65a106714d64,0e672c999c335af7,atlas_het,node_classification,graphatlas_original,graphatlas,1,0,1,outputs\.work\runs\atlas_het\graphatlas_original\split-0\seed-1\config-65a10671,outputs\.work\runs\atlas_het\graphatlas_original\split-0\seed-1\config-65a10671\job_config.yaml
atlas_het__node_classification__graphatlas_original__split0__seed2__7f7beab8fddd,7f7beab8fddd,0e672c999c335af7,atlas_het,node_classification,graphatlas_original,graphatlas,2,0,1,outputs\.work\runs\atlas_het\graphatlas_original\split-0\seed-2\config-7f7beab8,outputs\.work\runs\atlas_het\graphatlas_original\split-0\seed-2\config-7f7beab8\job_config.yaml
atlas_het__node_classification__graphatlas_free_transition__split0__seed0__ea1912719b11,ea1912719b11,0e672c999c335af7,atlas_het,node_classification,graphatlas_free_transition,graphatlas_free_transition,0,0,1,outputs\.work\runs\atlas_het\graphatlas_free_transition\split-0\seed-0\config-ea191271,outputs\.work\runs\atlas_het\graphatlas_free_transition\split-0\seed-0\config-ea191271\job_config.yaml
atlas_het__node_classification__graphatlas_free_transition__split0__seed1__a5d3113fcb6b,a5d3113fcb6b,0e672c999c335af7,atlas_het,node_classification,graphatlas_free_transition,graphatlas_free_transition,1,0,1,outputs\.work\runs\atlas_het\graphatlas_free_transition\split-0\seed-1\config-a5d3113f,outputs\.work\runs\atlas_het\graphatlas_free_transition\split-0\seed-1\config-a5d3113f\job_config.yaml
atlas_het__node_classification__graphatlas_free_transition__split0__seed2__3c291c51a685,3c291c51a685,0e672c999c335af7,atlas_het,node_classification,graphatlas_free_transition,graphatlas_free_transition,2,0,1,outputs\.work\runs\atlas_het\graphatlas_free_transition\split-0\seed-2\config-3c291c51,outputs\.work\runs\atlas_het\graphatlas_free_transition\split-0\seed-2\config-3c291c51\job_config.yaml
atlas_het__node_classification__graphatlas_no_transport__split0__seed0__fed973772819,fed973772819,0e672c999c335af7,atlas_het,node_classification,graphatlas_no_transport,graphatlas_no_transport,0,0,1,outputs\.work\runs\atlas_het\graphatlas_no_transport\split-0\seed-0\config-fed97377,outputs\.work\runs\atlas_het\graphatlas_no_transport\split-0\seed-0\config-fed97377\job_config.yaml
atlas_het__node_classification__graphatlas_no_transport__split0__seed1__66318f31a6c4,66318f31a6c4,0e672c999c335af7,atlas_het,node_classification,graphatlas_no_transport,graphatlas_no_transport,1,0,1,outputs\.work\runs\atlas_het\graphatlas_no_transport\split-0\seed-1\config-66318f31,outputs\.work\runs\atlas_het\graphatlas_no_transport\split-0\seed-1\config-66318f31\job_config.yaml
atlas_het__node_classification__graphatlas_no_transport__split0__seed2__67b100dbd9df,67b100dbd9df,0e672c999c335af7,atlas_het,node_classification,graphatlas_no_transport,graphatlas_no_transport,2,0,1,outputs\.work\runs\atlas_het\graphatlas_no_transport\split-0\seed-2\config-67b100db,outputs\.work\runs\atlas_het\graphatlas_no_transport\split-0\seed-2\config-67b100db\job_config.yaml
atlas_het__node_classification__graphatlas_c_oracle__split0__seed0__b3cf2b29efaa,b3cf2b29efaa,0e672c999c335af7,atlas_het,node_classification,graphatlas_c_oracle,graphatlas_certified,0,0,1,outputs\.work\runs\atlas_het\graphatlas_c_oracle\split-0\seed-0\config-b3cf2b29,outputs\.work\runs\atlas_het\graphatlas_c_oracle\split-0\seed-0\config-b3cf2b29\job_config.yaml
atlas_het__node_classification__graphatlas_c_oracle__split0__seed1__5fbe3f049668,5fbe3f049668,0e672c999c335af7,atlas_het,node_classification,graphatlas_c_oracle,graphatlas_certified,1,0,1,outputs\.work\runs\atlas_het\graphatlas_c_oracle\split-0\seed-1\config-5fbe3f04,outputs\.work\runs\atlas_het\graphatlas_c_oracle\split-0\seed-1\config-5fbe3f04\job_config.yaml
atlas_het__node_classification__graphatlas_c_oracle__split0__seed2__ac10dacb705b,ac10dacb705b,0e672c999c335af7,atlas_het,node_classification,graphatlas_c_oracle,graphatlas_certified,2,0,1,outputs\.work\runs\atlas_het\graphatlas_c_oracle\split-0\seed-2\config-ac10dacb,outputs\.work\runs\atlas_het\graphatlas_c_oracle\split-0\seed-2\config-ac10dacb\job_config.yaml
atlas_het__node_classification__graphatlas_c__split0__seed0__e59c75ff563e,e59c75ff563e,0e672c999c335af7,atlas_het,node_classification,graphatlas_c,graphatlas_certified,0,0,1,outputs\.work\runs\atlas_het\graphatlas_c\split-0\seed-0\config-e59c75ff,outputs\.work\runs\atlas_het\graphatlas_c\split-0\seed-0\config-e59c75ff\job_config.yaml
atlas_het__node_classification__graphatlas_c__split0__seed1__cc9036b919cc,cc9036b919cc,0e672c999c335af7,atlas_het,node_classification,graphatlas_c,graphatlas_certified,1,0,1,outputs\.work\runs\atlas_het\graphatlas_c\split-0\seed-1\config-cc9036b9,outputs\.work\runs\atlas_het\graphatlas_c\split-0\seed-1\config-cc9036b9\job_config.yaml
atlas_het__node_classification__graphatlas_c__split0__seed2__d1026d483300,d1026d483300,0e672c999c335af7,atlas_het,node_classification,graphatlas_c,graphatlas_certified,2,0,1,outputs\.work\runs\atlas_het\graphatlas_c\split-0\seed-2\config-d1026d48,outputs\.work\runs\atlas_het\graphatlas_c\split-0\seed-2\config-d1026d48\job_config.yaml
atlas_het__node_classification__graphatlas_original__split0__seed0__fb374c0ea6b0,fb374c0ea6b0,0e672c999c335af7,atlas_het,node_classification,graphatlas_original,graphatlas,0,0,1,outputs\.work\runs\atlas_het\graphatlas_original\split-0\seed-0\config-fb374c0e,outputs\.work\runs\atlas_het\graphatlas_original\split-0\seed-0\config-fb374c0e\job_config.yaml
atlas_het__node_classification__graphatlas_original__split0__seed1__82c861b5c4eb,82c861b5c4eb,0e672c999c335af7,atlas_het,node_classification,graphatlas_original,graphatlas,1,0,1,outputs\.work\runs\atlas_het\graphatlas_original\split-0\seed-1\config-82c861b5,outputs\.work\runs\atlas_het\graphatlas_original\split-0\seed-1\config-82c861b5\job_config.yaml
atlas_het__node_classification__graphatlas_original__split0__seed2__07a1e0b00335,07a1e0b00335,0e672c999c335af7,atlas_het,node_classification,graphatlas_original,graphatlas,2,0,1,outputs\.work\runs\atlas_het\graphatlas_original\split-0\seed-2\config-07a1e0b0,outputs\.work\runs\atlas_het\graphatlas_original\split-0\seed-2\config-07a1e0b0\job_config.yaml
atlas_het__node_classification__graphatlas_free_transition__split0__seed0__3b614008cbc8,3b614008cbc8,0e672c999c335af7,atlas_het,node_classification,graphatlas_free_transition,graphatlas_free_transition,0,0,1,outputs\.work\runs\atlas_het\graphatlas_free_transition\split-0\seed-0\config-3b614008,outputs\.work\runs\atlas_het\graphatlas_free_transition\split-0\seed-0\config-3b614008\job_config.yaml
atlas_het__node_classification__graphatlas_free_transition__split0__seed1__69acc9fd199b,69acc9fd199b,0e672c999c335af7,atlas_het,node_classification,graphatlas_free_transition,graphatlas_free_transition,1,0,1,outputs\.work\runs\atlas_het\graphatlas_free_transition\split-0\seed-1\config-69acc9fd,outputs\.work\runs\atlas_het\graphatlas_free_transition\split-0\seed-1\config-69acc9fd\job_config.yaml
atlas_het__node_classification__graphatlas_free_transition__split0__seed2__14cadbd65f14,14cadbd65f14,0e672c999c335af7,atlas_het,node_classification,graphatlas_free_transition,graphatlas_free_transition,2,0,1,outputs\.work\runs\atlas_het\graphatlas_free_transition\split-0\seed-2\config-14cadbd6,outputs\.work\runs\atlas_het\graphatlas_free_transition\split-0\seed-2\config-14cadbd6\job_config.yaml
atlas_het__node_classification__graphatlas_no_transport__split0__seed0__fec13a96e397,fec13a96e397,0e672c999c335af7,atlas_het,node_classification,graphatlas_no_transport,graphatlas_no_transport,0,0,1,outputs\.work\runs\atlas_het\graphatlas_no_transport\split-0\seed-0\config-fec13a96,outputs\.work\runs\atlas_het\graphatlas_no_transport\split-0\seed-0\config-fec13a96\job_config.yaml
atlas_het__node_classification__graphatlas_no_transport__split0__seed1__07e7594d79ec,07e7594d79ec,0e672c999c335af7,atlas_het,node_classification,graphatlas_no_transport,graphatlas_no_transport,1,0,1,outputs\.work\runs\atlas_het\graphatlas_no_transport\split-0\seed-1\config-07e7594d,outputs\.work\runs\atlas_het\graphatlas_no_transport\split-0\seed-1\config-07e7594d\job_config.yaml
atlas_het__node_classification__graphatlas_no_transport__split0__seed2__2867714218b1,2867714218b1,0e672c999c335af7,atlas_het,node_classification,graphatlas_no_transport,graphatlas_no_transport,2,0,1,outputs\.work\runs\atlas_het\graphatlas_no_transport\split-0\seed-2\config-28677142,outputs\.work\runs\atlas_het\graphatlas_no_transport\split-0\seed-2\config-28677142\job_config.yaml
atlas_het__node_classification__graphatlas_c_oracle__split0__seed0__4e1cf8d07b7d,4e1cf8d07b7d,0e672c999c335af7,atlas_het,node_classification,graphatlas_c_oracle,graphatlas_certified,0,0,1,outputs\.work\runs\atlas_het\graphatlas_c_oracle\split-0\seed-0\config-4e1cf8d0,outputs\.work\runs\atlas_het\graphatlas_c_oracle\split-0\seed-0\config-4e1cf8d0\job_config.yaml
atlas_het__node_classification__graphatlas_c_oracle__split0__seed1__48648243862a,48648243862a,0e672c999c335af7,atlas_het,node_classification,graphatlas_c_oracle,graphatlas_certified,1,0,1,outputs\.work\runs\atlas_het\graphatlas_c_oracle\split-0\seed-1\config-48648243,outputs\.work\runs\atlas_het\graphatlas_c_oracle\split-0\seed-1\config-48648243\job_config.yaml
atlas_het__node_classification__graphatlas_c_oracle__split0__seed2__2e771617ad39,2e771617ad39,0e672c999c335af7,atlas_het,node_classification,graphatlas_c_oracle,graphatlas_certified,2,0,1,outputs\.work\runs\atlas_het\graphatlas_c_oracle\split-0\seed-2\config-2e771617,outputs\.work\runs\atlas_het\graphatlas_c_oracle\split-0\seed-2\config-2e771617\job_config.yaml
atlas_het__node_classification__graphatlas_c__split0__seed0__4e8f47d07c12,4e8f47d07c12,0e672c999c335af7,atlas_het,node_classification,graphatlas_c,graphatlas_certified,0,0,1,outputs\.work\runs\atlas_het\graphatlas_c\split-0\seed-0\config-4e8f47d0,outputs\.work\runs\atlas_het\graphatlas_c\split-0\seed-0\config-4e8f47d0\job_config.yaml
atlas_het__node_classification__graphatlas_c__split0__seed1__f47ac97809da,f47ac97809da,0e672c999c335af7,atlas_het,node_classification,graphatlas_c,graphatlas_certified,1,0,1,outputs\.work\runs\atlas_het\graphatlas_c\split-0\seed-1\config-f47ac978,outputs\.work\runs\atlas_het\graphatlas_c\split-0\seed-1\config-f47ac978\job_config.yaml
atlas_het__node_classification__graphatlas_c__split0__seed2__53b5e75f8c64,53b5e75f8c64,0e672c999c335af7,atlas_het,node_classification,graphatlas_c,graphatlas_certified,2,0,1,outputs\.work\runs\atlas_het\graphatlas_c\split-0\seed-2\config-53b5e75f,outputs\.work\runs\atlas_het\graphatlas_c\split-0\seed-2\config-53b5e75f\job_config.yaml
atlas_het__node_classification__graphatlas_original__split0__seed0__eef936cf79d0,eef936cf79d0,0e672c999c335af7,atlas_het,node_classification,graphatlas_original,graphatlas,0,0,1,outputs\.work\runs\atlas_het\graphatlas_original\split-0\seed-0\config-eef936cf,outputs\.work\runs\atlas_het\graphatlas_original\split-0\seed-0\config-eef936cf\job_config.yaml
atlas_het__node_classification__graphatlas_original__split0__seed1__5ae3759c8fe9,5ae3759c8fe9,0e672c999c335af7,atlas_het,node_classification,graphatlas_original,graphatlas,1,0,1,outputs\.work\runs\atlas_het\graphatlas_original\split-0\seed-1\config-5ae3759c,outputs\.work\runs\atlas_het\graphatlas_original\split-0\seed-1\config-5ae3759c\job_config.yaml
atlas_het__node_classification__graphatlas_original__split0__seed2__487f5b3f8f43,487f5b3f8f43,0e672c999c335af7,atlas_het,node_classification,graphatlas_original,graphatlas,2,0,1,outputs\.work\runs\atlas_het\graphatlas_original\split-0\seed-2\config-487f5b3f,outputs\.work\runs\atlas_het\graphatlas_original\split-0\seed-2\config-487f5b3f\job_config.yaml
atlas_het__node_classification__graphatlas_free_transition__split0__seed0__9c3744348489,9c3744348489,0e672c999c335af7,atlas_het,node_classification,graphatlas_free_transition,graphatlas_free_transition,0,0,1,outputs\.work\runs\atlas_het\graphatlas_free_transition\split-0\seed-0\config-9c374434,outputs\.work\runs\atlas_het\graphatlas_free_transition\split-0\seed-0\config-9c374434\job_config.yaml
atlas_het__node_classification__graphatlas_free_transition__split0__seed1__63b5a9ecf93c,63b5a9ecf93c,0e672c999c335af7,atlas_het,node_classification,graphatlas_free_transition,graphatlas_free_transition,1,0,1,outputs\.work\runs\atlas_het\graphatlas_free_transition\split-0\seed-1\config-63b5a9ec,outputs\.work\runs\atlas_het\graphatlas_free_transition\split-0\seed-1\config-63b5a9ec\job_config.yaml
atlas_het__node_classification__graphatlas_free_transition__split0__seed2__19a63abb0caa,19a63abb0caa,0e672c999c335af7,atlas_het,node_classification,graphatlas_free_transition,graphatlas_free_transition,2,0,1,outputs\.work\runs\atlas_het\graphatlas_free_transition\split-0\seed-2\config-19a63abb,outputs\.work\runs\atlas_het\graphatlas_free_transition\split-0\seed-2\config-19a63abb\job_config.yaml
atlas_het__node_classification__graphatlas_no_transport__split0__seed0__d0d30e826d12,d0d30e826d12,0e672c999c335af7,atlas_het,node_classification,graphatlas_no_transport,graphatlas_no_transport,0,0,1,outputs\.work\runs\atlas_het\graphatlas_no_transport\split-0\seed-0\config-d0d30e82,outputs\.work\runs\atlas_het\graphatlas_no_transport\split-0\seed-0\config-d0d30e82\job_config.yaml
atlas_het__node_classification__graphatlas_no_transport__split0__seed1__341b432c4c70,341b432c4c70,0e672c999c335af7,atlas_het,node_classification,graphatlas_no_transport,graphatlas_no_transport,1,0,1,outputs\.work\runs\atlas_het\graphatlas_no_transport\split-0\seed-1\config-341b432c,outputs\.work\runs\atlas_het\graphatlas_no_transport\split-0\seed-1\config-341b432c\job_config.yaml
atlas_het__node_classification__graphatlas_no_transport__split0__seed2__0b1506a224bf,0b1506a224bf,0e672c999c335af7,atlas_het,node_classification,graphatlas_no_transport,graphatlas_no_transport,2,0,1,outputs\.work\runs\atlas_het\graphatlas_no_transport\split-0\seed-2\config-0b1506a2,outputs\.work\runs\atlas_het\graphatlas_no_transport\split-0\seed-2\config-0b1506a2\job_config.yaml
atlas_het__node_classification__graphatlas_c_oracle__split0__seed0__c6fc4326c5b4,c6fc4326c5b4,0e672c999c335af7,atlas_het,node_classification,graphatlas_c_oracle,graphatlas_certified,0,0,1,outputs\.work\runs\atlas_het\graphatlas_c_oracle\split-0\seed-0\config-c6fc4326,outputs\.work\runs\atlas_het\graphatlas_c_oracle\split-0\seed-0\config-c6fc4326\job_config.yaml
atlas_het__node_classification__graphatlas_c_oracle__split0__seed1__8478d08917b0,8478d08917b0,0e672c999c335af7,atlas_het,node_classification,graphatlas_c_oracle,graphatlas_certified,1,0,1,outputs\.work\runs\atlas_het\graphatlas_c_oracle\split-0\seed-1\config-8478d089,outputs\.work\runs\atlas_het\graphatlas_c_oracle\split-0\seed-1\config-8478d089\job_config.yaml
atlas_het__node_classification__graphatlas_c_oracle__split0__seed2__761f76af31a6,761f76af31a6,0e672c999c335af7,atlas_het,node_classification,graphatlas_c_oracle,graphatlas_certified,2,0,1,outputs\.work\runs\atlas_het\graphatlas_c_oracle\split-0\seed-2\config-761f76af,outputs\.work\runs\atlas_het\graphatlas_c_oracle\split-0\seed-2\config-761f76af\job_config.yaml
atlas_het__node_classification__graphatlas_c__split0__seed0__d2afdfa64fa9,d2afdfa64fa9,0e672c999c335af7,atlas_het,node_classification,graphatlas_c,graphatlas_certified,0,0,1,outputs\.work\runs\atlas_het\graphatlas_c\split-0\seed-0\config-d2afdfa6,outputs\.work\runs\atlas_het\graphatlas_c\split-0\seed-0\config-d2afdfa6\job_config.yaml
atlas_het__node_classification__graphatlas_c__split0__seed1__8aefc5b1c57e,8aefc5b1c57e,0e672c999c335af7,atlas_het,node_classification,graphatlas_c,graphatlas_certified,1,0,1,outputs\.work\runs\atlas_het\graphatlas_c\split-0\seed-1\config-8aefc5b1,outputs\.work\runs\atlas_het\graphatlas_c\split-0\seed-1\config-8aefc5b1\job_config.yaml
atlas_het__node_classification__graphatlas_c__split0__seed2__98d4cb3fe6f5,98d4cb3fe6f5,0e672c999c335af7,atlas_het,node_classification,graphatlas_c,graphatlas_certified,2,0,1,outputs\.work\runs\atlas_het\graphatlas_c\split-0\seed-2\config-98d4cb3f,outputs\.work\runs\atlas_het\graphatlas_c\split-0\seed-2\config-98d4cb3f\job_config.yaml
atlas_het__node_classification__graphatlas_original__split0__seed0__e1f0f860b117,e1f0f860b117,0e672c999c335af7,atlas_het,node_classification,graphatlas_original,graphatlas,0,0,1,outputs\.work\runs\atlas_het\graphatlas_original\split-0\seed-0\config-e1f0f860,outputs\.work\runs\atlas_het\graphatlas_original\split-0\seed-0\config-e1f0f860\job_config.yaml
atlas_het__node_classification__graphatlas_original__split0__seed1__221d022b19bd,221d022b19bd,0e672c999c335af7,atlas_het,node_classification,graphatlas_original,graphatlas,1,0,1,outputs\.work\runs\atlas_het\graphatlas_original\split-0\seed-1\config-221d022b,outputs\.work\runs\atlas_het\graphatlas_original\split-0\seed-1\config-221d022b\job_config.yaml
atlas_het__node_classification__graphatlas_original__split0__seed2__3a2754ecdd85,3a2754ecdd85,0e672c999c335af7,atlas_het,node_classification,graphatlas_original,graphatlas,2,0,1,outputs\.work\runs\atlas_het\graphatlas_original\split-0\seed-2\config-3a2754ec,outputs\.work\runs\atlas_het\graphatlas_original\split-0\seed-2\config-3a2754ec\job_config.yaml
atlas_het__node_classification__graphatlas_free_transition__split0__seed0__f48ce6482c18,f48ce6482c18,0e672c999c335af7,atlas_het,node_classification,graphatlas_free_transition,graphatlas_free_transition,0,0,1,outputs\.work\runs\atlas_het\graphatlas_free_transition\split-0\seed-0\config-f48ce648,outputs\.work\runs\atlas_het\graphatlas_free_transition\split-0\seed-0\config-f48ce648\job_config.yaml
atlas_het__node_classification__graphatlas_free_transition__split0__seed1__b61976665d22,b61976665d22,0e672c999c335af7,atlas_het,node_classification,graphatlas_free_transition,graphatlas_free_transition,1,0,1,outputs\.work\runs\atlas_het\graphatlas_free_transition\split-0\seed-1\config-b6197666,outputs\.work\runs\atlas_het\graphatlas_free_transition\split-0\seed-1\config-b6197666\job_config.yaml
atlas_het__node_classification__graphatlas_free_transition__split0__seed2__1978d2bc9b91,1978d2bc9b91,0e672c999c335af7,atlas_het,node_classification,graphatlas_free_transition,graphatlas_free_transition,2,0,1,outputs\.work\runs\atlas_het\graphatlas_free_transition\split-0\seed-2\config-1978d2bc,outputs\.work\runs\atlas_het\graphatlas_free_transition\split-0\seed-2\config-1978d2bc\job_config.yaml
atlas_het__node_classification__graphatlas_no_transport__split0__seed0__3adf1dc42238,3adf1dc42238,0e672c999c335af7,atlas_het,node_classification,graphatlas_no_transport,graphatlas_no_transport,0,0,1,outputs\.work\runs\atlas_het\graphatlas_no_transport\split-0\seed-0\config-3adf1dc4,outputs\.work\runs\atlas_het\graphatlas_no_transport\split-0\seed-0\config-3adf1dc4\job_config.yaml
atlas_het__node_classification__graphatlas_no_transport__split0__seed1__918f5eaf64ed,918f5eaf64ed,0e672c999c335af7,atlas_het,node_classification,graphatlas_no_transport,graphatlas_no_transport,1,0,1,outputs\.work\runs\atlas_het\graphatlas_no_transport\split-0\seed-1\config-918f5eaf,outputs\.work\runs\atlas_het\graphatlas_no_transport\split-0\seed-1\config-918f5eaf\job_config.yaml
atlas_het__node_classification__graphatlas_no_transport__split0__seed2__1b21a7e5c001,1b21a7e5c001,0e672c999c335af7,atlas_het,node_classification,graphatlas_no_transport,graphatlas_no_transport,2,0,1,outputs\.work\runs\atlas_het\graphatlas_no_transport\split-0\seed-2\config-1b21a7e5,outputs\.work\runs\atlas_het\graphatlas_no_transport\split-0\seed-2\config-1b21a7e5\job_config.yaml
atlas_het__node_classification__graphatlas_c_oracle__split0__seed0__5244c7e9abd2,5244c7e9abd2,0e672c999c335af7,atlas_het,node_classification,graphatlas_c_oracle,graphatlas_certified,0,0,1,outputs\.work\runs\atlas_het\graphatlas_c_oracle\split-0\seed-0\config-5244c7e9,outputs\.work\runs\atlas_het\graphatlas_c_oracle\split-0\seed-0\config-5244c7e9\job_config.yaml
atlas_het__node_classification__graphatlas_c_oracle__split0__seed1__7f9e0f95412e,7f9e0f95412e,0e672c999c335af7,atlas_het,node_classification,graphatlas_c_oracle,graphatlas_certified,1,0,1,outputs\.work\runs\atlas_het\graphatlas_c_oracle\split-0\seed-1\config-7f9e0f95,outputs\.work\runs\atlas_het\graphatlas_c_oracle\split-0\seed-1\config-7f9e0f95\job_config.yaml
atlas_het__node_classification__graphatlas_c_oracle__split0__seed2__002baceb6fa1,002baceb6fa1,0e672c999c335af7,atlas_het,node_classification,graphatlas_c_oracle,graphatlas_certified,2,0,1,outputs\.work\runs\atlas_het\graphatlas_c_oracle\split-0\seed-2\config-002baceb,outputs\.work\runs\atlas_het\graphatlas_c_oracle\split-0\seed-2\config-002baceb\job_config.yaml
atlas_het__node_classification__graphatlas_c__split0__seed0__5a179870da20,5a179870da20,0e672c999c335af7,atlas_het,node_classification,graphatlas_c,graphatlas_certified,0,0,1,outputs\.work\runs\atlas_het\graphatlas_c\split-0\seed-0\config-5a179870,outputs\.work\runs\atlas_het\graphatlas_c\split-0\seed-0\config-5a179870\job_config.yaml
atlas_het__node_classification__graphatlas_c__split0__seed1__fa11648c033a,fa11648c033a,0e672c999c335af7,atlas_het,node_classification,graphatlas_c,graphatlas_certified,1,0,1,outputs\.work\runs\atlas_het\graphatlas_c\split-0\seed-1\config-fa11648c,outputs\.work\runs\atlas_het\graphatlas_c\split-0\seed-1\config-fa11648c\job_config.yaml
atlas_het__node_classification__graphatlas_c__split0__seed2__1067f2d87834,1067f2d87834,0e672c999c335af7,atlas_het,node_classification,graphatlas_c,graphatlas_certified,2,0,1,outputs\.work\runs\atlas_het\graphatlas_c\split-0\seed-2\config-1067f2d8,outputs\.work\runs\atlas_het\graphatlas_c\split-0\seed-2\config-1067f2d8\job_config.yaml
atlas_het__node_classification__graphatlas_original__split0__seed0__1341d47b28cc,1341d47b28cc,0e672c999c335af7,atlas_het,node_classification,graphatlas_original,graphatlas,0,0,1,outputs\.work\runs\atlas_het\graphatlas_original\split-0\seed-0\config-1341d47b,outputs\.work\runs\atlas_het\graphatlas_original\split-0\seed-0\config-1341d47b\job_config.yaml
atlas_het__node_classification__graphatlas_original__split0__seed1__087714bb6235,087714bb6235,0e672c999c335af7,atlas_het,node_classification,graphatlas_original,graphatlas,1,0,1,outputs\.work\runs\atlas_het\graphatlas_original\split-0\seed-1\config-087714bb,outputs\.work\runs\atlas_het\graphatlas_original\split-0\seed-1\config-087714bb\job_config.yaml
atlas_het__node_classification__graphatlas_original__split0__seed2__c56a486fa634,c56a486fa634,0e672c999c335af7,atlas_het,node_classification,graphatlas_original,graphatlas,2,0,1,outputs\.work\runs\atlas_het\graphatlas_original\split-0\seed-2\config-c56a486f,outputs\.work\runs\atlas_het\graphatlas_original\split-0\seed-2\config-c56a486f\job_config.yaml
atlas_het__node_classification__graphatlas_free_transition__split0__seed0__bce51090244d,bce51090244d,0e672c999c335af7,atlas_het,node_classification,graphatlas_free_transition,graphatlas_free_transition,0,0,1,outputs\.work\runs\atlas_het\graphatlas_free_transition\split-0\seed-0\config-bce51090,outputs\.work\runs\atlas_het\graphatlas_free_transition\split-0\seed-0\config-bce51090\job_config.yaml
atlas_het__node_classification__graphatlas_free_transition__split0__seed1__022d1407c786,022d1407c786,0e672c999c335af7,atlas_het,node_classification,graphatlas_free_transition,graphatlas_free_transition,1,0,1,outputs\.work\runs\atlas_het\graphatlas_free_transition\split-0\seed-1\config-022d1407,outputs\.work\runs\atlas_het\graphatlas_free_transition\split-0\seed-1\config-022d1407\job_config.yaml
atlas_het__node_classification__graphatlas_free_transition__split0__seed2__84e970917880,84e970917880,0e672c999c335af7,atlas_het,node_classification,graphatlas_free_transition,graphatlas_free_transition,2,0,1,outputs\.work\runs\atlas_het\graphatlas_free_transition\split-0\seed-2\config-84e97091,outputs\.work\runs\atlas_het\graphatlas_free_transition\split-0\seed-2\config-84e97091\job_config.yaml
atlas_het__node_classification__graphatlas_no_transport__split0__seed0__b93aa8a371c7,b93aa8a371c7,0e672c999c335af7,atlas_het,node_classification,graphatlas_no_transport,graphatlas_no_transport,0,0,1,outputs\.work\runs\atlas_het\graphatlas_no_transport\split-0\seed-0\config-b93aa8a3,outputs\.work\runs\atlas_het\graphatlas_no_transport\split-0\seed-0\config-b93aa8a3\job_config.yaml
atlas_het__node_classification__graphatlas_no_transport__split0__seed1__d12e6de168f1,d12e6de168f1,0e672c999c335af7,atlas_het,node_classification,graphatlas_no_transport,graphatlas_no_transport,1,0,1,outputs\.work\runs\atlas_het\graphatlas_no_transport\split-0\seed-1\config-d12e6de1,outputs\.work\runs\atlas_het\graphatlas_no_transport\split-0\seed-1\config-d12e6de1\job_config.yaml
atlas_het__node_classification__graphatlas_no_transport__split0__seed2__0cbf3c5faca3,0cbf3c5faca3,0e672c999c335af7,atlas_het,node_classification,graphatlas_no_transport,graphatlas_no_transport,2,0,1,outputs\.work\runs\atlas_het\graphatlas_no_transport\split-0\seed-2\config-0cbf3c5f,outputs\.work\runs\atlas_het\graphatlas_no_transport\split-0\seed-2\config-0cbf3c5f\job_config.yaml
atlas_het__node_classification__graphatlas_c_oracle__split0__seed0__df6ee66f8659,df6ee66f8659,0e672c999c335af7,atlas_het,node_classification,graphatlas_c_oracle,graphatlas_certified,0,0,1,outputs\.work\runs\atlas_het\graphatlas_c_oracle\split-0\seed-0\config-df6ee66f,outputs\.work\runs\atlas_het\graphatlas_c_oracle\split-0\seed-0\config-df6ee66f\job_config.yaml
atlas_het__node_classification__graphatlas_c_oracle__split0__seed1__13cc2cdd1b36,13cc2cdd1b36,0e672c999c335af7,atlas_het,node_classification,graphatlas_c_oracle,graphatlas_certified,1,0,1,outputs\.work\runs\atlas_het\graphatlas_c_oracle\split-0\seed-1\config-13cc2cdd,outputs\.work\runs\atlas_het\graphatlas_c_oracle\split-0\seed-1\config-13cc2cdd\job_config.yaml
atlas_het__node_classification__graphatlas_c_oracle__split0__seed2__887b0040137a,887b0040137a,0e672c999c335af7,atlas_het,node_classification,graphatlas_c_oracle,graphatlas_certified,2,0,1,outputs\.work\runs\atlas_het\graphatlas_c_oracle\split-0\seed-2\config-887b0040,outputs\.work\runs\atlas_het\graphatlas_c_oracle\split-0\seed-2\config-887b0040\job_config.yaml
atlas_het__node_classification__graphatlas_c__split0__seed0__b6b909d6e9a3,b6b909d6e9a3,0e672c999c335af7,atlas_het,node_classification,graphatlas_c,graphatlas_certified,0,0,1,outputs\.work\runs\atlas_het\graphatlas_c\split-0\seed-0\config-b6b909d6,outputs\.work\runs\atlas_het\graphatlas_c\split-0\seed-0\config-b6b909d6\job_config.yaml
atlas_het__node_classification__graphatlas_c__split0__seed1__3772f6d35c4a,3772f6d35c4a,0e672c999c335af7,atlas_het,node_classification,graphatlas_c,graphatlas_certified,1,0,1,outputs\.work\runs\atlas_het\graphatlas_c\split-0\seed-1\config-3772f6d3,outputs\.work\runs\atlas_het\graphatlas_c\split-0\seed-1\config-3772f6d3\job_config.yaml
atlas_het__node_classification__graphatlas_c__split0__seed2__7640e1f1fda1,7640e1f1fda1,0e672c999c335af7,atlas_het,node_classification,graphatlas_c,graphatlas_certified,2,0,1,outputs\.work\runs\atlas_het\graphatlas_c\split-0\seed-2\config-7640e1f1,outputs\.work\runs\atlas_het\graphatlas_c\split-0\seed-2\config-7640e1f1\job_config.yaml
atlas_het__node_classification__graphatlas_original__split0__seed0__1c6728efa59c,1c6728efa59c,0e672c999c335af7,atlas_het,node_classification,graphatlas_original,graphatlas,0,0,1,outputs\.work\runs\atlas_het\graphatlas_original\split-0\seed-0\config-1c6728ef,outputs\.work\runs\atlas_het\graphatlas_original\split-0\seed-0\config-1c6728ef\job_config.yaml
atlas_het__node_classification__graphatlas_original__split0__seed1__588c3ced67f2,588c3ced67f2,0e672c999c335af7,atlas_het,node_classification,graphatlas_original,graphatlas,1,0,1,outputs\.work\runs\atlas_het\graphatlas_original\split-0\seed-1\config-588c3ced,outputs\.work\runs\atlas_het\graphatlas_original\split-0\seed-1\config-588c3ced\job_config.yaml
atlas_het__node_classification__graphatlas_original__split0__seed2__d0bfd3f80804,d0bfd3f80804,0e672c999c335af7,atlas_het,node_classification,graphatlas_original,graphatlas,2,0,1,outputs\.work\runs\atlas_het\graphatlas_original\split-0\seed-2\config-d0bfd3f8,outputs\.work\runs\atlas_het\graphatlas_original\split-0\seed-2\config-d0bfd3f8\job_config.yaml
atlas_het__node_classification__graphatlas_free_transition__split0__seed0__b15fb6203150,b15fb6203150,0e672c999c335af7,atlas_het,node_classification,graphatlas_free_transition,graphatlas_free_transition,0,0,1,outputs\.work\runs\atlas_het\graphatlas_free_transition\split-0\seed-0\config-b15fb620,outputs\.work\runs\atlas_het\graphatlas_free_transition\split-0\seed-0\config-b15fb620\job_config.yaml
atlas_het__node_classification__graphatlas_free_transition__split0__seed1__c96c52cb27c2,c96c52cb27c2,0e672c999c335af7,atlas_het,node_classification,graphatlas_free_transition,graphatlas_free_transition,1,0,1,outputs\.work\runs\atlas_het\graphatlas_free_transition\split-0\seed-1\config-c96c52cb,outputs\.work\runs\atlas_het\graphatlas_free_transition\split-0\seed-1\config-c96c52cb\job_config.yaml
atlas_het__node_classification__graphatlas_free_transition__split0__seed2__ef2786867fbf,ef2786867fbf,0e672c999c335af7,atlas_het,node_classification,graphatlas_free_transition,graphatlas_free_transition,2,0,1,outputs\.work\runs\atlas_het\graphatlas_free_transition\split-0\seed-2\config-ef278686,outputs\.work\runs\atlas_het\graphatlas_free_transition\split-0\seed-2\config-ef278686\job_config.yaml
atlas_het__node_classification__graphatlas_no_transport__split0__seed0__07f73aa97a77,07f73aa97a77,0e672c999c335af7,atlas_het,node_classification,graphatlas_no_transport,graphatlas_no_transport,0,0,1,outputs\.work\runs\atlas_het\graphatlas_no_transport\split-0\seed-0\config-07f73aa9,outputs\.work\runs\atlas_het\graphatlas_no_transport\split-0\seed-0\config-07f73aa9\job_config.yaml
atlas_het__node_classification__graphatlas_no_transport__split0__seed1__b080df7f0672,b080df7f0672,0e672c999c335af7,atlas_het,node_classification,graphatlas_no_transport,graphatlas_no_transport,1,0,1,outputs\.work\runs\atlas_het\graphatlas_no_transport\split-0\seed-1\config-b080df7f,outputs\.work\runs\atlas_het\graphatlas_no_transport\split-0\seed-1\config-b080df7f\job_config.yaml
atlas_het__node_classification__graphatlas_no_transport__split0__seed2__3fd1817072c8,3fd1817072c8,0e672c999c335af7,atlas_het,node_classification,graphatlas_no_transport,graphatlas_no_transport,2,0,1,outputs\.work\runs\atlas_het\graphatlas_no_transport\split-0\seed-2\config-3fd18170,outputs\.work\runs\atlas_het\graphatlas_no_transport\split-0\seed-2\config-3fd18170\job_config.yaml
atlas_het__node_classification__graphatlas_c_oracle__split0__seed0__41681d33bc3c,41681d33bc3c,0e672c999c335af7,atlas_het,node_classification,graphatlas_c_oracle,graphatlas_certified,0,0,1,outputs\.work\runs\atlas_het\graphatlas_c_oracle\split-0\seed-0\config-41681d33,outputs\.work\runs\atlas_het\graphatlas_c_oracle\split-0\seed-0\config-41681d33\job_config.yaml
atlas_het__node_classification__graphatlas_c_oracle__split0__seed1__7d6b29e9e4b5,7d6b29e9e4b5,0e672c999c335af7,atlas_het,node_classification,graphatlas_c_oracle,graphatlas_certified,1,0,1,outputs\.work\runs\atlas_het\graphatlas_c_oracle\split-0\seed-1\config-7d6b29e9,outputs\.work\runs\atlas_het\graphatlas_c_oracle\split-0\seed-1\config-7d6b29e9\job_config.yaml
atlas_het__node_classification__graphatlas_c_oracle__split0__seed2__cbb7a5b972f2,cbb7a5b972f2,0e672c999c335af7,atlas_het,node_classification,graphatlas_c_oracle,graphatlas_certified,2,0,1,outputs\.work\runs\atlas_het\graphatlas_c_oracle\split-0\seed-2\config-cbb7a5b9,outputs\.work\runs\atlas_het\graphatlas_c_oracle\split-0\seed-2\config-cbb7a5b9\job_config.yaml
atlas_het__node_classification__graphatlas_c__split0__seed0__d5e6536e5dee,d5e6536e5dee,0e672c999c335af7,atlas_het,node_classification,graphatlas_c,graphatlas_certified,0,0,1,outputs\.work\runs\atlas_het\graphatlas_c\split-0\seed-0\config-d5e6536e,outputs\.work\runs\atlas_het\graphatlas_c\split-0\seed-0\config-d5e6536e\job_config.yaml
atlas_het__node_classification__graphatlas_c__split0__seed1__348df593526b,348df593526b,0e672c999c335af7,atlas_het,node_classification,graphatlas_c,graphatlas_certified,1,0,1,outputs\.work\runs\atlas_het\graphatlas_c\split-0\seed-1\config-348df593,outputs\.work\runs\atlas_het\graphatlas_c\split-0\seed-1\config-348df593\job_config.yaml
atlas_het__node_classification__graphatlas_c__split0__seed2__9a75f0cad198,9a75f0cad198,0e672c999c335af7,atlas_het,node_classification,graphatlas_c,graphatlas_certified,2,0,1,outputs\.work\runs\atlas_het\graphatlas_c\split-0\seed-2\config-9a75f0ca,outputs\.work\runs\atlas_het\graphatlas_c\split-0\seed-2\config-9a75f0ca\job_config.yaml
atlas_het__node_classification__graphatlas_original__split0__seed0__7fc61f876ed6,7fc61f876ed6,0e672c999c335af7,atlas_het,node_classification,graphatlas_original,graphatlas,0,0,1,outputs\.work\runs\atlas_het\graphatlas_original\split-0\seed-0\config-7fc61f87,outputs\.work\runs\atlas_het\graphatlas_original\split-0\seed-0\config-7fc61f87\job_config.yaml
atlas_het__node_classification__graphatlas_original__split0__seed1__e1bb16df9b14,e1bb16df9b14,0e672c999c335af7,atlas_het,node_classification,graphatlas_original,graphatlas,1,0,1,outputs\.work\runs\atlas_het\graphatlas_original\split-0\seed-1\config-e1bb16df,outputs\.work\runs\atlas_het\graphatlas_original\split-0\seed-1\config-e1bb16df\job_config.yaml
atlas_het__node_classification__graphatlas_original__split0__seed2__df296d4d48e8,df296d4d48e8,0e672c999c335af7,atlas_het,node_classification,graphatlas_original,graphatlas,2,0,1,outputs\.work\runs\atlas_het\graphatlas_original\split-0\seed-2\config-df296d4d,outputs\.work\runs\atlas_het\graphatlas_original\split-0\seed-2\config-df296d4d\job_config.yaml
atlas_het__node_classification__graphatlas_free_transition__split0__seed0__bf7ebedebdc2,bf7ebedebdc2,0e672c999c335af7,atlas_het,node_classification,graphatlas_free_transition,graphatlas_free_transition,0,0,1,outputs\.work\runs\atlas_het\graphatlas_free_transition\split-0\seed-0\config-bf7ebede,outputs\.work\runs\atlas_het\graphatlas_free_transition\split-0\seed-0\config-bf7ebede\job_config.yaml
atlas_het__node_classification__graphatlas_free_transition__split0__seed1__42ca2af1e197,42ca2af1e197,0e672c999c335af7,atlas_het,node_classification,graphatlas_free_transition,graphatlas_free_transition,1,0,1,outputs\.work\runs\atlas_het\graphatlas_free_transition\split-0\seed-1\config-42ca2af1,outputs\.work\runs\atlas_het\graphatlas_free_transition\split-0\seed-1\config-42ca2af1\job_config.yaml
atlas_het__node_classification__graphatlas_free_transition__split0__seed2__3cd564ee4cda,3cd564ee4cda,0e672c999c335af7,atlas_het,node_classification,graphatlas_free_transition,graphatlas_free_transition,2,0,1,outputs\.work\runs\atlas_het\graphatlas_free_transition\split-0\seed-2\config-3cd564ee,outputs\.work\runs\atlas_het\graphatlas_free_transition\split-0\seed-2\config-3cd564ee\job_config.yaml
atlas_het__node_classification__graphatlas_no_transport__split0__seed0__7b18f71b7c52,7b18f71b7c52,0e672c999c335af7,atlas_het,node_classification,graphatlas_no_transport,graphatlas_no_transport,0,0,1,outputs\.work\runs\atlas_het\graphatlas_no_transport\split-0\seed-0\config-7b18f71b,outputs\.work\runs\atlas_het\graphatlas_no_transport\split-0\seed-0\config-7b18f71b\job_config.yaml
atlas_het__node_classification__graphatlas_no_transport__split0__seed1__91945d4d59f2,91945d4d59f2,0e672c999c335af7,atlas_het,node_classification,graphatlas_no_transport,graphatlas_no_transport,1,0,1,outputs\.work\runs\atlas_het\graphatlas_no_transport\split-0\seed-1\config-91945d4d,outputs\.work\runs\atlas_het\graphatlas_no_transport\split-0\seed-1\config-91945d4d\job_config.yaml
atlas_het__node_classification__graphatlas_no_transport__split0__seed2__6146e864d2b6,6146e864d2b6,0e672c999c335af7,atlas_het,node_classification,graphatlas_no_transport,graphatlas_no_transport,2,0,1,outputs\.work\runs\atlas_het\graphatlas_no_transport\split-0\seed-2\config-6146e864,outputs\.work\runs\atlas_het\graphatlas_no_transport\split-0\seed-2\config-6146e864\job_config.yaml
atlas_het__node_classification__graphatlas_c_oracle__split0__seed0__778e4ef64aad,778e4ef64aad,0e672c999c335af7,atlas_het,node_classification,graphatlas_c_oracle,graphatlas_certified,0,0,1,outputs\.work\runs\atlas_het\graphatlas_c_oracle\split-0\seed-0\config-778e4ef6,outputs\.work\runs\atlas_het\graphatlas_c_oracle\split-0\seed-0\config-778e4ef6\job_config.yaml
atlas_het__node_classification__graphatlas_c_oracle__split0__seed1__e50a6aae2d0e,e50a6aae2d0e,0e672c999c335af7,atlas_het,node_classification,graphatlas_c_oracle,graphatlas_certified,1,0,1,outputs\.work\runs\atlas_het\graphatlas_c_oracle\split-0\seed-1\config-e50a6aae,outputs\.work\runs\atlas_het\graphatlas_c_oracle\split-0\seed-1\config-e50a6aae\job_config.yaml
atlas_het__node_classification__graphatlas_c_oracle__split0__seed2__5d03c20a38b2,5d03c20a38b2,0e672c999c335af7,atlas_het,node_classification,graphatlas_c_oracle,graphatlas_certified,2,0,1,outputs\.work\runs\atlas_het\graphatlas_c_oracle\split-0\seed-2\config-5d03c20a,outputs\.work\runs\atlas_het\graphatlas_c_oracle\split-0\seed-2\config-5d03c20a\job_config.yaml
atlas_het__node_classification__graphatlas_c__split0__seed0__64dd4e9cee0d,64dd4e9cee0d,0e672c999c335af7,atlas_het,node_classification,graphatlas_c,graphatlas_certified,0,0,1,outputs\.work\runs\atlas_het\graphatlas_c\split-0\seed-0\config-64dd4e9c,outputs\.work\runs\atlas_het\graphatlas_c\split-0\seed-0\config-64dd4e9c\job_config.yaml
atlas_het__node_classification__graphatlas_c__split0__seed1__4931e5334efb,4931e5334efb,0e672c999c335af7,atlas_het,node_classification,graphatlas_c,graphatlas_certified,1,0,1,outputs\.work\runs\atlas_het\graphatlas_c\split-0\seed-1\config-4931e533,outputs\.work\runs\atlas_het\graphatlas_c\split-0\seed-1\config-4931e533\job_config.yaml
atlas_het__node_classification__graphatlas_c__split0__seed2__c10dc16db5a6,c10dc16db5a6,0e672c999c335af7,atlas_het,node_classification,graphatlas_c,graphatlas_certified,2,0,1,outputs\.work\runs\atlas_het\graphatlas_c\split-0\seed-2\config-c10dc16d,outputs\.work\runs\atlas_het\graphatlas_c\split-0\seed-2\config-c10dc16d\job_config.yaml
atlas_het__node_classification__graphatlas_original__split0__seed0__a95163c2b751,a95163c2b751,0e672c999c335af7,atlas_het,node_classification,graphatlas_original,graphatlas,0,0,1,outputs\.work\runs\atlas_het\graphatlas_original\split-0\seed-0\config-a95163c2,outputs\.work\runs\atlas_het\graphatlas_original\split-0\seed-0\config-a95163c2\job_config.yaml
atlas_het__node_classification__graphatlas_original__split0__seed1__010226bf5a63,010226bf5a63,0e672c999c335af7,atlas_het,node_classification,graphatlas_original,graphatlas,1,0,1,outputs\.work\runs\atlas_het\graphatlas_original\split-0\seed-1\config-010226bf,outputs\.work\runs\atlas_het\graphatlas_original\split-0\seed-1\config-010226bf\job_config.yaml
atlas_het__node_classification__graphatlas_original__split0__seed2__e730d05e6000,e730d05e6000,0e672c999c335af7,atlas_het,node_classification,graphatlas_original,graphatlas,2,0,1,outputs\.work\runs\atlas_het\graphatlas_original\split-0\seed-2\config-e730d05e,outputs\.work\runs\atlas_het\graphatlas_original\split-0\seed-2\config-e730d05e\job_config.yaml
atlas_het__node_classification__graphatlas_free_transition__split0__seed0__20f219381572,20f219381572,0e672c999c335af7,atlas_het,node_classification,graphatlas_free_transition,graphatlas_free_transition,0,0,1,outputs\.work\runs\atlas_het\graphatlas_free_transition\split-0\seed-0\config-20f21938,outputs\.work\runs\atlas_het\graphatlas_free_transition\split-0\seed-0\config-20f21938\job_config.yaml
atlas_het__node_classification__graphatlas_free_transition__split0__seed1__b1877cfa4704,b1877cfa4704,0e672c999c335af7,atlas_het,node_classification,graphatlas_free_transition,graphatlas_free_transition,1,0,1,outputs\.work\runs\atlas_het\graphatlas_free_transition\split-0\seed-1\config-b1877cfa,outputs\.work\runs\atlas_het\graphatlas_free_transition\split-0\seed-1\config-b1877cfa\job_config.yaml
atlas_het__node_classification__graphatlas_free_transition__split0__seed2__1b5e8889f6d1,1b5e8889f6d1,0e672c999c335af7,atlas_het,node_classification,graphatlas_free_transition,graphatlas_free_transition,2,0,1,outputs\.work\runs\atlas_het\graphatlas_free_transition\split-0\seed-2\config-1b5e8889,outputs\.work\runs\atlas_het\graphatlas_free_transition\split-0\seed-2\config-1b5e8889\job_config.yaml
atlas_het__node_classification__graphatlas_no_transport__split0__seed0__b6051fe62638,b6051fe62638,0e672c999c335af7,atlas_het,node_classification,graphatlas_no_transport,graphatlas_no_transport,0,0,1,outputs\.work\runs\atlas_het\graphatlas_no_transport\split-0\seed-0\config-b6051fe6,outputs\.work\runs\atlas_het\graphatlas_no_transport\split-0\seed-0\config-b6051fe6\job_config.yaml
atlas_het__node_classification__graphatlas_no_transport__split0__seed1__0b453a118721,0b453a118721,0e672c999c335af7,atlas_het,node_classification,graphatlas_no_transport,graphatlas_no_transport,1,0,1,outputs\.work\runs\atlas_het\graphatlas_no_transport\split-0\seed-1\config-0b453a11,outputs\.work\runs\atlas_het\graphatlas_no_transport\split-0\seed-1\config-0b453a11\job_config.yaml
atlas_het__node_classification__graphatlas_no_transport__split0__seed2__dacf64ead8e1,dacf64ead8e1,0e672c999c335af7,atlas_het,node_classification,graphatlas_no_transport,graphatlas_no_transport,2,0,1,outputs\.work\runs\atlas_het\graphatlas_no_transport\split-0\seed-2\config-dacf64ea,outputs\.work\runs\atlas_het\graphatlas_no_transport\split-0\seed-2\config-dacf64ea\job_config.yaml
atlas_het__node_classification__graphatlas_c_oracle__split0__seed0__312ce8ed5d36,312ce8ed5d36,0e672c999c335af7,atlas_het,node_classification,graphatlas_c_oracle,graphatlas_certified,0,0,1,outputs\.work\runs\atlas_het\graphatlas_c_oracle\split-0\seed-0\config-312ce8ed,outputs\.work\runs\atlas_het\graphatlas_c_oracle\split-0\seed-0\config-312ce8ed\job_config.yaml
atlas_het__node_classification__graphatlas_c_oracle__split0__seed1__3251aa17b791,3251aa17b791,0e672c999c335af7,atlas_het,node_classification,graphatlas_c_oracle,graphatlas_certified,1,0,1,outputs\.work\runs\atlas_het\graphatlas_c_oracle\split-0\seed-1\config-3251aa17,outputs\.work\runs\atlas_het\graphatlas_c_oracle\split-0\seed-1\config-3251aa17\job_config.yaml
atlas_het__node_classification__graphatlas_c_oracle__split0__seed2__0fcb60b0a99c,0fcb60b0a99c,0e672c999c335af7,atlas_het,node_classification,graphatlas_c_oracle,graphatlas_certified,2,0,1,outputs\.work\runs\atlas_het\graphatlas_c_oracle\split-0\seed-2\config-0fcb60b0,outputs\.work\runs\atlas_het\graphatlas_c_oracle\split-0\seed-2\config-0fcb60b0\job_config.yaml
atlas_het__node_classification__graphatlas_c__split0__seed0__d1daec982dc0,d1daec982dc0,0e672c999c335af7,atlas_het,node_classification,graphatlas_c,graphatlas_certified,0,0,1,outputs\.work\runs\atlas_het\graphatlas_c\split-0\seed-0\config-d1daec98,outputs\.work\runs\atlas_het\graphatlas_c\split-0\seed-0\config-d1daec98\job_config.yaml
atlas_het__node_classification__graphatlas_c__split0__seed1__881f7f07d74a,881f7f07d74a,0e672c999c335af7,atlas_het,node_classification,graphatlas_c,graphatlas_certified,1,0,1,outputs\.work\runs\atlas_het\graphatlas_c\split-0\seed-1\config-881f7f07,outputs\.work\runs\atlas_het\graphatlas_c\split-0\seed-1\config-881f7f07\job_config.yaml
atlas_het__node_classification__graphatlas_c__split0__seed2__0d6e2ffa117e,0d6e2ffa117e,0e672c999c335af7,atlas_het,node_classification,graphatlas_c,graphatlas_certified,2,0,1,outputs\.work\runs\atlas_het\graphatlas_c\split-0\seed-2\config-0d6e2ffa,outputs\.work\runs\atlas_het\graphatlas_c\split-0\seed-2\config-0d6e2ffa\job_config.yaml
atlas_het__node_classification__graphatlas_original__split0__seed0__9d9a7b02fc7b,9d9a7b02fc7b,0e672c999c335af7,atlas_het,node_classification,graphatlas_original,graphatlas,0,0,1,outputs\.work\runs\atlas_het\graphatlas_original\split-0\seed-0\config-9d9a7b02,outputs\.work\runs\atlas_het\graphatlas_original\split-0\seed-0\config-9d9a7b02\job_config.yaml
atlas_het__node_classification__graphatlas_original__split0__seed1__caa4cb7ef256,caa4cb7ef256,0e672c999c335af7,atlas_het,node_classification,graphatlas_original,graphatlas,1,0,1,outputs\.work\runs\atlas_het\graphatlas_original\split-0\seed-1\config-caa4cb7e,outputs\.work\runs\atlas_het\graphatlas_original\split-0\seed-1\config-caa4cb7e\job_config.yaml
atlas_het__node_classification__graphatlas_original__split0__seed2__405c93e8414f,405c93e8414f,0e672c999c335af7,atlas_het,node_classification,graphatlas_original,graphatlas,2,0,1,outputs\.work\runs\atlas_het\graphatlas_original\split-0\seed-2\config-405c93e8,outputs\.work\runs\atlas_het\graphatlas_original\split-0\seed-2\config-405c93e8\job_config.yaml
atlas_het__node_classification__graphatlas_free_transition__split0__seed0__57dfd878f1ce,57dfd878f1ce,0e672c999c335af7,atlas_het,node_classification,graphatlas_free_transition,graphatlas_free_transition,0,0,1,outputs\.work\runs\atlas_het\graphatlas_free_transition\split-0\seed-0\config-57dfd878,outputs\.work\runs\atlas_het\graphatlas_free_transition\split-0\seed-0\config-57dfd878\job_config.yaml
atlas_het__node_classification__graphatlas_free_transition__split0__seed1__f9a3c93f26ad,f9a3c93f26ad,0e672c999c335af7,atlas_het,node_classification,graphatlas_free_transition,graphatlas_free_transition,1,0,1,outputs\.work\runs\atlas_het\graphatlas_free_transition\split-0\seed-1\config-f9a3c93f,outputs\.work\runs\atlas_het\graphatlas_free_transition\split-0\seed-1\config-f9a3c93f\job_config.yaml
atlas_het__node_classification__graphatlas_free_transition__split0__seed2__17247cb1ec38,17247cb1ec38,0e672c999c335af7,atlas_het,node_classification,graphatlas_free_transition,graphatlas_free_transition,2,0,1,outputs\.work\runs\atlas_het\graphatlas_free_transition\split-0\seed-2\config-17247cb1,outputs\.work\runs\atlas_het\graphatlas_free_transition\split-0\seed-2\config-17247cb1\job_config.yaml
atlas_het__node_classification__graphatlas_no_transport__split0__seed0__54cec15b0ede,54cec15b0ede,0e672c999c335af7,atlas_het,node_classification,graphatlas_no_transport,graphatlas_no_transport,0,0,1,outputs\.work\runs\atlas_het\graphatlas_no_transport\split-0\seed-0\config-54cec15b,outputs\.work\runs\atlas_het\graphatlas_no_transport\split-0\seed-0\config-54cec15b\job_config.yaml
atlas_het__node_classification__graphatlas_no_transport__split0__seed1__25c37dca97dd,25c37dca97dd,0e672c999c335af7,atlas_het,node_classification,graphatlas_no_transport,graphatlas_no_transport,1,0,1,outputs\.work\runs\atlas_het\graphatlas_no_transport\split-0\seed-1\config-25c37dca,outputs\.work\runs\atlas_het\graphatlas_no_transport\split-0\seed-1\config-25c37dca\job_config.yaml
atlas_het__node_classification__graphatlas_no_transport__split0__seed2__7e0a0ce59b25,7e0a0ce59b25,0e672c999c335af7,atlas_het,node_classification,graphatlas_no_transport,graphatlas_no_transport,2,0,1,outputs\.work\runs\atlas_het\graphatlas_no_transport\split-0\seed-2\config-7e0a0ce5,outputs\.work\runs\atlas_het\graphatlas_no_transport\split-0\seed-2\config-7e0a0ce5\job_config.yaml
atlas_het__node_classification__graphatlas_c_oracle__split0__seed0__dd3070ef3350,dd3070ef3350,0e672c999c335af7,atlas_het,node_classification,graphatlas_c_oracle,graphatlas_certified,0,0,1,outputs\.work\runs\atlas_het\graphatlas_c_oracle\split-0\seed-0\config-dd3070ef,outputs\.work\runs\atlas_het\graphatlas_c_oracle\split-0\seed-0\config-dd3070ef\job_config.yaml
atlas_het__node_classification__graphatlas_c_oracle__split0__seed1__dbae8a0f0f35,dbae8a0f0f35,0e672c999c335af7,atlas_het,node_classification,graphatlas_c_oracle,graphatlas_certified,1,0,1,outputs\.work\runs\atlas_het\graphatlas_c_oracle\split-0\seed-1\config-dbae8a0f,outputs\.work\runs\atlas_het\graphatlas_c_oracle\split-0\seed-1\config-dbae8a0f\job_config.yaml
atlas_het__node_classification__graphatlas_c_oracle__split0__seed2__aead866b0f64,aead866b0f64,0e672c999c335af7,atlas_het,node_classification,graphatlas_c_oracle,graphatlas_certified,2,0,1,outputs\.work\runs\atlas_het\graphatlas_c_oracle\split-0\seed-2\config-aead866b,outputs\.work\runs\atlas_het\graphatlas_c_oracle\split-0\seed-2\config-aead866b\job_config.yaml
atlas_het__node_classification__graphatlas_c__split0__seed0__d1090605ae35,d1090605ae35,0e672c999c335af7,atlas_het,node_classification,graphatlas_c,graphatlas_certified,0,0,1,outputs\.work\runs\atlas_het\graphatlas_c\split-0\seed-0\config-d1090605,outputs\.work\runs\atlas_het\graphatlas_c\split-0\seed-0\config-d1090605\job_config.yaml
atlas_het__node_classification__graphatlas_c__split0__seed1__6483d96bc0aa,6483d96bc0aa,0e672c999c335af7,atlas_het,node_classification,graphatlas_c,graphatlas_certified,1,0,1,outputs\.work\runs\atlas_het\graphatlas_c\split-0\seed-1\config-6483d96b,outputs\.work\runs\atlas_het\graphatlas_c\split-0\seed-1\config-6483d96b\job_config.yaml
atlas_het__node_classification__graphatlas_c__split0__seed2__c0d5718f04d0,c0d5718f04d0,0e672c999c335af7,atlas_het,node_classification,graphatlas_c,graphatlas_certified,2,0,1,outputs\.work\runs\atlas_het\graphatlas_c\split-0\seed-2\config-c0d5718f,outputs\.work\runs\atlas_het\graphatlas_c\split-0\seed-2\config-c0d5718f\job_config.yaml
atlas_het__node_classification__graphatlas_original__split0__seed0__26b2b49b1376,26b2b49b1376,0e672c999c335af7,atlas_het,node_classification,graphatlas_original,graphatlas,0,0,1,outputs\.work\runs\atlas_het\graphatlas_original\split-0\seed-0\config-26b2b49b,outputs\.work\runs\atlas_het\graphatlas_original\split-0\seed-0\config-26b2b49b\job_config.yaml
atlas_het__node_classification__graphatlas_original__split0__seed1__119f5d70bc76,119f5d70bc76,0e672c999c335af7,atlas_het,node_classification,graphatlas_original,graphatlas,1,0,1,outputs\.work\runs\atlas_het\graphatlas_original\split-0\seed-1\config-119f5d70,outputs\.work\runs\atlas_het\graphatlas_original\split-0\seed-1\config-119f5d70\job_config.yaml
atlas_het__node_classification__graphatlas_original__split0__seed2__50c465cb9779,50c465cb9779,0e672c999c335af7,atlas_het,node_classification,graphatlas_original,graphatlas,2,0,1,outputs\.work\runs\atlas_het\graphatlas_original\split-0\seed-2\config-50c465cb,outputs\.work\runs\atlas_het\graphatlas_original\split-0\seed-2\config-50c465cb\job_config.yaml
atlas_het__node_classification__graphatlas_free_transition__split0__seed0__6955d915c3f5,6955d915c3f5,0e672c999c335af7,atlas_het,node_classification,graphatlas_free_transition,graphatlas_free_transition,0,0,1,outputs\.work\runs\atlas_het\graphatlas_free_transition\split-0\seed-0\config-6955d915,outputs\.work\runs\atlas_het\graphatlas_free_transition\split-0\seed-0\config-6955d915\job_config.yaml
atlas_het__node_classification__graphatlas_free_transition__split0__seed1__5a8684e825b8,5a8684e825b8,0e672c999c335af7,atlas_het,node_classification,graphatlas_free_transition,graphatlas_free_transition,1,0,1,outputs\.work\runs\atlas_het\graphatlas_free_transition\split-0\seed-1\config-5a8684e8,outputs\.work\runs\atlas_het\graphatlas_free_transition\split-0\seed-1\config-5a8684e8\job_config.yaml
atlas_het__node_classification__graphatlas_free_transition__split0__seed2__7e0556d97547,7e0556d97547,0e672c999c335af7,atlas_het,node_classification,graphatlas_free_transition,graphatlas_free_transition,2,0,1,outputs\.work\runs\atlas_het\graphatlas_free_transition\split-0\seed-2\config-7e0556d9,outputs\.work\runs\atlas_het\graphatlas_free_transition\split-0\seed-2\config-7e0556d9\job_config.yaml
atlas_het__node_classification__graphatlas_no_transport__split0__seed0__1479aa8d704e,1479aa8d704e,0e672c999c335af7,atlas_het,node_classification,graphatlas_no_transport,graphatlas_no_transport,0,0,1,outputs\.work\runs\atlas_het\graphatlas_no_transport\split-0\seed-0\config-1479aa8d,outputs\.work\runs\atlas_het\graphatlas_no_transport\split-0\seed-0\config-1479aa8d\job_config.yaml
atlas_het__node_classification__graphatlas_no_transport__split0__seed1__3858d2f44c28,3858d2f44c28,0e672c999c335af7,atlas_het,node_classification,graphatlas_no_transport,graphatlas_no_transport,1,0,1,outputs\.work\runs\atlas_het\graphatlas_no_transport\split-0\seed-1\config-3858d2f4,outputs\.work\runs\atlas_het\graphatlas_no_transport\split-0\seed-1\config-3858d2f4\job_config.yaml
atlas_het__node_classification__graphatlas_no_transport__split0__seed2__868f63fe1bc2,868f63fe1bc2,0e672c999c335af7,atlas_het,node_classification,graphatlas_no_transport,graphatlas_no_transport,2,0,1,outputs\.work\runs\atlas_het\graphatlas_no_transport\split-0\seed-2\config-868f63fe,outputs\.work\runs\atlas_het\graphatlas_no_transport\split-0\seed-2\config-868f63fe\job_config.yaml
atlas_het__node_classification__graphatlas_c_oracle__split0__seed0__a2c7d50ea650,a2c7d50ea650,0e672c999c335af7,atlas_het,node_classification,graphatlas_c_oracle,graphatlas_certified,0,0,1,outputs\.work\runs\atlas_het\graphatlas_c_oracle\split-0\seed-0\config-a2c7d50e,outputs\.work\runs\atlas_het\graphatlas_c_oracle\split-0\seed-0\config-a2c7d50e\job_config.yaml
atlas_het__node_classification__graphatlas_c_oracle__split0__seed1__14f512570362,14f512570362,0e672c999c335af7,atlas_het,node_classification,graphatlas_c_oracle,graphatlas_certified,1,0,1,outputs\.work\runs\atlas_het\graphatlas_c_oracle\split-0\seed-1\config-14f51257,outputs\.work\runs\atlas_het\graphatlas_c_oracle\split-0\seed-1\config-14f51257\job_config.yaml
atlas_het__node_classification__graphatlas_c_oracle__split0__seed2__63d2a97e4e2b,63d2a97e4e2b,0e672c999c335af7,atlas_het,node_classification,graphatlas_c_oracle,graphatlas_certified,2,0,1,outputs\.work\runs\atlas_het\graphatlas_c_oracle\split-0\seed-2\config-63d2a97e,outputs\.work\runs\atlas_het\graphatlas_c_oracle\split-0\seed-2\config-63d2a97e\job_config.yaml
atlas_het__node_classification__graphatlas_c__split0__seed0__9fb2b2b8d242,9fb2b2b8d242,0e672c999c335af7,atlas_het,node_classification,graphatlas_c,graphatlas_certified,0,0,1,outputs\.work\runs\atlas_het\graphatlas_c\split-0\seed-0\config-9fb2b2b8,outputs\.work\runs\atlas_het\graphatlas_c\split-0\seed-0\config-9fb2b2b8\job_config.yaml
atlas_het__node_classification__graphatlas_c__split0__seed1__e99985315291,e99985315291,0e672c999c335af7,atlas_het,node_classification,graphatlas_c,graphatlas_certified,1,0,1,outputs\.work\runs\atlas_het\graphatlas_c\split-0\seed-1\config-e9998531,outputs\.work\runs\atlas_het\graphatlas_c\split-0\seed-1\config-e9998531\job_config.yaml
atlas_het__node_classification__graphatlas_c__split0__seed2__cf6f29b4c4c2,cf6f29b4c4c2,0e672c999c335af7,atlas_het,node_classification,graphatlas_c,graphatlas_certified,2,0,1,outputs\.work\runs\atlas_het\graphatlas_c\split-0\seed-2\config-cf6f29b4,outputs\.work\runs\atlas_het\graphatlas_c\split-0\seed-2\config-cf6f29b4\job_config.yaml
atlas_het__node_classification__graphatlas_original__split0__seed0__a91e88855929,a91e88855929,0e672c999c335af7,atlas_het,node_classification,graphatlas_original,graphatlas,0,0,1,outputs\.work\runs\atlas_het\graphatlas_original\split-0\seed-0\config-a91e8885,outputs\.work\runs\atlas_het\graphatlas_original\split-0\seed-0\config-a91e8885\job_config.yaml
atlas_het__node_classification__graphatlas_original__split0__seed1__fe503a492b55,fe503a492b55,0e672c999c335af7,atlas_het,node_classification,graphatlas_original,graphatlas,1,0,1,outputs\.work\runs\atlas_het\graphatlas_original\split-0\seed-1\config-fe503a49,outputs\.work\runs\atlas_het\graphatlas_original\split-0\seed-1\config-fe503a49\job_config.yaml
atlas_het__node_classification__graphatlas_original__split0__seed2__d96350745dec,d96350745dec,0e672c999c335af7,atlas_het,node_classification,graphatlas_original,graphatlas,2,0,1,outputs\.work\runs\atlas_het\graphatlas_original\split-0\seed-2\config-d9635074,outputs\.work\runs\atlas_het\graphatlas_original\split-0\seed-2\config-d9635074\job_config.yaml
atlas_het__node_classification__graphatlas_free_transition__split0__seed0__1c40e2f2f56a,1c40e2f2f56a,0e672c999c335af7,atlas_het,node_classification,graphatlas_free_transition,graphatlas_free_transition,0,0,1,outputs\.work\runs\atlas_het\graphatlas_free_transition\split-0\seed-0\config-1c40e2f2,outputs\.work\runs\atlas_het\graphatlas_free_transition\split-0\seed-0\config-1c40e2f2\job_config.yaml
atlas_het__node_classification__graphatlas_free_transition__split0__seed1__6c7a8e18ff25,6c7a8e18ff25,0e672c999c335af7,atlas_het,node_classification,graphatlas_free_transition,graphatlas_free_transition,1,0,1,outputs\.work\runs\atlas_het\graphatlas_free_transition\split-0\seed-1\config-6c7a8e18,outputs\.work\runs\atlas_het\graphatlas_free_transition\split-0\seed-1\config-6c7a8e18\job_config.yaml
atlas_het__node_classification__graphatlas_free_transition__split0__seed2__54df76908067,54df76908067,0e672c999c335af7,atlas_het,node_classification,graphatlas_free_transition,graphatlas_free_transition,2,0,1,outputs\.work\runs\atlas_het\graphatlas_free_transition\split-0\seed-2\config-54df7690,outputs\.work\runs\atlas_het\graphatlas_free_transition\split-0\seed-2\config-54df7690\job_config.yaml
atlas_het__node_classification__graphatlas_no_transport__split0__seed0__c63074f47bab,c63074f47bab,0e672c999c335af7,atlas_het,node_classification,graphatlas_no_transport,graphatlas_no_transport,0,0,1,outputs\.work\runs\atlas_het\graphatlas_no_transport\split-0\seed-0\config-c63074f4,outputs\.work\runs\atlas_het\graphatlas_no_transport\split-0\seed-0\config-c63074f4\job_config.yaml
atlas_het__node_classification__graphatlas_no_transport__split0__seed1__3e7b31551653,3e7b31551653,0e672c999c335af7,atlas_het,node_classification,graphatlas_no_transport,graphatlas_no_transport,1,0,1,outputs\.work\runs\atlas_het\graphatlas_no_transport\split-0\seed-1\config-3e7b3155,outputs\.work\runs\atlas_het\graphatlas_no_transport\split-0\seed-1\config-3e7b3155\job_config.yaml
atlas_het__node_classification__graphatlas_no_transport__split0__seed2__757dea71a0ea,757dea71a0ea,0e672c999c335af7,atlas_het,node_classification,graphatlas_no_transport,graphatlas_no_transport,2,0,1,outputs\.work\runs\atlas_het\graphatlas_no_transport\split-0\seed-2\config-757dea71,outputs\.work\runs\atlas_het\graphatlas_no_transport\split-0\seed-2\config-757dea71\job_config.yaml
atlas_het__node_classification__graphatlas_c_oracle__split0__seed0__fc484be49f0a,fc484be49f0a,0e672c999c335af7,atlas_het,node_classification,graphatlas_c_oracle,graphatlas_certified,0,0,1,outputs\.work\runs\atlas_het\graphatlas_c_oracle\split-0\seed-0\config-fc484be4,outputs\.work\runs\atlas_het\graphatlas_c_oracle\split-0\seed-0\config-fc484be4\job_config.yaml
atlas_het__node_classification__graphatlas_c_oracle__split0__seed1__506ae5834210,506ae5834210,0e672c999c335af7,atlas_het,node_classification,graphatlas_c_oracle,graphatlas_certified,1,0,1,outputs\.work\runs\atlas_het\graphatlas_c_oracle\split-0\seed-1\config-506ae583,outputs\.work\runs\atlas_het\graphatlas_c_oracle\split-0\seed-1\config-506ae583\job_config.yaml
atlas_het__node_classification__graphatlas_c_oracle__split0__seed2__90a0f7cbf1e7,90a0f7cbf1e7,0e672c999c335af7,atlas_het,node_classification,graphatlas_c_oracle,graphatlas_certified,2,0,1,outputs\.work\runs\atlas_het\graphatlas_c_oracle\split-0\seed-2\config-90a0f7cb,outputs\.work\runs\atlas_het\graphatlas_c_oracle\split-0\seed-2\config-90a0f7cb\job_config.yaml
atlas_het__node_classification__graphatlas_c__split0__seed0__45e3d9c7ca33,45e3d9c7ca33,0e672c999c335af7,atlas_het,node_classification,graphatlas_c,graphatlas_certified,0,0,1,outputs\.work\runs\atlas_het\graphatlas_c\split-0\seed-0\config-45e3d9c7,outputs\.work\runs\atlas_het\graphatlas_c\split-0\seed-0\config-45e3d9c7\job_config.yaml
atlas_het__node_classification__graphatlas_c__split0__seed1__09a7628ad4dd,09a7628ad4dd,0e672c999c335af7,atlas_het,node_classification,graphatlas_c,graphatlas_certified,1,0,1,outputs\.work\runs\atlas_het\graphatlas_c\split-0\seed-1\config-09a7628a,outputs\.work\runs\atlas_het\graphatlas_c\split-0\seed-1\config-09a7628a\job_config.yaml
atlas_het__node_classification__graphatlas_c__split0__seed2__1b17270ac7f9,1b17270ac7f9,0e672c999c335af7,atlas_het,node_classification,graphatlas_c,graphatlas_certified,2,0,1,outputs\.work\runs\atlas_het\graphatlas_c\split-0\seed-2\config-1b17270a,outputs\.work\runs\atlas_het\graphatlas_c\split-0\seed-2\config-1b17270a\job_config.yaml
atlas_het__node_classification__graphatlas_original__split0__seed0__95212aaa1c27,95212aaa1c27,0e672c999c335af7,atlas_het,node_classification,graphatlas_original,graphatlas,0,0,1,outputs\.work\runs\atlas_het\graphatlas_original\split-0\seed-0\config-95212aaa,outputs\.work\runs\atlas_het\graphatlas_original\split-0\seed-0\config-95212aaa\job_config.yaml
atlas_het__node_classification__graphatlas_original__split0__seed1__f750b368c039,f750b368c039,0e672c999c335af7,atlas_het,node_classification,graphatlas_original,graphatlas,1,0,1,outputs\.work\runs\atlas_het\graphatlas_original\split-0\seed-1\config-f750b368,outputs\.work\runs\atlas_het\graphatlas_original\split-0\seed-1\config-f750b368\job_config.yaml
atlas_het__node_classification__graphatlas_original__split0__seed2__e748fcca05a3,e748fcca05a3,0e672c999c335af7,atlas_het,node_classification,graphatlas_original,graphatlas,2,0,1,outputs\.work\runs\atlas_het\graphatlas_original\split-0\seed-2\config-e748fcca,outputs\.work\runs\atlas_het\graphatlas_original\split-0\seed-2\config-e748fcca\job_config.yaml
atlas_het__node_classification__graphatlas_free_transition__split0__seed0__e4017020f22e,e4017020f22e,0e672c999c335af7,atlas_het,node_classification,graphatlas_free_transition,graphatlas_free_transition,0,0,1,outputs\.work\runs\atlas_het\graphatlas_free_transition\split-0\seed-0\config-e4017020,outputs\.work\runs\atlas_het\graphatlas_free_transition\split-0\seed-0\config-e4017020\job_config.yaml
atlas_het__node_classification__graphatlas_free_transition__split0__seed1__c5b8aea58ae8,c5b8aea58ae8,0e672c999c335af7,atlas_het,node_classification,graphatlas_free_transition,graphatlas_free_transition,1,0,1,outputs\.work\runs\atlas_het\graphatlas_free_transition\split-0\seed-1\config-c5b8aea5,outputs\.work\runs\atlas_het\graphatlas_free_transition\split-0\seed-1\config-c5b8aea5\job_config.yaml
atlas_het__node_classification__graphatlas_free_transition__split0__seed2__e02c06109656,e02c06109656,0e672c999c335af7,atlas_het,node_classification,graphatlas_free_transition,graphatlas_free_transition,2,0,1,outputs\.work\runs\atlas_het\graphatlas_free_transition\split-0\seed-2\config-e02c0610,outputs\.work\runs\atlas_het\graphatlas_free_transition\split-0\seed-2\config-e02c0610\job_config.yaml
atlas_het__node_classification__graphatlas_no_transport__split0__seed0__9e2b606a964c,9e2b606a964c,0e672c999c335af7,atlas_het,node_classification,graphatlas_no_transport,graphatlas_no_transport,0,0,1,outputs\.work\runs\atlas_het\graphatlas_no_transport\split-0\seed-0\config-9e2b606a,outputs\.work\runs\atlas_het\graphatlas_no_transport\split-0\seed-0\config-9e2b606a\job_config.yaml
atlas_het__node_classification__graphatlas_no_transport__split0__seed1__3caa20b3855e,3caa20b3855e,0e672c999c335af7,atlas_het,node_classification,graphatlas_no_transport,graphatlas_no_transport,1,0,1,outputs\.work\runs\atlas_het\graphatlas_no_transport\split-0\seed-1\config-3caa20b3,outputs\.work\runs\atlas_het\graphatlas_no_transport\split-0\seed-1\config-3caa20b3\job_config.yaml
atlas_het__node_classification__graphatlas_no_transport__split0__seed2__330a51716468,330a51716468,0e672c999c335af7,atlas_het,node_classification,graphatlas_no_transport,graphatlas_no_transport,2,0,1,outputs\.work\runs\atlas_het\graphatlas_no_transport\split-0\seed-2\config-330a5171,outputs\.work\runs\atlas_het\graphatlas_no_transport\split-0\seed-2\config-330a5171\job_config.yaml
atlas_het__node_classification__graphatlas_c_oracle__split0__seed0__48141c1e8c67,48141c1e8c67,0e672c999c335af7,atlas_het,node_classification,graphatlas_c_oracle,graphatlas_certified,0,0,1,outputs\.work\runs\atlas_het\graphatlas_c_oracle\split-0\seed-0\config-48141c1e,outputs\.work\runs\atlas_het\graphatlas_c_oracle\split-0\seed-0\config-48141c1e\job_config.yaml
atlas_het__node_classification__graphatlas_c_oracle__split0__seed1__3be5af5d71ce,3be5af5d71ce,0e672c999c335af7,atlas_het,node_classification,graphatlas_c_oracle,graphatlas_certified,1,0,1,outputs\.work\runs\atlas_het\graphatlas_c_oracle\split-0\seed-1\config-3be5af5d,outputs\.work\runs\atlas_het\graphatlas_c_oracle\split-0\seed-1\config-3be5af5d\job_config.yaml
atlas_het__node_classification__graphatlas_c_oracle__split0__seed2__5e0083b8a738,5e0083b8a738,0e672c999c335af7,atlas_het,node_classification,graphatlas_c_oracle,graphatlas_certified,2,0,1,outputs\.work\runs\atlas_het\graphatlas_c_oracle\split-0\seed-2\config-5e0083b8,outputs\.work\runs\atlas_het\graphatlas_c_oracle\split-0\seed-2\config-5e0083b8\job_config.yaml
atlas_het__node_classification__graphatlas_c__split0__seed0__43e56a1faf15,43e56a1faf15,0e672c999c335af7,atlas_het,node_classification,graphatlas_c,graphatlas_certified,0,0,1,outputs\.work\runs\atlas_het\graphatlas_c\split-0\seed-0\config-43e56a1f,outputs\.work\runs\atlas_het\graphatlas_c\split-0\seed-0\config-43e56a1f\job_config.yaml
atlas_het__node_classification__graphatlas_c__split0__seed1__006e1d5339d6,006e1d5339d6,0e672c999c335af7,atlas_het,node_classification,graphatlas_c,graphatlas_certified,1,0,1,outputs\.work\runs\atlas_het\graphatlas_c\split-0\seed-1\config-006e1d53,outputs\.work\runs\atlas_het\graphatlas_c\split-0\seed-1\config-006e1d53\job_config.yaml
atlas_het__node_classification__graphatlas_c__split0__seed2__7a02d5a73f1d,7a02d5a73f1d,0e672c999c335af7,atlas_het,node_classification,graphatlas_c,graphatlas_certified,2,0,1,outputs\.work\runs\atlas_het\graphatlas_c\split-0\seed-2\config-7a02d5a7,outputs\.work\runs\atlas_het\graphatlas_c\split-0\seed-2\config-7a02d5a7\job_config.yaml
atlas_het__node_classification__graphatlas_original__split0__seed0__eff75d473b33,eff75d473b33,0e672c999c335af7,atlas_het,node_classification,graphatlas_original,graphatlas,0,0,1,outputs\.work\runs\atlas_het\graphatlas_original\split-0\seed-0\config-eff75d47,outputs\.work\runs\atlas_het\graphatlas_original\split-0\seed-0\config-eff75d47\job_config.yaml
atlas_het__node_classification__graphatlas_original__split0__seed1__b4f6bed8dc4e,b4f6bed8dc4e,0e672c999c335af7,atlas_het,node_classification,graphatlas_original,graphatlas,1,0,1,outputs\.work\runs\atlas_het\graphatlas_original\split-0\seed-1\config-b4f6bed8,outputs\.work\runs\atlas_het\graphatlas_original\split-0\seed-1\config-b4f6bed8\job_config.yaml
atlas_het__node_classification__graphatlas_original__split0__seed2__047d9c126bd3,047d9c126bd3,0e672c999c335af7,atlas_het,node_classification,graphatlas_original,graphatlas,2,0,1,outputs\.work\runs\atlas_het\graphatlas_original\split-0\seed-2\config-047d9c12,outputs\.work\runs\atlas_het\graphatlas_original\split-0\seed-2\config-047d9c12\job_config.yaml
atlas_het__node_classification__graphatlas_free_transition__split0__seed0__4ea386112900,4ea386112900,0e672c999c335af7,atlas_het,node_classification,graphatlas_free_transition,graphatlas_free_transition,0,0,1,outputs\.work\runs\atlas_het\graphatlas_free_transition\split-0\seed-0\config-4ea38611,outputs\.work\runs\atlas_het\graphatlas_free_transition\split-0\seed-0\config-4ea38611\job_config.yaml
atlas_het__node_classification__graphatlas_free_transition__split0__seed1__c5f514203819,c5f514203819,0e672c999c335af7,atlas_het,node_classification,graphatlas_free_transition,graphatlas_free_transition,1,0,1,outputs\.work\runs\atlas_het\graphatlas_free_transition\split-0\seed-1\config-c5f51420,outputs\.work\runs\atlas_het\graphatlas_free_transition\split-0\seed-1\config-c5f51420\job_config.yaml
atlas_het__node_classification__graphatlas_free_transition__split0__seed2__cf77a364ac3f,cf77a364ac3f,0e672c999c335af7,atlas_het,node_classification,graphatlas_free_transition,graphatlas_free_transition,2,0,1,outputs\.work\runs\atlas_het\graphatlas_free_transition\split-0\seed-2\config-cf77a364,outputs\.work\runs\atlas_het\graphatlas_free_transition\split-0\seed-2\config-cf77a364\job_config.yaml
atlas_het__node_classification__graphatlas_no_transport__split0__seed0__f03f6a112b64,f03f6a112b64,0e672c999c335af7,atlas_het,node_classification,graphatlas_no_transport,graphatlas_no_transport,0,0,1,outputs\.work\runs\atlas_het\graphatlas_no_transport\split-0\seed-0\config-f03f6a11,outputs\.work\runs\atlas_het\graphatlas_no_transport\split-0\seed-0\config-f03f6a11\job_config.yaml
atlas_het__node_classification__graphatlas_no_transport__split0__seed1__1b67a9aa79d7,1b67a9aa79d7,0e672c999c335af7,atlas_het,node_classification,graphatlas_no_transport,graphatlas_no_transport,1,0,1,outputs\.work\runs\atlas_het\graphatlas_no_transport\split-0\seed-1\config-1b67a9aa,outputs\.work\runs\atlas_het\graphatlas_no_transport\split-0\seed-1\config-1b67a9aa\job_config.yaml
atlas_het__node_classification__graphatlas_no_transport__split0__seed2__737e738ccdcd,737e738ccdcd,0e672c999c335af7,atlas_het,node_classification,graphatlas_no_transport,graphatlas_no_transport,2,0,1,outputs\.work\runs\atlas_het\graphatlas_no_transport\split-0\seed-2\config-737e738c,outputs\.work\runs\atlas_het\graphatlas_no_transport\split-0\seed-2\config-737e738c\job_config.yaml
atlas_het__node_classification__graphatlas_c_oracle__split0__seed0__3a41f9c2d8ac,3a41f9c2d8ac,0e672c999c335af7,atlas_het,node_classification,graphatlas_c_oracle,graphatlas_certified,0,0,1,outputs\.work\runs\atlas_het\graphatlas_c_oracle\split-0\seed-0\config-3a41f9c2,outputs\.work\runs\atlas_het\graphatlas_c_oracle\split-0\seed-0\config-3a41f9c2\job_config.yaml
atlas_het__node_classification__graphatlas_c_oracle__split0__seed1__b9621699d2e8,b9621699d2e8,0e672c999c335af7,atlas_het,node_classification,graphatlas_c_oracle,graphatlas_certified,1,0,1,outputs\.work\runs\atlas_het\graphatlas_c_oracle\split-0\seed-1\config-b9621699,outputs\.work\runs\atlas_het\graphatlas_c_oracle\split-0\seed-1\config-b9621699\job_config.yaml
atlas_het__node_classification__graphatlas_c_oracle__split0__seed2__0d94e9990b97,0d94e9990b97,0e672c999c335af7,atlas_het,node_classification,graphatlas_c_oracle,graphatlas_certified,2,0,1,outputs\.work\runs\atlas_het\graphatlas_c_oracle\split-0\seed-2\config-0d94e999,outputs\.work\runs\atlas_het\graphatlas_c_oracle\split-0\seed-2\config-0d94e999\job_config.yaml
atlas_het__node_classification__graphatlas_c__split0__seed0__c0b8b65fb1f6,c0b8b65fb1f6,0e672c999c335af7,atlas_het,node_classification,graphatlas_c,graphatlas_certified,0,0,1,outputs\.work\runs\atlas_het\graphatlas_c\split-0\seed-0\config-c0b8b65f,outputs\.work\runs\atlas_het\graphatlas_c\split-0\seed-0\config-c0b8b65f\job_config.yaml
atlas_het__node_classification__graphatlas_c__split0__seed1__391a67ac3e37,391a67ac3e37,0e672c999c335af7,atlas_het,node_classification,graphatlas_c,graphatlas_certified,1,0,1,outputs\.work\runs\atlas_het\graphatlas_c\split-0\seed-1\config-391a67ac,outputs\.work\runs\atlas_het\graphatlas_c\split-0\seed-1\config-391a67ac\job_config.yaml
atlas_het__node_classification__graphatlas_c__split0__seed2__0aaf0f2dfeea,0aaf0f2dfeea,0e672c999c335af7,atlas_het,node_classification,graphatlas_c,graphatlas_certified,2,0,1,outputs\.work\runs\atlas_het\graphatlas_c\split-0\seed-2\config-0aaf0f2d,outputs\.work\runs\atlas_het\graphatlas_c\split-0\seed-2\config-0aaf0f2d\job_config.yaml
atlas_het__node_classification__graphatlas_original__split0__seed0__7c05f2bbc5e0,7c05f2bbc5e0,0e672c999c335af7,atlas_het,node_classification,graphatlas_original,graphatlas,0,0,1,outputs\.work\runs\atlas_het\graphatlas_original\split-0\seed-0\config-7c05f2bb,outputs\.work\runs\atlas_het\graphatlas_original\split-0\seed-0\config-7c05f2bb\job_config.yaml
atlas_het__node_classification__graphatlas_original__split0__seed1__a0ee21ff50e7,a0ee21ff50e7,0e672c999c335af7,atlas_het,node_classification,graphatlas_original,graphatlas,1,0,1,outputs\.work\runs\atlas_het\graphatlas_original\split-0\seed-1\config-a0ee21ff,outputs\.work\runs\atlas_het\graphatlas_original\split-0\seed-1\config-a0ee21ff\job_config.yaml
atlas_het__node_classification__graphatlas_original__split0__seed2__d5a230143444,d5a230143444,0e672c999c335af7,atlas_het,node_classification,graphatlas_original,graphatlas,2,0,1,outputs\.work\runs\atlas_het\graphatlas_original\split-0\seed-2\config-d5a23014,outputs\.work\runs\atlas_het\graphatlas_original\split-0\seed-2\config-d5a23014\job_config.yaml
atlas_het__node_classification__graphatlas_free_transition__split0__seed0__6a3a674e3836,6a3a674e3836,0e672c999c335af7,atlas_het,node_classification,graphatlas_free_transition,graphatlas_free_transition,0,0,1,outputs\.work\runs\atlas_het\graphatlas_free_transition\split-0\seed-0\config-6a3a674e,outputs\.work\runs\atlas_het\graphatlas_free_transition\split-0\seed-0\config-6a3a674e\job_config.yaml
atlas_het__node_classification__graphatlas_free_transition__split0__seed1__8b82634aacae,8b82634aacae,0e672c999c335af7,atlas_het,node_classification,graphatlas_free_transition,graphatlas_free_transition,1,0,1,outputs\.work\runs\atlas_het\graphatlas_free_transition\split-0\seed-1\config-8b82634a,outputs\.work\runs\atlas_het\graphatlas_free_transition\split-0\seed-1\config-8b82634a\job_config.yaml
atlas_het__node_classification__graphatlas_free_transition__split0__seed2__4138c9989505,4138c9989505,0e672c999c335af7,atlas_het,node_classification,graphatlas_free_transition,graphatlas_free_transition,2,0,1,outputs\.work\runs\atlas_het\graphatlas_free_transition\split-0\seed-2\config-4138c998,outputs\.work\runs\atlas_het\graphatlas_free_transition\split-0\seed-2\config-4138c998\job_config.yaml
atlas_het__node_classification__graphatlas_no_transport__split0__seed0__ceba4a6ab40a,ceba4a6ab40a,0e672c999c335af7,atlas_het,node_classification,graphatlas_no_transport,graphatlas_no_transport,0,0,1,outputs\.work\runs\atlas_het\graphatlas_no_transport\split-0\seed-0\config-ceba4a6a,outputs\.work\runs\atlas_het\graphatlas_no_transport\split-0\seed-0\config-ceba4a6a\job_config.yaml
atlas_het__node_classification__graphatlas_no_transport__split0__seed1__fed13c328168,fed13c328168,0e672c999c335af7,atlas_het,node_classification,graphatlas_no_transport,graphatlas_no_transport,1,0,1,outputs\.work\runs\atlas_het\graphatlas_no_transport\split-0\seed-1\config-fed13c32,outputs\.work\runs\atlas_het\graphatlas_no_transport\split-0\seed-1\config-fed13c32\job_config.yaml
atlas_het__node_classification__graphatlas_no_transport__split0__seed2__11d9dc9418dd,11d9dc9418dd,0e672c999c335af7,atlas_het,node_classification,graphatlas_no_transport,graphatlas_no_transport,2,0,1,outputs\.work\runs\atlas_het\graphatlas_no_transport\split-0\seed-2\config-11d9dc94,outputs\.work\runs\atlas_het\graphatlas_no_transport\split-0\seed-2\config-11d9dc94\job_config.yaml
atlas_het__node_classification__graphatlas_c_oracle__split0__seed0__973aa82aa042,973aa82aa042,0e672c999c335af7,atlas_het,node_classification,graphatlas_c_oracle,graphatlas_certified,0,0,1,outputs\.work\runs\atlas_het\graphatlas_c_oracle\split-0\seed-0\config-973aa82a,outputs\.work\runs\atlas_het\graphatlas_c_oracle\split-0\seed-0\config-973aa82a\job_config.yaml
atlas_het__node_classification__graphatlas_c_oracle__split0__seed1__0fcba16668ac,0fcba16668ac,0e672c999c335af7,atlas_het,node_classification,graphatlas_c_oracle,graphatlas_certified,1,0,1,outputs\.work\runs\atlas_het\graphatlas_c_oracle\split-0\seed-1\config-0fcba166,outputs\.work\runs\atlas_het\graphatlas_c_oracle\split-0\seed-1\config-0fcba166\job_config.yaml
atlas_het__node_classification__graphatlas_c_oracle__split0__seed2__80bdbc5db064,80bdbc5db064,0e672c999c335af7,atlas_het,node_classification,graphatlas_c_oracle,graphatlas_certified,2,0,1,outputs\.work\runs\atlas_het\graphatlas_c_oracle\split-0\seed-2\config-80bdbc5d,outputs\.work\runs\atlas_het\graphatlas_c_oracle\split-0\seed-2\config-80bdbc5d\job_config.yaml
atlas_het__node_classification__graphatlas_c__split0__seed0__8c054be4c696,8c054be4c696,0e672c999c335af7,atlas_het,node_classification,graphatlas_c,graphatlas_certified,0,0,1,outputs\.work\runs\atlas_het\graphatlas_c\split-0\seed-0\config-8c054be4,outputs\.work\runs\atlas_het\graphatlas_c\split-0\seed-0\config-8c054be4\job_config.yaml
atlas_het__node_classification__graphatlas_c__split0__seed1__08c810e697cc,08c810e697cc,0e672c999c335af7,atlas_het,node_classification,graphatlas_c,graphatlas_certified,1,0,1,outputs\.work\runs\atlas_het\graphatlas_c\split-0\seed-1\config-08c810e6,outputs\.work\runs\atlas_het\graphatlas_c\split-0\seed-1\config-08c810e6\job_config.yaml
atlas_het__node_classification__graphatlas_c__split0__seed2__29d5ebca75a4,29d5ebca75a4,0e672c999c335af7,atlas_het,node_classification,graphatlas_c,graphatlas_certified,2,0,1,outputs\.work\runs\atlas_het\graphatlas_c\split-0\seed-2\config-29d5ebca,outputs\.work\runs\atlas_het\graphatlas_c\split-0\seed-2\config-29d5ebca\job_config.yaml
atlas_het__node_classification__graphatlas_original__split0__seed0__3d3545e624d5,3d3545e624d5,0e672c999c335af7,atlas_het,node_classification,graphatlas_original,graphatlas,0,0,1,outputs\.work\runs\atlas_het\graphatlas_original\split-0\seed-0\config-3d3545e6,outputs\.work\runs\atlas_het\graphatlas_original\split-0\seed-0\config-3d3545e6\job_config.yaml
atlas_het__node_classification__graphatlas_original__split0__seed1__6b6a2a770fac,6b6a2a770fac,0e672c999c335af7,atlas_het,node_classification,graphatlas_original,graphatlas,1,0,1,outputs\.work\runs\atlas_het\graphatlas_original\split-0\seed-1\config-6b6a2a77,outputs\.work\runs\atlas_het\graphatlas_original\split-0\seed-1\config-6b6a2a77\job_config.yaml
atlas_het__node_classification__graphatlas_original__split0__seed2__221df6b8c4a8,221df6b8c4a8,0e672c999c335af7,atlas_het,node_classification,graphatlas_original,graphatlas,2,0,1,outputs\.work\runs\atlas_het\graphatlas_original\split-0\seed-2\config-221df6b8,outputs\.work\runs\atlas_het\graphatlas_original\split-0\seed-2\config-221df6b8\job_config.yaml
atlas_het__node_classification__graphatlas_free_transition__split0__seed0__29afde6d3dab,29afde6d3dab,0e672c999c335af7,atlas_het,node_classification,graphatlas_free_transition,graphatlas_free_transition,0,0,1,outputs\.work\runs\atlas_het\graphatlas_free_transition\split-0\seed-0\config-29afde6d,outputs\.work\runs\atlas_het\graphatlas_free_transition\split-0\seed-0\config-29afde6d\job_config.yaml
atlas_het__node_classification__graphatlas_free_transition__split0__seed1__27be26ddb576,27be26ddb576,0e672c999c335af7,atlas_het,node_classification,graphatlas_free_transition,graphatlas_free_transition,1,0,1,outputs\.work\runs\atlas_het\graphatlas_free_transition\split-0\seed-1\config-27be26dd,outputs\.work\runs\atlas_het\graphatlas_free_transition\split-0\seed-1\config-27be26dd\job_config.yaml
atlas_het__node_classification__graphatlas_free_transition__split0__seed2__7f25da57219e,7f25da57219e,0e672c999c335af7,atlas_het,node_classification,graphatlas_free_transition,graphatlas_free_transition,2,0,1,outputs\.work\runs\atlas_het\graphatlas_free_transition\split-0\seed-2\config-7f25da57,outputs\.work\runs\atlas_het\graphatlas_free_transition\split-0\seed-2\config-7f25da57\job_config.yaml
atlas_het__node_classification__graphatlas_no_transport__split0__seed0__4ad5b521671c,4ad5b521671c,0e672c999c335af7,atlas_het,node_classification,graphatlas_no_transport,graphatlas_no_transport,0,0,1,outputs\.work\runs\atlas_het\graphatlas_no_transport\split-0\seed-0\config-4ad5b521,outputs\.work\runs\atlas_het\graphatlas_no_transport\split-0\seed-0\config-4ad5b521\job_config.yaml
atlas_het__node_classification__graphatlas_no_transport__split0__seed1__dc9b72db4bdf,dc9b72db4bdf,0e672c999c335af7,atlas_het,node_classification,graphatlas_no_transport,graphatlas_no_transport,1,0,1,outputs\.work\runs\atlas_het\graphatlas_no_transport\split-0\seed-1\config-dc9b72db,outputs\.work\runs\atlas_het\graphatlas_no_transport\split-0\seed-1\config-dc9b72db\job_config.yaml
atlas_het__node_classification__graphatlas_no_transport__split0__seed2__5c63c0f97c0a,5c63c0f97c0a,0e672c999c335af7,atlas_het,node_classification,graphatlas_no_transport,graphatlas_no_transport,2,0,1,outputs\.work\runs\atlas_het\graphatlas_no_transport\split-0\seed-2\config-5c63c0f9,outputs\.work\runs\atlas_het\graphatlas_no_transport\split-0\seed-2\config-5c63c0f9\job_config.yaml
atlas_het__node_classification__graphatlas_c_oracle__split0__seed0__e88449a8a36f,e88449a8a36f,0e672c999c335af7,atlas_het,node_classification,graphatlas_c_oracle,graphatlas_certified,0,0,1,outputs\.work\runs\atlas_het\graphatlas_c_oracle\split-0\seed-0\config-e88449a8,outputs\.work\runs\atlas_het\graphatlas_c_oracle\split-0\seed-0\config-e88449a8\job_config.yaml
atlas_het__node_classification__graphatlas_c_oracle__split0__seed1__8ffac587e59b,8ffac587e59b,0e672c999c335af7,atlas_het,node_classification,graphatlas_c_oracle,graphatlas_certified,1,0,1,outputs\.work\runs\atlas_het\graphatlas_c_oracle\split-0\seed-1\config-8ffac587,outputs\.work\runs\atlas_het\graphatlas_c_oracle\split-0\seed-1\config-8ffac587\job_config.yaml
atlas_het__node_classification__graphatlas_c_oracle__split0__seed2__5aea2b798a6d,5aea2b798a6d,0e672c999c335af7,atlas_het,node_classification,graphatlas_c_oracle,graphatlas_certified,2,0,1,outputs\.work\runs\atlas_het\graphatlas_c_oracle\split-0\seed-2\config-5aea2b79,outputs\.work\runs\atlas_het\graphatlas_c_oracle\split-0\seed-2\config-5aea2b79\job_config.yaml
atlas_het__node_classification__graphatlas_c__split0__seed0__7697112c25f3,7697112c25f3,0e672c999c335af7,atlas_het,node_classification,graphatlas_c,graphatlas_certified,0,0,1,outputs\.work\runs\atlas_het\graphatlas_c\split-0\seed-0\config-7697112c,outputs\.work\runs\atlas_het\graphatlas_c\split-0\seed-0\config-7697112c\job_config.yaml
atlas_het__node_classification__graphatlas_c__split0__seed1__257b62a39f3f,257b62a39f3f,0e672c999c335af7,atlas_het,node_classification,graphatlas_c,graphatlas_certified,1,0,1,outputs\.work\runs\atlas_het\graphatlas_c\split-0\seed-1\config-257b62a3,outputs\.work\runs\atlas_het\graphatlas_c\split-0\seed-1\config-257b62a3\job_config.yaml
atlas_het__node_classification__graphatlas_c__split0__seed2__2a31888e5a07,2a31888e5a07,0e672c999c335af7,atlas_het,node_classification,graphatlas_c,graphatlas_certified,2,0,1,outputs\.work\runs\atlas_het\graphatlas_c\split-0\seed-2\config-2a31888e,outputs\.work\runs\atlas_het\graphatlas_c\split-0\seed-2\config-2a31888e\job_config.yaml
atlas_het__node_classification__graphatlas_original__split0__seed0__310f87adcedd,310f87adcedd,0e672c999c335af7,atlas_het,node_classification,graphatlas_original,graphatlas,0,0,1,outputs\.work\runs\atlas_het\graphatlas_original\split-0\seed-0\config-310f87ad,outputs\.work\runs\atlas_het\graphatlas_original\split-0\seed-0\config-310f87ad\job_config.yaml
atlas_het__node_classification__graphatlas_original__split0__seed1__2f6196e877e5,2f6196e877e5,0e672c999c335af7,atlas_het,node_classification,graphatlas_original,graphatlas,1,0,1,outputs\.work\runs\atlas_het\graphatlas_original\split-0\seed-1\config-2f6196e8,outputs\.work\runs\atlas_het\graphatlas_original\split-0\seed-1\config-2f6196e8\job_config.yaml
atlas_het__node_classification__graphatlas_original__split0__seed2__ccec9905b1e2,ccec9905b1e2,0e672c999c335af7,atlas_het,node_classification,graphatlas_original,graphatlas,2,0,1,outputs\.work\runs\atlas_het\graphatlas_original\split-0\seed-2\config-ccec9905,outputs\.work\runs\atlas_het\graphatlas_original\split-0\seed-2\config-ccec9905\job_config.yaml
atlas_het__node_classification__graphatlas_free_transition__split0__seed0__fc53707e580b,fc53707e580b,0e672c999c335af7,atlas_het,node_classification,graphatlas_free_transition,graphatlas_free_transition,0,0,1,outputs\.work\runs\atlas_het\graphatlas_free_transition\split-0\seed-0\config-fc53707e,outputs\.work\runs\atlas_het\graphatlas_free_transition\split-0\seed-0\config-fc53707e\job_config.yaml
atlas_het__node_classification__graphatlas_free_transition__split0__seed1__f558a9a0c7eb,f558a9a0c7eb,0e672c999c335af7,atlas_het,node_classification,graphatlas_free_transition,graphatlas_free_transition,1,0,1,outputs\.work\runs\atlas_het\graphatlas_free_transition\split-0\seed-1\config-f558a9a0,outputs\.work\runs\atlas_het\graphatlas_free_transition\split-0\seed-1\config-f558a9a0\job_config.yaml
atlas_het__node_classification__graphatlas_free_transition__split0__seed2__0b8a69150fed,0b8a69150fed,0e672c999c335af7,atlas_het,node_classification,graphatlas_free_transition,graphatlas_free_transition,2,0,1,outputs\.work\runs\atlas_het\graphatlas_free_transition\split-0\seed-2\config-0b8a6915,outputs\.work\runs\atlas_het\graphatlas_free_transition\split-0\seed-2\config-0b8a6915\job_config.yaml
atlas_het__node_classification__graphatlas_no_transport__split0__seed0__819a8392841c,819a8392841c,0e672c999c335af7,atlas_het,node_classification,graphatlas_no_transport,graphatlas_no_transport,0,0,1,outputs\.work\runs\atlas_het\graphatlas_no_transport\split-0\seed-0\config-819a8392,outputs\.work\runs\atlas_het\graphatlas_no_transport\split-0\seed-0\config-819a8392\job_config.yaml
atlas_het__node_classification__graphatlas_no_transport__split0__seed1__e9b0fc4face8,e9b0fc4face8,0e672c999c335af7,atlas_het,node_classification,graphatlas_no_transport,graphatlas_no_transport,1,0,1,outputs\.work\runs\atlas_het\graphatlas_no_transport\split-0\seed-1\config-e9b0fc4f,outputs\.work\runs\atlas_het\graphatlas_no_transport\split-0\seed-1\config-e9b0fc4f\job_config.yaml
atlas_het__node_classification__graphatlas_no_transport__split0__seed2__a9da303f339a,a9da303f339a,0e672c999c335af7,atlas_het,node_classification,graphatlas_no_transport,graphatlas_no_transport,2,0,1,outputs\.work\runs\atlas_het\graphatlas_no_transport\split-0\seed-2\config-a9da303f,outputs\.work\runs\atlas_het\graphatlas_no_transport\split-0\seed-2\config-a9da303f\job_config.yaml
atlas_het__node_classification__graphatlas_c_oracle__split0__seed0__ad73ef40b0e2,ad73ef40b0e2,0e672c999c335af7,atlas_het,node_classification,graphatlas_c_oracle,graphatlas_certified,0,0,1,outputs\.work\runs\atlas_het\graphatlas_c_oracle\split-0\seed-0\config-ad73ef40,outputs\.work\runs\atlas_het\graphatlas_c_oracle\split-0\seed-0\config-ad73ef40\job_config.yaml
atlas_het__node_classification__graphatlas_c_oracle__split0__seed1__8b74816cd7e1,8b74816cd7e1,0e672c999c335af7,atlas_het,node_classification,graphatlas_c_oracle,graphatlas_certified,1,0,1,outputs\.work\runs\atlas_het\graphatlas_c_oracle\split-0\seed-1\config-8b74816c,outputs\.work\runs\atlas_het\graphatlas_c_oracle\split-0\seed-1\config-8b74816c\job_config.yaml
atlas_het__node_classification__graphatlas_c_oracle__split0__seed2__97b7eb8bfb33,97b7eb8bfb33,0e672c999c335af7,atlas_het,node_classification,graphatlas_c_oracle,graphatlas_certified,2,0,1,outputs\.work\runs\atlas_het\graphatlas_c_oracle\split-0\seed-2\config-97b7eb8b,outputs\.work\runs\atlas_het\graphatlas_c_oracle\split-0\seed-2\config-97b7eb8b\job_config.yaml
atlas_het__node_classification__graphatlas_c__split0__seed0__829a0fa91fce,829a0fa91fce,0e672c999c335af7,atlas_het,node_classification,graphatlas_c,graphatlas_certified,0,0,1,outputs\.work\runs\atlas_het\graphatlas_c\split-0\seed-0\config-829a0fa9,outputs\.work\runs\atlas_het\graphatlas_c\split-0\seed-0\config-829a0fa9\job_config.yaml
atlas_het__node_classification__graphatlas_c__split0__seed1__32bc46ce89c3,32bc46ce89c3,0e672c999c335af7,atlas_het,node_classification,graphatlas_c,graphatlas_certified,1,0,1,outputs\.work\runs\atlas_het\graphatlas_c\split-0\seed-1\config-32bc46ce,outputs\.work\runs\atlas_het\graphatlas_c\split-0\seed-1\config-32bc46ce\job_config.yaml
atlas_het__node_classification__graphatlas_c__split0__seed2__b22584ea5cf1,b22584ea5cf1,0e672c999c335af7,atlas_het,node_classification,graphatlas_c,graphatlas_certified,2,0,1,outputs\.work\runs\atlas_het\graphatlas_c\split-0\seed-2\config-b22584ea,outputs\.work\runs\atlas_het\graphatlas_c\split-0\seed-2\config-b22584ea\job_config.yaml
atlas_het__node_classification__graphatlas_original__split0__seed0__ed43a55ee993,ed43a55ee993,0e672c999c335af7,atlas_het,node_classification,graphatlas_original,graphatlas,0,0,1,outputs\.work\runs\atlas_het\graphatlas_original\split-0\seed-0\config-ed43a55e,outputs\.work\runs\atlas_het\graphatlas_original\split-0\seed-0\config-ed43a55e\job_config.yaml
atlas_het__node_classification__graphatlas_original__split0__seed1__23cd552140f4,23cd552140f4,0e672c999c335af7,atlas_het,node_classification,graphatlas_original,graphatlas,1,0,1,outputs\.work\runs\atlas_het\graphatlas_original\split-0\seed-1\config-23cd5521,outputs\.work\runs\atlas_het\graphatlas_original\split-0\seed-1\config-23cd5521\job_config.yaml
atlas_het__node_classification__graphatlas_original__split0__seed2__81e4f9f9dbd3,81e4f9f9dbd3,0e672c999c335af7,atlas_het,node_classification,graphatlas_original,graphatlas,2,0,1,outputs\.work\runs\atlas_het\graphatlas_original\split-0\seed-2\config-81e4f9f9,outputs\.work\runs\atlas_het\graphatlas_original\split-0\seed-2\config-81e4f9f9\job_config.yaml
atlas_het__node_classification__graphatlas_free_transition__split0__seed0__95faace89911,95faace89911,0e672c999c335af7,atlas_het,node_classification,graphatlas_free_transition,graphatlas_free_transition,0,0,1,outputs\.work\runs\atlas_het\graphatlas_free_transition\split-0\seed-0\config-95faace8,outputs\.work\runs\atlas_het\graphatlas_free_transition\split-0\seed-0\config-95faace8\job_config.yaml
atlas_het__node_classification__graphatlas_free_transition__split0__seed1__98ed62a05e49,98ed62a05e49,0e672c999c335af7,atlas_het,node_classification,graphatlas_free_transition,graphatlas_free_transition,1,0,1,outputs\.work\runs\atlas_het\graphatlas_free_transition\split-0\seed-1\config-98ed62a0,outputs\.work\runs\atlas_het\graphatlas_free_transition\split-0\seed-1\config-98ed62a0\job_config.yaml
atlas_het__node_classification__graphatlas_free_transition__split0__seed2__f893f218c295,f893f218c295,0e672c999c335af7,atlas_het,node_classification,graphatlas_free_transition,graphatlas_free_transition,2,0,1,outputs\.work\runs\atlas_het\graphatlas_free_transition\split-0\seed-2\config-f893f218,outputs\.work\runs\atlas_het\graphatlas_free_transition\split-0\seed-2\config-f893f218\job_config.yaml
atlas_het__node_classification__graphatlas_no_transport__split0__seed0__45d8030f7ecb,45d8030f7ecb,0e672c999c335af7,atlas_het,node_classification,graphatlas_no_transport,graphatlas_no_transport,0,0,1,outputs\.work\runs\atlas_het\graphatlas_no_transport\split-0\seed-0\config-45d8030f,outputs\.work\runs\atlas_het\graphatlas_no_transport\split-0\seed-0\config-45d8030f\job_config.yaml
atlas_het__node_classification__graphatlas_no_transport__split0__seed1__24a811bb6e76,24a811bb6e76,0e672c999c335af7,atlas_het,node_classification,graphatlas_no_transport,graphatlas_no_transport,1,0,1,outputs\.work\runs\atlas_het\graphatlas_no_transport\split-0\seed-1\config-24a811bb,outputs\.work\runs\atlas_het\graphatlas_no_transport\split-0\seed-1\config-24a811bb\job_config.yaml
atlas_het__node_classification__graphatlas_no_transport__split0__seed2__0d7598bdc2b1,0d7598bdc2b1,0e672c999c335af7,atlas_het,node_classification,graphatlas_no_transport,graphatlas_no_transport,2,0,1,outputs\.work\runs\atlas_het\graphatlas_no_transport\split-0\seed-2\config-0d7598bd,outputs\.work\runs\atlas_het\graphatlas_no_transport\split-0\seed-2\config-0d7598bd\job_config.yaml
atlas_het__node_classification__graphatlas_c_oracle__split0__seed0__461610a27182,461610a27182,0e672c999c335af7,atlas_het,node_classification,graphatlas_c_oracle,graphatlas_certified,0,0,1,outputs\.work\runs\atlas_het\graphatlas_c_oracle\split-0\seed-0\config-461610a2,outputs\.work\runs\atlas_het\graphatlas_c_oracle\split-0\seed-0\config-461610a2\job_config.yaml
atlas_het__node_classification__graphatlas_c_oracle__split0__seed1__4850064dc3e1,4850064dc3e1,0e672c999c335af7,atlas_het,node_classification,graphatlas_c_oracle,graphatlas_certified,1,0,1,outputs\.work\runs\atlas_het\graphatlas_c_oracle\split-0\seed-1\config-4850064d,outputs\.work\runs\atlas_het\graphatlas_c_oracle\split-0\seed-1\config-4850064d\job_config.yaml
atlas_het__node_classification__graphatlas_c_oracle__split0__seed2__9cc0b0a91b1c,9cc0b0a91b1c,0e672c999c335af7,atlas_het,node_classification,graphatlas_c_oracle,graphatlas_certified,2,0,1,outputs\.work\runs\atlas_het\graphatlas_c_oracle\split-0\seed-2\config-9cc0b0a9,outputs\.work\runs\atlas_het\graphatlas_c_oracle\split-0\seed-2\config-9cc0b0a9\job_config.yaml
atlas_het__node_classification__graphatlas_c__split0__seed0__20f072c6a439,20f072c6a439,0e672c999c335af7,atlas_het,node_classification,graphatlas_c,graphatlas_certified,0,0,1,outputs\.work\runs\atlas_het\graphatlas_c\split-0\seed-0\config-20f072c6,outputs\.work\runs\atlas_het\graphatlas_c\split-0\seed-0\config-20f072c6\job_config.yaml
atlas_het__node_classification__graphatlas_c__split0__seed1__077fe1aa1b36,077fe1aa1b36,0e672c999c335af7,atlas_het,node_classification,graphatlas_c,graphatlas_certified,1,0,1,outputs\.work\runs\atlas_het\graphatlas_c\split-0\seed-1\config-077fe1aa,outputs\.work\runs\atlas_het\graphatlas_c\split-0\seed-1\config-077fe1aa\job_config.yaml
atlas_het__node_classification__graphatlas_c__split0__seed2__c5a8e56d397d,c5a8e56d397d,0e672c999c335af7,atlas_het,node_classification,graphatlas_c,graphatlas_certified,2,0,1,outputs\.work\runs\atlas_het\graphatlas_c\split-0\seed-2\config-c5a8e56d,outputs\.work\runs\atlas_het\graphatlas_c\split-0\seed-2\config-c5a8e56d\job_config.yaml
atlas_het__node_classification__graphatlas_original__split0__seed0__5c1ff8bf118c,5c1ff8bf118c,0e672c999c335af7,atlas_het,node_classification,graphatlas_original,graphatlas,0,0,1,outputs\.work\runs\atlas_het\graphatlas_original\split-0\seed-0\config-5c1ff8bf,outputs\.work\runs\atlas_het\graphatlas_original\split-0\seed-0\config-5c1ff8bf\job_config.yaml
atlas_het__node_classification__graphatlas_original__split0__seed1__7f1b4062bae2,7f1b4062bae2,0e672c999c335af7,atlas_het,node_classification,graphatlas_original,graphatlas,1,0,1,outputs\.work\runs\atlas_het\graphatlas_original\split-0\seed-1\config-7f1b4062,outputs\.work\runs\atlas_het\graphatlas_original\split-0\seed-1\config-7f1b4062\job_config.yaml
atlas_het__node_classification__graphatlas_original__split0__seed2__1a6ca50b18d5,1a6ca50b18d5,0e672c999c335af7,atlas_het,node_classification,graphatlas_original,graphatlas,2,0,1,outputs\.work\runs\atlas_het\graphatlas_original\split-0\seed-2\config-1a6ca50b,outputs\.work\runs\atlas_het\graphatlas_original\split-0\seed-2\config-1a6ca50b\job_config.yaml
atlas_het__node_classification__graphatlas_free_transition__split0__seed0__63717c20e908,63717c20e908,0e672c999c335af7,atlas_het,node_classification,graphatlas_free_transition,graphatlas_free_transition,0,0,1,outputs\.work\runs\atlas_het\graphatlas_free_transition\split-0\seed-0\config-63717c20,outputs\.work\runs\atlas_het\graphatlas_free_transition\split-0\seed-0\config-63717c20\job_config.yaml
atlas_het__node_classification__graphatlas_free_transition__split0__seed1__d3ec4fbc6734,d3ec4fbc6734,0e672c999c335af7,atlas_het,node_classification,graphatlas_free_transition,graphatlas_free_transition,1,0,1,outputs\.work\runs\atlas_het\graphatlas_free_transition\split-0\seed-1\config-d3ec4fbc,outputs\.work\runs\atlas_het\graphatlas_free_transition\split-0\seed-1\config-d3ec4fbc\job_config.yaml
atlas_het__node_classification__graphatlas_free_transition__split0__seed2__5a7c0c736994,5a7c0c736994,0e672c999c335af7,atlas_het,node_classification,graphatlas_free_transition,graphatlas_free_transition,2,0,1,outputs\.work\runs\atlas_het\graphatlas_free_transition\split-0\seed-2\config-5a7c0c73,outputs\.work\runs\atlas_het\graphatlas_free_transition\split-0\seed-2\config-5a7c0c73\job_config.yaml
atlas_het__node_classification__graphatlas_no_transport__split0__seed0__7c3a4ae64fb6,7c3a4ae64fb6,0e672c999c335af7,atlas_het,node_classification,graphatlas_no_transport,graphatlas_no_transport,0,0,1,outputs\.work\runs\atlas_het\graphatlas_no_transport\split-0\seed-0\config-7c3a4ae6,outputs\.work\runs\atlas_het\graphatlas_no_transport\split-0\seed-0\config-7c3a4ae6\job_config.yaml
atlas_het__node_classification__graphatlas_no_transport__split0__seed1__953197e9f375,953197e9f375,0e672c999c335af7,atlas_het,node_classification,graphatlas_no_transport,graphatlas_no_transport,1,0,1,outputs\.work\runs\atlas_het\graphatlas_no_transport\split-0\seed-1\config-953197e9,outputs\.work\runs\atlas_het\graphatlas_no_transport\split-0\seed-1\config-953197e9\job_config.yaml
atlas_het__node_classification__graphatlas_no_transport__split0__seed2__8392e9f82ab3,8392e9f82ab3,0e672c999c335af7,atlas_het,node_classification,graphatlas_no_transport,graphatlas_no_transport,2,0,1,outputs\.work\runs\atlas_het\graphatlas_no_transport\split-0\seed-2\config-8392e9f8,outputs\.work\runs\atlas_het\graphatlas_no_transport\split-0\seed-2\config-8392e9f8\job_config.yaml
atlas_het__node_classification__graphatlas_c_oracle__split0__seed0__23c57d31962f,23c57d31962f,0e672c999c335af7,atlas_het,node_classification,graphatlas_c_oracle,graphatlas_certified,0,0,1,outputs\.work\runs\atlas_het\graphatlas_c_oracle\split-0\seed-0\config-23c57d31,outputs\.work\runs\atlas_het\graphatlas_c_oracle\split-0\seed-0\config-23c57d31\job_config.yaml
atlas_het__node_classification__graphatlas_c_oracle__split0__seed1__1b26fc2b23a8,1b26fc2b23a8,0e672c999c335af7,atlas_het,node_classification,graphatlas_c_oracle,graphatlas_certified,1,0,1,outputs\.work\runs\atlas_het\graphatlas_c_oracle\split-0\seed-1\config-1b26fc2b,outputs\.work\runs\atlas_het\graphatlas_c_oracle\split-0\seed-1\config-1b26fc2b\job_config.yaml
atlas_het__node_classification__graphatlas_c_oracle__split0__seed2__5ab94a4d52c8,5ab94a4d52c8,0e672c999c335af7,atlas_het,node_classification,graphatlas_c_oracle,graphatlas_certified,2,0,1,outputs\.work\runs\atlas_het\graphatlas_c_oracle\split-0\seed-2\config-5ab94a4d,outputs\.work\runs\atlas_het\graphatlas_c_oracle\split-0\seed-2\config-5ab94a4d\job_config.yaml
atlas_het__node_classification__graphatlas_c__split0__seed0__e76a7ecb7ea4,e76a7ecb7ea4,0e672c999c335af7,atlas_het,node_classification,graphatlas_c,graphatlas_certified,0,0,1,outputs\.work\runs\atlas_het\graphatlas_c\split-0\seed-0\config-e76a7ecb,outputs\.work\runs\atlas_het\graphatlas_c\split-0\seed-0\config-e76a7ecb\job_config.yaml
atlas_het__node_classification__graphatlas_c__split0__seed1__bd19a8ea471c,bd19a8ea471c,0e672c999c335af7,atlas_het,node_classification,graphatlas_c,graphatlas_certified,1,0,1,outputs\.work\runs\atlas_het\graphatlas_c\split-0\seed-1\config-bd19a8ea,outputs\.work\runs\atlas_het\graphatlas_c\split-0\seed-1\config-bd19a8ea\job_config.yaml
atlas_het__node_classification__graphatlas_c__split0__seed2__066f6b9265f4,066f6b9265f4,0e672c999c335af7,atlas_het,node_classification,graphatlas_c,graphatlas_certified,2,0,1,outputs\.work\runs\atlas_het\graphatlas_c\split-0\seed-2\config-066f6b92,outputs\.work\runs\atlas_het\graphatlas_c\split-0\seed-2\config-066f6b92\job_config.yaml
atlas_het__node_classification__graphatlas_original__split0__seed0__796a82f21c2f,796a82f21c2f,0e672c999c335af7,atlas_het,node_classification,graphatlas_original,graphatlas,0,0,1,outputs\.work\runs\atlas_het\graphatlas_original\split-0\seed-0\config-796a82f2,outputs\.work\runs\atlas_het\graphatlas_original\split-0\seed-0\config-796a82f2\job_config.yaml
atlas_het__node_classification__graphatlas_original__split0__seed1__2c56de475057,2c56de475057,0e672c999c335af7,atlas_het,node_classification,graphatlas_original,graphatlas,1,0,1,outputs\.work\runs\atlas_het\graphatlas_original\split-0\seed-1\config-2c56de47,outputs\.work\runs\atlas_het\graphatlas_original\split-0\seed-1\config-2c56de47\job_config.yaml
atlas_het__node_classification__graphatlas_original__split0__seed2__2a26d9a65ded,2a26d9a65ded,0e672c999c335af7,atlas_het,node_classification,graphatlas_original,graphatlas,2,0,1,outputs\.work\runs\atlas_het\graphatlas_original\split-0\seed-2\config-2a26d9a6,outputs\.work\runs\atlas_het\graphatlas_original\split-0\seed-2\config-2a26d9a6\job_config.yaml
atlas_het__node_classification__graphatlas_free_transition__split0__seed0__5e8d36b64bcb,5e8d36b64bcb,0e672c999c335af7,atlas_het,node_classification,graphatlas_free_transition,graphatlas_free_transition,0,0,1,outputs\.work\runs\atlas_het\graphatlas_free_transition\split-0\seed-0\config-5e8d36b6,outputs\.work\runs\atlas_het\graphatlas_free_transition\split-0\seed-0\config-5e8d36b6\job_config.yaml
atlas_het__node_classification__graphatlas_free_transition__split0__seed1__733e60ef972d,733e60ef972d,0e672c999c335af7,atlas_het,node_classification,graphatlas_free_transition,graphatlas_free_transition,1,0,1,outputs\.work\runs\atlas_het\graphatlas_free_transition\split-0\seed-1\config-733e60ef,outputs\.work\runs\atlas_het\graphatlas_free_transition\split-0\seed-1\config-733e60ef\job_config.yaml
atlas_het__node_classification__graphatlas_free_transition__split0__seed2__7b83106625df,7b83106625df,0e672c999c335af7,atlas_het,node_classification,graphatlas_free_transition,graphatlas_free_transition,2,0,1,outputs\.work\runs\atlas_het\graphatlas_free_transition\split-0\seed-2\config-7b831066,outputs\.work\runs\atlas_het\graphatlas_free_transition\split-0\seed-2\config-7b831066\job_config.yaml
atlas_het__node_classification__graphatlas_no_transport__split0__seed0__5c74b41a0e2d,5c74b41a0e2d,0e672c999c335af7,atlas_het,node_classification,graphatlas_no_transport,graphatlas_no_transport,0,0,1,outputs\.work\runs\atlas_het\graphatlas_no_transport\split-0\seed-0\config-5c74b41a,outputs\.work\runs\atlas_het\graphatlas_no_transport\split-0\seed-0\config-5c74b41a\job_config.yaml
atlas_het__node_classification__graphatlas_no_transport__split0__seed1__fa3349c396b6,fa3349c396b6,0e672c999c335af7,atlas_het,node_classification,graphatlas_no_transport,graphatlas_no_transport,1,0,1,outputs\.work\runs\atlas_het\graphatlas_no_transport\split-0\seed-1\config-fa3349c3,outputs\.work\runs\atlas_het\graphatlas_no_transport\split-0\seed-1\config-fa3349c3\job_config.yaml
atlas_het__node_classification__graphatlas_no_transport__split0__seed2__a27ca3341665,a27ca3341665,0e672c999c335af7,atlas_het,node_classification,graphatlas_no_transport,graphatlas_no_transport,2,0,1,outputs\.work\runs\atlas_het\graphatlas_no_transport\split-0\seed-2\config-a27ca334,outputs\.work\runs\atlas_het\graphatlas_no_transport\split-0\seed-2\config-a27ca334\job_config.yaml
atlas_het__node_classification__graphatlas_c_oracle__split0__seed0__8e227c6c10c9,8e227c6c10c9,0e672c999c335af7,atlas_het,node_classification,graphatlas_c_oracle,graphatlas_certified,0,0,1,outputs\.work\runs\atlas_het\graphatlas_c_oracle\split-0\seed-0\config-8e227c6c,outputs\.work\runs\atlas_het\graphatlas_c_oracle\split-0\seed-0\config-8e227c6c\job_config.yaml
atlas_het__node_classification__graphatlas_c_oracle__split0__seed1__50d1210dd111,50d1210dd111,0e672c999c335af7,atlas_het,node_classification,graphatlas_c_oracle,graphatlas_certified,1,0,1,outputs\.work\runs\atlas_het\graphatlas_c_oracle\split-0\seed-1\config-50d1210d,outputs\.work\runs\atlas_het\graphatlas_c_oracle\split-0\seed-1\config-50d1210d\job_config.yaml
atlas_het__node_classification__graphatlas_c_oracle__split0__seed2__4e1107c6ecc8,4e1107c6ecc8,0e672c999c335af7,atlas_het,node_classification,graphatlas_c_oracle,graphatlas_certified,2,0,1,outputs\.work\runs\atlas_het\graphatlas_c_oracle\split-0\seed-2\config-4e1107c6,outputs\.work\runs\atlas_het\graphatlas_c_oracle\split-0\seed-2\config-4e1107c6\job_config.yaml
atlas_het__node_classification__graphatlas_c__split0__seed0__f78cb0bb42d2,f78cb0bb42d2,0e672c999c335af7,atlas_het,node_classification,graphatlas_c,graphatlas_certified,0,0,1,outputs\.work\runs\atlas_het\graphatlas_c\split-0\seed-0\config-f78cb0bb,outputs\.work\runs\atlas_het\graphatlas_c\split-0\seed-0\config-f78cb0bb\job_config.yaml
atlas_het__node_classification__graphatlas_c__split0__seed1__33565d2fbb41,33565d2fbb41,0e672c999c335af7,atlas_het,node_classification,graphatlas_c,graphatlas_certified,1,0,1,outputs\.work\runs\atlas_het\graphatlas_c\split-0\seed-1\config-33565d2f,outputs\.work\runs\atlas_het\graphatlas_c\split-0\seed-1\config-33565d2f\job_config.yaml
atlas_het__node_classification__graphatlas_c__split0__seed2__c0d25261e531,c0d25261e531,0e672c999c335af7,atlas_het,node_classification,graphatlas_c,graphatlas_certified,2,0,1,outputs\.work\runs\atlas_het\graphatlas_c\split-0\seed-2\config-c0d25261,outputs\.work\runs\atlas_het\graphatlas_c\split-0\seed-2\config-c0d25261\job_config.yaml
atlas_het__node_classification__graphatlas_original__split0__seed0__1c74777dc7a9,1c74777dc7a9,0e672c999c335af7,atlas_het,node_classification,graphatlas_original,graphatlas,0,0,1,outputs\.work\runs\atlas_het\graphatlas_original\split-0\seed-0\config-1c74777d,outputs\.work\runs\atlas_het\graphatlas_original\split-0\seed-0\config-1c74777d\job_config.yaml
atlas_het__node_classification__graphatlas_original__split0__seed1__62f1ab8126cb,62f1ab8126cb,0e672c999c335af7,atlas_het,node_classification,graphatlas_original,graphatlas,1,0,1,outputs\.work\runs\atlas_het\graphatlas_original\split-0\seed-1\config-62f1ab81,outputs\.work\runs\atlas_het\graphatlas_original\split-0\seed-1\config-62f1ab81\job_config.yaml
atlas_het__node_classification__graphatlas_original__split0__seed2__0dc470c5e7bd,0dc470c5e7bd,0e672c999c335af7,atlas_het,node_classification,graphatlas_original,graphatlas,2,0,1,outputs\.work\runs\atlas_het\graphatlas_original\split-0\seed-2\config-0dc470c5,outputs\.work\runs\atlas_het\graphatlas_original\split-0\seed-2\config-0dc470c5\job_config.yaml
atlas_het__node_classification__graphatlas_free_transition__split0__seed0__8fb31bce8d23,8fb31bce8d23,0e672c999c335af7,atlas_het,node_classification,graphatlas_free_transition,graphatlas_free_transition,0,0,1,outputs\.work\runs\atlas_het\graphatlas_free_transition\split-0\seed-0\config-8fb31bce,outputs\.work\runs\atlas_het\graphatlas_free_transition\split-0\seed-0\config-8fb31bce\job_config.yaml
atlas_het__node_classification__graphatlas_free_transition__split0__seed1__589e6ff38d7f,589e6ff38d7f,0e672c999c335af7,atlas_het,node_classification,graphatlas_free_transition,graphatlas_free_transition,1,0,1,outputs\.work\runs\atlas_het\graphatlas_free_transition\split-0\seed-1\config-589e6ff3,outputs\.work\runs\atlas_het\graphatlas_free_transition\split-0\seed-1\config-589e6ff3\job_config.yaml
atlas_het__node_classification__graphatlas_free_transition__split0__seed2__e103473175ec,e103473175ec,0e672c999c335af7,atlas_het,node_classification,graphatlas_free_transition,graphatlas_free_transition,2,0,1,outputs\.work\runs\atlas_het\graphatlas_free_transition\split-0\seed-2\config-e1034731,outputs\.work\runs\atlas_het\graphatlas_free_transition\split-0\seed-2\config-e1034731\job_config.yaml
atlas_het__node_classification__graphatlas_no_transport__split0__seed0__a6da670593ef,a6da670593ef,0e672c999c335af7,atlas_het,node_classification,graphatlas_no_transport,graphatlas_no_transport,0,0,1,outputs\.work\runs\atlas_het\graphatlas_no_transport\split-0\seed-0\config-a6da6705,outputs\.work\runs\atlas_het\graphatlas_no_transport\split-0\seed-0\config-a6da6705\job_config.yaml
atlas_het__node_classification__graphatlas_no_transport__split0__seed1__b75c5922b559,b75c5922b559,0e672c999c335af7,atlas_het,node_classification,graphatlas_no_transport,graphatlas_no_transport,1,0,1,outputs\.work\runs\atlas_het\graphatlas_no_transport\split-0\seed-1\config-b75c5922,outputs\.work\runs\atlas_het\graphatlas_no_transport\split-0\seed-1\config-b75c5922\job_config.yaml
atlas_het__node_classification__graphatlas_no_transport__split0__seed2__e28e120219eb,e28e120219eb,0e672c999c335af7,atlas_het,node_classification,graphatlas_no_transport,graphatlas_no_transport,2,0,1,outputs\.work\runs\atlas_het\graphatlas_no_transport\split-0\seed-2\config-e28e1202,outputs\.work\runs\atlas_het\graphatlas_no_transport\split-0\seed-2\config-e28e1202\job_config.yaml
atlas_het__node_classification__graphatlas_c_oracle__split0__seed0__ba74f139cbd3,ba74f139cbd3,0e672c999c335af7,atlas_het,node_classification,graphatlas_c_oracle,graphatlas_certified,0,0,1,outputs\.work\runs\atlas_het\graphatlas_c_oracle\split-0\seed-0\config-ba74f139,outputs\.work\runs\atlas_het\graphatlas_c_oracle\split-0\seed-0\config-ba74f139\job_config.yaml
atlas_het__node_classification__graphatlas_c_oracle__split0__seed1__c24af75f6508,c24af75f6508,0e672c999c335af7,atlas_het,node_classification,graphatlas_c_oracle,graphatlas_certified,1,0,1,outputs\.work\runs\atlas_het\graphatlas_c_oracle\split-0\seed-1\config-c24af75f,outputs\.work\runs\atlas_het\graphatlas_c_oracle\split-0\seed-1\config-c24af75f\job_config.yaml
atlas_het__node_classification__graphatlas_c_oracle__split0__seed2__bb2bd88f0667,bb2bd88f0667,0e672c999c335af7,atlas_het,node_classification,graphatlas_c_oracle,graphatlas_certified,2,0,1,outputs\.work\runs\atlas_het\graphatlas_c_oracle\split-0\seed-2\config-bb2bd88f,outputs\.work\runs\atlas_het\graphatlas_c_oracle\split-0\seed-2\config-bb2bd88f\job_config.yaml
atlas_het__node_classification__graphatlas_c__split0__seed0__b0d54b053842,b0d54b053842,0e672c999c335af7,atlas_het,node_classification,graphatlas_c,graphatlas_certified,0,0,1,outputs\.work\runs\atlas_het\graphatlas_c\split-0\seed-0\config-b0d54b05,outputs\.work\runs\atlas_het\graphatlas_c\split-0\seed-0\config-b0d54b05\job_config.yaml
atlas_het__node_classification__graphatlas_c__split0__seed1__534e8d4ae14b,534e8d4ae14b,0e672c999c335af7,atlas_het,node_classification,graphatlas_c,graphatlas_certified,1,0,1,outputs\.work\runs\atlas_het\graphatlas_c\split-0\seed-1\config-534e8d4a,outputs\.work\runs\atlas_het\graphatlas_c\split-0\seed-1\config-534e8d4a\job_config.yaml
atlas_het__node_classification__graphatlas_c__split0__seed2__8b79fe418522,8b79fe418522,0e672c999c335af7,atlas_het,node_classification,graphatlas_c,graphatlas_certified,2,0,1,outputs\.work\runs\atlas_het\graphatlas_c\split-0\seed-2\config-8b79fe41,outputs\.work\runs\atlas_het\graphatlas_c\split-0\seed-2\config-8b79fe41\job_config.yaml
atlas_het__node_classification__graphatlas_original__split0__seed0__98d56ea4ff87,98d56ea4ff87,0e672c999c335af7,atlas_het,node_classification,graphatlas_original,graphatlas,0,0,1,outputs\.work\runs\atlas_het\graphatlas_original\split-0\seed-0\config-98d56ea4,outputs\.work\runs\atlas_het\graphatlas_original\split-0\seed-0\config-98d56ea4\job_config.yaml
atlas_het__node_classification__graphatlas_original__split0__seed1__16800ac87ea9,16800ac87ea9,0e672c999c335af7,atlas_het,node_classification,graphatlas_original,graphatlas,1,0,1,outputs\.work\runs\atlas_het\graphatlas_original\split-0\seed-1\config-16800ac8,outputs\.work\runs\atlas_het\graphatlas_original\split-0\seed-1\config-16800ac8\job_config.yaml
atlas_het__node_classification__graphatlas_original__split0__seed2__3a84433c50f0,3a84433c50f0,0e672c999c335af7,atlas_het,node_classification,graphatlas_original,graphatlas,2,0,1,outputs\.work\runs\atlas_het\graphatlas_original\split-0\seed-2\config-3a84433c,outputs\.work\runs\atlas_het\graphatlas_original\split-0\seed-2\config-3a84433c\job_config.yaml
atlas_het__node_classification__graphatlas_free_transition__split0__seed0__85d8668633e6,85d8668633e6,0e672c999c335af7,atlas_het,node_classification,graphatlas_free_transition,graphatlas_free_transition,0,0,1,outputs\.work\runs\atlas_het\graphatlas_free_transition\split-0\seed-0\config-85d86686,outputs\.work\runs\atlas_het\graphatlas_free_transition\split-0\seed-0\config-85d86686\job_config.yaml
atlas_het__node_classification__graphatlas_free_transition__split0__seed1__650bb5007c88,650bb5007c88,0e672c999c335af7,atlas_het,node_classification,graphatlas_free_transition,graphatlas_free_transition,1,0,1,outputs\.work\runs\atlas_het\graphatlas_free_transition\split-0\seed-1\config-650bb500,outputs\.work\runs\atlas_het\graphatlas_free_transition\split-0\seed-1\config-650bb500\job_config.yaml
atlas_het__node_classification__graphatlas_free_transition__split0__seed2__93b27b13f110,93b27b13f110,0e672c999c335af7,atlas_het,node_classification,graphatlas_free_transition,graphatlas_free_transition,2,0,1,outputs\.work\runs\atlas_het\graphatlas_free_transition\split-0\seed-2\config-93b27b13,outputs\.work\runs\atlas_het\graphatlas_free_transition\split-0\seed-2\config-93b27b13\job_config.yaml
atlas_het__node_classification__graphatlas_no_transport__split0__seed0__7f056cb47ea6,7f056cb47ea6,0e672c999c335af7,atlas_het,node_classification,graphatlas_no_transport,graphatlas_no_transport,0,0,1,outputs\.work\runs\atlas_het\graphatlas_no_transport\split-0\seed-0\config-7f056cb4,outputs\.work\runs\atlas_het\graphatlas_no_transport\split-0\seed-0\config-7f056cb4\job_config.yaml
atlas_het__node_classification__graphatlas_no_transport__split0__seed1__fcbf18289a6c,fcbf18289a6c,0e672c999c335af7,atlas_het,node_classification,graphatlas_no_transport,graphatlas_no_transport,1,0,1,outputs\.work\runs\atlas_het\graphatlas_no_transport\split-0\seed-1\config-fcbf1828,outputs\.work\runs\atlas_het\graphatlas_no_transport\split-0\seed-1\config-fcbf1828\job_config.yaml
atlas_het__node_classification__graphatlas_no_transport__split0__seed2__547f0d324dc2,547f0d324dc2,0e672c999c335af7,atlas_het,node_classification,graphatlas_no_transport,graphatlas_no_transport,2,0,1,outputs\.work\runs\atlas_het\graphatlas_no_transport\split-0\seed-2\config-547f0d32,outputs\.work\runs\atlas_het\graphatlas_no_transport\split-0\seed-2\config-547f0d32\job_config.yaml
atlas_het__node_classification__graphatlas_c_oracle__split0__seed0__30d14391d4dc,30d14391d4dc,0e672c999c335af7,atlas_het,node_classification,graphatlas_c_oracle,graphatlas_certified,0,0,1,outputs\.work\runs\atlas_het\graphatlas_c_oracle\split-0\seed-0\config-30d14391,outputs\.work\runs\atlas_het\graphatlas_c_oracle\split-0\seed-0\config-30d14391\job_config.yaml
atlas_het__node_classification__graphatlas_c_oracle__split0__seed1__9a4628c822fa,9a4628c822fa,0e672c999c335af7,atlas_het,node_classification,graphatlas_c_oracle,graphatlas_certified,1,0,1,outputs\.work\runs\atlas_het\graphatlas_c_oracle\split-0\seed-1\config-9a4628c8,outputs\.work\runs\atlas_het\graphatlas_c_oracle\split-0\seed-1\config-9a4628c8\job_config.yaml
atlas_het__node_classification__graphatlas_c_oracle__split0__seed2__a41e5a9d3380,a41e5a9d3380,0e672c999c335af7,atlas_het,node_classification,graphatlas_c_oracle,graphatlas_certified,2,0,1,outputs\.work\runs\atlas_het\graphatlas_c_oracle\split-0\seed-2\config-a41e5a9d,outputs\.work\runs\atlas_het\graphatlas_c_oracle\split-0\seed-2\config-a41e5a9d\job_config.yaml
atlas_het__node_classification__graphatlas_c__split0__seed0__ce11382c3660,ce11382c3660,0e672c999c335af7,atlas_het,node_classification,graphatlas_c,graphatlas_certified,0,0,1,outputs\.work\runs\atlas_het\graphatlas_c\split-0\seed-0\config-ce11382c,outputs\.work\runs\atlas_het\graphatlas_c\split-0\seed-0\config-ce11382c\job_config.yaml
atlas_het__node_classification__graphatlas_c__split0__seed1__f0c65c54b9c3,f0c65c54b9c3,0e672c999c335af7,atlas_het,node_classification,graphatlas_c,graphatlas_certified,1,0,1,outputs\.work\runs\atlas_het\graphatlas_c\split-0\seed-1\config-f0c65c54,outputs\.work\runs\atlas_het\graphatlas_c\split-0\seed-1\config-f0c65c54\job_config.yaml
atlas_het__node_classification__graphatlas_c__split0__seed2__17bb3077f180,17bb3077f180,0e672c999c335af7,atlas_het,node_classification,graphatlas_c,graphatlas_certified,2,0,1,outputs\.work\runs\atlas_het\graphatlas_c\split-0\seed-2\config-17bb3077,outputs\.work\runs\atlas_het\graphatlas_c\split-0\seed-2\config-17bb3077\job_config.yaml
atlas_het__node_classification__graphatlas_original__split0__seed0__e407e4a30041,e407e4a30041,0e672c999c335af7,atlas_het,node_classification,graphatlas_original,graphatlas,0,0,1,outputs\.work\runs\atlas_het\graphatlas_original\split-0\seed-0\config-e407e4a3,outputs\.work\runs\atlas_het\graphatlas_original\split-0\seed-0\config-e407e4a3\job_config.yaml
atlas_het__node_classification__graphatlas_original__split0__seed1__1cd82be8f058,1cd82be8f058,0e672c999c335af7,atlas_het,node_classification,graphatlas_original,graphatlas,1,0,1,outputs\.work\runs\atlas_het\graphatlas_original\split-0\seed-1\config-1cd82be8,outputs\.work\runs\atlas_het\graphatlas_original\split-0\seed-1\config-1cd82be8\job_config.yaml
atlas_het__node_classification__graphatlas_original__split0__seed2__d25aa1ac6954,d25aa1ac6954,0e672c999c335af7,atlas_het,node_classification,graphatlas_original,graphatlas,2,0,1,outputs\.work\runs\atlas_het\graphatlas_original\split-0\seed-2\config-d25aa1ac,outputs\.work\runs\atlas_het\graphatlas_original\split-0\seed-2\config-d25aa1ac\job_config.yaml
atlas_het__node_classification__graphatlas_free_transition__split0__seed0__f7dcfda8755d,f7dcfda8755d,0e672c999c335af7,atlas_het,node_classification,graphatlas_free_transition,graphatlas_free_transition,0,0,1,outputs\.work\runs\atlas_het\graphatlas_free_transition\split-0\seed-0\config-f7dcfda8,outputs\.work\runs\atlas_het\graphatlas_free_transition\split-0\seed-0\config-f7dcfda8\job_config.yaml
atlas_het__node_classification__graphatlas_free_transition__split0__seed1__5fd609129895,5fd609129895,0e672c999c335af7,atlas_het,node_classification,graphatlas_free_transition,graphatlas_free_transition,1,0,1,outputs\.work\runs\atlas_het\graphatlas_free_transition\split-0\seed-1\config-5fd60912,outputs\.work\runs\atlas_het\graphatlas_free_transition\split-0\seed-1\config-5fd60912\job_config.yaml
atlas_het__node_classification__graphatlas_free_transition__split0__seed2__32c8f9fce333,32c8f9fce333,0e672c999c335af7,atlas_het,node_classification,graphatlas_free_transition,graphatlas_free_transition,2,0,1,outputs\.work\runs\atlas_het\graphatlas_free_transition\split-0\seed-2\config-32c8f9fc,outputs\.work\runs\atlas_het\graphatlas_free_transition\split-0\seed-2\config-32c8f9fc\job_config.yaml
atlas_het__node_classification__graphatlas_no_transport__split0__seed0__80431cf1dfae,80431cf1dfae,0e672c999c335af7,atlas_het,node_classification,graphatlas_no_transport,graphatlas_no_transport,0,0,1,outputs\.work\runs\atlas_het\graphatlas_no_transport\split-0\seed-0\config-80431cf1,outputs\.work\runs\atlas_het\graphatlas_no_transport\split-0\seed-0\config-80431cf1\job_config.yaml
atlas_het__node_classification__graphatlas_no_transport__split0__seed1__1a9a0b9c8146,1a9a0b9c8146,0e672c999c335af7,atlas_het,node_classification,graphatlas_no_transport,graphatlas_no_transport,1,0,1,outputs\.work\runs\atlas_het\graphatlas_no_transport\split-0\seed-1\config-1a9a0b9c,outputs\.work\runs\atlas_het\graphatlas_no_transport\split-0\seed-1\config-1a9a0b9c\job_config.yaml
atlas_het__node_classification__graphatlas_no_transport__split0__seed2__0e4cfe855b25,0e4cfe855b25,0e672c999c335af7,atlas_het,node_classification,graphatlas_no_transport,graphatlas_no_transport,2,0,1,outputs\.work\runs\atlas_het\graphatlas_no_transport\split-0\seed-2\config-0e4cfe85,outputs\.work\runs\atlas_het\graphatlas_no_transport\split-0\seed-2\config-0e4cfe85\job_config.yaml
atlas_het__node_classification__graphatlas_c_oracle__split0__seed0__8b15a2bc7f78,8b15a2bc7f78,0e672c999c335af7,atlas_het,node_classification,graphatlas_c_oracle,graphatlas_certified,0,0,1,outputs\.work\runs\atlas_het\graphatlas_c_oracle\split-0\seed-0\config-8b15a2bc,outputs\.work\runs\atlas_het\graphatlas_c_oracle\split-0\seed-0\config-8b15a2bc\job_config.yaml
atlas_het__node_classification__graphatlas_c_oracle__split0__seed1__2f2d9557b282,2f2d9557b282,0e672c999c335af7,atlas_het,node_classification,graphatlas_c_oracle,graphatlas_certified,1,0,1,outputs\.work\runs\atlas_het\graphatlas_c_oracle\split-0\seed-1\config-2f2d9557,outputs\.work\runs\atlas_het\graphatlas_c_oracle\split-0\seed-1\config-2f2d9557\job_config.yaml
atlas_het__node_classification__graphatlas_c_oracle__split0__seed2__91d1b886de7e,91d1b886de7e,0e672c999c335af7,atlas_het,node_classification,graphatlas_c_oracle,graphatlas_certified,2,0,1,outputs\.work\runs\atlas_het\graphatlas_c_oracle\split-0\seed-2\config-91d1b886,outputs\.work\runs\atlas_het\graphatlas_c_oracle\split-0\seed-2\config-91d1b886\job_config.yaml
atlas_het__node_classification__graphatlas_c__split0__seed0__4a8259fb530b,4a8259fb530b,0e672c999c335af7,atlas_het,node_classification,graphatlas_c,graphatlas_certified,0,0,1,outputs\.work\runs\atlas_het\graphatlas_c\split-0\seed-0\config-4a8259fb,outputs\.work\runs\atlas_het\graphatlas_c\split-0\seed-0\config-4a8259fb\job_config.yaml
atlas_het__node_classification__graphatlas_c__split0__seed1__0867b91e4931,0867b91e4931,0e672c999c335af7,atlas_het,node_classification,graphatlas_c,graphatlas_certified,1,0,1,outputs\.work\runs\atlas_het\graphatlas_c\split-0\seed-1\config-0867b91e,outputs\.work\runs\atlas_het\graphatlas_c\split-0\seed-1\config-0867b91e\job_config.yaml
atlas_het__node_classification__graphatlas_c__split0__seed2__c1c383dc5ac4,c1c383dc5ac4,0e672c999c335af7,atlas_het,node_classification,graphatlas_c,graphatlas_certified,2,0,1,outputs\.work\runs\atlas_het\graphatlas_c\split-0\seed-2\config-c1c383dc,outputs\.work\runs\atlas_het\graphatlas_c\split-0\seed-2\config-c1c383dc\job_config.yaml
atlas_het__node_classification__graphatlas_original__split0__seed0__4f02fff2f79d,4f02fff2f79d,0e672c999c335af7,atlas_het,node_classification,graphatlas_original,graphatlas,0,0,1,outputs\.work\runs\atlas_het\graphatlas_original\split-0\seed-0\config-4f02fff2,outputs\.work\runs\atlas_het\graphatlas_original\split-0\seed-0\config-4f02fff2\job_config.yaml
atlas_het__node_classification__graphatlas_original__split0__seed1__c6ecbf66c849,c6ecbf66c849,0e672c999c335af7,atlas_het,node_classification,graphatlas_original,graphatlas,1,0,1,outputs\.work\runs\atlas_het\graphatlas_original\split-0\seed-1\config-c6ecbf66,outputs\.work\runs\atlas_het\graphatlas_original\split-0\seed-1\config-c6ecbf66\job_config.yaml
atlas_het__node_classification__graphatlas_original__split0__seed2__e4796bd1ff1b,e4796bd1ff1b,0e672c999c335af7,atlas_het,node_classification,graphatlas_original,graphatlas,2,0,1,outputs\.work\runs\atlas_het\graphatlas_original\split-0\seed-2\config-e4796bd1,outputs\.work\runs\atlas_het\graphatlas_original\split-0\seed-2\config-e4796bd1\job_config.yaml
atlas_het__node_classification__graphatlas_free_transition__split0__seed0__df16454fcef6,df16454fcef6,0e672c999c335af7,atlas_het,node_classification,graphatlas_free_transition,graphatlas_free_transition,0,0,1,outputs\.work\runs\atlas_het\graphatlas_free_transition\split-0\seed-0\config-df16454f,outputs\.work\runs\atlas_het\graphatlas_free_transition\split-0\seed-0\config-df16454f\job_config.yaml
atlas_het__node_classification__graphatlas_free_transition__split0__seed1__01b3f15b4a38,01b3f15b4a38,0e672c999c335af7,atlas_het,node_classification,graphatlas_free_transition,graphatlas_free_transition,1,0,1,outputs\.work\runs\atlas_het\graphatlas_free_transition\split-0\seed-1\config-01b3f15b,outputs\.work\runs\atlas_het\graphatlas_free_transition\split-0\seed-1\config-01b3f15b\job_config.yaml
atlas_het__node_classification__graphatlas_free_transition__split0__seed2__e237364c915c,e237364c915c,0e672c999c335af7,atlas_het,node_classification,graphatlas_free_transition,graphatlas_free_transition,2,0,1,outputs\.work\runs\atlas_het\graphatlas_free_transition\split-0\seed-2\config-e237364c,outputs\.work\runs\atlas_het\graphatlas_free_transition\split-0\seed-2\config-e237364c\job_config.yaml
atlas_het__node_classification__graphatlas_no_transport__split0__seed0__ed042494c004,ed042494c004,0e672c999c335af7,atlas_het,node_classification,graphatlas_no_transport,graphatlas_no_transport,0,0,1,outputs\.work\runs\atlas_het\graphatlas_no_transport\split-0\seed-0\config-ed042494,outputs\.work\runs\atlas_het\graphatlas_no_transport\split-0\seed-0\config-ed042494\job_config.yaml
atlas_het__node_classification__graphatlas_no_transport__split0__seed1__df36dfa05c7c,df36dfa05c7c,0e672c999c335af7,atlas_het,node_classification,graphatlas_no_transport,graphatlas_no_transport,1,0,1,outputs\.work\runs\atlas_het\graphatlas_no_transport\split-0\seed-1\config-df36dfa0,outputs\.work\runs\atlas_het\graphatlas_no_transport\split-0\seed-1\config-df36dfa0\job_config.yaml
atlas_het__node_classification__graphatlas_no_transport__split0__seed2__dd163bdfde51,dd163bdfde51,0e672c999c335af7,atlas_het,node_classification,graphatlas_no_transport,graphatlas_no_transport,2,0,1,outputs\.work\runs\atlas_het\graphatlas_no_transport\split-0\seed-2\config-dd163bdf,outputs\.work\runs\atlas_het\graphatlas_no_transport\split-0\seed-2\config-dd163bdf\job_config.yaml
atlas_het__node_classification__graphatlas_c_oracle__split0__seed0__a4a85b3707aa,a4a85b3707aa,0e672c999c335af7,atlas_het,node_classification,graphatlas_c_oracle,graphatlas_certified,0,0,1,outputs\.work\runs\atlas_het\graphatlas_c_oracle\split-0\seed-0\config-a4a85b37,outputs\.work\runs\atlas_het\graphatlas_c_oracle\split-0\seed-0\config-a4a85b37\job_config.yaml
atlas_het__node_classification__graphatlas_c_oracle__split0__seed1__7c991291ca0c,7c991291ca0c,0e672c999c335af7,atlas_het,node_classification,graphatlas_c_oracle,graphatlas_certified,1,0,1,outputs\.work\runs\atlas_het\graphatlas_c_oracle\split-0\seed-1\config-7c991291,outputs\.work\runs\atlas_het\graphatlas_c_oracle\split-0\seed-1\config-7c991291\job_config.yaml
atlas_het__node_classification__graphatlas_c_oracle__split0__seed2__390ceb13a3a7,390ceb13a3a7,0e672c999c335af7,atlas_het,node_classification,graphatlas_c_oracle,graphatlas_certified,2,0,1,outputs\.work\runs\atlas_het\graphatlas_c_oracle\split-0\seed-2\config-390ceb13,outputs\.work\runs\atlas_het\graphatlas_c_oracle\split-0\seed-2\config-390ceb13\job_config.yaml
atlas_het__node_classification__graphatlas_c__split0__seed0__c323c5f6aa29,c323c5f6aa29,0e672c999c335af7,atlas_het,node_classification,graphatlas_c,graphatlas_certified,0,0,1,outputs\.work\runs\atlas_het\graphatlas_c\split-0\seed-0\config-c323c5f6,outputs\.work\runs\atlas_het\graphatlas_c\split-0\seed-0\config-c323c5f6\job_config.yaml
atlas_het__node_classification__graphatlas_c__split0__seed1__d6bbeebd11f1,d6bbeebd11f1,0e672c999c335af7,atlas_het,node_classification,graphatlas_c,graphatlas_certified,1,0,1,outputs\.work\runs\atlas_het\graphatlas_c\split-0\seed-1\config-d6bbeebd,outputs\.work\runs\atlas_het\graphatlas_c\split-0\seed-1\config-d6bbeebd\job_config.yaml
atlas_het__node_classification__graphatlas_c__split0__seed2__749f5834803d,749f5834803d,0e672c999c335af7,atlas_het,node_classification,graphatlas_c,graphatlas_certified,2,0,1,outputs\.work\runs\atlas_het\graphatlas_c\split-0\seed-2\config-749f5834,outputs\.work\runs\atlas_het\graphatlas_c\split-0\seed-2\config-749f5834\job_config.yaml
atlas_het__node_classification__graphatlas_original__split0__seed0__c3b9a6cb6a9c,c3b9a6cb6a9c,0e672c999c335af7,atlas_het,node_classification,graphatlas_original,graphatlas,0,0,1,outputs\.work\runs\atlas_het\graphatlas_original\split-0\seed-0\config-c3b9a6cb,outputs\.work\runs\atlas_het\graphatlas_original\split-0\seed-0\config-c3b9a6cb\job_config.yaml
atlas_het__node_classification__graphatlas_original__split0__seed1__5c693abca2c6,5c693abca2c6,0e672c999c335af7,atlas_het,node_classification,graphatlas_original,graphatlas,1,0,1,outputs\.work\runs\atlas_het\graphatlas_original\split-0\seed-1\config-5c693abc,outputs\.work\runs\atlas_het\graphatlas_original\split-0\seed-1\config-5c693abc\job_config.yaml
atlas_het__node_classification__graphatlas_original__split0__seed2__4af3857eeed5,4af3857eeed5,0e672c999c335af7,atlas_het,node_classification,graphatlas_original,graphatlas,2,0,1,outputs\.work\runs\atlas_het\graphatlas_original\split-0\seed-2\config-4af3857e,outputs\.work\runs\atlas_het\graphatlas_original\split-0\seed-2\config-4af3857e\job_config.yaml
atlas_het__node_classification__graphatlas_free_transition__split0__seed0__585e751d1d25,585e751d1d25,0e672c999c335af7,atlas_het,node_classification,graphatlas_free_transition,graphatlas_free_transition,0,0,1,outputs\.work\runs\atlas_het\graphatlas_free_transition\split-0\seed-0\config-585e751d,outputs\.work\runs\atlas_het\graphatlas_free_transition\split-0\seed-0\config-585e751d\job_config.yaml
atlas_het__node_classification__graphatlas_free_transition__split0__seed1__0cf07aeee206,0cf07aeee206,0e672c999c335af7,atlas_het,node_classification,graphatlas_free_transition,graphatlas_free_transition,1,0,1,outputs\.work\runs\atlas_het\graphatlas_free_transition\split-0\seed-1\config-0cf07aee,outputs\.work\runs\atlas_het\graphatlas_free_transition\split-0\seed-1\config-0cf07aee\job_config.yaml
atlas_het__node_classification__graphatlas_free_transition__split0__seed2__ed49fafcc2a7,ed49fafcc2a7,0e672c999c335af7,atlas_het,node_classification,graphatlas_free_transition,graphatlas_free_transition,2,0,1,outputs\.work\runs\atlas_het\graphatlas_free_transition\split-0\seed-2\config-ed49fafc,outputs\.work\runs\atlas_het\graphatlas_free_transition\split-0\seed-2\config-ed49fafc\job_config.yaml
atlas_het__node_classification__graphatlas_no_transport__split0__seed0__b50b1b1c46b5,b50b1b1c46b5,0e672c999c335af7,atlas_het,node_classification,graphatlas_no_transport,graphatlas_no_transport,0,0,1,outputs\.work\runs\atlas_het\graphatlas_no_transport\split-0\seed-0\config-b50b1b1c,outputs\.work\runs\atlas_het\graphatlas_no_transport\split-0\seed-0\config-b50b1b1c\job_config.yaml
atlas_het__node_classification__graphatlas_no_transport__split0__seed1__fd4f9aebdc72,fd4f9aebdc72,0e672c999c335af7,atlas_het,node_classification,graphatlas_no_transport,graphatlas_no_transport,1,0,1,outputs\.work\runs\atlas_het\graphatlas_no_transport\split-0\seed-1\config-fd4f9aeb,outputs\.work\runs\atlas_het\graphatlas_no_transport\split-0\seed-1\config-fd4f9aeb\job_config.yaml
atlas_het__node_classification__graphatlas_no_transport__split0__seed2__02da0475b3da,02da0475b3da,0e672c999c335af7,atlas_het,node_classification,graphatlas_no_transport,graphatlas_no_transport,2,0,1,outputs\.work\runs\atlas_het\graphatlas_no_transport\split-0\seed-2\config-02da0475,outputs\.work\runs\atlas_het\graphatlas_no_transport\split-0\seed-2\config-02da0475\job_config.yaml
atlas_het__node_classification__graphatlas_c_oracle__split0__seed0__0c720e55c0f9,0c720e55c0f9,0e672c999c335af7,atlas_het,node_classification,graphatlas_c_oracle,graphatlas_certified,0,0,1,outputs\.work\runs\atlas_het\graphatlas_c_oracle\split-0\seed-0\config-0c720e55,outputs\.work\runs\atlas_het\graphatlas_c_oracle\split-0\seed-0\config-0c720e55\job_config.yaml
atlas_het__node_classification__graphatlas_c_oracle__split0__seed1__ec68ba8c2b5d,ec68ba8c2b5d,0e672c999c335af7,atlas_het,node_classification,graphatlas_c_oracle,graphatlas_certified,1,0,1,outputs\.work\runs\atlas_het\graphatlas_c_oracle\split-0\seed-1\config-ec68ba8c,outputs\.work\runs\atlas_het\graphatlas_c_oracle\split-0\seed-1\config-ec68ba8c\job_config.yaml
atlas_het__node_classification__graphatlas_c_oracle__split0__seed2__b41152699f30,b41152699f30,0e672c999c335af7,atlas_het,node_classification,graphatlas_c_oracle,graphatlas_certified,2,0,1,outputs\.work\runs\atlas_het\graphatlas_c_oracle\split-0\seed-2\config-b4115269,outputs\.work\runs\atlas_het\graphatlas_c_oracle\split-0\seed-2\config-b4115269\job_config.yaml
atlas_het__node_classification__graphatlas_c__split0__seed0__72337e409582,72337e409582,0e672c999c335af7,atlas_het,node_classification,graphatlas_c,graphatlas_certified,0,0,1,outputs\.work\runs\atlas_het\graphatlas_c\split-0\seed-0\config-72337e40,outputs\.work\runs\atlas_het\graphatlas_c\split-0\seed-0\config-72337e40\job_config.yaml
atlas_het__node_classification__graphatlas_c__split0__seed1__3a5b33b5bb14,3a5b33b5bb14,0e672c999c335af7,atlas_het,node_classification,graphatlas_c,graphatlas_certified,1,0,1,outputs\.work\runs\atlas_het\graphatlas_c\split-0\seed-1\config-3a5b33b5,outputs\.work\runs\atlas_het\graphatlas_c\split-0\seed-1\config-3a5b33b5\job_config.yaml
atlas_het__node_classification__graphatlas_c__split0__seed2__deb574e16940,deb574e16940,0e672c999c335af7,atlas_het,node_classification,graphatlas_c,graphatlas_certified,2,0,1,outputs\.work\runs\atlas_het\graphatlas_c\split-0\seed-2\config-deb574e1,outputs\.work\runs\atlas_het\graphatlas_c\split-0\seed-2\config-deb574e1\job_config.yaml
atlas_het__node_classification__graphatlas_original__split0__seed0__5ddaf85b84d7,5ddaf85b84d7,0e672c999c335af7,atlas_het,node_classification,graphatlas_original,graphatlas,0,0,1,outputs\.work\runs\atlas_het\graphatlas_original\split-0\seed-0\config-5ddaf85b,outputs\.work\runs\atlas_het\graphatlas_original\split-0\seed-0\config-5ddaf85b\job_config.yaml
atlas_het__node_classification__graphatlas_original__split0__seed1__cbf39dba47d8,cbf39dba47d8,0e672c999c335af7,atlas_het,node_classification,graphatlas_original,graphatlas,1,0,1,outputs\.work\runs\atlas_het\graphatlas_original\split-0\seed-1\config-cbf39dba,outputs\.work\runs\atlas_het\graphatlas_original\split-0\seed-1\config-cbf39dba\job_config.yaml
atlas_het__node_classification__graphatlas_original__split0__seed2__20ff685514db,20ff685514db,0e672c999c335af7,atlas_het,node_classification,graphatlas_original,graphatlas,2,0,1,outputs\.work\runs\atlas_het\graphatlas_original\split-0\seed-2\config-20ff6855,outputs\.work\runs\atlas_het\graphatlas_original\split-0\seed-2\config-20ff6855\job_config.yaml
atlas_het__node_classification__graphatlas_free_transition__split0__seed0__892085fe1b3b,892085fe1b3b,0e672c999c335af7,atlas_het,node_classification,graphatlas_free_transition,graphatlas_free_transition,0,0,1,outputs\.work\runs\atlas_het\graphatlas_free_transition\split-0\seed-0\config-892085fe,outputs\.work\runs\atlas_het\graphatlas_free_transition\split-0\seed-0\config-892085fe\job_config.yaml
atlas_het__node_classification__graphatlas_free_transition__split0__seed1__450174030155,450174030155,0e672c999c335af7,atlas_het,node_classification,graphatlas_free_transition,graphatlas_free_transition,1,0,1,outputs\.work\runs\atlas_het\graphatlas_free_transition\split-0\seed-1\config-45017403,outputs\.work\runs\atlas_het\graphatlas_free_transition\split-0\seed-1\config-45017403\job_config.yaml
atlas_het__node_classification__graphatlas_free_transition__split0__seed2__32923db07bd4,32923db07bd4,0e672c999c335af7,atlas_het,node_classification,graphatlas_free_transition,graphatlas_free_transition,2,0,1,outputs\.work\runs\atlas_het\graphatlas_free_transition\split-0\seed-2\config-32923db0,outputs\.work\runs\atlas_het\graphatlas_free_transition\split-0\seed-2\config-32923db0\job_config.yaml
atlas_het__node_classification__graphatlas_no_transport__split0__seed0__089a65cc5a3a,089a65cc5a3a,0e672c999c335af7,atlas_het,node_classification,graphatlas_no_transport,graphatlas_no_transport,0,0,1,outputs\.work\runs\atlas_het\graphatlas_no_transport\split-0\seed-0\config-089a65cc,outputs\.work\runs\atlas_het\graphatlas_no_transport\split-0\seed-0\config-089a65cc\job_config.yaml
atlas_het__node_classification__graphatlas_no_transport__split0__seed1__5e8ed430d417,5e8ed430d417,0e672c999c335af7,atlas_het,node_classification,graphatlas_no_transport,graphatlas_no_transport,1,0,1,outputs\.work\runs\atlas_het\graphatlas_no_transport\split-0\seed-1\config-5e8ed430,outputs\.work\runs\atlas_het\graphatlas_no_transport\split-0\seed-1\config-5e8ed430\job_config.yaml
atlas_het__node_classification__graphatlas_no_transport__split0__seed2__3531d7d99bf8,3531d7d99bf8,0e672c999c335af7,atlas_het,node_classification,graphatlas_no_transport,graphatlas_no_transport,2,0,1,outputs\.work\runs\atlas_het\graphatlas_no_transport\split-0\seed-2\config-3531d7d9,outputs\.work\runs\atlas_het\graphatlas_no_transport\split-0\seed-2\config-3531d7d9\job_config.yaml
atlas_het__node_classification__graphatlas_c_oracle__split0__seed0__bba62f7739ec,bba62f7739ec,0e672c999c335af7,atlas_het,node_classification,graphatlas_c_oracle,graphatlas_certified,0,0,1,outputs\.work\runs\atlas_het\graphatlas_c_oracle\split-0\seed-0\config-bba62f77,outputs\.work\runs\atlas_het\graphatlas_c_oracle\split-0\seed-0\config-bba62f77\job_config.yaml
atlas_het__node_classification__graphatlas_c_oracle__split0__seed1__4a71643a25d7,4a71643a25d7,0e672c999c335af7,atlas_het,node_classification,graphatlas_c_oracle,graphatlas_certified,1,0,1,outputs\.work\runs\atlas_het\graphatlas_c_oracle\split-0\seed-1\config-4a71643a,outputs\.work\runs\atlas_het\graphatlas_c_oracle\split-0\seed-1\config-4a71643a\job_config.yaml
atlas_het__node_classification__graphatlas_c_oracle__split0__seed2__83ccd0933b0d,83ccd0933b0d,0e672c999c335af7,atlas_het,node_classification,graphatlas_c_oracle,graphatlas_certified,2,0,1,outputs\.work\runs\atlas_het\graphatlas_c_oracle\split-0\seed-2\config-83ccd093,outputs\.work\runs\atlas_het\graphatlas_c_oracle\split-0\seed-2\config-83ccd093\job_config.yaml
atlas_het__node_classification__graphatlas_c__split0__seed0__fed2537ec56b,fed2537ec56b,0e672c999c335af7,atlas_het,node_classification,graphatlas_c,graphatlas_certified,0,0,1,outputs\.work\runs\atlas_het\graphatlas_c\split-0\seed-0\config-fed2537e,outputs\.work\runs\atlas_het\graphatlas_c\split-0\seed-0\config-fed2537e\job_config.yaml
atlas_het__node_classification__graphatlas_c__split0__seed1__e9517d6dcf89,e9517d6dcf89,0e672c999c335af7,atlas_het,node_classification,graphatlas_c,graphatlas_certified,1,0,1,outputs\.work\runs\atlas_het\graphatlas_c\split-0\seed-1\config-e9517d6d,outputs\.work\runs\atlas_het\graphatlas_c\split-0\seed-1\config-e9517d6d\job_config.yaml
atlas_het__node_classification__graphatlas_c__split0__seed2__d900768a7fb0,d900768a7fb0,0e672c999c335af7,atlas_het,node_classification,graphatlas_c,graphatlas_certified,2,0,1,outputs\.work\runs\atlas_het\graphatlas_c\split-0\seed-2\config-d900768a,outputs\.work\runs\atlas_het\graphatlas_c\split-0\seed-2\config-d900768a\job_config.yaml
atlas_het__node_classification__graphatlas_original__split0__seed0__0b89fa8db876,0b89fa8db876,0e672c999c335af7,atlas_het,node_classification,graphatlas_original,graphatlas,0,0,1,outputs\.work\runs\atlas_het\graphatlas_original\split-0\seed-0\config-0b89fa8d,outputs\.work\runs\atlas_het\graphatlas_original\split-0\seed-0\config-0b89fa8d\job_config.yaml
atlas_het__node_classification__graphatlas_original__split0__seed1__4ab50fdc54a0,4ab50fdc54a0,0e672c999c335af7,atlas_het,node_classification,graphatlas_original,graphatlas,1,0,1,outputs\.work\runs\atlas_het\graphatlas_original\split-0\seed-1\config-4ab50fdc,outputs\.work\runs\atlas_het\graphatlas_original\split-0\seed-1\config-4ab50fdc\job_config.yaml
atlas_het__node_classification__graphatlas_original__split0__seed2__d47a61082a28,d47a61082a28,0e672c999c335af7,atlas_het,node_classification,graphatlas_original,graphatlas,2,0,1,outputs\.work\runs\atlas_het\graphatlas_original\split-0\seed-2\config-d47a6108,outputs\.work\runs\atlas_het\graphatlas_original\split-0\seed-2\config-d47a6108\job_config.yaml
atlas_het__node_classification__graphatlas_free_transition__split0__seed0__7236e1592ac9,7236e1592ac9,0e672c999c335af7,atlas_het,node_classification,graphatlas_free_transition,graphatlas_free_transition,0,0,1,outputs\.work\runs\atlas_het\graphatlas_free_transition\split-0\seed-0\config-7236e159,outputs\.work\runs\atlas_het\graphatlas_free_transition\split-0\seed-0\config-7236e159\job_config.yaml
atlas_het__node_classification__graphatlas_free_transition__split0__seed1__2b30fc55bab6,2b30fc55bab6,0e672c999c335af7,atlas_het,node_classification,graphatlas_free_transition,graphatlas_free_transition,1,0,1,outputs\.work\runs\atlas_het\graphatlas_free_transition\split-0\seed-1\config-2b30fc55,outputs\.work\runs\atlas_het\graphatlas_free_transition\split-0\seed-1\config-2b30fc55\job_config.yaml
atlas_het__node_classification__graphatlas_free_transition__split0__seed2__a5e64609f5bb,a5e64609f5bb,0e672c999c335af7,atlas_het,node_classification,graphatlas_free_transition,graphatlas_free_transition,2,0,1,outputs\.work\runs\atlas_het\graphatlas_free_transition\split-0\seed-2\config-a5e64609,outputs\.work\runs\atlas_het\graphatlas_free_transition\split-0\seed-2\config-a5e64609\job_config.yaml
atlas_het__node_classification__graphatlas_no_transport__split0__seed0__e4848983a6ae,e4848983a6ae,0e672c999c335af7,atlas_het,node_classification,graphatlas_no_transport,graphatlas_no_transport,0,0,1,outputs\.work\runs\atlas_het\graphatlas_no_transport\split-0\seed-0\config-e4848983,outputs\.work\runs\atlas_het\graphatlas_no_transport\split-0\seed-0\config-e4848983\job_config.yaml
atlas_het__node_classification__graphatlas_no_transport__split0__seed1__7545526c4126,7545526c4126,0e672c999c335af7,atlas_het,node_classification,graphatlas_no_transport,graphatlas_no_transport,1,0,1,outputs\.work\runs\atlas_het\graphatlas_no_transport\split-0\seed-1\config-7545526c,outputs\.work\runs\atlas_het\graphatlas_no_transport\split-0\seed-1\config-7545526c\job_config.yaml
atlas_het__node_classification__graphatlas_no_transport__split0__seed2__d14afbbb5cc8,d14afbbb5cc8,0e672c999c335af7,atlas_het,node_classification,graphatlas_no_transport,graphatlas_no_transport,2,0,1,outputs\.work\runs\atlas_het\graphatlas_no_transport\split-0\seed-2\config-d14afbbb,outputs\.work\runs\atlas_het\graphatlas_no_transport\split-0\seed-2\config-d14afbbb\job_config.yaml
atlas_het__node_classification__graphatlas_c_oracle__split0__seed0__c4802053e3cc,c4802053e3cc,0e672c999c335af7,atlas_het,node_classification,graphatlas_c_oracle,graphatlas_certified,0,0,1,outputs\.work\runs\atlas_het\graphatlas_c_oracle\split-0\seed-0\config-c4802053,outputs\.work\runs\atlas_het\graphatlas_c_oracle\split-0\seed-0\config-c4802053\job_config.yaml
atlas_het__node_classification__graphatlas_c_oracle__split0__seed1__18ba7be13892,18ba7be13892,0e672c999c335af7,atlas_het,node_classification,graphatlas_c_oracle,graphatlas_certified,1,0,1,outputs\.work\runs\atlas_het\graphatlas_c_oracle\split-0\seed-1\config-18ba7be1,outputs\.work\runs\atlas_het\graphatlas_c_oracle\split-0\seed-1\config-18ba7be1\job_config.yaml
atlas_het__node_classification__graphatlas_c_oracle__split0__seed2__a900a24cbae9,a900a24cbae9,0e672c999c335af7,atlas_het,node_classification,graphatlas_c_oracle,graphatlas_certified,2,0,1,outputs\.work\runs\atlas_het\graphatlas_c_oracle\split-0\seed-2\config-a900a24c,outputs\.work\runs\atlas_het\graphatlas_c_oracle\split-0\seed-2\config-a900a24c\job_config.yaml
atlas_het__node_classification__graphatlas_c__split0__seed0__6919a0e3c37c,6919a0e3c37c,0e672c999c335af7,atlas_het,node_classification,graphatlas_c,graphatlas_certified,0,0,1,outputs\.work\runs\atlas_het\graphatlas_c\split-0\seed-0\config-6919a0e3,outputs\.work\runs\atlas_het\graphatlas_c\split-0\seed-0\config-6919a0e3\job_config.yaml
atlas_het__node_classification__graphatlas_c__split0__seed1__4731d2499fef,4731d2499fef,0e672c999c335af7,atlas_het,node_classification,graphatlas_c,graphatlas_certified,1,0,1,outputs\.work\runs\atlas_het\graphatlas_c\split-0\seed-1\config-4731d249,outputs\.work\runs\atlas_het\graphatlas_c\split-0\seed-1\config-4731d249\job_config.yaml
atlas_het__node_classification__graphatlas_c__split0__seed2__398eaa4169f0,398eaa4169f0,0e672c999c335af7,atlas_het,node_classification,graphatlas_c,graphatlas_certified,2,0,1,outputs\.work\runs\atlas_het\graphatlas_c\split-0\seed-2\config-398eaa41,outputs\.work\runs\atlas_het\graphatlas_c\split-0\seed-2\config-398eaa41\job_config.yaml
atlas_het__node_classification__graphatlas_original__split0__seed0__9dbd055b5a27,9dbd055b5a27,0e672c999c335af7,atlas_het,node_classification,graphatlas_original,graphatlas,0,0,1,outputs\.work\runs\atlas_het\graphatlas_original\split-0\seed-0\config-9dbd055b,outputs\.work\runs\atlas_het\graphatlas_original\split-0\seed-0\config-9dbd055b\job_config.yaml
atlas_het__node_classification__graphatlas_original__split0__seed1__cb73e6da920d,cb73e6da920d,0e672c999c335af7,atlas_het,node_classification,graphatlas_original,graphatlas,1,0,1,outputs\.work\runs\atlas_het\graphatlas_original\split-0\seed-1\config-cb73e6da,outputs\.work\runs\atlas_het\graphatlas_original\split-0\seed-1\config-cb73e6da\job_config.yaml
atlas_het__node_classification__graphatlas_original__split0__seed2__d75c49ee4147,d75c49ee4147,0e672c999c335af7,atlas_het,node_classification,graphatlas_original,graphatlas,2,0,1,outputs\.work\runs\atlas_het\graphatlas_original\split-0\seed-2\config-d75c49ee,outputs\.work\runs\atlas_het\graphatlas_original\split-0\seed-2\config-d75c49ee\job_config.yaml
atlas_het__node_classification__graphatlas_free_transition__split0__seed0__97fbb0e4266f,97fbb0e4266f,0e672c999c335af7,atlas_het,node_classification,graphatlas_free_transition,graphatlas_free_transition,0,0,1,outputs\.work\runs\atlas_het\graphatlas_free_transition\split-0\seed-0\config-97fbb0e4,outputs\.work\runs\atlas_het\graphatlas_free_transition\split-0\seed-0\config-97fbb0e4\job_config.yaml
atlas_het__node_classification__graphatlas_free_transition__split0__seed1__a292c0c37be2,a292c0c37be2,0e672c999c335af7,atlas_het,node_classification,graphatlas_free_transition,graphatlas_free_transition,1,0,1,outputs\.work\runs\atlas_het\graphatlas_free_transition\split-0\seed-1\config-a292c0c3,outputs\.work\runs\atlas_het\graphatlas_free_transition\split-0\seed-1\config-a292c0c3\job_config.yaml
atlas_het__node_classification__graphatlas_free_transition__split0__seed2__ba18fb71de79,ba18fb71de79,0e672c999c335af7,atlas_het,node_classification,graphatlas_free_transition,graphatlas_free_transition,2,0,1,outputs\.work\runs\atlas_het\graphatlas_free_transition\split-0\seed-2\config-ba18fb71,outputs\.work\runs\atlas_het\graphatlas_free_transition\split-0\seed-2\config-ba18fb71\job_config.yaml
atlas_het__node_classification__graphatlas_no_transport__split0__seed0__4e802fde9529,4e802fde9529,0e672c999c335af7,atlas_het,node_classification,graphatlas_no_transport,graphatlas_no_transport,0,0,1,outputs\.work\runs\atlas_het\graphatlas_no_transport\split-0\seed-0\config-4e802fde,outputs\.work\runs\atlas_het\graphatlas_no_transport\split-0\seed-0\config-4e802fde\job_config.yaml
atlas_het__node_classification__graphatlas_no_transport__split0__seed1__a7ef8f68762e,a7ef8f68762e,0e672c999c335af7,atlas_het,node_classification,graphatlas_no_transport,graphatlas_no_transport,1,0,1,outputs\.work\runs\atlas_het\graphatlas_no_transport\split-0\seed-1\config-a7ef8f68,outputs\.work\runs\atlas_het\graphatlas_no_transport\split-0\seed-1\config-a7ef8f68\job_config.yaml
atlas_het__node_classification__graphatlas_no_transport__split0__seed2__8c34e37e73aa,8c34e37e73aa,0e672c999c335af7,atlas_het,node_classification,graphatlas_no_transport,graphatlas_no_transport,2,0,1,outputs\.work\runs\atlas_het\graphatlas_no_transport\split-0\seed-2\config-8c34e37e,outputs\.work\runs\atlas_het\graphatlas_no_transport\split-0\seed-2\config-8c34e37e\job_config.yaml
atlas_het__node_classification__graphatlas_c_oracle__split0__seed0__7ed10199e5da,7ed10199e5da,0e672c999c335af7,atlas_het,node_classification,graphatlas_c_oracle,graphatlas_certified,0,0,1,outputs\.work\runs\atlas_het\graphatlas_c_oracle\split-0\seed-0\config-7ed10199,outputs\.work\runs\atlas_het\graphatlas_c_oracle\split-0\seed-0\config-7ed10199\job_config.yaml
atlas_het__node_classification__graphatlas_c_oracle__split0__seed1__a2001cee03f5,a2001cee03f5,0e672c999c335af7,atlas_het,node_classification,graphatlas_c_oracle,graphatlas_certified,1,0,1,outputs\.work\runs\atlas_het\graphatlas_c_oracle\split-0\seed-1\config-a2001cee,outputs\.work\runs\atlas_het\graphatlas_c_oracle\split-0\seed-1\config-a2001cee\job_config.yaml
atlas_het__node_classification__graphatlas_c_oracle__split0__seed2__98960d50d650,98960d50d650,0e672c999c335af7,atlas_het,node_classification,graphatlas_c_oracle,graphatlas_certified,2,0,1,outputs\.work\runs\atlas_het\graphatlas_c_oracle\split-0\seed-2\config-98960d50,outputs\.work\runs\atlas_het\graphatlas_c_oracle\split-0\seed-2\config-98960d50\job_config.yaml
atlas_het__node_classification__graphatlas_c__split0__seed0__0782799fb69d,0782799fb69d,0e672c999c335af7,atlas_het,node_classification,graphatlas_c,graphatlas_certified,0,0,1,outputs\.work\runs\atlas_het\graphatlas_c\split-0\seed-0\config-0782799f,outputs\.work\runs\atlas_het\graphatlas_c\split-0\seed-0\config-0782799f\job_config.yaml
atlas_het__node_classification__graphatlas_c__split0__seed1__e06301ba2b37,e06301ba2b37,0e672c999c335af7,atlas_het,node_classification,graphatlas_c,graphatlas_certified,1,0,1,outputs\.work\runs\atlas_het\graphatlas_c\split-0\seed-1\config-e06301ba,outputs\.work\runs\atlas_het\graphatlas_c\split-0\seed-1\config-e06301ba\job_config.yaml
atlas_het__node_classification__graphatlas_c__split0__seed2__7f120ba41de3,7f120ba41de3,0e672c999c335af7,atlas_het,node_classification,graphatlas_c,graphatlas_certified,2,0,1,outputs\.work\runs\atlas_het\graphatlas_c\split-0\seed-2\config-7f120ba4,outputs\.work\runs\atlas_het\graphatlas_c\split-0\seed-2\config-7f120ba4\job_config.yaml
atlas_het__node_classification__graphatlas_original__split0__seed0__91f4b555cb90,91f4b555cb90,0e672c999c335af7,atlas_het,node_classification,graphatlas_original,graphatlas,0,0,1,outputs\.work\runs\atlas_het\graphatlas_original\split-0\seed-0\config-91f4b555,outputs\.work\runs\atlas_het\graphatlas_original\split-0\seed-0\config-91f4b555\job_config.yaml
atlas_het__node_classification__graphatlas_original__split0__seed1__908c5dc2a9b9,908c5dc2a9b9,0e672c999c335af7,atlas_het,node_classification,graphatlas_original,graphatlas,1,0,1,outputs\.work\runs\atlas_het\graphatlas_original\split-0\seed-1\config-908c5dc2,outputs\.work\runs\atlas_het\graphatlas_original\split-0\seed-1\config-908c5dc2\job_config.yaml
atlas_het__node_classification__graphatlas_original__split0__seed2__10a07a2ca0b1,10a07a2ca0b1,0e672c999c335af7,atlas_het,node_classification,graphatlas_original,graphatlas,2,0,1,outputs\.work\runs\atlas_het\graphatlas_original\split-0\seed-2\config-10a07a2c,outputs\.work\runs\atlas_het\graphatlas_original\split-0\seed-2\config-10a07a2c\job_config.yaml
atlas_het__node_classification__graphatlas_free_transition__split0__seed0__c9df4939be11,c9df4939be11,0e672c999c335af7,atlas_het,node_classification,graphatlas_free_transition,graphatlas_free_transition,0,0,1,outputs\.work\runs\atlas_het\graphatlas_free_transition\split-0\seed-0\config-c9df4939,outputs\.work\runs\atlas_het\graphatlas_free_transition\split-0\seed-0\config-c9df4939\job_config.yaml
atlas_het__node_classification__graphatlas_free_transition__split0__seed1__11f2d6318f2c,11f2d6318f2c,0e672c999c335af7,atlas_het,node_classification,graphatlas_free_transition,graphatlas_free_transition,1,0,1,outputs\.work\runs\atlas_het\graphatlas_free_transition\split-0\seed-1\config-11f2d631,outputs\.work\runs\atlas_het\graphatlas_free_transition\split-0\seed-1\config-11f2d631\job_config.yaml
atlas_het__node_classification__graphatlas_free_transition__split0__seed2__21e31c00e6d1,21e31c00e6d1,0e672c999c335af7,atlas_het,node_classification,graphatlas_free_transition,graphatlas_free_transition,2,0,1,outputs\.work\runs\atlas_het\graphatlas_free_transition\split-0\seed-2\config-21e31c00,outputs\.work\runs\atlas_het\graphatlas_free_transition\split-0\seed-2\config-21e31c00\job_config.yaml
atlas_het__node_classification__graphatlas_no_transport__split0__seed0__d40adab357bb,d40adab357bb,0e672c999c335af7,atlas_het,node_classification,graphatlas_no_transport,graphatlas_no_transport,0,0,1,outputs\.work\runs\atlas_het\graphatlas_no_transport\split-0\seed-0\config-d40adab3,outputs\.work\runs\atlas_het\graphatlas_no_transport\split-0\seed-0\config-d40adab3\job_config.yaml
atlas_het__node_classification__graphatlas_no_transport__split0__seed1__bfbd50e5c0c1,bfbd50e5c0c1,0e672c999c335af7,atlas_het,node_classification,graphatlas_no_transport,graphatlas_no_transport,1,0,1,outputs\.work\runs\atlas_het\graphatlas_no_transport\split-0\seed-1\config-bfbd50e5,outputs\.work\runs\atlas_het\graphatlas_no_transport\split-0\seed-1\config-bfbd50e5\job_config.yaml
atlas_het__node_classification__graphatlas_no_transport__split0__seed2__31fce216d623,31fce216d623,0e672c999c335af7,atlas_het,node_classification,graphatlas_no_transport,graphatlas_no_transport,2,0,1,outputs\.work\runs\atlas_het\graphatlas_no_transport\split-0\seed-2\config-31fce216,outputs\.work\runs\atlas_het\graphatlas_no_transport\split-0\seed-2\config-31fce216\job_config.yaml
atlas_het__node_classification__graphatlas_c_oracle__split0__seed0__bd9f3898f1a1,bd9f3898f1a1,0e672c999c335af7,atlas_het,node_classification,graphatlas_c_oracle,graphatlas_certified,0,0,1,outputs\.work\runs\atlas_het\graphatlas_c_oracle\split-0\seed-0\config-bd9f3898,outputs\.work\runs\atlas_het\graphatlas_c_oracle\split-0\seed-0\config-bd9f3898\job_config.yaml
atlas_het__node_classification__graphatlas_c_oracle__split0__seed1__49fae5979faf,49fae5979faf,0e672c999c335af7,atlas_het,node_classification,graphatlas_c_oracle,graphatlas_certified,1,0,1,outputs\.work\runs\atlas_het\graphatlas_c_oracle\split-0\seed-1\config-49fae597,outputs\.work\runs\atlas_het\graphatlas_c_oracle\split-0\seed-1\config-49fae597\job_config.yaml
atlas_het__node_classification__graphatlas_c_oracle__split0__seed2__bd9aad32a101,bd9aad32a101,0e672c999c335af7,atlas_het,node_classification,graphatlas_c_oracle,graphatlas_certified,2,0,1,outputs\.work\runs\atlas_het\graphatlas_c_oracle\split-0\seed-2\config-bd9aad32,outputs\.work\runs\atlas_het\graphatlas_c_oracle\split-0\seed-2\config-bd9aad32\job_config.yaml
atlas_het__node_classification__graphatlas_c__split0__seed0__9cf91a2a1144,9cf91a2a1144,0e672c999c335af7,atlas_het,node_classification,graphatlas_c,graphatlas_certified,0,0,1,outputs\.work\runs\atlas_het\graphatlas_c\split-0\seed-0\config-9cf91a2a,outputs\.work\runs\atlas_het\graphatlas_c\split-0\seed-0\config-9cf91a2a\job_config.yaml
atlas_het__node_classification__graphatlas_c__split0__seed1__29f6e04d88e1,29f6e04d88e1,0e672c999c335af7,atlas_het,node_classification,graphatlas_c,graphatlas_certified,1,0,1,outputs\.work\runs\atlas_het\graphatlas_c\split-0\seed-1\config-29f6e04d,outputs\.work\runs\atlas_het\graphatlas_c\split-0\seed-1\config-29f6e04d\job_config.yaml
atlas_het__node_classification__graphatlas_c__split0__seed2__b511f8f16fce,b511f8f16fce,0e672c999c335af7,atlas_het,node_classification,graphatlas_c,graphatlas_certified,2,0,1,outputs\.work\runs\atlas_het\graphatlas_c\split-0\seed-2\config-b511f8f1,outputs\.work\runs\atlas_het\graphatlas_c\split-0\seed-2\config-b511f8f1\job_config.yaml
atlas_het__node_classification__graphatlas_original__split0__seed0__ce5c155a6257,ce5c155a6257,0e672c999c335af7,atlas_het,node_classification,graphatlas_original,graphatlas,0,0,1,outputs\.work\runs\atlas_het\graphatlas_original\split-0\seed-0\config-ce5c155a,outputs\.work\runs\atlas_het\graphatlas_original\split-0\seed-0\config-ce5c155a\job_config.yaml
atlas_het__node_classification__graphatlas_original__split0__seed1__75f12085f3ec,75f12085f3ec,0e672c999c335af7,atlas_het,node_classification,graphatlas_original,graphatlas,1,0,1,outputs\.work\runs\atlas_het\graphatlas_original\split-0\seed-1\config-75f12085,outputs\.work\runs\atlas_het\graphatlas_original\split-0\seed-1\config-75f12085\job_config.yaml
atlas_het__node_classification__graphatlas_original__split0__seed2__f8d2f402c01b,f8d2f402c01b,0e672c999c335af7,atlas_het,node_classification,graphatlas_original,graphatlas,2,0,1,outputs\.work\runs\atlas_het\graphatlas_original\split-0\seed-2\config-f8d2f402,outputs\.work\runs\atlas_het\graphatlas_original\split-0\seed-2\config-f8d2f402\job_config.yaml
atlas_het__node_classification__graphatlas_free_transition__split0__seed0__fcaceba941f6,fcaceba941f6,0e672c999c335af7,atlas_het,node_classification,graphatlas_free_transition,graphatlas_free_transition,0,0,1,outputs\.work\runs\atlas_het\graphatlas_free_transition\split-0\seed-0\config-fcaceba9,outputs\.work\runs\atlas_het\graphatlas_free_transition\split-0\seed-0\config-fcaceba9\job_config.yaml
atlas_het__node_classification__graphatlas_free_transition__split0__seed1__3deba7948b43,3deba7948b43,0e672c999c335af7,atlas_het,node_classification,graphatlas_free_transition,graphatlas_free_transition,1,0,1,outputs\.work\runs\atlas_het\graphatlas_free_transition\split-0\seed-1\config-3deba794,outputs\.work\runs\atlas_het\graphatlas_free_transition\split-0\seed-1\config-3deba794\job_config.yaml
atlas_het__node_classification__graphatlas_free_transition__split0__seed2__83151c60a603,83151c60a603,0e672c999c335af7,atlas_het,node_classification,graphatlas_free_transition,graphatlas_free_transition,2,0,1,outputs\.work\runs\atlas_het\graphatlas_free_transition\split-0\seed-2\config-83151c60,outputs\.work\runs\atlas_het\graphatlas_free_transition\split-0\seed-2\config-83151c60\job_config.yaml
atlas_het__node_classification__graphatlas_no_transport__split0__seed0__9abb12f46cb6,9abb12f46cb6,0e672c999c335af7,atlas_het,node_classification,graphatlas_no_transport,graphatlas_no_transport,0,0,1,outputs\.work\runs\atlas_het\graphatlas_no_transport\split-0\seed-0\config-9abb12f4,outputs\.work\runs\atlas_het\graphatlas_no_transport\split-0\seed-0\config-9abb12f4\job_config.yaml
atlas_het__node_classification__graphatlas_no_transport__split0__seed1__003cc5eca221,003cc5eca221,0e672c999c335af7,atlas_het,node_classification,graphatlas_no_transport,graphatlas_no_transport,1,0,1,outputs\.work\runs\atlas_het\graphatlas_no_transport\split-0\seed-1\config-003cc5ec,outputs\.work\runs\atlas_het\graphatlas_no_transport\split-0\seed-1\config-003cc5ec\job_config.yaml
atlas_het__node_classification__graphatlas_no_transport__split0__seed2__05d3e41aa1e4,05d3e41aa1e4,0e672c999c335af7,atlas_het,node_classification,graphatlas_no_transport,graphatlas_no_transport,2,0,1,outputs\.work\runs\atlas_het\graphatlas_no_transport\split-0\seed-2\config-05d3e41a,outputs\.work\runs\atlas_het\graphatlas_no_transport\split-0\seed-2\config-05d3e41a\job_config.yaml
atlas_het__node_classification__graphatlas_c_oracle__split0__seed0__0e53cbdd3c4f,0e53cbdd3c4f,0e672c999c335af7,atlas_het,node_classification,graphatlas_c_oracle,graphatlas_certified,0,0,1,outputs\.work\runs\atlas_het\graphatlas_c_oracle\split-0\seed-0\config-0e53cbdd,outputs\.work\runs\atlas_het\graphatlas_c_oracle\split-0\seed-0\config-0e53cbdd\job_config.yaml
atlas_het__node_classification__graphatlas_c_oracle__split0__seed1__32cde72fe692,32cde72fe692,0e672c999c335af7,atlas_het,node_classification,graphatlas_c_oracle,graphatlas_certified,1,0,1,outputs\.work\runs\atlas_het\graphatlas_c_oracle\split-0\seed-1\config-32cde72f,outputs\.work\runs\atlas_het\graphatlas_c_oracle\split-0\seed-1\config-32cde72f\job_config.yaml
atlas_het__node_classification__graphatlas_c_oracle__split0__seed2__6843c7130916,6843c7130916,0e672c999c335af7,atlas_het,node_classification,graphatlas_c_oracle,graphatlas_certified,2,0,1,outputs\.work\runs\atlas_het\graphatlas_c_oracle\split-0\seed-2\config-6843c713,outputs\.work\runs\atlas_het\graphatlas_c_oracle\split-0\seed-2\config-6843c713\job_config.yaml
atlas_het__node_classification__graphatlas_c__split0__seed0__d1831f3bb520,d1831f3bb520,0e672c999c335af7,atlas_het,node_classification,graphatlas_c,graphatlas_certified,0,0,1,outputs\.work\runs\atlas_het\graphatlas_c\split-0\seed-0\config-d1831f3b,outputs\.work\runs\atlas_het\graphatlas_c\split-0\seed-0\config-d1831f3b\job_config.yaml
atlas_het__node_classification__graphatlas_c__split0__seed1__685e8f224fa5,685e8f224fa5,0e672c999c335af7,atlas_het,node_classification,graphatlas_c,graphatlas_certified,1,0,1,outputs\.work\runs\atlas_het\graphatlas_c\split-0\seed-1\config-685e8f22,outputs\.work\runs\atlas_het\graphatlas_c\split-0\seed-1\config-685e8f22\job_config.yaml
atlas_het__node_classification__graphatlas_c__split0__seed2__5b45f6b7ac91,5b45f6b7ac91,0e672c999c335af7,atlas_het,node_classification,graphatlas_c,graphatlas_certified,2,0,1,outputs\.work\runs\atlas_het\graphatlas_c\split-0\seed-2\config-5b45f6b7,outputs\.work\runs\atlas_het\graphatlas_c\split-0\seed-2\config-5b45f6b7\job_config.yaml
atlas_het__node_classification__graphatlas_original__split0__seed0__350a339fbb81,350a339fbb81,0e672c999c335af7,atlas_het,node_classification,graphatlas_original,graphatlas,0,0,1,outputs\.work\runs\atlas_het\graphatlas_original\split-0\seed-0\config-350a339f,outputs\.work\runs\atlas_het\graphatlas_original\split-0\seed-0\config-350a339f\job_config.yaml
atlas_het__node_classification__graphatlas_original__split0__seed1__e1d2d73fd8ed,e1d2d73fd8ed,0e672c999c335af7,atlas_het,node_classification,graphatlas_original,graphatlas,1,0,1,outputs\.work\runs\atlas_het\graphatlas_original\split-0\seed-1\config-e1d2d73f,outputs\.work\runs\atlas_het\graphatlas_original\split-0\seed-1\config-e1d2d73f\job_config.yaml
atlas_het__node_classification__graphatlas_original__split0__seed2__8f40e571a279,8f40e571a279,0e672c999c335af7,atlas_het,node_classification,graphatlas_original,graphatlas,2,0,1,outputs\.work\runs\atlas_het\graphatlas_original\split-0\seed-2\config-8f40e571,outputs\.work\runs\atlas_het\graphatlas_original\split-0\seed-2\config-8f40e571\job_config.yaml
atlas_het__node_classification__graphatlas_free_transition__split0__seed0__52d4736a6111,52d4736a6111,0e672c999c335af7,atlas_het,node_classification,graphatlas_free_transition,graphatlas_free_transition,0,0,1,outputs\.work\runs\atlas_het\graphatlas_free_transition\split-0\seed-0\config-52d4736a,outputs\.work\runs\atlas_het\graphatlas_free_transition\split-0\seed-0\config-52d4736a\job_config.yaml
atlas_het__node_classification__graphatlas_free_transition__split0__seed1__9146fd2ae5a1,9146fd2ae5a1,0e672c999c335af7,atlas_het,node_classification,graphatlas_free_transition,graphatlas_free_transition,1,0,1,outputs\.work\runs\atlas_het\graphatlas_free_transition\split-0\seed-1\config-9146fd2a,outputs\.work\runs\atlas_het\graphatlas_free_transition\split-0\seed-1\config-9146fd2a\job_config.yaml
atlas_het__node_classification__graphatlas_free_transition__split0__seed2__da3907a3dcab,da3907a3dcab,0e672c999c335af7,atlas_het,node_classification,graphatlas_free_transition,graphatlas_free_transition,2,0,1,outputs\.work\runs\atlas_het\graphatlas_free_transition\split-0\seed-2\config-da3907a3,outputs\.work\runs\atlas_het\graphatlas_free_transition\split-0\seed-2\config-da3907a3\job_config.yaml
atlas_het__node_classification__graphatlas_no_transport__split0__seed0__2eda03d49935,2eda03d49935,0e672c999c335af7,atlas_het,node_classification,graphatlas_no_transport,graphatlas_no_transport,0,0,1,outputs\.work\runs\atlas_het\graphatlas_no_transport\split-0\seed-0\config-2eda03d4,outputs\.work\runs\atlas_het\graphatlas_no_transport\split-0\seed-0\config-2eda03d4\job_config.yaml
atlas_het__node_classification__graphatlas_no_transport__split0__seed1__a544c5cac47a,a544c5cac47a,0e672c999c335af7,atlas_het,node_classification,graphatlas_no_transport,graphatlas_no_transport,1,0,1,outputs\.work\runs\atlas_het\graphatlas_no_transport\split-0\seed-1\config-a544c5ca,outputs\.work\runs\atlas_het\graphatlas_no_transport\split-0\seed-1\config-a544c5ca\job_config.yaml
atlas_het__node_classification__graphatlas_no_transport__split0__seed2__b108b16c7a2a,b108b16c7a2a,0e672c999c335af7,atlas_het,node_classification,graphatlas_no_transport,graphatlas_no_transport,2,0,1,outputs\.work\runs\atlas_het\graphatlas_no_transport\split-0\seed-2\config-b108b16c,outputs\.work\runs\atlas_het\graphatlas_no_transport\split-0\seed-2\config-b108b16c\job_config.yaml
atlas_het__node_classification__graphatlas_c_oracle__split0__seed0__e49560aaf30b,e49560aaf30b,0e672c999c335af7,atlas_het,node_classification,graphatlas_c_oracle,graphatlas_certified,0,0,1,outputs\.work\runs\atlas_het\graphatlas_c_oracle\split-0\seed-0\config-e49560aa,outputs\.work\runs\atlas_het\graphatlas_c_oracle\split-0\seed-0\config-e49560aa\job_config.yaml
atlas_het__node_classification__graphatlas_c_oracle__split0__seed1__7856ad565208,7856ad565208,0e672c999c335af7,atlas_het,node_classification,graphatlas_c_oracle,graphatlas_certified,1,0,1,outputs\.work\runs\atlas_het\graphatlas_c_oracle\split-0\seed-1\config-7856ad56,outputs\.work\runs\atlas_het\graphatlas_c_oracle\split-0\seed-1\config-7856ad56\job_config.yaml
atlas_het__node_classification__graphatlas_c_oracle__split0__seed2__506a95942342,506a95942342,0e672c999c335af7,atlas_het,node_classification,graphatlas_c_oracle,graphatlas_certified,2,0,1,outputs\.work\runs\atlas_het\graphatlas_c_oracle\split-0\seed-2\config-506a9594,outputs\.work\runs\atlas_het\graphatlas_c_oracle\split-0\seed-2\config-506a9594\job_config.yaml
atlas_het__node_classification__graphatlas_c__split0__seed0__eb30ae436538,eb30ae436538,0e672c999c335af7,atlas_het,node_classification,graphatlas_c,graphatlas_certified,0,0,1,outputs\.work\runs\atlas_het\graphatlas_c\split-0\seed-0\config-eb30ae43,outputs\.work\runs\atlas_het\graphatlas_c\split-0\seed-0\config-eb30ae43\job_config.yaml
atlas_het__node_classification__graphatlas_c__split0__seed1__2c482ba5f2d8,2c482ba5f2d8,0e672c999c335af7,atlas_het,node_classification,graphatlas_c,graphatlas_certified,1,0,1,outputs\.work\runs\atlas_het\graphatlas_c\split-0\seed-1\config-2c482ba5,outputs\.work\runs\atlas_het\graphatlas_c\split-0\seed-1\config-2c482ba5\job_config.yaml
atlas_het__node_classification__graphatlas_c__split0__seed2__076474901b2b,076474901b2b,0e672c999c335af7,atlas_het,node_classification,graphatlas_c,graphatlas_certified,2,0,1,outputs\.work\runs\atlas_het\graphatlas_c\split-0\seed-2\config-07647490,outputs\.work\runs\atlas_het\graphatlas_c\split-0\seed-2\config-07647490\job_config.yaml
atlas_het__node_classification__graphatlas_original__split0__seed0__e65415aa115e,e65415aa115e,0e672c999c335af7,atlas_het,node_classification,graphatlas_original,graphatlas,0,0,1,outputs\.work\runs\atlas_het\graphatlas_original\split-0\seed-0\config-e65415aa,outputs\.work\runs\atlas_het\graphatlas_original\split-0\seed-0\config-e65415aa\job_config.yaml
atlas_het__node_classification__graphatlas_original__split0__seed1__83a8f599d4a0,83a8f599d4a0,0e672c999c335af7,atlas_het,node_classification,graphatlas_original,graphatlas,1,0,1,outputs\.work\runs\atlas_het\graphatlas_original\split-0\seed-1\config-83a8f599,outputs\.work\runs\atlas_het\graphatlas_original\split-0\seed-1\config-83a8f599\job_config.yaml
atlas_het__node_classification__graphatlas_original__split0__seed2__c5c554848223,c5c554848223,0e672c999c335af7,atlas_het,node_classification,graphatlas_original,graphatlas,2,0,1,outputs\.work\runs\atlas_het\graphatlas_original\split-0\seed-2\config-c5c55484,outputs\.work\runs\atlas_het\graphatlas_original\split-0\seed-2\config-c5c55484\job_config.yaml
atlas_het__node_classification__graphatlas_free_transition__split0__seed0__d5b6d273077c,d5b6d273077c,0e672c999c335af7,atlas_het,node_classification,graphatlas_free_transition,graphatlas_free_transition,0,0,1,outputs\.work\runs\atlas_het\graphatlas_free_transition\split-0\seed-0\config-d5b6d273,outputs\.work\runs\atlas_het\graphatlas_free_transition\split-0\seed-0\config-d5b6d273\job_config.yaml
atlas_het__node_classification__graphatlas_free_transition__split0__seed1__a5c61b66ff58,a5c61b66ff58,0e672c999c335af7,atlas_het,node_classification,graphatlas_free_transition,graphatlas_free_transition,1,0,1,outputs\.work\runs\atlas_het\graphatlas_free_transition\split-0\seed-1\config-a5c61b66,outputs\.work\runs\atlas_het\graphatlas_free_transition\split-0\seed-1\config-a5c61b66\job_config.yaml
atlas_het__node_classification__graphatlas_free_transition__split0__seed2__6afff454701d,6afff454701d,0e672c999c335af7,atlas_het,node_classification,graphatlas_free_transition,graphatlas_free_transition,2,0,1,outputs\.work\runs\atlas_het\graphatlas_free_transition\split-0\seed-2\config-6afff454,outputs\.work\runs\atlas_het\graphatlas_free_transition\split-0\seed-2\config-6afff454\job_config.yaml
atlas_het__node_classification__graphatlas_no_transport__split0__seed0__c33b423fa4bb,c33b423fa4bb,0e672c999c335af7,atlas_het,node_classification,graphatlas_no_transport,graphatlas_no_transport,0,0,1,outputs\.work\runs\atlas_het\graphatlas_no_transport\split-0\seed-0\config-c33b423f,outputs\.work\runs\atlas_het\graphatlas_no_transport\split-0\seed-0\config-c33b423f\job_config.yaml
atlas_het__node_classification__graphatlas_no_transport__split0__seed1__35ed81cc2031,35ed81cc2031,0e672c999c335af7,atlas_het,node_classification,graphatlas_no_transport,graphatlas_no_transport,1,0,1,outputs\.work\runs\atlas_het\graphatlas_no_transport\split-0\seed-1\config-35ed81cc,outputs\.work\runs\atlas_het\graphatlas_no_transport\split-0\seed-1\config-35ed81cc\job_config.yaml
atlas_het__node_classification__graphatlas_no_transport__split0__seed2__bad2a42237c5,bad2a42237c5,0e672c999c335af7,atlas_het,node_classification,graphatlas_no_transport,graphatlas_no_transport,2,0,1,outputs\.work\runs\atlas_het\graphatlas_no_transport\split-0\seed-2\config-bad2a422,outputs\.work\runs\atlas_het\graphatlas_no_transport\split-0\seed-2\config-bad2a422\job_config.yaml
atlas_het__node_classification__graphatlas_c_oracle__split0__seed0__b0f6e900e201,b0f6e900e201,0e672c999c335af7,atlas_het,node_classification,graphatlas_c_oracle,graphatlas_certified,0,0,1,outputs\.work\runs\atlas_het\graphatlas_c_oracle\split-0\seed-0\config-b0f6e900,outputs\.work\runs\atlas_het\graphatlas_c_oracle\split-0\seed-0\config-b0f6e900\job_config.yaml
atlas_het__node_classification__graphatlas_c_oracle__split0__seed1__bf79ec0f339b,bf79ec0f339b,0e672c999c335af7,atlas_het,node_classification,graphatlas_c_oracle,graphatlas_certified,1,0,1,outputs\.work\runs\atlas_het\graphatlas_c_oracle\split-0\seed-1\config-bf79ec0f,outputs\.work\runs\atlas_het\graphatlas_c_oracle\split-0\seed-1\config-bf79ec0f\job_config.yaml
atlas_het__node_classification__graphatlas_c_oracle__split0__seed2__7a584c0a5ca8,7a584c0a5ca8,0e672c999c335af7,atlas_het,node_classification,graphatlas_c_oracle,graphatlas_certified,2,0,1,outputs\.work\runs\atlas_het\graphatlas_c_oracle\split-0\seed-2\config-7a584c0a,outputs\.work\runs\atlas_het\graphatlas_c_oracle\split-0\seed-2\config-7a584c0a\job_config.yaml
atlas_het__node_classification__graphatlas_c__split0__seed0__a779ee543a23,a779ee543a23,0e672c999c335af7,atlas_het,node_classification,graphatlas_c,graphatlas_certified,0,0,1,outputs\.work\runs\atlas_het\graphatlas_c\split-0\seed-0\config-a779ee54,outputs\.work\runs\atlas_het\graphatlas_c\split-0\seed-0\config-a779ee54\job_config.yaml
atlas_het__node_classification__graphatlas_c__split0__seed1__5390d4104a9d,5390d4104a9d,0e672c999c335af7,atlas_het,node_classification,graphatlas_c,graphatlas_certified,1,0,1,outputs\.work\runs\atlas_het\graphatlas_c\split-0\seed-1\config-5390d410,outputs\.work\runs\atlas_het\graphatlas_c\split-0\seed-1\config-5390d410\job_config.yaml
atlas_het__node_classification__graphatlas_c__split0__seed2__7c8a7a9415a6,7c8a7a9415a6,0e672c999c335af7,atlas_het,node_classification,graphatlas_c,graphatlas_certified,2,0,1,outputs\.work\runs\atlas_het\graphatlas_c\split-0\seed-2\config-7c8a7a94,outputs\.work\runs\atlas_het\graphatlas_c\split-0\seed-2\config-7c8a7a94\job_config.yaml
atlas_het__node_classification__graphatlas_original__split0__seed0__389b60ef7c45,389b60ef7c45,0e672c999c335af7,atlas_het,node_classification,graphatlas_original,graphatlas,0,0,1,outputs\.work\runs\atlas_het\graphatlas_original\split-0\seed-0\config-389b60ef,outputs\.work\runs\atlas_het\graphatlas_original\split-0\seed-0\config-389b60ef\job_config.yaml
atlas_het__node_classification__graphatlas_original__split0__seed1__343336da18dd,343336da18dd,0e672c999c335af7,atlas_het,node_classification,graphatlas_original,graphatlas,1,0,1,outputs\.work\runs\atlas_het\graphatlas_original\split-0\seed-1\config-343336da,outputs\.work\runs\atlas_het\graphatlas_original\split-0\seed-1\config-343336da\job_config.yaml
atlas_het__node_classification__graphatlas_original__split0__seed2__042b61821e0b,042b61821e0b,0e672c999c335af7,atlas_het,node_classification,graphatlas_original,graphatlas,2,0,1,outputs\.work\runs\atlas_het\graphatlas_original\split-0\seed-2\config-042b6182,outputs\.work\runs\atlas_het\graphatlas_original\split-0\seed-2\config-042b6182\job_config.yaml
atlas_het__node_classification__graphatlas_free_transition__split0__seed0__d5b6475471d7,d5b6475471d7,0e672c999c335af7,atlas_het,node_classification,graphatlas_free_transition,graphatlas_free_transition,0,0,1,outputs\.work\runs\atlas_het\graphatlas_free_transition\split-0\seed-0\config-d5b64754,outputs\.work\runs\atlas_het\graphatlas_free_transition\split-0\seed-0\config-d5b64754\job_config.yaml
atlas_het__node_classification__graphatlas_free_transition__split0__seed1__97a9e97eefa5,97a9e97eefa5,0e672c999c335af7,atlas_het,node_classification,graphatlas_free_transition,graphatlas_free_transition,1,0,1,outputs\.work\runs\atlas_het\graphatlas_free_transition\split-0\seed-1\config-97a9e97e,outputs\.work\runs\atlas_het\graphatlas_free_transition\split-0\seed-1\config-97a9e97e\job_config.yaml
atlas_het__node_classification__graphatlas_free_transition__split0__seed2__a7d920c7d225,a7d920c7d225,0e672c999c335af7,atlas_het,node_classification,graphatlas_free_transition,graphatlas_free_transition,2,0,1,outputs\.work\runs\atlas_het\graphatlas_free_transition\split-0\seed-2\config-a7d920c7,outputs\.work\runs\atlas_het\graphatlas_free_transition\split-0\seed-2\config-a7d920c7\job_config.yaml
atlas_het__node_classification__graphatlas_no_transport__split0__seed0__3179432b7e25,3179432b7e25,0e672c999c335af7,atlas_het,node_classification,graphatlas_no_transport,graphatlas_no_transport,0,0,1,outputs\.work\runs\atlas_het\graphatlas_no_transport\split-0\seed-0\config-3179432b,outputs\.work\runs\atlas_het\graphatlas_no_transport\split-0\seed-0\config-3179432b\job_config.yaml
atlas_het__node_classification__graphatlas_no_transport__split0__seed1__3f5385a2b50b,3f5385a2b50b,0e672c999c335af7,atlas_het,node_classification,graphatlas_no_transport,graphatlas_no_transport,1,0,1,outputs\.work\runs\atlas_het\graphatlas_no_transport\split-0\seed-1\config-3f5385a2,outputs\.work\runs\atlas_het\graphatlas_no_transport\split-0\seed-1\config-3f5385a2\job_config.yaml
atlas_het__node_classification__graphatlas_no_transport__split0__seed2__33604723dcda,33604723dcda,0e672c999c335af7,atlas_het,node_classification,graphatlas_no_transport,graphatlas_no_transport,2,0,1,outputs\.work\runs\atlas_het\graphatlas_no_transport\split-0\seed-2\config-33604723,outputs\.work\runs\atlas_het\graphatlas_no_transport\split-0\seed-2\config-33604723\job_config.yaml
atlas_het__node_classification__graphatlas_c_oracle__split0__seed0__b03d431d294d,b03d431d294d,0e672c999c335af7,atlas_het,node_classification,graphatlas_c_oracle,graphatlas_certified,0,0,1,outputs\.work\runs\atlas_het\graphatlas_c_oracle\split-0\seed-0\config-b03d431d,outputs\.work\runs\atlas_het\graphatlas_c_oracle\split-0\seed-0\config-b03d431d\job_config.yaml
atlas_het__node_classification__graphatlas_c_oracle__split0__seed1__67914f04fc14,67914f04fc14,0e672c999c335af7,atlas_het,node_classification,graphatlas_c_oracle,graphatlas_certified,1,0,1,outputs\.work\runs\atlas_het\graphatlas_c_oracle\split-0\seed-1\config-67914f04,outputs\.work\runs\atlas_het\graphatlas_c_oracle\split-0\seed-1\config-67914f04\job_config.yaml
atlas_het__node_classification__graphatlas_c_oracle__split0__seed2__a5f165b812c3,a5f165b812c3,0e672c999c335af7,atlas_het,node_classification,graphatlas_c_oracle,graphatlas_certified,2,0,1,outputs\.work\runs\atlas_het\graphatlas_c_oracle\split-0\seed-2\config-a5f165b8,outputs\.work\runs\atlas_het\graphatlas_c_oracle\split-0\seed-2\config-a5f165b8\job_config.yaml
atlas_het__node_classification__graphatlas_c__split0__seed0__4291c5da5e73,4291c5da5e73,0e672c999c335af7,atlas_het,node_classification,graphatlas_c,graphatlas_certified,0,0,1,outputs\.work\runs\atlas_het\graphatlas_c\split-0\seed-0\config-4291c5da,outputs\.work\runs\atlas_het\graphatlas_c\split-0\seed-0\config-4291c5da\job_config.yaml
atlas_het__node_classification__graphatlas_c__split0__seed1__87fdc0c32bb5,87fdc0c32bb5,0e672c999c335af7,atlas_het,node_classification,graphatlas_c,graphatlas_certified,1,0,1,outputs\.work\runs\atlas_het\graphatlas_c\split-0\seed-1\config-87fdc0c3,outputs\.work\runs\atlas_het\graphatlas_c\split-0\seed-1\config-87fdc0c3\job_config.yaml
atlas_het__node_classification__graphatlas_c__split0__seed2__f9f426d3ee7b,f9f426d3ee7b,0e672c999c335af7,atlas_het,node_classification,graphatlas_c,graphatlas_certified,2,0,1,outputs\.work\runs\atlas_het\graphatlas_c\split-0\seed-2\config-f9f426d3,outputs\.work\runs\atlas_het\graphatlas_c\split-0\seed-2\config-f9f426d3\job_config.yaml
atlas_het__node_classification__graphatlas_original__split0__seed0__cd121fbb1e35,cd121fbb1e35,0e672c999c335af7,atlas_het,node_classification,graphatlas_original,graphatlas,0,0,1,outputs\.work\runs\atlas_het\graphatlas_original\split-0\seed-0\config-cd121fbb,outputs\.work\runs\atlas_het\graphatlas_original\split-0\seed-0\config-cd121fbb\job_config.yaml
atlas_het__node_classification__graphatlas_original__split0__seed1__554ee6819024,554ee6819024,0e672c999c335af7,atlas_het,node_classification,graphatlas_original,graphatlas,1,0,1,outputs\.work\runs\atlas_het\graphatlas_original\split-0\seed-1\config-554ee681,outputs\.work\runs\atlas_het\graphatlas_original\split-0\seed-1\config-554ee681\job_config.yaml
atlas_het__node_classification__graphatlas_original__split0__seed2__5b93e79c0f4a,5b93e79c0f4a,0e672c999c335af7,atlas_het,node_classification,graphatlas_original,graphatlas,2,0,1,outputs\.work\runs\atlas_het\graphatlas_original\split-0\seed-2\config-5b93e79c,outputs\.work\runs\atlas_het\graphatlas_original\split-0\seed-2\config-5b93e79c\job_config.yaml
atlas_het__node_classification__graphatlas_free_transition__split0__seed0__1b14d4fc9934,1b14d4fc9934,0e672c999c335af7,atlas_het,node_classification,graphatlas_free_transition,graphatlas_free_transition,0,0,1,outputs\.work\runs\atlas_het\graphatlas_free_transition\split-0\seed-0\config-1b14d4fc,outputs\.work\runs\atlas_het\graphatlas_free_transition\split-0\seed-0\config-1b14d4fc\job_config.yaml
atlas_het__node_classification__graphatlas_free_transition__split0__seed1__0283de49c7ce,0283de49c7ce,0e672c999c335af7,atlas_het,node_classification,graphatlas_free_transition,graphatlas_free_transition,1,0,1,outputs\.work\runs\atlas_het\graphatlas_free_transition\split-0\seed-1\config-0283de49,outputs\.work\runs\atlas_het\graphatlas_free_transition\split-0\seed-1\config-0283de49\job_config.yaml
atlas_het__node_classification__graphatlas_free_transition__split0__seed2__31ee3d5231c0,31ee3d5231c0,0e672c999c335af7,atlas_het,node_classification,graphatlas_free_transition,graphatlas_free_transition,2,0,1,outputs\.work\runs\atlas_het\graphatlas_free_transition\split-0\seed-2\config-31ee3d52,outputs\.work\runs\atlas_het\graphatlas_free_transition\split-0\seed-2\config-31ee3d52\job_config.yaml
atlas_het__node_classification__graphatlas_no_transport__split0__seed0__d008b6be5a6e,d008b6be5a6e,0e672c999c335af7,atlas_het,node_classification,graphatlas_no_transport,graphatlas_no_transport,0,0,1,outputs\.work\runs\atlas_het\graphatlas_no_transport\split-0\seed-0\config-d008b6be,outputs\.work\runs\atlas_het\graphatlas_no_transport\split-0\seed-0\config-d008b6be\job_config.yaml
atlas_het__node_classification__graphatlas_no_transport__split0__seed1__0330d2f81c89,0330d2f81c89,0e672c999c335af7,atlas_het,node_classification,graphatlas_no_transport,graphatlas_no_transport,1,0,1,outputs\.work\runs\atlas_het\graphatlas_no_transport\split-0\seed-1\config-0330d2f8,outputs\.work\runs\atlas_het\graphatlas_no_transport\split-0\seed-1\config-0330d2f8\job_config.yaml
atlas_het__node_classification__graphatlas_no_transport__split0__seed2__3324cf68ee0e,3324cf68ee0e,0e672c999c335af7,atlas_het,node_classification,graphatlas_no_transport,graphatlas_no_transport,2,0,1,outputs\.work\runs\atlas_het\graphatlas_no_transport\split-0\seed-2\config-3324cf68,outputs\.work\runs\atlas_het\graphatlas_no_transport\split-0\seed-2\config-3324cf68\job_config.yaml
atlas_het__node_classification__graphatlas_c_oracle__split0__seed0__b5d00160e7bd,b5d00160e7bd,0e672c999c335af7,atlas_het,node_classification,graphatlas_c_oracle,graphatlas_certified,0,0,1,outputs\.work\runs\atlas_het\graphatlas_c_oracle\split-0\seed-0\config-b5d00160,outputs\.work\runs\atlas_het\graphatlas_c_oracle\split-0\seed-0\config-b5d00160\job_config.yaml
atlas_het__node_classification__graphatlas_c_oracle__split0__seed1__886dda540f3a,886dda540f3a,0e672c999c335af7,atlas_het,node_classification,graphatlas_c_oracle,graphatlas_certified,1,0,1,outputs\.work\runs\atlas_het\graphatlas_c_oracle\split-0\seed-1\config-886dda54,outputs\.work\runs\atlas_het\graphatlas_c_oracle\split-0\seed-1\config-886dda54\job_config.yaml
atlas_het__node_classification__graphatlas_c_oracle__split0__seed2__e0909b83e43b,e0909b83e43b,0e672c999c335af7,atlas_het,node_classification,graphatlas_c_oracle,graphatlas_certified,2,0,1,outputs\.work\runs\atlas_het\graphatlas_c_oracle\split-0\seed-2\config-e0909b83,outputs\.work\runs\atlas_het\graphatlas_c_oracle\split-0\seed-2\config-e0909b83\job_config.yaml
atlas_het__node_classification__graphatlas_c__split0__seed0__e079024c1fad,e079024c1fad,0e672c999c335af7,atlas_het,node_classification,graphatlas_c,graphatlas_certified,0,0,1,outputs\.work\runs\atlas_het\graphatlas_c\split-0\seed-0\config-e079024c,outputs\.work\runs\atlas_het\graphatlas_c\split-0\seed-0\config-e079024c\job_config.yaml
atlas_het__node_classification__graphatlas_c__split0__seed1__5497cda7b92b,5497cda7b92b,0e672c999c335af7,atlas_het,node_classification,graphatlas_c,graphatlas_certified,1,0,1,outputs\.work\runs\atlas_het\graphatlas_c\split-0\seed-1\config-5497cda7,outputs\.work\runs\atlas_het\graphatlas_c\split-0\seed-1\config-5497cda7\job_config.yaml
atlas_het__node_classification__graphatlas_c__split0__seed2__350d0b911e1f,350d0b911e1f,0e672c999c335af7,atlas_het,node_classification,graphatlas_c,graphatlas_certified,2,0,1,outputs\.work\runs\atlas_het\graphatlas_c\split-0\seed-2\config-350d0b91,outputs\.work\runs\atlas_het\graphatlas_c\split-0\seed-2\config-350d0b91\job_config.yaml
atlas_het__node_classification__graphatlas_original__split0__seed0__86cce4066c67,86cce4066c67,0e672c999c335af7,atlas_het,node_classification,graphatlas_original,graphatlas,0,0,1,outputs\.work\runs\atlas_het\graphatlas_original\split-0\seed-0\config-86cce406,outputs\.work\runs\atlas_het\graphatlas_original\split-0\seed-0\config-86cce406\job_config.yaml
atlas_het__node_classification__graphatlas_original__split0__seed1__e230b632bafb,e230b632bafb,0e672c999c335af7,atlas_het,node_classification,graphatlas_original,graphatlas,1,0,1,outputs\.work\runs\atlas_het\graphatlas_original\split-0\seed-1\config-e230b632,outputs\.work\runs\atlas_het\graphatlas_original\split-0\seed-1\config-e230b632\job_config.yaml
atlas_het__node_classification__graphatlas_original__split0__seed2__2b7d04ad93f1,2b7d04ad93f1,0e672c999c335af7,atlas_het,node_classification,graphatlas_original,graphatlas,2,0,1,outputs\.work\runs\atlas_het\graphatlas_original\split-0\seed-2\config-2b7d04ad,outputs\.work\runs\atlas_het\graphatlas_original\split-0\seed-2\config-2b7d04ad\job_config.yaml
atlas_het__node_classification__graphatlas_free_transition__split0__seed0__df2fc283de0f,df2fc283de0f,0e672c999c335af7,atlas_het,node_classification,graphatlas_free_transition,graphatlas_free_transition,0,0,1,outputs\.work\runs\atlas_het\graphatlas_free_transition\split-0\seed-0\config-df2fc283,outputs\.work\runs\atlas_het\graphatlas_free_transition\split-0\seed-0\config-df2fc283\job_config.yaml
atlas_het__node_classification__graphatlas_free_transition__split0__seed1__d11a6a9e1e8d,d11a6a9e1e8d,0e672c999c335af7,atlas_het,node_classification,graphatlas_free_transition,graphatlas_free_transition,1,0,1,outputs\.work\runs\atlas_het\graphatlas_free_transition\split-0\seed-1\config-d11a6a9e,outputs\.work\runs\atlas_het\graphatlas_free_transition\split-0\seed-1\config-d11a6a9e\job_config.yaml
atlas_het__node_classification__graphatlas_free_transition__split0__seed2__0dc45bcc65f5,0dc45bcc65f5,0e672c999c335af7,atlas_het,node_classification,graphatlas_free_transition,graphatlas_free_transition,2,0,1,outputs\.work\runs\atlas_het\graphatlas_free_transition\split-0\seed-2\config-0dc45bcc,outputs\.work\runs\atlas_het\graphatlas_free_transition\split-0\seed-2\config-0dc45bcc\job_config.yaml
atlas_het__node_classification__graphatlas_no_transport__split0__seed0__2ae4e1bc310f,2ae4e1bc310f,0e672c999c335af7,atlas_het,node_classification,graphatlas_no_transport,graphatlas_no_transport,0,0,1,outputs\.work\runs\atlas_het\graphatlas_no_transport\split-0\seed-0\config-2ae4e1bc,outputs\.work\runs\atlas_het\graphatlas_no_transport\split-0\seed-0\config-2ae4e1bc\job_config.yaml
atlas_het__node_classification__graphatlas_no_transport__split0__seed1__9ffeaacf2a2b,9ffeaacf2a2b,0e672c999c335af7,atlas_het,node_classification,graphatlas_no_transport,graphatlas_no_transport,1,0,1,outputs\.work\runs\atlas_het\graphatlas_no_transport\split-0\seed-1\config-9ffeaacf,outputs\.work\runs\atlas_het\graphatlas_no_transport\split-0\seed-1\config-9ffeaacf\job_config.yaml
atlas_het__node_classification__graphatlas_no_transport__split0__seed2__d66b3fdb5f23,d66b3fdb5f23,0e672c999c335af7,atlas_het,node_classification,graphatlas_no_transport,graphatlas_no_transport,2,0,1,outputs\.work\runs\atlas_het\graphatlas_no_transport\split-0\seed-2\config-d66b3fdb,outputs\.work\runs\atlas_het\graphatlas_no_transport\split-0\seed-2\config-d66b3fdb\job_config.yaml
atlas_het__node_classification__graphatlas_c_oracle__split0__seed0__6d279a26c5f1,6d279a26c5f1,0e672c999c335af7,atlas_het,node_classification,graphatlas_c_oracle,graphatlas_certified,0,0,1,outputs\.work\runs\atlas_het\graphatlas_c_oracle\split-0\seed-0\config-6d279a26,outputs\.work\runs\atlas_het\graphatlas_c_oracle\split-0\seed-0\config-6d279a26\job_config.yaml
atlas_het__node_classification__graphatlas_c_oracle__split0__seed1__88312828c9f4,88312828c9f4,0e672c999c335af7,atlas_het,node_classification,graphatlas_c_oracle,graphatlas_certified,1,0,1,outputs\.work\runs\atlas_het\graphatlas_c_oracle\split-0\seed-1\config-88312828,outputs\.work\runs\atlas_het\graphatlas_c_oracle\split-0\seed-1\config-88312828\job_config.yaml
atlas_het__node_classification__graphatlas_c_oracle__split0__seed2__a1a55372a052,a1a55372a052,0e672c999c335af7,atlas_het,node_classification,graphatlas_c_oracle,graphatlas_certified,2,0,1,outputs\.work\runs\atlas_het\graphatlas_c_oracle\split-0\seed-2\config-a1a55372,outputs\.work\runs\atlas_het\graphatlas_c_oracle\split-0\seed-2\config-a1a55372\job_config.yaml
atlas_het__node_classification__graphatlas_c__split0__seed0__bd0ed6d1ef15,bd0ed6d1ef15,0e672c999c335af7,atlas_het,node_classification,graphatlas_c,graphatlas_certified,0,0,1,outputs\.work\runs\atlas_het\graphatlas_c\split-0\seed-0\config-bd0ed6d1,outputs\.work\runs\atlas_het\graphatlas_c\split-0\seed-0\config-bd0ed6d1\job_config.yaml
atlas_het__node_classification__graphatlas_c__split0__seed1__a042224e61e6,a042224e61e6,0e672c999c335af7,atlas_het,node_classification,graphatlas_c,graphatlas_certified,1,0,1,outputs\.work\runs\atlas_het\graphatlas_c\split-0\seed-1\config-a042224e,outputs\.work\runs\atlas_het\graphatlas_c\split-0\seed-1\config-a042224e\job_config.yaml
atlas_het__node_classification__graphatlas_c__split0__seed2__2f42d7ff32d6,2f42d7ff32d6,0e672c999c335af7,atlas_het,node_classification,graphatlas_c,graphatlas_certified,2,0,1,outputs\.work\runs\atlas_het\graphatlas_c\split-0\seed-2\config-2f42d7ff,outputs\.work\runs\atlas_het\graphatlas_c\split-0\seed-2\config-2f42d7ff\job_config.yaml
atlas_het__node_classification__graphatlas_original__split0__seed0__bebd69a5f9dc,bebd69a5f9dc,0e672c999c335af7,atlas_het,node_classification,graphatlas_original,graphatlas,0,0,1,outputs\.work\runs\atlas_het\graphatlas_original\split-0\seed-0\config-bebd69a5,outputs\.work\runs\atlas_het\graphatlas_original\split-0\seed-0\config-bebd69a5\job_config.yaml
atlas_het__node_classification__graphatlas_original__split0__seed1__f47395bb99a6,f47395bb99a6,0e672c999c335af7,atlas_het,node_classification,graphatlas_original,graphatlas,1,0,1,outputs\.work\runs\atlas_het\graphatlas_original\split-0\seed-1\config-f47395bb,outputs\.work\runs\atlas_het\graphatlas_original\split-0\seed-1\config-f47395bb\job_config.yaml
atlas_het__node_classification__graphatlas_original__split0__seed2__4d62263d5eef,4d62263d5eef,0e672c999c335af7,atlas_het,node_classification,graphatlas_original,graphatlas,2,0,1,outputs\.work\runs\atlas_het\graphatlas_original\split-0\seed-2\config-4d62263d,outputs\.work\runs\atlas_het\graphatlas_original\split-0\seed-2\config-4d62263d\job_config.yaml
atlas_het__node_classification__graphatlas_free_transition__split0__seed0__8d4399cfe7f5,8d4399cfe7f5,0e672c999c335af7,atlas_het,node_classification,graphatlas_free_transition,graphatlas_free_transition,0,0,1,outputs\.work\runs\atlas_het\graphatlas_free_transition\split-0\seed-0\config-8d4399cf,outputs\.work\runs\atlas_het\graphatlas_free_transition\split-0\seed-0\config-8d4399cf\job_config.yaml
atlas_het__node_classification__graphatlas_free_transition__split0__seed1__60b6e0818c11,60b6e0818c11,0e672c999c335af7,atlas_het,node_classification,graphatlas_free_transition,graphatlas_free_transition,1,0,1,outputs\.work\runs\atlas_het\graphatlas_free_transition\split-0\seed-1\config-60b6e081,outputs\.work\runs\atlas_het\graphatlas_free_transition\split-0\seed-1\config-60b6e081\job_config.yaml
atlas_het__node_classification__graphatlas_free_transition__split0__seed2__cae033de9050,cae033de9050,0e672c999c335af7,atlas_het,node_classification,graphatlas_free_transition,graphatlas_free_transition,2,0,1,outputs\.work\runs\atlas_het\graphatlas_free_transition\split-0\seed-2\config-cae033de,outputs\.work\runs\atlas_het\graphatlas_free_transition\split-0\seed-2\config-cae033de\job_config.yaml
atlas_het__node_classification__graphatlas_no_transport__split0__seed0__ac74f56d51d7,ac74f56d51d7,0e672c999c335af7,atlas_het,node_classification,graphatlas_no_transport,graphatlas_no_transport,0,0,1,outputs\.work\runs\atlas_het\graphatlas_no_transport\split-0\seed-0\config-ac74f56d,outputs\.work\runs\atlas_het\graphatlas_no_transport\split-0\seed-0\config-ac74f56d\job_config.yaml
atlas_het__node_classification__graphatlas_no_transport__split0__seed1__daebfc6d2db0,daebfc6d2db0,0e672c999c335af7,atlas_het,node_classification,graphatlas_no_transport,graphatlas_no_transport,1,0,1,outputs\.work\runs\atlas_het\graphatlas_no_transport\split-0\seed-1\config-daebfc6d,outputs\.work\runs\atlas_het\graphatlas_no_transport\split-0\seed-1\config-daebfc6d\job_config.yaml
atlas_het__node_classification__graphatlas_no_transport__split0__seed2__e0bf9dac7451,e0bf9dac7451,0e672c999c335af7,atlas_het,node_classification,graphatlas_no_transport,graphatlas_no_transport,2,0,1,outputs\.work\runs\atlas_het\graphatlas_no_transport\split-0\seed-2\config-e0bf9dac,outputs\.work\runs\atlas_het\graphatlas_no_transport\split-0\seed-2\config-e0bf9dac\job_config.yaml
atlas_het__node_classification__graphatlas_c_oracle__split0__seed0__53403aeebdc4,53403aeebdc4,0e672c999c335af7,atlas_het,node_classification,graphatlas_c_oracle,graphatlas_certified,0,0,1,outputs\.work\runs\atlas_het\graphatlas_c_oracle\split-0\seed-0\config-53403aee,outputs\.work\runs\atlas_het\graphatlas_c_oracle\split-0\seed-0\config-53403aee\job_config.yaml
atlas_het__node_classification__graphatlas_c_oracle__split0__seed1__641a4f14d577,641a4f14d577,0e672c999c335af7,atlas_het,node_classification,graphatlas_c_oracle,graphatlas_certified,1,0,1,outputs\.work\runs\atlas_het\graphatlas_c_oracle\split-0\seed-1\config-641a4f14,outputs\.work\runs\atlas_het\graphatlas_c_oracle\split-0\seed-1\config-641a4f14\job_config.yaml
atlas_het__node_classification__graphatlas_c_oracle__split0__seed2__7c3b5def17a9,7c3b5def17a9,0e672c999c335af7,atlas_het,node_classification,graphatlas_c_oracle,graphatlas_certified,2,0,1,outputs\.work\runs\atlas_het\graphatlas_c_oracle\split-0\seed-2\config-7c3b5def,outputs\.work\runs\atlas_het\graphatlas_c_oracle\split-0\seed-2\config-7c3b5def\job_config.yaml
atlas_het__node_classification__graphatlas_c__split0__seed0__e8f92f770d73,e8f92f770d73,0e672c999c335af7,atlas_het,node_classification,graphatlas_c,graphatlas_certified,0,0,1,outputs\.work\runs\atlas_het\graphatlas_c\split-0\seed-0\config-e8f92f77,outputs\.work\runs\atlas_het\graphatlas_c\split-0\seed-0\config-e8f92f77\job_config.yaml
atlas_het__node_classification__graphatlas_c__split0__seed1__ff516ce8a045,ff516ce8a045,0e672c999c335af7,atlas_het,node_classification,graphatlas_c,graphatlas_certified,1,0,1,outputs\.work\runs\atlas_het\graphatlas_c\split-0\seed-1\config-ff516ce8,outputs\.work\runs\atlas_het\graphatlas_c\split-0\seed-1\config-ff516ce8\job_config.yaml
atlas_het__node_classification__graphatlas_c__split0__seed2__5d0268026698,5d0268026698,0e672c999c335af7,atlas_het,node_classification,graphatlas_c,graphatlas_certified,2,0,1,outputs\.work\runs\atlas_het\graphatlas_c\split-0\seed-2\config-5d026802,outputs\.work\runs\atlas_het\graphatlas_c\split-0\seed-2\config-5d026802\job_config.yaml
atlas_het__node_classification__graphatlas_original__split0__seed0__3268e9d2b5a6,3268e9d2b5a6,0e672c999c335af7,atlas_het,node_classification,graphatlas_original,graphatlas,0,0,1,outputs\.work\runs\atlas_het\graphatlas_original\split-0\seed-0\config-3268e9d2,outputs\.work\runs\atlas_het\graphatlas_original\split-0\seed-0\config-3268e9d2\job_config.yaml
atlas_het__node_classification__graphatlas_original__split0__seed1__03e6ab4dd95c,03e6ab4dd95c,0e672c999c335af7,atlas_het,node_classification,graphatlas_original,graphatlas,1,0,1,outputs\.work\runs\atlas_het\graphatlas_original\split-0\seed-1\config-03e6ab4d,outputs\.work\runs\atlas_het\graphatlas_original\split-0\seed-1\config-03e6ab4d\job_config.yaml
atlas_het__node_classification__graphatlas_original__split0__seed2__594735bdf1c3,594735bdf1c3,0e672c999c335af7,atlas_het,node_classification,graphatlas_original,graphatlas,2,0,1,outputs\.work\runs\atlas_het\graphatlas_original\split-0\seed-2\config-594735bd,outputs\.work\runs\atlas_het\graphatlas_original\split-0\seed-2\config-594735bd\job_config.yaml
atlas_het__node_classification__graphatlas_free_transition__split0__seed0__c5aba9d45a38,c5aba9d45a38,0e672c999c335af7,atlas_het,node_classification,graphatlas_free_transition,graphatlas_free_transition,0,0,1,outputs\.work\runs\atlas_het\graphatlas_free_transition\split-0\seed-0\config-c5aba9d4,outputs\.work\runs\atlas_het\graphatlas_free_transition\split-0\seed-0\config-c5aba9d4\job_config.yaml
atlas_het__node_classification__graphatlas_free_transition__split0__seed1__9efc36bc6fab,9efc36bc6fab,0e672c999c335af7,atlas_het,node_classification,graphatlas_free_transition,graphatlas_free_transition,1,0,1,outputs\.work\runs\atlas_het\graphatlas_free_transition\split-0\seed-1\config-9efc36bc,outputs\.work\runs\atlas_het\graphatlas_free_transition\split-0\seed-1\config-9efc36bc\job_config.yaml
atlas_het__node_classification__graphatlas_free_transition__split0__seed2__443119a219ae,443119a219ae,0e672c999c335af7,atlas_het,node_classification,graphatlas_free_transition,graphatlas_free_transition,2,0,1,outputs\.work\runs\atlas_het\graphatlas_free_transition\split-0\seed-2\config-443119a2,outputs\.work\runs\atlas_het\graphatlas_free_transition\split-0\seed-2\config-443119a2\job_config.yaml
atlas_het__node_classification__graphatlas_no_transport__split0__seed0__e98bf255c707,e98bf255c707,0e672c999c335af7,atlas_het,node_classification,graphatlas_no_transport,graphatlas_no_transport,0,0,1,outputs\.work\runs\atlas_het\graphatlas_no_transport\split-0\seed-0\config-e98bf255,outputs\.work\runs\atlas_het\graphatlas_no_transport\split-0\seed-0\config-e98bf255\job_config.yaml
atlas_het__node_classification__graphatlas_no_transport__split0__seed1__87ceac0f61e6,87ceac0f61e6,0e672c999c335af7,atlas_het,node_classification,graphatlas_no_transport,graphatlas_no_transport,1,0,1,outputs\.work\runs\atlas_het\graphatlas_no_transport\split-0\seed-1\config-87ceac0f,outputs\.work\runs\atlas_het\graphatlas_no_transport\split-0\seed-1\config-87ceac0f\job_config.yaml
atlas_het__node_classification__graphatlas_no_transport__split0__seed2__42141037317b,42141037317b,0e672c999c335af7,atlas_het,node_classification,graphatlas_no_transport,graphatlas_no_transport,2,0,1,outputs\.work\runs\atlas_het\graphatlas_no_transport\split-0\seed-2\config-42141037,outputs\.work\runs\atlas_het\graphatlas_no_transport\split-0\seed-2\config-42141037\job_config.yaml
atlas_het__node_classification__graphatlas_c_oracle__split0__seed0__e522830449b7,e522830449b7,0e672c999c335af7,atlas_het,node_classification,graphatlas_c_oracle,graphatlas_certified,0,0,1,outputs\.work\runs\atlas_het\graphatlas_c_oracle\split-0\seed-0\config-e5228304,outputs\.work\runs\atlas_het\graphatlas_c_oracle\split-0\seed-0\config-e5228304\job_config.yaml
atlas_het__node_classification__graphatlas_c_oracle__split0__seed1__73fac10a12aa,73fac10a12aa,0e672c999c335af7,atlas_het,node_classification,graphatlas_c_oracle,graphatlas_certified,1,0,1,outputs\.work\runs\atlas_het\graphatlas_c_oracle\split-0\seed-1\config-73fac10a,outputs\.work\runs\atlas_het\graphatlas_c_oracle\split-0\seed-1\config-73fac10a\job_config.yaml
atlas_het__node_classification__graphatlas_c_oracle__split0__seed2__7cf9b4fb7b16,7cf9b4fb7b16,0e672c999c335af7,atlas_het,node_classification,graphatlas_c_oracle,graphatlas_certified,2,0,1,outputs\.work\runs\atlas_het\graphatlas_c_oracle\split-0\seed-2\config-7cf9b4fb,outputs\.work\runs\atlas_het\graphatlas_c_oracle\split-0\seed-2\config-7cf9b4fb\job_config.yaml
atlas_het__node_classification__graphatlas_c__split0__seed0__1870ebd7ecfa,1870ebd7ecfa,0e672c999c335af7,atlas_het,node_classification,graphatlas_c,graphatlas_certified,0,0,1,outputs\.work\runs\atlas_het\graphatlas_c\split-0\seed-0\config-1870ebd7,outputs\.work\runs\atlas_het\graphatlas_c\split-0\seed-0\config-1870ebd7\job_config.yaml
atlas_het__node_classification__graphatlas_c__split0__seed1__02a54cd74a92,02a54cd74a92,0e672c999c335af7,atlas_het,node_classification,graphatlas_c,graphatlas_certified,1,0,1,outputs\.work\runs\atlas_het\graphatlas_c\split-0\seed-1\config-02a54cd7,outputs\.work\runs\atlas_het\graphatlas_c\split-0\seed-1\config-02a54cd7\job_config.yaml
atlas_het__node_classification__graphatlas_c__split0__seed2__1746d7207803,1746d7207803,0e672c999c335af7,atlas_het,node_classification,graphatlas_c,graphatlas_certified,2,0,1,outputs\.work\runs\atlas_het\graphatlas_c\split-0\seed-2\config-1746d720,outputs\.work\runs\atlas_het\graphatlas_c\split-0\seed-2\config-1746d720\job_config.yaml
atlas_het__node_classification__graphatlas_original__split0__seed0__53da0161557d,53da0161557d,0e672c999c335af7,atlas_het,node_classification,graphatlas_original,graphatlas,0,0,1,outputs\.work\runs\atlas_het\graphatlas_original\split-0\seed-0\config-53da0161,outputs\.work\runs\atlas_het\graphatlas_original\split-0\seed-0\config-53da0161\job_config.yaml
atlas_het__node_classification__graphatlas_original__split0__seed1__1c8f2e14698d,1c8f2e14698d,0e672c999c335af7,atlas_het,node_classification,graphatlas_original,graphatlas,1,0,1,outputs\.work\runs\atlas_het\graphatlas_original\split-0\seed-1\config-1c8f2e14,outputs\.work\runs\atlas_het\graphatlas_original\split-0\seed-1\config-1c8f2e14\job_config.yaml
atlas_het__node_classification__graphatlas_original__split0__seed2__afe425e9a980,afe425e9a980,0e672c999c335af7,atlas_het,node_classification,graphatlas_original,graphatlas,2,0,1,outputs\.work\runs\atlas_het\graphatlas_original\split-0\seed-2\config-afe425e9,outputs\.work\runs\atlas_het\graphatlas_original\split-0\seed-2\config-afe425e9\job_config.yaml
atlas_het__node_classification__graphatlas_free_transition__split0__seed0__dd6c54b1e99b,dd6c54b1e99b,0e672c999c335af7,atlas_het,node_classification,graphatlas_free_transition,graphatlas_free_transition,0,0,1,outputs\.work\runs\atlas_het\graphatlas_free_transition\split-0\seed-0\config-dd6c54b1,outputs\.work\runs\atlas_het\graphatlas_free_transition\split-0\seed-0\config-dd6c54b1\job_config.yaml
atlas_het__node_classification__graphatlas_free_transition__split0__seed1__7e8ddf42885e,7e8ddf42885e,0e672c999c335af7,atlas_het,node_classification,graphatlas_free_transition,graphatlas_free_transition,1,0,1,outputs\.work\runs\atlas_het\graphatlas_free_transition\split-0\seed-1\config-7e8ddf42,outputs\.work\runs\atlas_het\graphatlas_free_transition\split-0\seed-1\config-7e8ddf42\job_config.yaml
atlas_het__node_classification__graphatlas_free_transition__split0__seed2__27ed86a8a829,27ed86a8a829,0e672c999c335af7,atlas_het,node_classification,graphatlas_free_transition,graphatlas_free_transition,2,0,1,outputs\.work\runs\atlas_het\graphatlas_free_transition\split-0\seed-2\config-27ed86a8,outputs\.work\runs\atlas_het\graphatlas_free_transition\split-0\seed-2\config-27ed86a8\job_config.yaml
atlas_het__node_classification__graphatlas_no_transport__split0__seed0__bb29fc428886,bb29fc428886,0e672c999c335af7,atlas_het,node_classification,graphatlas_no_transport,graphatlas_no_transport,0,0,1,outputs\.work\runs\atlas_het\graphatlas_no_transport\split-0\seed-0\config-bb29fc42,outputs\.work\runs\atlas_het\graphatlas_no_transport\split-0\seed-0\config-bb29fc42\job_config.yaml
atlas_het__node_classification__graphatlas_no_transport__split0__seed1__d8e5618aeee9,d8e5618aeee9,0e672c999c335af7,atlas_het,node_classification,graphatlas_no_transport,graphatlas_no_transport,1,0,1,outputs\.work\runs\atlas_het\graphatlas_no_transport\split-0\seed-1\config-d8e5618a,outputs\.work\runs\atlas_het\graphatlas_no_transport\split-0\seed-1\config-d8e5618a\job_config.yaml
atlas_het__node_classification__graphatlas_no_transport__split0__seed2__3d6f997b4cfe,3d6f997b4cfe,0e672c999c335af7,atlas_het,node_classification,graphatlas_no_transport,graphatlas_no_transport,2,0,1,outputs\.work\runs\atlas_het\graphatlas_no_transport\split-0\seed-2\config-3d6f997b,outputs\.work\runs\atlas_het\graphatlas_no_transport\split-0\seed-2\config-3d6f997b\job_config.yaml
atlas_het__node_classification__graphatlas_c_oracle__split0__seed0__e3979f225314,e3979f225314,0e672c999c335af7,atlas_het,node_classification,graphatlas_c_oracle,graphatlas_certified,0,0,1,outputs\.work\runs\atlas_het\graphatlas_c_oracle\split-0\seed-0\config-e3979f22,outputs\.work\runs\atlas_het\graphatlas_c_oracle\split-0\seed-0\config-e3979f22\job_config.yaml
atlas_het__node_classification__graphatlas_c_oracle__split0__seed1__9b04ae11e010,9b04ae11e010,0e672c999c335af7,atlas_het,node_classification,graphatlas_c_oracle,graphatlas_certified,1,0,1,outputs\.work\runs\atlas_het\graphatlas_c_oracle\split-0\seed-1\config-9b04ae11,outputs\.work\runs\atlas_het\graphatlas_c_oracle\split-0\seed-1\config-9b04ae11\job_config.yaml
atlas_het__node_classification__graphatlas_c_oracle__split0__seed2__04f2dd027958,04f2dd027958,0e672c999c335af7,atlas_het,node_classification,graphatlas_c_oracle,graphatlas_certified,2,0,1,outputs\.work\runs\atlas_het\graphatlas_c_oracle\split-0\seed-2\config-04f2dd02,outputs\.work\runs\atlas_het\graphatlas_c_oracle\split-0\seed-2\config-04f2dd02\job_config.yaml
atlas_het__node_classification__graphatlas_c__split0__seed0__39c9b9042359,39c9b9042359,0e672c999c335af7,atlas_het,node_classification,graphatlas_c,graphatlas_certified,0,0,1,outputs\.work\runs\atlas_het\graphatlas_c\split-0\seed-0\config-39c9b904,outputs\.work\runs\atlas_het\graphatlas_c\split-0\seed-0\config-39c9b904\job_config.yaml
atlas_het__node_classification__graphatlas_c__split0__seed1__a021c8f36895,a021c8f36895,0e672c999c335af7,atlas_het,node_classification,graphatlas_c,graphatlas_certified,1,0,1,outputs\.work\runs\atlas_het\graphatlas_c\split-0\seed-1\config-a021c8f3,outputs\.work\runs\atlas_het\graphatlas_c\split-0\seed-1\config-a021c8f3\job_config.yaml
atlas_het__node_classification__graphatlas_c__split0__seed2__a8d49c7c8fff,a8d49c7c8fff,0e672c999c335af7,atlas_het,node_classification,graphatlas_c,graphatlas_certified,2,0,1,outputs\.work\runs\atlas_het\graphatlas_c\split-0\seed-2\config-a8d49c7c,outputs\.work\runs\atlas_het\graphatlas_c\split-0\seed-2\config-a8d49c7c\job_config.yaml
atlas_het__node_classification__graphatlas_original__split0__seed0__5befe77e412a,5befe77e412a,0e672c999c335af7,atlas_het,node_classification,graphatlas_original,graphatlas,0,0,1,outputs\.work\runs\atlas_het\graphatlas_original\split-0\seed-0\config-5befe77e,outputs\.work\runs\atlas_het\graphatlas_original\split-0\seed-0\config-5befe77e\job_config.yaml
atlas_het__node_classification__graphatlas_original__split0__seed1__c1c0a5bb45af,c1c0a5bb45af,0e672c999c335af7,atlas_het,node_classification,graphatlas_original,graphatlas,1,0,1,outputs\.work\runs\atlas_het\graphatlas_original\split-0\seed-1\config-c1c0a5bb,outputs\.work\runs\atlas_het\graphatlas_original\split-0\seed-1\config-c1c0a5bb\job_config.yaml
atlas_het__node_classification__graphatlas_original__split0__seed2__2c5a63b53b50,2c5a63b53b50,0e672c999c335af7,atlas_het,node_classification,graphatlas_original,graphatlas,2,0,1,outputs\.work\runs\atlas_het\graphatlas_original\split-0\seed-2\config-2c5a63b5,outputs\.work\runs\atlas_het\graphatlas_original\split-0\seed-2\config-2c5a63b5\job_config.yaml
atlas_het__node_classification__graphatlas_free_transition__split0__seed0__c807e678ae4d,c807e678ae4d,0e672c999c335af7,atlas_het,node_classification,graphatlas_free_transition,graphatlas_free_transition,0,0,1,outputs\.work\runs\atlas_het\graphatlas_free_transition\split-0\seed-0\config-c807e678,outputs\.work\runs\atlas_het\graphatlas_free_transition\split-0\seed-0\config-c807e678\job_config.yaml
atlas_het__node_classification__graphatlas_free_transition__split0__seed1__847aeb365f83,847aeb365f83,0e672c999c335af7,atlas_het,node_classification,graphatlas_free_transition,graphatlas_free_transition,1,0,1,outputs\.work\runs\atlas_het\graphatlas_free_transition\split-0\seed-1\config-847aeb36,outputs\.work\runs\atlas_het\graphatlas_free_transition\split-0\seed-1\config-847aeb36\job_config.yaml
atlas_het__node_classification__graphatlas_free_transition__split0__seed2__e75b783746bf,e75b783746bf,0e672c999c335af7,atlas_het,node_classification,graphatlas_free_transition,graphatlas_free_transition,2,0,1,outputs\.work\runs\atlas_het\graphatlas_free_transition\split-0\seed-2\config-e75b7837,outputs\.work\runs\atlas_het\graphatlas_free_transition\split-0\seed-2\config-e75b7837\job_config.yaml
atlas_het__node_classification__graphatlas_no_transport__split0__seed0__6e82bfed0e5b,6e82bfed0e5b,0e672c999c335af7,atlas_het,node_classification,graphatlas_no_transport,graphatlas_no_transport,0,0,1,outputs\.work\runs\atlas_het\graphatlas_no_transport\split-0\seed-0\config-6e82bfed,outputs\.work\runs\atlas_het\graphatlas_no_transport\split-0\seed-0\config-6e82bfed\job_config.yaml
atlas_het__node_classification__graphatlas_no_transport__split0__seed1__b3e800de1149,b3e800de1149,0e672c999c335af7,atlas_het,node_classification,graphatlas_no_transport,graphatlas_no_transport,1,0,1,outputs\.work\runs\atlas_het\graphatlas_no_transport\split-0\seed-1\config-b3e800de,outputs\.work\runs\atlas_het\graphatlas_no_transport\split-0\seed-1\config-b3e800de\job_config.yaml
atlas_het__node_classification__graphatlas_no_transport__split0__seed2__c3e0dc22e5ee,c3e0dc22e5ee,0e672c999c335af7,atlas_het,node_classification,graphatlas_no_transport,graphatlas_no_transport,2,0,1,outputs\.work\runs\atlas_het\graphatlas_no_transport\split-0\seed-2\config-c3e0dc22,outputs\.work\runs\atlas_het\graphatlas_no_transport\split-0\seed-2\config-c3e0dc22\job_config.yaml
atlas_het__node_classification__graphatlas_c_oracle__split0__seed0__06693cda167f,06693cda167f,0e672c999c335af7,atlas_het,node_classification,graphatlas_c_oracle,graphatlas_certified,0,0,1,outputs\.work\runs\atlas_het\graphatlas_c_oracle\split-0\seed-0\config-06693cda,outputs\.work\runs\atlas_het\graphatlas_c_oracle\split-0\seed-0\config-06693cda\job_config.yaml
atlas_het__node_classification__graphatlas_c_oracle__split0__seed1__545c276d81d2,545c276d81d2,0e672c999c335af7,atlas_het,node_classification,graphatlas_c_oracle,graphatlas_certified,1,0,1,outputs\.work\runs\atlas_het\graphatlas_c_oracle\split-0\seed-1\config-545c276d,outputs\.work\runs\atlas_het\graphatlas_c_oracle\split-0\seed-1\config-545c276d\job_config.yaml
atlas_het__node_classification__graphatlas_c_oracle__split0__seed2__b9deb72fe6e3,b9deb72fe6e3,0e672c999c335af7,atlas_het,node_classification,graphatlas_c_oracle,graphatlas_certified,2,0,1,outputs\.work\runs\atlas_het\graphatlas_c_oracle\split-0\seed-2\config-b9deb72f,outputs\.work\runs\atlas_het\graphatlas_c_oracle\split-0\seed-2\config-b9deb72f\job_config.yaml
atlas_het__node_classification__graphatlas_c__split0__seed0__ad1b2b91a248,ad1b2b91a248,0e672c999c335af7,atlas_het,node_classification,graphatlas_c,graphatlas_certified,0,0,1,outputs\.work\runs\atlas_het\graphatlas_c\split-0\seed-0\config-ad1b2b91,outputs\.work\runs\atlas_het\graphatlas_c\split-0\seed-0\config-ad1b2b91\job_config.yaml
atlas_het__node_classification__graphatlas_c__split0__seed1__af38198a6fc2,af38198a6fc2,0e672c999c335af7,atlas_het,node_classification,graphatlas_c,graphatlas_certified,1,0,1,outputs\.work\runs\atlas_het\graphatlas_c\split-0\seed-1\config-af38198a,outputs\.work\runs\atlas_het\graphatlas_c\split-0\seed-1\config-af38198a\job_config.yaml
atlas_het__node_classification__graphatlas_c__split0__seed2__5a1b375343e0,5a1b375343e0,0e672c999c335af7,atlas_het,node_classification,graphatlas_c,graphatlas_certified,2,0,1,outputs\.work\runs\atlas_het\graphatlas_c\split-0\seed-2\config-5a1b3753,outputs\.work\runs\atlas_het\graphatlas_c\split-0\seed-2\config-5a1b3753\job_config.yaml
atlas_het__node_classification__graphatlas_original__split0__seed0__255070368299,255070368299,0e672c999c335af7,atlas_het,node_classification,graphatlas_original,graphatlas,0,0,1,outputs\.work\runs\atlas_het\graphatlas_original\split-0\seed-0\config-25507036,outputs\.work\runs\atlas_het\graphatlas_original\split-0\seed-0\config-25507036\job_config.yaml
atlas_het__node_classification__graphatlas_original__split0__seed1__1d739f084c2a,1d739f084c2a,0e672c999c335af7,atlas_het,node_classification,graphatlas_original,graphatlas,1,0,1,outputs\.work\runs\atlas_het\graphatlas_original\split-0\seed-1\config-1d739f08,outputs\.work\runs\atlas_het\graphatlas_original\split-0\seed-1\config-1d739f08\job_config.yaml
atlas_het__node_classification__graphatlas_original__split0__seed2__2a0ba5b5d61c,2a0ba5b5d61c,0e672c999c335af7,atlas_het,node_classification,graphatlas_original,graphatlas,2,0,1,outputs\.work\runs\atlas_het\graphatlas_original\split-0\seed-2\config-2a0ba5b5,outputs\.work\runs\atlas_het\graphatlas_original\split-0\seed-2\config-2a0ba5b5\job_config.yaml
atlas_het__node_classification__graphatlas_free_transition__split0__seed0__23113b1fa227,23113b1fa227,0e672c999c335af7,atlas_het,node_classification,graphatlas_free_transition,graphatlas_free_transition,0,0,1,outputs\.work\runs\atlas_het\graphatlas_free_transition\split-0\seed-0\config-23113b1f,outputs\.work\runs\atlas_het\graphatlas_free_transition\split-0\seed-0\config-23113b1f\job_config.yaml
atlas_het__node_classification__graphatlas_free_transition__split0__seed1__0740188cbfb1,0740188cbfb1,0e672c999c335af7,atlas_het,node_classification,graphatlas_free_transition,graphatlas_free_transition,1,0,1,outputs\.work\runs\atlas_het\graphatlas_free_transition\split-0\seed-1\config-0740188c,outputs\.work\runs\atlas_het\graphatlas_free_transition\split-0\seed-1\config-0740188c\job_config.yaml
atlas_het__node_classification__graphatlas_free_transition__split0__seed2__21188f4e43d2,21188f4e43d2,0e672c999c335af7,atlas_het,node_classification,graphatlas_free_transition,graphatlas_free_transition,2,0,1,outputs\.work\runs\atlas_het\graphatlas_free_transition\split-0\seed-2\config-21188f4e,outputs\.work\runs\atlas_het\graphatlas_free_transition\split-0\seed-2\config-21188f4e\job_config.yaml
atlas_het__node_classification__graphatlas_no_transport__split0__seed0__4b904d869e1b,4b904d869e1b,0e672c999c335af7,atlas_het,node_classification,graphatlas_no_transport,graphatlas_no_transport,0,0,1,outputs\.work\runs\atlas_het\graphatlas_no_transport\split-0\seed-0\config-4b904d86,outputs\.work\runs\atlas_het\graphatlas_no_transport\split-0\seed-0\config-4b904d86\job_config.yaml
atlas_het__node_classification__graphatlas_no_transport__split0__seed1__e80c209b9cab,e80c209b9cab,0e672c999c335af7,atlas_het,node_classification,graphatlas_no_transport,graphatlas_no_transport,1,0,1,outputs\.work\runs\atlas_het\graphatlas_no_transport\split-0\seed-1\config-e80c209b,outputs\.work\runs\atlas_het\graphatlas_no_transport\split-0\seed-1\config-e80c209b\job_config.yaml
atlas_het__node_classification__graphatlas_no_transport__split0__seed2__2aa8bd59f4d8,2aa8bd59f4d8,0e672c999c335af7,atlas_het,node_classification,graphatlas_no_transport,graphatlas_no_transport,2,0,1,outputs\.work\runs\atlas_het\graphatlas_no_transport\split-0\seed-2\config-2aa8bd59,outputs\.work\runs\atlas_het\graphatlas_no_transport\split-0\seed-2\config-2aa8bd59\job_config.yaml
atlas_het__node_classification__graphatlas_c_oracle__split0__seed0__c4356bb30d34,c4356bb30d34,0e672c999c335af7,atlas_het,node_classification,graphatlas_c_oracle,graphatlas_certified,0,0,1,outputs\.work\runs\atlas_het\graphatlas_c_oracle\split-0\seed-0\config-c4356bb3,outputs\.work\runs\atlas_het\graphatlas_c_oracle\split-0\seed-0\config-c4356bb3\job_config.yaml
atlas_het__node_classification__graphatlas_c_oracle__split0__seed1__08b63bd5dba4,08b63bd5dba4,0e672c999c335af7,atlas_het,node_classification,graphatlas_c_oracle,graphatlas_certified,1,0,1,outputs\.work\runs\atlas_het\graphatlas_c_oracle\split-0\seed-1\config-08b63bd5,outputs\.work\runs\atlas_het\graphatlas_c_oracle\split-0\seed-1\config-08b63bd5\job_config.yaml
atlas_het__node_classification__graphatlas_c_oracle__split0__seed2__b69f5f8e7bc1,b69f5f8e7bc1,0e672c999c335af7,atlas_het,node_classification,graphatlas_c_oracle,graphatlas_certified,2,0,1,outputs\.work\runs\atlas_het\graphatlas_c_oracle\split-0\seed-2\config-b69f5f8e,outputs\.work\runs\atlas_het\graphatlas_c_oracle\split-0\seed-2\config-b69f5f8e\job_config.yaml
atlas_het__node_classification__graphatlas_c__split0__seed0__8ad2883f24ae,8ad2883f24ae,0e672c999c335af7,atlas_het,node_classification,graphatlas_c,graphatlas_certified,0,0,1,outputs\.work\runs\atlas_het\graphatlas_c\split-0\seed-0\config-8ad2883f,outputs\.work\runs\atlas_het\graphatlas_c\split-0\seed-0\config-8ad2883f\job_config.yaml
atlas_het__node_classification__graphatlas_c__split0__seed1__35a67026588c,35a67026588c,0e672c999c335af7,atlas_het,node_classification,graphatlas_c,graphatlas_certified,1,0,1,outputs\.work\runs\atlas_het\graphatlas_c\split-0\seed-1\config-35a67026,outputs\.work\runs\atlas_het\graphatlas_c\split-0\seed-1\config-35a67026\job_config.yaml
atlas_het__node_classification__graphatlas_c__split0__seed2__c7f8d0445b59,c7f8d0445b59,0e672c999c335af7,atlas_het,node_classification,graphatlas_c,graphatlas_certified,2,0,1,outputs\.work\runs\atlas_het\graphatlas_c\split-0\seed-2\config-c7f8d044,outputs\.work\runs\atlas_het\graphatlas_c\split-0\seed-2\config-c7f8d044\job_config.yaml
atlas_het__node_classification__graphatlas_original__split0__seed0__acb2dffeee23,acb2dffeee23,0e672c999c335af7,atlas_het,node_classification,graphatlas_original,graphatlas,0,0,1,outputs\.work\runs\atlas_het\graphatlas_original\split-0\seed-0\config-acb2dffe,outputs\.work\runs\atlas_het\graphatlas_original\split-0\seed-0\config-acb2dffe\job_config.yaml
atlas_het__node_classification__graphatlas_original__split0__seed1__444d4de82234,444d4de82234,0e672c999c335af7,atlas_het,node_classification,graphatlas_original,graphatlas,1,0,1,outputs\.work\runs\atlas_het\graphatlas_original\split-0\seed-1\config-444d4de8,outputs\.work\runs\atlas_het\graphatlas_original\split-0\seed-1\config-444d4de8\job_config.yaml
atlas_het__node_classification__graphatlas_original__split0__seed2__9587e6641f0a,9587e6641f0a,0e672c999c335af7,atlas_het,node_classification,graphatlas_original,graphatlas,2,0,1,outputs\.work\runs\atlas_het\graphatlas_original\split-0\seed-2\config-9587e664,outputs\.work\runs\atlas_het\graphatlas_original\split-0\seed-2\config-9587e664\job_config.yaml
atlas_het__node_classification__graphatlas_free_transition__split0__seed0__92dd57feffc7,92dd57feffc7,0e672c999c335af7,atlas_het,node_classification,graphatlas_free_transition,graphatlas_free_transition,0,0,1,outputs\.work\runs\atlas_het\graphatlas_free_transition\split-0\seed-0\config-92dd57fe,outputs\.work\runs\atlas_het\graphatlas_free_transition\split-0\seed-0\config-92dd57fe\job_config.yaml
atlas_het__node_classification__graphatlas_free_transition__split0__seed1__20fc6958035a,20fc6958035a,0e672c999c335af7,atlas_het,node_classification,graphatlas_free_transition,graphatlas_free_transition,1,0,1,outputs\.work\runs\atlas_het\graphatlas_free_transition\split-0\seed-1\config-20fc6958,outputs\.work\runs\atlas_het\graphatlas_free_transition\split-0\seed-1\config-20fc6958\job_config.yaml
atlas_het__node_classification__graphatlas_free_transition__split0__seed2__db68236c246a,db68236c246a,0e672c999c335af7,atlas_het,node_classification,graphatlas_free_transition,graphatlas_free_transition,2,0,1,outputs\.work\runs\atlas_het\graphatlas_free_transition\split-0\seed-2\config-db68236c,outputs\.work\runs\atlas_het\graphatlas_free_transition\split-0\seed-2\config-db68236c\job_config.yaml
atlas_het__node_classification__graphatlas_no_transport__split0__seed0__6d9b02883854,6d9b02883854,0e672c999c335af7,atlas_het,node_classification,graphatlas_no_transport,graphatlas_no_transport,0,0,1,outputs\.work\runs\atlas_het\graphatlas_no_transport\split-0\seed-0\config-6d9b0288,outputs\.work\runs\atlas_het\graphatlas_no_transport\split-0\seed-0\config-6d9b0288\job_config.yaml
atlas_het__node_classification__graphatlas_no_transport__split0__seed1__d6a93e8b5cf8,d6a93e8b5cf8,0e672c999c335af7,atlas_het,node_classification,graphatlas_no_transport,graphatlas_no_transport,1,0,1,outputs\.work\runs\atlas_het\graphatlas_no_transport\split-0\seed-1\config-d6a93e8b,outputs\.work\runs\atlas_het\graphatlas_no_transport\split-0\seed-1\config-d6a93e8b\job_config.yaml
atlas_het__node_classification__graphatlas_no_transport__split0__seed2__1f01f75d2df8,1f01f75d2df8,0e672c999c335af7,atlas_het,node_classification,graphatlas_no_transport,graphatlas_no_transport,2,0,1,outputs\.work\runs\atlas_het\graphatlas_no_transport\split-0\seed-2\config-1f01f75d,outputs\.work\runs\atlas_het\graphatlas_no_transport\split-0\seed-2\config-1f01f75d\job_config.yaml
atlas_het__node_classification__graphatlas_c_oracle__split0__seed0__6525720a0176,6525720a0176,0e672c999c335af7,atlas_het,node_classification,graphatlas_c_oracle,graphatlas_certified,0,0,1,outputs\.work\runs\atlas_het\graphatlas_c_oracle\split-0\seed-0\config-6525720a,outputs\.work\runs\atlas_het\graphatlas_c_oracle\split-0\seed-0\config-6525720a\job_config.yaml
atlas_het__node_classification__graphatlas_c_oracle__split0__seed1__985568c3c862,985568c3c862,0e672c999c335af7,atlas_het,node_classification,graphatlas_c_oracle,graphatlas_certified,1,0,1,outputs\.work\runs\atlas_het\graphatlas_c_oracle\split-0\seed-1\config-985568c3,outputs\.work\runs\atlas_het\graphatlas_c_oracle\split-0\seed-1\config-985568c3\job_config.yaml
atlas_het__node_classification__graphatlas_c_oracle__split0__seed2__6a80112a616c,6a80112a616c,0e672c999c335af7,atlas_het,node_classification,graphatlas_c_oracle,graphatlas_certified,2,0,1,outputs\.work\runs\atlas_het\graphatlas_c_oracle\split-0\seed-2\config-6a80112a,outputs\.work\runs\atlas_het\graphatlas_c_oracle\split-0\seed-2\config-6a80112a\job_config.yaml
atlas_het__node_classification__graphatlas_c__split0__seed0__409bc304f948,409bc304f948,0e672c999c335af7,atlas_het,node_classification,graphatlas_c,graphatlas_certified,0,0,1,outputs\.work\runs\atlas_het\graphatlas_c\split-0\seed-0\config-409bc304,outputs\.work\runs\atlas_het\graphatlas_c\split-0\seed-0\config-409bc304\job_config.yaml
atlas_het__node_classification__graphatlas_c__split0__seed1__e63a9a13d8d0,e63a9a13d8d0,0e672c999c335af7,atlas_het,node_classification,graphatlas_c,graphatlas_certified,1,0,1,outputs\.work\runs\atlas_het\graphatlas_c\split-0\seed-1\config-e63a9a13,outputs\.work\runs\atlas_het\graphatlas_c\split-0\seed-1\config-e63a9a13\job_config.yaml
atlas_het__node_classification__graphatlas_c__split0__seed2__ad3b2c04175b,ad3b2c04175b,0e672c999c335af7,atlas_het,node_classification,graphatlas_c,graphatlas_certified,2,0,1,outputs\.work\runs\atlas_het\graphatlas_c\split-0\seed-2\config-ad3b2c04,outputs\.work\runs\atlas_het\graphatlas_c\split-0\seed-2\config-ad3b2c04\job_config.yaml
atlas_het__node_classification__graphatlas_original__split0__seed0__b856af058f6e,b856af058f6e,0e672c999c335af7,atlas_het,node_classification,graphatlas_original,graphatlas,0,0,1,outputs\.work\runs\atlas_het\graphatlas_original\split-0\seed-0\config-b856af05,outputs\.work\runs\atlas_het\graphatlas_original\split-0\seed-0\config-b856af05\job_config.yaml
atlas_het__node_classification__graphatlas_original__split0__seed1__4a4666810fc2,4a4666810fc2,0e672c999c335af7,atlas_het,node_classification,graphatlas_original,graphatlas,1,0,1,outputs\.work\runs\atlas_het\graphatlas_original\split-0\seed-1\config-4a466681,outputs\.work\runs\atlas_het\graphatlas_original\split-0\seed-1\config-4a466681\job_config.yaml
atlas_het__node_classification__graphatlas_original__split0__seed2__775d1c4dd6ff,775d1c4dd6ff,0e672c999c335af7,atlas_het,node_classification,graphatlas_original,graphatlas,2,0,1,outputs\.work\runs\atlas_het\graphatlas_original\split-0\seed-2\config-775d1c4d,outputs\.work\runs\atlas_het\graphatlas_original\split-0\seed-2\config-775d1c4d\job_config.yaml
atlas_het__node_classification__graphatlas_free_transition__split0__seed0__9b4b5d40939d,9b4b5d40939d,0e672c999c335af7,atlas_het,node_classification,graphatlas_free_transition,graphatlas_free_transition,0,0,1,outputs\.work\runs\atlas_het\graphatlas_free_transition\split-0\seed-0\config-9b4b5d40,outputs\.work\runs\atlas_het\graphatlas_free_transition\split-0\seed-0\config-9b4b5d40\job_config.yaml
atlas_het__node_classification__graphatlas_free_transition__split0__seed1__6a130ebed723,6a130ebed723,0e672c999c335af7,atlas_het,node_classification,graphatlas_free_transition,graphatlas_free_transition,1,0,1,outputs\.work\runs\atlas_het\graphatlas_free_transition\split-0\seed-1\config-6a130ebe,outputs\.work\runs\atlas_het\graphatlas_free_transition\split-0\seed-1\config-6a130ebe\job_config.yaml
atlas_het__node_classification__graphatlas_free_transition__split0__seed2__df1b45ae3887,df1b45ae3887,0e672c999c335af7,atlas_het,node_classification,graphatlas_free_transition,graphatlas_free_transition,2,0,1,outputs\.work\runs\atlas_het\graphatlas_free_transition\split-0\seed-2\config-df1b45ae,outputs\.work\runs\atlas_het\graphatlas_free_transition\split-0\seed-2\config-df1b45ae\job_config.yaml
atlas_het__node_classification__graphatlas_no_transport__split0__seed0__9d4086ce4235,9d4086ce4235,0e672c999c335af7,atlas_het,node_classification,graphatlas_no_transport,graphatlas_no_transport,0,0,1,outputs\.work\runs\atlas_het\graphatlas_no_transport\split-0\seed-0\config-9d4086ce,outputs\.work\runs\atlas_het\graphatlas_no_transport\split-0\seed-0\config-9d4086ce\job_config.yaml
atlas_het__node_classification__graphatlas_no_transport__split0__seed1__d9afb1abd6b6,d9afb1abd6b6,0e672c999c335af7,atlas_het,node_classification,graphatlas_no_transport,graphatlas_no_transport,1,0,1,outputs\.work\runs\atlas_het\graphatlas_no_transport\split-0\seed-1\config-d9afb1ab,outputs\.work\runs\atlas_het\graphatlas_no_transport\split-0\seed-1\config-d9afb1ab\job_config.yaml
atlas_het__node_classification__graphatlas_no_transport__split0__seed2__f1833de28fe6,f1833de28fe6,0e672c999c335af7,atlas_het,node_classification,graphatlas_no_transport,graphatlas_no_transport,2,0,1,outputs\.work\runs\atlas_het\graphatlas_no_transport\split-0\seed-2\config-f1833de2,outputs\.work\runs\atlas_het\graphatlas_no_transport\split-0\seed-2\config-f1833de2\job_config.yaml
atlas_het__node_classification__graphatlas_c_oracle__split0__seed0__873683e8cb4e,873683e8cb4e,0e672c999c335af7,atlas_het,node_classification,graphatlas_c_oracle,graphatlas_certified,0,0,1,outputs\.work\runs\atlas_het\graphatlas_c_oracle\split-0\seed-0\config-873683e8,outputs\.work\runs\atlas_het\graphatlas_c_oracle\split-0\seed-0\config-873683e8\job_config.yaml
atlas_het__node_classification__graphatlas_c_oracle__split0__seed1__a704243c592a,a704243c592a,0e672c999c335af7,atlas_het,node_classification,graphatlas_c_oracle,graphatlas_certified,1,0,1,outputs\.work\runs\atlas_het\graphatlas_c_oracle\split-0\seed-1\config-a704243c,outputs\.work\runs\atlas_het\graphatlas_c_oracle\split-0\seed-1\config-a704243c\job_config.yaml
atlas_het__node_classification__graphatlas_c_oracle__split0__seed2__f50a18eb12e6,f50a18eb12e6,0e672c999c335af7,atlas_het,node_classification,graphatlas_c_oracle,graphatlas_certified,2,0,1,outputs\.work\runs\atlas_het\graphatlas_c_oracle\split-0\seed-2\config-f50a18eb,outputs\.work\runs\atlas_het\graphatlas_c_oracle\split-0\seed-2\config-f50a18eb\job_config.yaml
atlas_het__node_classification__graphatlas_c__split0__seed0__d57ecddcbf03,d57ecddcbf03,0e672c999c335af7,atlas_het,node_classification,graphatlas_c,graphatlas_certified,0,0,1,outputs\.work\runs\atlas_het\graphatlas_c\split-0\seed-0\config-d57ecddc,outputs\.work\runs\atlas_het\graphatlas_c\split-0\seed-0\config-d57ecddc\job_config.yaml
atlas_het__node_classification__graphatlas_c__split0__seed1__74d6c4c7824a,74d6c4c7824a,0e672c999c335af7,atlas_het,node_classification,graphatlas_c,graphatlas_certified,1,0,1,outputs\.work\runs\atlas_het\graphatlas_c\split-0\seed-1\config-74d6c4c7,outputs\.work\runs\atlas_het\graphatlas_c\split-0\seed-1\config-74d6c4c7\job_config.yaml
atlas_het__node_classification__graphatlas_c__split0__seed2__d12603afc027,d12603afc027,0e672c999c335af7,atlas_het,node_classification,graphatlas_c,graphatlas_certified,2,0,1,outputs\.work\runs\atlas_het\graphatlas_c\split-0\seed-2\config-d12603af,outputs\.work\runs\atlas_het\graphatlas_c\split-0\seed-2\config-d12603af\job_config.yaml
atlas_het__node_classification__graphatlas_original__split0__seed0__2cb2c5ea732a,2cb2c5ea732a,0e672c999c335af7,atlas_het,node_classification,graphatlas_original,graphatlas,0,0,1,outputs\.work\runs\atlas_het\graphatlas_original\split-0\seed-0\config-2cb2c5ea,outputs\.work\runs\atlas_het\graphatlas_original\split-0\seed-0\config-2cb2c5ea\job_config.yaml
atlas_het__node_classification__graphatlas_original__split0__seed1__39fcc876f33e,39fcc876f33e,0e672c999c335af7,atlas_het,node_classification,graphatlas_original,graphatlas,1,0,1,outputs\.work\runs\atlas_het\graphatlas_original\split-0\seed-1\config-39fcc876,outputs\.work\runs\atlas_het\graphatlas_original\split-0\seed-1\config-39fcc876\job_config.yaml
atlas_het__node_classification__graphatlas_original__split0__seed2__e05474e8fdf9,e05474e8fdf9,0e672c999c335af7,atlas_het,node_classification,graphatlas_original,graphatlas,2,0,1,outputs\.work\runs\atlas_het\graphatlas_original\split-0\seed-2\config-e05474e8,outputs\.work\runs\atlas_het\graphatlas_original\split-0\seed-2\config-e05474e8\job_config.yaml
atlas_het__node_classification__graphatlas_free_transition__split0__seed0__9805e72180f5,9805e72180f5,0e672c999c335af7,atlas_het,node_classification,graphatlas_free_transition,graphatlas_free_transition,0,0,1,outputs\.work\runs\atlas_het\graphatlas_free_transition\split-0\seed-0\config-9805e721,outputs\.work\runs\atlas_het\graphatlas_free_transition\split-0\seed-0\config-9805e721\job_config.yaml
atlas_het__node_classification__graphatlas_free_transition__split0__seed1__5110b8b220a2,5110b8b220a2,0e672c999c335af7,atlas_het,node_classification,graphatlas_free_transition,graphatlas_free_transition,1,0,1,outputs\.work\runs\atlas_het\graphatlas_free_transition\split-0\seed-1\config-5110b8b2,outputs\.work\runs\atlas_het\graphatlas_free_transition\split-0\seed-1\config-5110b8b2\job_config.yaml
atlas_het__node_classification__graphatlas_free_transition__split0__seed2__ace0efc72a09,ace0efc72a09,0e672c999c335af7,atlas_het,node_classification,graphatlas_free_transition,graphatlas_free_transition,2,0,1,outputs\.work\runs\atlas_het\graphatlas_free_transition\split-0\seed-2\config-ace0efc7,outputs\.work\runs\atlas_het\graphatlas_free_transition\split-0\seed-2\config-ace0efc7\job_config.yaml
atlas_het__node_classification__graphatlas_no_transport__split0__seed0__c0edea285051,c0edea285051,0e672c999c335af7,atlas_het,node_classification,graphatlas_no_transport,graphatlas_no_transport,0,0,1,outputs\.work\runs\atlas_het\graphatlas_no_transport\split-0\seed-0\config-c0edea28,outputs\.work\runs\atlas_het\graphatlas_no_transport\split-0\seed-0\config-c0edea28\job_config.yaml
atlas_het__node_classification__graphatlas_no_transport__split0__seed1__9e14add33496,9e14add33496,0e672c999c335af7,atlas_het,node_classification,graphatlas_no_transport,graphatlas_no_transport,1,0,1,outputs\.work\runs\atlas_het\graphatlas_no_transport\split-0\seed-1\config-9e14add3,outputs\.work\runs\atlas_het\graphatlas_no_transport\split-0\seed-1\config-9e14add3\job_config.yaml
atlas_het__node_classification__graphatlas_no_transport__split0__seed2__e71f6bfb0d49,e71f6bfb0d49,0e672c999c335af7,atlas_het,node_classification,graphatlas_no_transport,graphatlas_no_transport,2,0,1,outputs\.work\runs\atlas_het\graphatlas_no_transport\split-0\seed-2\config-e71f6bfb,outputs\.work\runs\atlas_het\graphatlas_no_transport\split-0\seed-2\config-e71f6bfb\job_config.yaml
atlas_het__node_classification__graphatlas_c_oracle__split0__seed0__5fbf701cd23a,5fbf701cd23a,0e672c999c335af7,atlas_het,node_classification,graphatlas_c_oracle,graphatlas_certified,0,0,1,outputs\.work\runs\atlas_het\graphatlas_c_oracle\split-0\seed-0\config-5fbf701c,outputs\.work\runs\atlas_het\graphatlas_c_oracle\split-0\seed-0\config-5fbf701c\job_config.yaml
atlas_het__node_classification__graphatlas_c_oracle__split0__seed1__59c2c59de941,59c2c59de941,0e672c999c335af7,atlas_het,node_classification,graphatlas_c_oracle,graphatlas_certified,1,0,1,outputs\.work\runs\atlas_het\graphatlas_c_oracle\split-0\seed-1\config-59c2c59d,outputs\.work\runs\atlas_het\graphatlas_c_oracle\split-0\seed-1\config-59c2c59d\job_config.yaml
atlas_het__node_classification__graphatlas_c_oracle__split0__seed2__82945caea796,82945caea796,0e672c999c335af7,atlas_het,node_classification,graphatlas_c_oracle,graphatlas_certified,2,0,1,outputs\.work\runs\atlas_het\graphatlas_c_oracle\split-0\seed-2\config-82945cae,outputs\.work\runs\atlas_het\graphatlas_c_oracle\split-0\seed-2\config-82945cae\job_config.yaml
atlas_het__node_classification__graphatlas_c__split0__seed0__66dc6cd65486,66dc6cd65486,0e672c999c335af7,atlas_het,node_classification,graphatlas_c,graphatlas_certified,0,0,1,outputs\.work\runs\atlas_het\graphatlas_c\split-0\seed-0\config-66dc6cd6,outputs\.work\runs\atlas_het\graphatlas_c\split-0\seed-0\config-66dc6cd6\job_config.yaml
atlas_het__node_classification__graphatlas_c__split0__seed1__9d6cdf8c16d1,9d6cdf8c16d1,0e672c999c335af7,atlas_het,node_classification,graphatlas_c,graphatlas_certified,1,0,1,outputs\.work\runs\atlas_het\graphatlas_c\split-0\seed-1\config-9d6cdf8c,outputs\.work\runs\atlas_het\graphatlas_c\split-0\seed-1\config-9d6cdf8c\job_config.yaml
atlas_het__node_classification__graphatlas_c__split0__seed2__748873d5a839,748873d5a839,0e672c999c335af7,atlas_het,node_classification,graphatlas_c,graphatlas_certified,2,0,1,outputs\.work\runs\atlas_het\graphatlas_c\split-0\seed-2\config-748873d5,outputs\.work\runs\atlas_het\graphatlas_c\split-0\seed-2\config-748873d5\job_config.yaml
atlas_het__node_classification__graphatlas_original__split0__seed0__126622d70a68,126622d70a68,0e672c999c335af7,atlas_het,node_classification,graphatlas_original,graphatlas,0,0,1,outputs\.work\runs\atlas_het\graphatlas_original\split-0\seed-0\config-126622d7,outputs\.work\runs\atlas_het\graphatlas_original\split-0\seed-0\config-126622d7\job_config.yaml
atlas_het__node_classification__graphatlas_original__split0__seed1__ed4fce57ae84,ed4fce57ae84,0e672c999c335af7,atlas_het,node_classification,graphatlas_original,graphatlas,1,0,1,outputs\.work\runs\atlas_het\graphatlas_original\split-0\seed-1\config-ed4fce57,outputs\.work\runs\atlas_het\graphatlas_original\split-0\seed-1\config-ed4fce57\job_config.yaml
atlas_het__node_classification__graphatlas_original__split0__seed2__e9fa5131eec5,e9fa5131eec5,0e672c999c335af7,atlas_het,node_classification,graphatlas_original,graphatlas,2,0,1,outputs\.work\runs\atlas_het\graphatlas_original\split-0\seed-2\config-e9fa5131,outputs\.work\runs\atlas_het\graphatlas_original\split-0\seed-2\config-e9fa5131\job_config.yaml
atlas_het__node_classification__graphatlas_free_transition__split0__seed0__f4bf49113322,f4bf49113322,0e672c999c335af7,atlas_het,node_classification,graphatlas_free_transition,graphatlas_free_transition,0,0,1,outputs\.work\runs\atlas_het\graphatlas_free_transition\split-0\seed-0\config-f4bf4911,outputs\.work\runs\atlas_het\graphatlas_free_transition\split-0\seed-0\config-f4bf4911\job_config.yaml
atlas_het__node_classification__graphatlas_free_transition__split0__seed1__53362dcc3610,53362dcc3610,0e672c999c335af7,atlas_het,node_classification,graphatlas_free_transition,graphatlas_free_transition,1,0,1,outputs\.work\runs\atlas_het\graphatlas_free_transition\split-0\seed-1\config-53362dcc,outputs\.work\runs\atlas_het\graphatlas_free_transition\split-0\seed-1\config-53362dcc\job_config.yaml
atlas_het__node_classification__graphatlas_free_transition__split0__seed2__9cbb78da4e4b,9cbb78da4e4b,0e672c999c335af7,atlas_het,node_classification,graphatlas_free_transition,graphatlas_free_transition,2,0,1,outputs\.work\runs\atlas_het\graphatlas_free_transition\split-0\seed-2\config-9cbb78da,outputs\.work\runs\atlas_het\graphatlas_free_transition\split-0\seed-2\config-9cbb78da\job_config.yaml
atlas_het__node_classification__graphatlas_no_transport__split0__seed0__5223dbeddd9d,5223dbeddd9d,0e672c999c335af7,atlas_het,node_classification,graphatlas_no_transport,graphatlas_no_transport,0,0,1,outputs\.work\runs\atlas_het\graphatlas_no_transport\split-0\seed-0\config-5223dbed,outputs\.work\runs\atlas_het\graphatlas_no_transport\split-0\seed-0\config-5223dbed\job_config.yaml
atlas_het__node_classification__graphatlas_no_transport__split0__seed1__7a8bade74518,7a8bade74518,0e672c999c335af7,atlas_het,node_classification,graphatlas_no_transport,graphatlas_no_transport,1,0,1,outputs\.work\runs\atlas_het\graphatlas_no_transport\split-0\seed-1\config-7a8bade7,outputs\.work\runs\atlas_het\graphatlas_no_transport\split-0\seed-1\config-7a8bade7\job_config.yaml
atlas_het__node_classification__graphatlas_no_transport__split0__seed2__f64cc2a2568d,f64cc2a2568d,0e672c999c335af7,atlas_het,node_classification,graphatlas_no_transport,graphatlas_no_transport,2,0,1,outputs\.work\runs\atlas_het\graphatlas_no_transport\split-0\seed-2\config-f64cc2a2,outputs\.work\runs\atlas_het\graphatlas_no_transport\split-0\seed-2\config-f64cc2a2\job_config.yaml
atlas_het__node_classification__graphatlas_c_oracle__split0__seed0__2418b2797408,2418b2797408,0e672c999c335af7,atlas_het,node_classification,graphatlas_c_oracle,graphatlas_certified,0,0,1,outputs\.work\runs\atlas_het\graphatlas_c_oracle\split-0\seed-0\config-2418b279,outputs\.work\runs\atlas_het\graphatlas_c_oracle\split-0\seed-0\config-2418b279\job_config.yaml
atlas_het__node_classification__graphatlas_c_oracle__split0__seed1__313d5f95128b,313d5f95128b,0e672c999c335af7,atlas_het,node_classification,graphatlas_c_oracle,graphatlas_certified,1,0,1,outputs\.work\runs\atlas_het\graphatlas_c_oracle\split-0\seed-1\config-313d5f95,outputs\.work\runs\atlas_het\graphatlas_c_oracle\split-0\seed-1\config-313d5f95\job_config.yaml
atlas_het__node_classification__graphatlas_c_oracle__split0__seed2__15b6e3c7ff3c,15b6e3c7ff3c,0e672c999c335af7,atlas_het,node_classification,graphatlas_c_oracle,graphatlas_certified,2,0,1,outputs\.work\runs\atlas_het\graphatlas_c_oracle\split-0\seed-2\config-15b6e3c7,outputs\.work\runs\atlas_het\graphatlas_c_oracle\split-0\seed-2\config-15b6e3c7\job_config.yaml
atlas_het__node_classification__graphatlas_c__split0__seed0__26e999d09d56,26e999d09d56,0e672c999c335af7,atlas_het,node_classification,graphatlas_c,graphatlas_certified,0,0,1,outputs\.work\runs\atlas_het\graphatlas_c\split-0\seed-0\config-26e999d0,outputs\.work\runs\atlas_het\graphatlas_c\split-0\seed-0\config-26e999d0\job_config.yaml
atlas_het__node_classification__graphatlas_c__split0__seed1__4e3552975033,4e3552975033,0e672c999c335af7,atlas_het,node_classification,graphatlas_c,graphatlas_certified,1,0,1,outputs\.work\runs\atlas_het\graphatlas_c\split-0\seed-1\config-4e355297,outputs\.work\runs\atlas_het\graphatlas_c\split-0\seed-1\config-4e355297\job_config.yaml
atlas_het__node_classification__graphatlas_c__split0__seed2__6484bb247d50,6484bb247d50,0e672c999c335af7,atlas_het,node_classification,graphatlas_c,graphatlas_certified,2,0,1,outputs\.work\runs\atlas_het\graphatlas_c\split-0\seed-2\config-6484bb24,outputs\.work\runs\atlas_het\graphatlas_c\split-0\seed-2\config-6484bb24\job_config.yaml
atlas_het__node_classification__graphatlas_original__split0__seed0__443e82e26c09,443e82e26c09,0e672c999c335af7,atlas_het,node_classification,graphatlas_original,graphatlas,0,0,1,outputs\.work\runs\atlas_het\graphatlas_original\split-0\seed-0\config-443e82e2,outputs\.work\runs\atlas_het\graphatlas_original\split-0\seed-0\config-443e82e2\job_config.yaml
atlas_het__node_classification__graphatlas_original__split0__seed1__da9d9bc279c2,da9d9bc279c2,0e672c999c335af7,atlas_het,node_classification,graphatlas_original,graphatlas,1,0,1,outputs\.work\runs\atlas_het\graphatlas_original\split-0\seed-1\config-da9d9bc2,outputs\.work\runs\atlas_het\graphatlas_original\split-0\seed-1\config-da9d9bc2\job_config.yaml
atlas_het__node_classification__graphatlas_original__split0__seed2__e472af8dfc44,e472af8dfc44,0e672c999c335af7,atlas_het,node_classification,graphatlas_original,graphatlas,2,0,1,outputs\.work\runs\atlas_het\graphatlas_original\split-0\seed-2\config-e472af8d,outputs\.work\runs\atlas_het\graphatlas_original\split-0\seed-2\config-e472af8d\job_config.yaml
atlas_het__node_classification__graphatlas_free_transition__split0__seed0__2cee82a0802e,2cee82a0802e,0e672c999c335af7,atlas_het,node_classification,graphatlas_free_transition,graphatlas_free_transition,0,0,1,outputs\.work\runs\atlas_het\graphatlas_free_transition\split-0\seed-0\config-2cee82a0,outputs\.work\runs\atlas_het\graphatlas_free_transition\split-0\seed-0\config-2cee82a0\job_config.yaml
atlas_het__node_classification__graphatlas_free_transition__split0__seed1__f79fb94ddbf4,f79fb94ddbf4,0e672c999c335af7,atlas_het,node_classification,graphatlas_free_transition,graphatlas_free_transition,1,0,1,outputs\.work\runs\atlas_het\graphatlas_free_transition\split-0\seed-1\config-f79fb94d,outputs\.work\runs\atlas_het\graphatlas_free_transition\split-0\seed-1\config-f79fb94d\job_config.yaml
atlas_het__node_classification__graphatlas_free_transition__split0__seed2__74b6fdde08d9,74b6fdde08d9,0e672c999c335af7,atlas_het,node_classification,graphatlas_free_transition,graphatlas_free_transition,2,0,1,outputs\.work\runs\atlas_het\graphatlas_free_transition\split-0\seed-2\config-74b6fdde,outputs\.work\runs\atlas_het\graphatlas_free_transition\split-0\seed-2\config-74b6fdde\job_config.yaml
atlas_het__node_classification__graphatlas_no_transport__split0__seed0__ee31ae419832,ee31ae419832,0e672c999c335af7,atlas_het,node_classification,graphatlas_no_transport,graphatlas_no_transport,0,0,1,outputs\.work\runs\atlas_het\graphatlas_no_transport\split-0\seed-0\config-ee31ae41,outputs\.work\runs\atlas_het\graphatlas_no_transport\split-0\seed-0\config-ee31ae41\job_config.yaml
atlas_het__node_classification__graphatlas_no_transport__split0__seed1__0eca1d0c6829,0eca1d0c6829,0e672c999c335af7,atlas_het,node_classification,graphatlas_no_transport,graphatlas_no_transport,1,0,1,outputs\.work\runs\atlas_het\graphatlas_no_transport\split-0\seed-1\config-0eca1d0c,outputs\.work\runs\atlas_het\graphatlas_no_transport\split-0\seed-1\config-0eca1d0c\job_config.yaml
atlas_het__node_classification__graphatlas_no_transport__split0__seed2__ca3a3074b8ec,ca3a3074b8ec,0e672c999c335af7,atlas_het,node_classification,graphatlas_no_transport,graphatlas_no_transport,2,0,1,outputs\.work\runs\atlas_het\graphatlas_no_transport\split-0\seed-2\config-ca3a3074,outputs\.work\runs\atlas_het\graphatlas_no_transport\split-0\seed-2\config-ca3a3074\job_config.yaml
atlas_het__node_classification__graphatlas_c_oracle__split0__seed0__fa17c155de81,fa17c155de81,0e672c999c335af7,atlas_het,node_classification,graphatlas_c_oracle,graphatlas_certified,0,0,1,outputs\.work\runs\atlas_het\graphatlas_c_oracle\split-0\seed-0\config-fa17c155,outputs\.work\runs\atlas_het\graphatlas_c_oracle\split-0\seed-0\config-fa17c155\job_config.yaml
atlas_het__node_classification__graphatlas_c_oracle__split0__seed1__4200caf1909d,4200caf1909d,0e672c999c335af7,atlas_het,node_classification,graphatlas_c_oracle,graphatlas_certified,1,0,1,outputs\.work\runs\atlas_het\graphatlas_c_oracle\split-0\seed-1\config-4200caf1,outputs\.work\runs\atlas_het\graphatlas_c_oracle\split-0\seed-1\config-4200caf1\job_config.yaml
atlas_het__node_classification__graphatlas_c_oracle__split0__seed2__b8e97b65adcf,b8e97b65adcf,0e672c999c335af7,atlas_het,node_classification,graphatlas_c_oracle,graphatlas_certified,2,0,1,outputs\.work\runs\atlas_het\graphatlas_c_oracle\split-0\seed-2\config-b8e97b65,outputs\.work\runs\atlas_het\graphatlas_c_oracle\split-0\seed-2\config-b8e97b65\job_config.yaml
atlas_het__node_classification__graphatlas_c__split0__seed0__a345cb55a0c4,a345cb55a0c4,0e672c999c335af7,atlas_het,node_classification,graphatlas_c,graphatlas_certified,0,0,1,outputs\.work\runs\atlas_het\graphatlas_c\split-0\seed-0\config-a345cb55,outputs\.work\runs\atlas_het\graphatlas_c\split-0\seed-0\config-a345cb55\job_config.yaml
atlas_het__node_classification__graphatlas_c__split0__seed1__eae0ed651de7,eae0ed651de7,0e672c999c335af7,atlas_het,node_classification,graphatlas_c,graphatlas_certified,1,0,1,outputs\.work\runs\atlas_het\graphatlas_c\split-0\seed-1\config-eae0ed65,outputs\.work\runs\atlas_het\graphatlas_c\split-0\seed-1\config-eae0ed65\job_config.yaml
atlas_het__node_classification__graphatlas_c__split0__seed2__033627f7363a,033627f7363a,0e672c999c335af7,atlas_het,node_classification,graphatlas_c,graphatlas_certified,2,0,1,outputs\.work\runs\atlas_het\graphatlas_c\split-0\seed-2\config-033627f7,outputs\.work\runs\atlas_het\graphatlas_c\split-0\seed-2\config-033627f7\job_config.yaml
atlas_het__node_classification__graphatlas_original__split0__seed0__06b551208b88,06b551208b88,0e672c999c335af7,atlas_het,node_classification,graphatlas_original,graphatlas,0,0,1,outputs\.work\runs\atlas_het\graphatlas_original\split-0\seed-0\config-06b55120,outputs\.work\runs\atlas_het\graphatlas_original\split-0\seed-0\config-06b55120\job_config.yaml
atlas_het__node_classification__graphatlas_original__split0__seed1__af6e85a70368,af6e85a70368,0e672c999c335af7,atlas_het,node_classification,graphatlas_original,graphatlas,1,0,1,outputs\.work\runs\atlas_het\graphatlas_original\split-0\seed-1\config-af6e85a7,outputs\.work\runs\atlas_het\graphatlas_original\split-0\seed-1\config-af6e85a7\job_config.yaml
atlas_het__node_classification__graphatlas_original__split0__seed2__231c937cd788,231c937cd788,0e672c999c335af7,atlas_het,node_classification,graphatlas_original,graphatlas,2,0,1,outputs\.work\runs\atlas_het\graphatlas_original\split-0\seed-2\config-231c937c,outputs\.work\runs\atlas_het\graphatlas_original\split-0\seed-2\config-231c937c\job_config.yaml
atlas_het__node_classification__graphatlas_free_transition__split0__seed0__650f217ac075,650f217ac075,0e672c999c335af7,atlas_het,node_classification,graphatlas_free_transition,graphatlas_free_transition,0,0,1,outputs\.work\runs\atlas_het\graphatlas_free_transition\split-0\seed-0\config-650f217a,outputs\.work\runs\atlas_het\graphatlas_free_transition\split-0\seed-0\config-650f217a\job_config.yaml
atlas_het__node_classification__graphatlas_free_transition__split0__seed1__544c2c451bfe,544c2c451bfe,0e672c999c335af7,atlas_het,node_classification,graphatlas_free_transition,graphatlas_free_transition,1,0,1,outputs\.work\runs\atlas_het\graphatlas_free_transition\split-0\seed-1\config-544c2c45,outputs\.work\runs\atlas_het\graphatlas_free_transition\split-0\seed-1\config-544c2c45\job_config.yaml
atlas_het__node_classification__graphatlas_free_transition__split0__seed2__d5439e0a2574,d5439e0a2574,0e672c999c335af7,atlas_het,node_classification,graphatlas_free_transition,graphatlas_free_transition,2,0,1,outputs\.work\runs\atlas_het\graphatlas_free_transition\split-0\seed-2\config-d5439e0a,outputs\.work\runs\atlas_het\graphatlas_free_transition\split-0\seed-2\config-d5439e0a\job_config.yaml
atlas_het__node_classification__graphatlas_no_transport__split0__seed0__d1d0d081dea0,d1d0d081dea0,0e672c999c335af7,atlas_het,node_classification,graphatlas_no_transport,graphatlas_no_transport,0,0,1,outputs\.work\runs\atlas_het\graphatlas_no_transport\split-0\seed-0\config-d1d0d081,outputs\.work\runs\atlas_het\graphatlas_no_transport\split-0\seed-0\config-d1d0d081\job_config.yaml
atlas_het__node_classification__graphatlas_no_transport__split0__seed1__4f4ad782f365,4f4ad782f365,0e672c999c335af7,atlas_het,node_classification,graphatlas_no_transport,graphatlas_no_transport,1,0,1,outputs\.work\runs\atlas_het\graphatlas_no_transport\split-0\seed-1\config-4f4ad782,outputs\.work\runs\atlas_het\graphatlas_no_transport\split-0\seed-1\config-4f4ad782\job_config.yaml
atlas_het__node_classification__graphatlas_no_transport__split0__seed2__971037d1a1eb,971037d1a1eb,0e672c999c335af7,atlas_het,node_classification,graphatlas_no_transport,graphatlas_no_transport,2,0,1,outputs\.work\runs\atlas_het\graphatlas_no_transport\split-0\seed-2\config-971037d1,outputs\.work\runs\atlas_het\graphatlas_no_transport\split-0\seed-2\config-971037d1\job_config.yaml
atlas_het__node_classification__graphatlas_c_oracle__split0__seed0__b20194fd8485,b20194fd8485,0e672c999c335af7,atlas_het,node_classification,graphatlas_c_oracle,graphatlas_certified,0,0,1,outputs\.work\runs\atlas_het\graphatlas_c_oracle\split-0\seed-0\config-b20194fd,outputs\.work\runs\atlas_het\graphatlas_c_oracle\split-0\seed-0\config-b20194fd\job_config.yaml
atlas_het__node_classification__graphatlas_c_oracle__split0__seed1__f15fab94184e,f15fab94184e,0e672c999c335af7,atlas_het,node_classification,graphatlas_c_oracle,graphatlas_certified,1,0,1,outputs\.work\runs\atlas_het\graphatlas_c_oracle\split-0\seed-1\config-f15fab94,outputs\.work\runs\atlas_het\graphatlas_c_oracle\split-0\seed-1\config-f15fab94\job_config.yaml
atlas_het__node_classification__graphatlas_c_oracle__split0__seed2__1a61158e92f2,1a61158e92f2,0e672c999c335af7,atlas_het,node_classification,graphatlas_c_oracle,graphatlas_certified,2,0,1,outputs\.work\runs\atlas_het\graphatlas_c_oracle\split-0\seed-2\config-1a61158e,outputs\.work\runs\atlas_het\graphatlas_c_oracle\split-0\seed-2\config-1a61158e\job_config.yaml
atlas_het__node_classification__graphatlas_c__split0__seed0__d25c17297420,d25c17297420,0e672c999c335af7,atlas_het,node_classification,graphatlas_c,graphatlas_certified,0,0,1,outputs\.work\runs\atlas_het\graphatlas_c\split-0\seed-0\config-d25c1729,outputs\.work\runs\atlas_het\graphatlas_c\split-0\seed-0\config-d25c1729\job_config.yaml
atlas_het__node_classification__graphatlas_c__split0__seed1__b69f15252ec2,b69f15252ec2,0e672c999c335af7,atlas_het,node_classification,graphatlas_c,graphatlas_certified,1,0,1,outputs\.work\runs\atlas_het\graphatlas_c\split-0\seed-1\config-b69f1525,outputs\.work\runs\atlas_het\graphatlas_c\split-0\seed-1\config-b69f1525\job_config.yaml
atlas_het__node_classification__graphatlas_c__split0__seed2__27978e8c04ef,27978e8c04ef,0e672c999c335af7,atlas_het,node_classification,graphatlas_c,graphatlas_certified,2,0,1,outputs\.work\runs\atlas_het\graphatlas_c\split-0\seed-2\config-27978e8c,outputs\.work\runs\atlas_het\graphatlas_c\split-0\seed-2\config-27978e8c\job_config.yaml
atlas_het__node_classification__graphatlas_original__split0__seed0__97944b11ee7e,97944b11ee7e,0e672c999c335af7,atlas_het,node_classification,graphatlas_original,graphatlas,0,0,1,outputs\.work\runs\atlas_het\graphatlas_original\split-0\seed-0\config-97944b11,outputs\.work\runs\atlas_het\graphatlas_original\split-0\seed-0\config-97944b11\job_config.yaml
atlas_het__node_classification__graphatlas_original__split0__seed1__e87155fd9c92,e87155fd9c92,0e672c999c335af7,atlas_het,node_classification,graphatlas_original,graphatlas,1,0,1,outputs\.work\runs\atlas_het\graphatlas_original\split-0\seed-1\config-e87155fd,outputs\.work\runs\atlas_het\graphatlas_original\split-0\seed-1\config-e87155fd\job_config.yaml
atlas_het__node_classification__graphatlas_original__split0__seed2__95167c6fe4ab,95167c6fe4ab,0e672c999c335af7,atlas_het,node_classification,graphatlas_original,graphatlas,2,0,1,outputs\.work\runs\atlas_het\graphatlas_original\split-0\seed-2\config-95167c6f,outputs\.work\runs\atlas_het\graphatlas_original\split-0\seed-2\config-95167c6f\job_config.yaml
atlas_het__node_classification__graphatlas_free_transition__split0__seed0__f0fa6447b16c,f0fa6447b16c,0e672c999c335af7,atlas_het,node_classification,graphatlas_free_transition,graphatlas_free_transition,0,0,1,outputs\.work\runs\atlas_het\graphatlas_free_transition\split-0\seed-0\config-f0fa6447,outputs\.work\runs\atlas_het\graphatlas_free_transition\split-0\seed-0\config-f0fa6447\job_config.yaml
atlas_het__node_classification__graphatlas_free_transition__split0__seed1__a12ed8e893cf,a12ed8e893cf,0e672c999c335af7,atlas_het,node_classification,graphatlas_free_transition,graphatlas_free_transition,1,0,1,outputs\.work\runs\atlas_het\graphatlas_free_transition\split-0\seed-1\config-a12ed8e8,outputs\.work\runs\atlas_het\graphatlas_free_transition\split-0\seed-1\config-a12ed8e8\job_config.yaml
atlas_het__node_classification__graphatlas_free_transition__split0__seed2__4fedb4ce4452,4fedb4ce4452,0e672c999c335af7,atlas_het,node_classification,graphatlas_free_transition,graphatlas_free_transition,2,0,1,outputs\.work\runs\atlas_het\graphatlas_free_transition\split-0\seed-2\config-4fedb4ce,outputs\.work\runs\atlas_het\graphatlas_free_transition\split-0\seed-2\config-4fedb4ce\job_config.yaml
atlas_het__node_classification__graphatlas_no_transport__split0__seed0__977e0fd460f4,977e0fd460f4,0e672c999c335af7,atlas_het,node_classification,graphatlas_no_transport,graphatlas_no_transport,0,0,1,outputs\.work\runs\atlas_het\graphatlas_no_transport\split-0\seed-0\config-977e0fd4,outputs\.work\runs\atlas_het\graphatlas_no_transport\split-0\seed-0\config-977e0fd4\job_config.yaml
atlas_het__node_classification__graphatlas_no_transport__split0__seed1__9681bc9243f2,9681bc9243f2,0e672c999c335af7,atlas_het,node_classification,graphatlas_no_transport,graphatlas_no_transport,1,0,1,outputs\.work\runs\atlas_het\graphatlas_no_transport\split-0\seed-1\config-9681bc92,outputs\.work\runs\atlas_het\graphatlas_no_transport\split-0\seed-1\config-9681bc92\job_config.yaml
atlas_het__node_classification__graphatlas_no_transport__split0__seed2__dbfbcdc100d2,dbfbcdc100d2,0e672c999c335af7,atlas_het,node_classification,graphatlas_no_transport,graphatlas_no_transport,2,0,1,outputs\.work\runs\atlas_het\graphatlas_no_transport\split-0\seed-2\config-dbfbcdc1,outputs\.work\runs\atlas_het\graphatlas_no_transport\split-0\seed-2\config-dbfbcdc1\job_config.yaml
atlas_het__node_classification__graphatlas_c_oracle__split0__seed0__ec1b7523cf43,ec1b7523cf43,0e672c999c335af7,atlas_het,node_classification,graphatlas_c_oracle,graphatlas_certified,0,0,1,outputs\.work\runs\atlas_het\graphatlas_c_oracle\split-0\seed-0\config-ec1b7523,outputs\.work\runs\atlas_het\graphatlas_c_oracle\split-0\seed-0\config-ec1b7523\job_config.yaml
atlas_het__node_classification__graphatlas_c_oracle__split0__seed1__a01893a27c20,a01893a27c20,0e672c999c335af7,atlas_het,node_classification,graphatlas_c_oracle,graphatlas_certified,1,0,1,outputs\.work\runs\atlas_het\graphatlas_c_oracle\split-0\seed-1\config-a01893a2,outputs\.work\runs\atlas_het\graphatlas_c_oracle\split-0\seed-1\config-a01893a2\job_config.yaml
atlas_het__node_classification__graphatlas_c_oracle__split0__seed2__377cea9c5a51,377cea9c5a51,0e672c999c335af7,atlas_het,node_classification,graphatlas_c_oracle,graphatlas_certified,2,0,1,outputs\.work\runs\atlas_het\graphatlas_c_oracle\split-0\seed-2\config-377cea9c,outputs\.work\runs\atlas_het\graphatlas_c_oracle\split-0\seed-2\config-377cea9c\job_config.yaml
atlas_het__node_classification__graphatlas_c__split0__seed0__4243aa71e29f,4243aa71e29f,0e672c999c335af7,atlas_het,node_classification,graphatlas_c,graphatlas_certified,0,0,1,outputs\.work\runs\atlas_het\graphatlas_c\split-0\seed-0\config-4243aa71,outputs\.work\runs\atlas_het\graphatlas_c\split-0\seed-0\config-4243aa71\job_config.yaml
atlas_het__node_classification__graphatlas_c__split0__seed1__a54466837030,a54466837030,0e672c999c335af7,atlas_het,node_classification,graphatlas_c,graphatlas_certified,1,0,1,outputs\.work\runs\atlas_het\graphatlas_c\split-0\seed-1\config-a5446683,outputs\.work\runs\atlas_het\graphatlas_c\split-0\seed-1\config-a5446683\job_config.yaml
atlas_het__node_classification__graphatlas_c__split0__seed2__a801efe2593e,a801efe2593e,0e672c999c335af7,atlas_het,node_classification,graphatlas_c,graphatlas_certified,2,0,1,outputs\.work\runs\atlas_het\graphatlas_c\split-0\seed-2\config-a801efe2,outputs\.work\runs\atlas_het\graphatlas_c\split-0\seed-2\config-a801efe2\job_config.yaml
atlas_het__node_classification__graphatlas_original__split0__seed0__8c926d1dd021,8c926d1dd021,0e672c999c335af7,atlas_het,node_classification,graphatlas_original,graphatlas,0,0,1,outputs\.work\runs\atlas_het\graphatlas_original\split-0\seed-0\config-8c926d1d,outputs\.work\runs\atlas_het\graphatlas_original\split-0\seed-0\config-8c926d1d\job_config.yaml
atlas_het__node_classification__graphatlas_original__split0__seed1__9f48ff939fac,9f48ff939fac,0e672c999c335af7,atlas_het,node_classification,graphatlas_original,graphatlas,1,0,1,outputs\.work\runs\atlas_het\graphatlas_original\split-0\seed-1\config-9f48ff93,outputs\.work\runs\atlas_het\graphatlas_original\split-0\seed-1\config-9f48ff93\job_config.yaml
atlas_het__node_classification__graphatlas_original__split0__seed2__76851ed7208c,76851ed7208c,0e672c999c335af7,atlas_het,node_classification,graphatlas_original,graphatlas,2,0,1,outputs\.work\runs\atlas_het\graphatlas_original\split-0\seed-2\config-76851ed7,outputs\.work\runs\atlas_het\graphatlas_original\split-0\seed-2\config-76851ed7\job_config.yaml
atlas_het__node_classification__graphatlas_free_transition__split0__seed0__7cd4a4f49b33,7cd4a4f49b33,0e672c999c335af7,atlas_het,node_classification,graphatlas_free_transition,graphatlas_free_transition,0,0,1,outputs\.work\runs\atlas_het\graphatlas_free_transition\split-0\seed-0\config-7cd4a4f4,outputs\.work\runs\atlas_het\graphatlas_free_transition\split-0\seed-0\config-7cd4a4f4\job_config.yaml
atlas_het__node_classification__graphatlas_free_transition__split0__seed1__7396652247eb,7396652247eb,0e672c999c335af7,atlas_het,node_classification,graphatlas_free_transition,graphatlas_free_transition,1,0,1,outputs\.work\runs\atlas_het\graphatlas_free_transition\split-0\seed-1\config-73966522,outputs\.work\runs\atlas_het\graphatlas_free_transition\split-0\seed-1\config-73966522\job_config.yaml
atlas_het__node_classification__graphatlas_free_transition__split0__seed2__1e03f8572e99,1e03f8572e99,0e672c999c335af7,atlas_het,node_classification,graphatlas_free_transition,graphatlas_free_transition,2,0,1,outputs\.work\runs\atlas_het\graphatlas_free_transition\split-0\seed-2\config-1e03f857,outputs\.work\runs\atlas_het\graphatlas_free_transition\split-0\seed-2\config-1e03f857\job_config.yaml
atlas_het__node_classification__graphatlas_no_transport__split0__seed0__412b4a15f91c,412b4a15f91c,0e672c999c335af7,atlas_het,node_classification,graphatlas_no_transport,graphatlas_no_transport,0,0,1,outputs\.work\runs\atlas_het\graphatlas_no_transport\split-0\seed-0\config-412b4a15,outputs\.work\runs\atlas_het\graphatlas_no_transport\split-0\seed-0\config-412b4a15\job_config.yaml
atlas_het__node_classification__graphatlas_no_transport__split0__seed1__cbc743e45659,cbc743e45659,0e672c999c335af7,atlas_het,node_classification,graphatlas_no_transport,graphatlas_no_transport,1,0,1,outputs\.work\runs\atlas_het\graphatlas_no_transport\split-0\seed-1\config-cbc743e4,outputs\.work\runs\atlas_het\graphatlas_no_transport\split-0\seed-1\config-cbc743e4\job_config.yaml
atlas_het__node_classification__graphatlas_no_transport__split0__seed2__014bdbec07be,014bdbec07be,0e672c999c335af7,atlas_het,node_classification,graphatlas_no_transport,graphatlas_no_transport,2,0,1,outputs\.work\runs\atlas_het\graphatlas_no_transport\split-0\seed-2\config-014bdbec,outputs\.work\runs\atlas_het\graphatlas_no_transport\split-0\seed-2\config-014bdbec\job_config.yaml
atlas_het__node_classification__graphatlas_c_oracle__split0__seed0__df6177dc161b,df6177dc161b,0e672c999c335af7,atlas_het,node_classification,graphatlas_c_oracle,graphatlas_certified,0,0,1,outputs\.work\runs\atlas_het\graphatlas_c_oracle\split-0\seed-0\config-df6177dc,outputs\.work\runs\atlas_het\graphatlas_c_oracle\split-0\seed-0\config-df6177dc\job_config.yaml
atlas_het__node_classification__graphatlas_c_oracle__split0__seed1__73af2bd0efb5,73af2bd0efb5,0e672c999c335af7,atlas_het,node_classification,graphatlas_c_oracle,graphatlas_certified,1,0,1,outputs\.work\runs\atlas_het\graphatlas_c_oracle\split-0\seed-1\config-73af2bd0,outputs\.work\runs\atlas_het\graphatlas_c_oracle\split-0\seed-1\config-73af2bd0\job_config.yaml
atlas_het__node_classification__graphatlas_c_oracle__split0__seed2__1ca8721afdc9,1ca8721afdc9,0e672c999c335af7,atlas_het,node_classification,graphatlas_c_oracle,graphatlas_certified,2,0,1,outputs\.work\runs\atlas_het\graphatlas_c_oracle\split-0\seed-2\config-1ca8721a,outputs\.work\runs\atlas_het\graphatlas_c_oracle\split-0\seed-2\config-1ca8721a\job_config.yaml
atlas_het__node_classification__graphatlas_c__split0__seed0__1b52476163b5,1b52476163b5,0e672c999c335af7,atlas_het,node_classification,graphatlas_c,graphatlas_certified,0,0,1,outputs\.work\runs\atlas_het\graphatlas_c\split-0\seed-0\config-1b524761,outputs\.work\runs\atlas_het\graphatlas_c\split-0\seed-0\config-1b524761\job_config.yaml
atlas_het__node_classification__graphatlas_c__split0__seed1__0c568fa2bf16,0c568fa2bf16,0e672c999c335af7,atlas_het,node_classification,graphatlas_c,graphatlas_certified,1,0,1,outputs\.work\runs\atlas_het\graphatlas_c\split-0\seed-1\config-0c568fa2,outputs\.work\runs\atlas_het\graphatlas_c\split-0\seed-1\config-0c568fa2\job_config.yaml
atlas_het__node_classification__graphatlas_c__split0__seed2__6c4e2c840922,6c4e2c840922,0e672c999c335af7,atlas_het,node_classification,graphatlas_c,graphatlas_certified,2,0,1,outputs\.work\runs\atlas_het\graphatlas_c\split-0\seed-2\config-6c4e2c84,outputs\.work\runs\atlas_het\graphatlas_c\split-0\seed-2\config-6c4e2c84\job_config.yaml
atlas_het__node_classification__graphatlas_original__split0__seed0__95c164ea5849,95c164ea5849,0e672c999c335af7,atlas_het,node_classification,graphatlas_original,graphatlas,0,0,1,outputs\.work\runs\atlas_het\graphatlas_original\split-0\seed-0\config-95c164ea,outputs\.work\runs\atlas_het\graphatlas_original\split-0\seed-0\config-95c164ea\job_config.yaml
atlas_het__node_classification__graphatlas_original__split0__seed1__070dac192243,070dac192243,0e672c999c335af7,atlas_het,node_classification,graphatlas_original,graphatlas,1,0,1,outputs\.work\runs\atlas_het\graphatlas_original\split-0\seed-1\config-070dac19,outputs\.work\runs\atlas_het\graphatlas_original\split-0\seed-1\config-070dac19\job_config.yaml
atlas_het__node_classification__graphatlas_original__split0__seed2__b2f0f901fc14,b2f0f901fc14,0e672c999c335af7,atlas_het,node_classification,graphatlas_original,graphatlas,2,0,1,outputs\.work\runs\atlas_het\graphatlas_original\split-0\seed-2\config-b2f0f901,outputs\.work\runs\atlas_het\graphatlas_original\split-0\seed-2\config-b2f0f901\job_config.yaml
atlas_het__node_classification__graphatlas_free_transition__split0__seed0__10131d451b6d,10131d451b6d,0e672c999c335af7,atlas_het,node_classification,graphatlas_free_transition,graphatlas_free_transition,0,0,1,outputs\.work\runs\atlas_het\graphatlas_free_transition\split-0\seed-0\config-10131d45,outputs\.work\runs\atlas_het\graphatlas_free_transition\split-0\seed-0\config-10131d45\job_config.yaml
atlas_het__node_classification__graphatlas_free_transition__split0__seed1__73ba1885e2be,73ba1885e2be,0e672c999c335af7,atlas_het,node_classification,graphatlas_free_transition,graphatlas_free_transition,1,0,1,outputs\.work\runs\atlas_het\graphatlas_free_transition\split-0\seed-1\config-73ba1885,outputs\.work\runs\atlas_het\graphatlas_free_transition\split-0\seed-1\config-73ba1885\job_config.yaml
atlas_het__node_classification__graphatlas_free_transition__split0__seed2__a5364723bb53,a5364723bb53,0e672c999c335af7,atlas_het,node_classification,graphatlas_free_transition,graphatlas_free_transition,2,0,1,outputs\.work\runs\atlas_het\graphatlas_free_transition\split-0\seed-2\config-a5364723,outputs\.work\runs\atlas_het\graphatlas_free_transition\split-0\seed-2\config-a5364723\job_config.yaml
atlas_het__node_classification__graphatlas_no_transport__split0__seed0__1980c5c17915,1980c5c17915,0e672c999c335af7,atlas_het,node_classification,graphatlas_no_transport,graphatlas_no_transport,0,0,1,outputs\.work\runs\atlas_het\graphatlas_no_transport\split-0\seed-0\config-1980c5c1,outputs\.work\runs\atlas_het\graphatlas_no_transport\split-0\seed-0\config-1980c5c1\job_config.yaml
atlas_het__node_classification__graphatlas_no_transport__split0__seed1__acc2cc497510,acc2cc497510,0e672c999c335af7,atlas_het,node_classification,graphatlas_no_transport,graphatlas_no_transport,1,0,1,outputs\.work\runs\atlas_het\graphatlas_no_transport\split-0\seed-1\config-acc2cc49,outputs\.work\runs\atlas_het\graphatlas_no_transport\split-0\seed-1\config-acc2cc49\job_config.yaml
atlas_het__node_classification__graphatlas_no_transport__split0__seed2__7b79c42a4f75,7b79c42a4f75,0e672c999c335af7,atlas_het,node_classification,graphatlas_no_transport,graphatlas_no_transport,2,0,1,outputs\.work\runs\atlas_het\graphatlas_no_transport\split-0\seed-2\config-7b79c42a,outputs\.work\runs\atlas_het\graphatlas_no_transport\split-0\seed-2\config-7b79c42a\job_config.yaml
atlas_het__node_classification__graphatlas_c_oracle__split0__seed0__09623ca96223,09623ca96223,0e672c999c335af7,atlas_het,node_classification,graphatlas_c_oracle,graphatlas_certified,0,0,1,outputs\.work\runs\atlas_het\graphatlas_c_oracle\split-0\seed-0\config-09623ca9,outputs\.work\runs\atlas_het\graphatlas_c_oracle\split-0\seed-0\config-09623ca9\job_config.yaml
atlas_het__node_classification__graphatlas_c_oracle__split0__seed1__8f182021ebd4,8f182021ebd4,0e672c999c335af7,atlas_het,node_classification,graphatlas_c_oracle,graphatlas_certified,1,0,1,outputs\.work\runs\atlas_het\graphatlas_c_oracle\split-0\seed-1\config-8f182021,outputs\.work\runs\atlas_het\graphatlas_c_oracle\split-0\seed-1\config-8f182021\job_config.yaml
atlas_het__node_classification__graphatlas_c_oracle__split0__seed2__1d5895b1e18f,1d5895b1e18f,0e672c999c335af7,atlas_het,node_classification,graphatlas_c_oracle,graphatlas_certified,2,0,1,outputs\.work\runs\atlas_het\graphatlas_c_oracle\split-0\seed-2\config-1d5895b1,outputs\.work\runs\atlas_het\graphatlas_c_oracle\split-0\seed-2\config-1d5895b1\job_config.yaml
atlas_het__node_classification__graphatlas_c__split0__seed0__06c083ca5cf1,06c083ca5cf1,0e672c999c335af7,atlas_het,node_classification,graphatlas_c,graphatlas_certified,0,0,1,outputs\.work\runs\atlas_het\graphatlas_c\split-0\seed-0\config-06c083ca,outputs\.work\runs\atlas_het\graphatlas_c\split-0\seed-0\config-06c083ca\job_config.yaml
atlas_het__node_classification__graphatlas_c__split0__seed1__739e78bd5958,739e78bd5958,0e672c999c335af7,atlas_het,node_classification,graphatlas_c,graphatlas_certified,1,0,1,outputs\.work\runs\atlas_het\graphatlas_c\split-0\seed-1\config-739e78bd,outputs\.work\runs\atlas_het\graphatlas_c\split-0\seed-1\config-739e78bd\job_config.yaml
atlas_het__node_classification__graphatlas_c__split0__seed2__6b05906212b1,6b05906212b1,0e672c999c335af7,atlas_het,node_classification,graphatlas_c,graphatlas_certified,2,0,1,outputs\.work\runs\atlas_het\graphatlas_c\split-0\seed-2\config-6b059062,outputs\.work\runs\atlas_het\graphatlas_c\split-0\seed-2\config-6b059062\job_config.yaml
atlas_het__node_classification__graphatlas_original__split0__seed0__cf89130c132f,cf89130c132f,0e672c999c335af7,atlas_het,node_classification,graphatlas_original,graphatlas,0,0,1,outputs\.work\runs\atlas_het\graphatlas_original\split-0\seed-0\config-cf89130c,outputs\.work\runs\atlas_het\graphatlas_original\split-0\seed-0\config-cf89130c\job_config.yaml
atlas_het__node_classification__graphatlas_original__split0__seed1__28afb5698cab,28afb5698cab,0e672c999c335af7,atlas_het,node_classification,graphatlas_original,graphatlas,1,0,1,outputs\.work\runs\atlas_het\graphatlas_original\split-0\seed-1\config-28afb569,outputs\.work\runs\atlas_het\graphatlas_original\split-0\seed-1\config-28afb569\job_config.yaml
atlas_het__node_classification__graphatlas_original__split0__seed2__10b8092e1e32,10b8092e1e32,0e672c999c335af7,atlas_het,node_classification,graphatlas_original,graphatlas,2,0,1,outputs\.work\runs\atlas_het\graphatlas_original\split-0\seed-2\config-10b8092e,outputs\.work\runs\atlas_het\graphatlas_original\split-0\seed-2\config-10b8092e\job_config.yaml
atlas_het__node_classification__graphatlas_free_transition__split0__seed0__c7b1604269e2,c7b1604269e2,0e672c999c335af7,atlas_het,node_classification,graphatlas_free_transition,graphatlas_free_transition,0,0,1,outputs\.work\runs\atlas_het\graphatlas_free_transition\split-0\seed-0\config-c7b16042,outputs\.work\runs\atlas_het\graphatlas_free_transition\split-0\seed-0\config-c7b16042\job_config.yaml
atlas_het__node_classification__graphatlas_free_transition__split0__seed1__c14c4bc992c0,c14c4bc992c0,0e672c999c335af7,atlas_het,node_classification,graphatlas_free_transition,graphatlas_free_transition,1,0,1,outputs\.work\runs\atlas_het\graphatlas_free_transition\split-0\seed-1\config-c14c4bc9,outputs\.work\runs\atlas_het\graphatlas_free_transition\split-0\seed-1\config-c14c4bc9\job_config.yaml
atlas_het__node_classification__graphatlas_free_transition__split0__seed2__1098528c350e,1098528c350e,0e672c999c335af7,atlas_het,node_classification,graphatlas_free_transition,graphatlas_free_transition,2,0,1,outputs\.work\runs\atlas_het\graphatlas_free_transition\split-0\seed-2\config-1098528c,outputs\.work\runs\atlas_het\graphatlas_free_transition\split-0\seed-2\config-1098528c\job_config.yaml
atlas_het__node_classification__graphatlas_no_transport__split0__seed0__eee1d58a2156,eee1d58a2156,0e672c999c335af7,atlas_het,node_classification,graphatlas_no_transport,graphatlas_no_transport,0,0,1,outputs\.work\runs\atlas_het\graphatlas_no_transport\split-0\seed-0\config-eee1d58a,outputs\.work\runs\atlas_het\graphatlas_no_transport\split-0\seed-0\config-eee1d58a\job_config.yaml
atlas_het__node_classification__graphatlas_no_transport__split0__seed1__84c726feef02,84c726feef02,0e672c999c335af7,atlas_het,node_classification,graphatlas_no_transport,graphatlas_no_transport,1,0,1,outputs\.work\runs\atlas_het\graphatlas_no_transport\split-0\seed-1\config-84c726fe,outputs\.work\runs\atlas_het\graphatlas_no_transport\split-0\seed-1\config-84c726fe\job_config.yaml
atlas_het__node_classification__graphatlas_no_transport__split0__seed2__368f77f4b839,368f77f4b839,0e672c999c335af7,atlas_het,node_classification,graphatlas_no_transport,graphatlas_no_transport,2,0,1,outputs\.work\runs\atlas_het\graphatlas_no_transport\split-0\seed-2\config-368f77f4,outputs\.work\runs\atlas_het\graphatlas_no_transport\split-0\seed-2\config-368f77f4\job_config.yaml
atlas_het__node_classification__graphatlas_c_oracle__split0__seed0__e2b919c82df4,e2b919c82df4,0e672c999c335af7,atlas_het,node_classification,graphatlas_c_oracle,graphatlas_certified,0,0,1,outputs\.work\runs\atlas_het\graphatlas_c_oracle\split-0\seed-0\config-e2b919c8,outputs\.work\runs\atlas_het\graphatlas_c_oracle\split-0\seed-0\config-e2b919c8\job_config.yaml
atlas_het__node_classification__graphatlas_c_oracle__split0__seed1__a565cbf20a65,a565cbf20a65,0e672c999c335af7,atlas_het,node_classification,graphatlas_c_oracle,graphatlas_certified,1,0,1,outputs\.work\runs\atlas_het\graphatlas_c_oracle\split-0\seed-1\config-a565cbf2,outputs\.work\runs\atlas_het\graphatlas_c_oracle\split-0\seed-1\config-a565cbf2\job_config.yaml
atlas_het__node_classification__graphatlas_c_oracle__split0__seed2__e661212b43ec,e661212b43ec,0e672c999c335af7,atlas_het,node_classification,graphatlas_c_oracle,graphatlas_certified,2,0,1,outputs\.work\runs\atlas_het\graphatlas_c_oracle\split-0\seed-2\config-e661212b,outputs\.work\runs\atlas_het\graphatlas_c_oracle\split-0\seed-2\config-e661212b\job_config.yaml
atlas_het__node_classification__graphatlas_c__split0__seed0__605b3b6f83e0,605b3b6f83e0,0e672c999c335af7,atlas_het,node_classification,graphatlas_c,graphatlas_certified,0,0,1,outputs\.work\runs\atlas_het\graphatlas_c\split-0\seed-0\config-605b3b6f,outputs\.work\runs\atlas_het\graphatlas_c\split-0\seed-0\config-605b3b6f\job_config.yaml
atlas_het__node_classification__graphatlas_c__split0__seed1__0b4b8a6f2181,0b4b8a6f2181,0e672c999c335af7,atlas_het,node_classification,graphatlas_c,graphatlas_certified,1,0,1,outputs\.work\runs\atlas_het\graphatlas_c\split-0\seed-1\config-0b4b8a6f,outputs\.work\runs\atlas_het\graphatlas_c\split-0\seed-1\config-0b4b8a6f\job_config.yaml
atlas_het__node_classification__graphatlas_c__split0__seed2__f854f2031b56,f854f2031b56,0e672c999c335af7,atlas_het,node_classification,graphatlas_c,graphatlas_certified,2,0,1,outputs\.work\runs\atlas_het\graphatlas_c\split-0\seed-2\config-f854f203,outputs\.work\runs\atlas_het\graphatlas_c\split-0\seed-2\config-f854f203\job_config.yaml
atlas_het__node_classification__graphatlas_original__split0__seed0__b051e5dfcb7a,b051e5dfcb7a,0e672c999c335af7,atlas_het,node_classification,graphatlas_original,graphatlas,0,0,1,outputs\.work\runs\atlas_het\graphatlas_original\split-0\seed-0\config-b051e5df,outputs\.work\runs\atlas_het\graphatlas_original\split-0\seed-0\config-b051e5df\job_config.yaml
atlas_het__node_classification__graphatlas_original__split0__seed1__9d6929fbeff2,9d6929fbeff2,0e672c999c335af7,atlas_het,node_classification,graphatlas_original,graphatlas,1,0,1,outputs\.work\runs\atlas_het\graphatlas_original\split-0\seed-1\config-9d6929fb,outputs\.work\runs\atlas_het\graphatlas_original\split-0\seed-1\config-9d6929fb\job_config.yaml
atlas_het__node_classification__graphatlas_original__split0__seed2__234173aec1c6,234173aec1c6,0e672c999c335af7,atlas_het,node_classification,graphatlas_original,graphatlas,2,0,1,outputs\.work\runs\atlas_het\graphatlas_original\split-0\seed-2\config-234173ae,outputs\.work\runs\atlas_het\graphatlas_original\split-0\seed-2\config-234173ae\job_config.yaml
atlas_het__node_classification__graphatlas_free_transition__split0__seed0__d1fa39d2a8c0,d1fa39d2a8c0,0e672c999c335af7,atlas_het,node_classification,graphatlas_free_transition,graphatlas_free_transition,0,0,1,outputs\.work\runs\atlas_het\graphatlas_free_transition\split-0\seed-0\config-d1fa39d2,outputs\.work\runs\atlas_het\graphatlas_free_transition\split-0\seed-0\config-d1fa39d2\job_config.yaml
atlas_het__node_classification__graphatlas_free_transition__split0__seed1__84d6b094a111,84d6b094a111,0e672c999c335af7,atlas_het,node_classification,graphatlas_free_transition,graphatlas_free_transition,1,0,1,outputs\.work\runs\atlas_het\graphatlas_free_transition\split-0\seed-1\config-84d6b094,outputs\.work\runs\atlas_het\graphatlas_free_transition\split-0\seed-1\config-84d6b094\job_config.yaml
atlas_het__node_classification__graphatlas_free_transition__split0__seed2__bad26af370b6,bad26af370b6,0e672c999c335af7,atlas_het,node_classification,graphatlas_free_transition,graphatlas_free_transition,2,0,1,outputs\.work\runs\atlas_het\graphatlas_free_transition\split-0\seed-2\config-bad26af3,outputs\.work\runs\atlas_het\graphatlas_free_transition\split-0\seed-2\config-bad26af3\job_config.yaml
atlas_het__node_classification__graphatlas_no_transport__split0__seed0__652c16e47bd9,652c16e47bd9,0e672c999c335af7,atlas_het,node_classification,graphatlas_no_transport,graphatlas_no_transport,0,0,1,outputs\.work\runs\atlas_het\graphatlas_no_transport\split-0\seed-0\config-652c16e4,outputs\.work\runs\atlas_het\graphatlas_no_transport\split-0\seed-0\config-652c16e4\job_config.yaml
atlas_het__node_classification__graphatlas_no_transport__split0__seed1__d97b7948649a,d97b7948649a,0e672c999c335af7,atlas_het,node_classification,graphatlas_no_transport,graphatlas_no_transport,1,0,1,outputs\.work\runs\atlas_het\graphatlas_no_transport\split-0\seed-1\config-d97b7948,outputs\.work\runs\atlas_het\graphatlas_no_transport\split-0\seed-1\config-d97b7948\job_config.yaml
atlas_het__node_classification__graphatlas_no_transport__split0__seed2__89669aa83cac,89669aa83cac,0e672c999c335af7,atlas_het,node_classification,graphatlas_no_transport,graphatlas_no_transport,2,0,1,outputs\.work\runs\atlas_het\graphatlas_no_transport\split-0\seed-2\config-89669aa8,outputs\.work\runs\atlas_het\graphatlas_no_transport\split-0\seed-2\config-89669aa8\job_config.yaml
atlas_het__node_classification__graphatlas_c_oracle__split0__seed0__6df68d9e1343,6df68d9e1343,0e672c999c335af7,atlas_het,node_classification,graphatlas_c_oracle,graphatlas_certified,0,0,1,outputs\.work\runs\atlas_het\graphatlas_c_oracle\split-0\seed-0\config-6df68d9e,outputs\.work\runs\atlas_het\graphatlas_c_oracle\split-0\seed-0\config-6df68d9e\job_config.yaml
atlas_het__node_classification__graphatlas_c_oracle__split0__seed1__6e917d09c2c4,6e917d09c2c4,0e672c999c335af7,atlas_het,node_classification,graphatlas_c_oracle,graphatlas_certified,1,0,1,outputs\.work\runs\atlas_het\graphatlas_c_oracle\split-0\seed-1\config-6e917d09,outputs\.work\runs\atlas_het\graphatlas_c_oracle\split-0\seed-1\config-6e917d09\job_config.yaml
atlas_het__node_classification__graphatlas_c_oracle__split0__seed2__242c01f0b439,242c01f0b439,0e672c999c335af7,atlas_het,node_classification,graphatlas_c_oracle,graphatlas_certified,2,0,1,outputs\.work\runs\atlas_het\graphatlas_c_oracle\split-0\seed-2\config-242c01f0,outputs\.work\runs\atlas_het\graphatlas_c_oracle\split-0\seed-2\config-242c01f0\job_config.yaml
atlas_het__node_classification__graphatlas_c__split0__seed0__8961b8bc8ad7,8961b8bc8ad7,0e672c999c335af7,atlas_het,node_classification,graphatlas_c,graphatlas_certified,0,0,1,outputs\.work\runs\atlas_het\graphatlas_c\split-0\seed-0\config-8961b8bc,outputs\.work\runs\atlas_het\graphatlas_c\split-0\seed-0\config-8961b8bc\job_config.yaml
atlas_het__node_classification__graphatlas_c__split0__seed1__fe041102854a,fe041102854a,0e672c999c335af7,atlas_het,node_classification,graphatlas_c,graphatlas_certified,1,0,1,outputs\.work\runs\atlas_het\graphatlas_c\split-0\seed-1\config-fe041102,outputs\.work\runs\atlas_het\graphatlas_c\split-0\seed-1\config-fe041102\job_config.yaml
atlas_het__node_classification__graphatlas_c__split0__seed2__41b730df664d,41b730df664d,0e672c999c335af7,atlas_het,node_classification,graphatlas_c,graphatlas_certified,2,0,1,outputs\.work\runs\atlas_het\graphatlas_c\split-0\seed-2\config-41b730df,outputs\.work\runs\atlas_het\graphatlas_c\split-0\seed-2\config-41b730df\job_config.yaml
atlas_het__node_classification__graphatlas_original__split0__seed0__0a9cea82118f,0a9cea82118f,0e672c999c335af7,atlas_het,node_classification,graphatlas_original,graphatlas,0,0,1,outputs\.work\runs\atlas_het\graphatlas_original\split-0\seed-0\config-0a9cea82,outputs\.work\runs\atlas_het\graphatlas_original\split-0\seed-0\config-0a9cea82\job_config.yaml
atlas_het__node_classification__graphatlas_original__split0__seed1__2875b7d54cde,2875b7d54cde,0e672c999c335af7,atlas_het,node_classification,graphatlas_original,graphatlas,1,0,1,outputs\.work\runs\atlas_het\graphatlas_original\split-0\seed-1\config-2875b7d5,outputs\.work\runs\atlas_het\graphatlas_original\split-0\seed-1\config-2875b7d5\job_config.yaml
atlas_het__node_classification__graphatlas_original__split0__seed2__f08f96f56bc8,f08f96f56bc8,0e672c999c335af7,atlas_het,node_classification,graphatlas_original,graphatlas,2,0,1,outputs\.work\runs\atlas_het\graphatlas_original\split-0\seed-2\config-f08f96f5,outputs\.work\runs\atlas_het\graphatlas_original\split-0\seed-2\config-f08f96f5\job_config.yaml
atlas_het__node_classification__graphatlas_free_transition__split0__seed0__5efe80e651d5,5efe80e651d5,0e672c999c335af7,atlas_het,node_classification,graphatlas_free_transition,graphatlas_free_transition,0,0,1,outputs\.work\runs\atlas_het\graphatlas_free_transition\split-0\seed-0\config-5efe80e6,outputs\.work\runs\atlas_het\graphatlas_free_transition\split-0\seed-0\config-5efe80e6\job_config.yaml
atlas_het__node_classification__graphatlas_free_transition__split0__seed1__68bf5841cd65,68bf5841cd65,0e672c999c335af7,atlas_het,node_classification,graphatlas_free_transition,graphatlas_free_transition,1,0,1,outputs\.work\runs\atlas_het\graphatlas_free_transition\split-0\seed-1\config-68bf5841,outputs\.work\runs\atlas_het\graphatlas_free_transition\split-0\seed-1\config-68bf5841\job_config.yaml
atlas_het__node_classification__graphatlas_free_transition__split0__seed2__43879856fcd3,43879856fcd3,0e672c999c335af7,atlas_het,node_classification,graphatlas_free_transition,graphatlas_free_transition,2,0,1,outputs\.work\runs\atlas_het\graphatlas_free_transition\split-0\seed-2\config-43879856,outputs\.work\runs\atlas_het\graphatlas_free_transition\split-0\seed-2\config-43879856\job_config.yaml
atlas_het__node_classification__graphatlas_no_transport__split0__seed0__ec869088c2f7,ec869088c2f7,0e672c999c335af7,atlas_het,node_classification,graphatlas_no_transport,graphatlas_no_transport,0,0,1,outputs\.work\runs\atlas_het\graphatlas_no_transport\split-0\seed-0\config-ec869088,outputs\.work\runs\atlas_het\graphatlas_no_transport\split-0\seed-0\config-ec869088\job_config.yaml
atlas_het__node_classification__graphatlas_no_transport__split0__seed1__4f44e68e4af6,4f44e68e4af6,0e672c999c335af7,atlas_het,node_classification,graphatlas_no_transport,graphatlas_no_transport,1,0,1,outputs\.work\runs\atlas_het\graphatlas_no_transport\split-0\seed-1\config-4f44e68e,outputs\.work\runs\atlas_het\graphatlas_no_transport\split-0\seed-1\config-4f44e68e\job_config.yaml
atlas_het__node_classification__graphatlas_no_transport__split0__seed2__8e0eb9345a34,8e0eb9345a34,0e672c999c335af7,atlas_het,node_classification,graphatlas_no_transport,graphatlas_no_transport,2,0,1,outputs\.work\runs\atlas_het\graphatlas_no_transport\split-0\seed-2\config-8e0eb934,outputs\.work\runs\atlas_het\graphatlas_no_transport\split-0\seed-2\config-8e0eb934\job_config.yaml
atlas_het__node_classification__graphatlas_c_oracle__split0__seed0__3f25c3e5f30b,3f25c3e5f30b,0e672c999c335af7,atlas_het,node_classification,graphatlas_c_oracle,graphatlas_certified,0,0,1,outputs\.work\runs\atlas_het\graphatlas_c_oracle\split-0\seed-0\config-3f25c3e5,outputs\.work\runs\atlas_het\graphatlas_c_oracle\split-0\seed-0\config-3f25c3e5\job_config.yaml
atlas_het__node_classification__graphatlas_c_oracle__split0__seed1__1e238a66804b,1e238a66804b,0e672c999c335af7,atlas_het,node_classification,graphatlas_c_oracle,graphatlas_certified,1,0,1,outputs\.work\runs\atlas_het\graphatlas_c_oracle\split-0\seed-1\config-1e238a66,outputs\.work\runs\atlas_het\graphatlas_c_oracle\split-0\seed-1\config-1e238a66\job_config.yaml
atlas_het__node_classification__graphatlas_c_oracle__split0__seed2__f412a777ccb8,f412a777ccb8,0e672c999c335af7,atlas_het,node_classification,graphatlas_c_oracle,graphatlas_certified,2,0,1,outputs\.work\runs\atlas_het\graphatlas_c_oracle\split-0\seed-2\config-f412a777,outputs\.work\runs\atlas_het\graphatlas_c_oracle\split-0\seed-2\config-f412a777\job_config.yaml
atlas_het__node_classification__graphatlas_c__split0__seed0__d341051a9766,d341051a9766,0e672c999c335af7,atlas_het,node_classification,graphatlas_c,graphatlas_certified,0,0,1,outputs\.work\runs\atlas_het\graphatlas_c\split-0\seed-0\config-d341051a,outputs\.work\runs\atlas_het\graphatlas_c\split-0\seed-0\config-d341051a\job_config.yaml
atlas_het__node_classification__graphatlas_c__split0__seed1__e0bccbe591bc,e0bccbe591bc,0e672c999c335af7,atlas_het,node_classification,graphatlas_c,graphatlas_certified,1,0,1,outputs\.work\runs\atlas_het\graphatlas_c\split-0\seed-1\config-e0bccbe5,outputs\.work\runs\atlas_het\graphatlas_c\split-0\seed-1\config-e0bccbe5\job_config.yaml
atlas_het__node_classification__graphatlas_c__split0__seed2__2d60ffba81c3,2d60ffba81c3,0e672c999c335af7,atlas_het,node_classification,graphatlas_c,graphatlas_certified,2,0,1,outputs\.work\runs\atlas_het\graphatlas_c\split-0\seed-2\config-2d60ffba,outputs\.work\runs\atlas_het\graphatlas_c\split-0\seed-2\config-2d60ffba\job_config.yaml
atlas_het__node_classification__graphatlas_original__split0__seed0__4c76a94f9423,4c76a94f9423,0e672c999c335af7,atlas_het,node_classification,graphatlas_original,graphatlas,0,0,1,outputs\.work\runs\atlas_het\graphatlas_original\split-0\seed-0\config-4c76a94f,outputs\.work\runs\atlas_het\graphatlas_original\split-0\seed-0\config-4c76a94f\job_config.yaml
atlas_het__node_classification__graphatlas_original__split0__seed1__efdfda49708c,efdfda49708c,0e672c999c335af7,atlas_het,node_classification,graphatlas_original,graphatlas,1,0,1,outputs\.work\runs\atlas_het\graphatlas_original\split-0\seed-1\config-efdfda49,outputs\.work\runs\atlas_het\graphatlas_original\split-0\seed-1\config-efdfda49\job_config.yaml
atlas_het__node_classification__graphatlas_original__split0__seed2__3efca0cc2b9d,3efca0cc2b9d,0e672c999c335af7,atlas_het,node_classification,graphatlas_original,graphatlas,2,0,1,outputs\.work\runs\atlas_het\graphatlas_original\split-0\seed-2\config-3efca0cc,outputs\.work\runs\atlas_het\graphatlas_original\split-0\seed-2\config-3efca0cc\job_config.yaml
atlas_het__node_classification__graphatlas_free_transition__split0__seed0__64d6c06a1277,64d6c06a1277,0e672c999c335af7,atlas_het,node_classification,graphatlas_free_transition,graphatlas_free_transition,0,0,1,outputs\.work\runs\atlas_het\graphatlas_free_transition\split-0\seed-0\config-64d6c06a,outputs\.work\runs\atlas_het\graphatlas_free_transition\split-0\seed-0\config-64d6c06a\job_config.yaml
atlas_het__node_classification__graphatlas_free_transition__split0__seed1__a59b7f707979,a59b7f707979,0e672c999c335af7,atlas_het,node_classification,graphatlas_free_transition,graphatlas_free_transition,1,0,1,outputs\.work\runs\atlas_het\graphatlas_free_transition\split-0\seed-1\config-a59b7f70,outputs\.work\runs\atlas_het\graphatlas_free_transition\split-0\seed-1\config-a59b7f70\job_config.yaml
atlas_het__node_classification__graphatlas_free_transition__split0__seed2__31d002ccc598,31d002ccc598,0e672c999c335af7,atlas_het,node_classification,graphatlas_free_transition,graphatlas_free_transition,2,0,1,outputs\.work\runs\atlas_het\graphatlas_free_transition\split-0\seed-2\config-31d002cc,outputs\.work\runs\atlas_het\graphatlas_free_transition\split-0\seed-2\config-31d002cc\job_config.yaml
atlas_het__node_classification__graphatlas_no_transport__split0__seed0__2f5f5fb3d68a,2f5f5fb3d68a,0e672c999c335af7,atlas_het,node_classification,graphatlas_no_transport,graphatlas_no_transport,0,0,1,outputs\.work\runs\atlas_het\graphatlas_no_transport\split-0\seed-0\config-2f5f5fb3,outputs\.work\runs\atlas_het\graphatlas_no_transport\split-0\seed-0\config-2f5f5fb3\job_config.yaml
atlas_het__node_classification__graphatlas_no_transport__split0__seed1__07d6d0c2ed15,07d6d0c2ed15,0e672c999c335af7,atlas_het,node_classification,graphatlas_no_transport,graphatlas_no_transport,1,0,1,outputs\.work\runs\atlas_het\graphatlas_no_transport\split-0\seed-1\config-07d6d0c2,outputs\.work\runs\atlas_het\graphatlas_no_transport\split-0\seed-1\config-07d6d0c2\job_config.yaml
atlas_het__node_classification__graphatlas_no_transport__split0__seed2__7caddb421784,7caddb421784,0e672c999c335af7,atlas_het,node_classification,graphatlas_no_transport,graphatlas_no_transport,2,0,1,outputs\.work\runs\atlas_het\graphatlas_no_transport\split-0\seed-2\config-7caddb42,outputs\.work\runs\atlas_het\graphatlas_no_transport\split-0\seed-2\config-7caddb42\job_config.yaml
