run_id,config_hash,source_hash,dataset,task,model,model_family,seed,split,num_threads,run_dir,job_config
atlas_het__node_classification__graphatlas_original__split0__seed0__8bebb9ef1847,8bebb9ef1847,975d6eec98ed54f0,atlas_het,node_classification,graphatlas_original,graphatlas,0,0,1,outputs\.work\runs\atlas_het\graphatlas_original\split-0\seed-0\config-8bebb9ef,outputs\.work\runs\atlas_het\graphatlas_original\split-0\seed-0\config-8bebb9ef\job_config.yaml
atlas_het__node_classification__graphatlas_original__split0__seed1__2b7afdc3fadf,2b7afdc3fadf,975d6eec98ed54f0,atlas_het,node_classification,graphatlas_original,graphatlas,1,0,1,outputs\.work\runs\atlas_het\graphatlas_original\split-0\seed-1\config-2b7afdc3,outputs\.work\runs\atlas_het\graphatlas_original\split-0\seed-1\config-2b7afdc3\job_config.yaml
atlas_het__node_classification__graphatlas_original__split0__seed2__3c01f379a5c1,3c01f379a5c1,975d6eec98ed54f0,atlas_het,node_classification,graphatlas_original,graphatlas,2,0,1,outputs\.work\runs\atlas_het\graphatlas_original\split-0\seed-2\config-3c01f379,outputs\.work\runs\atlas_het\graphatlas_original\split-0\seed-2\config-3c01f379\job_config.yaml
atlas_het__node_classification__graphatlas_min_distortion__split0__seed0__02dfc3421a92,02dfc3421a92,975d6eec98ed54f0,atlas_het,node_classification,graphatlas_min_distortion,graphatlas_min_distortion,0,0,1,outputs\.work\runs\atlas_het\graphatlas_min_distortion\split-0\seed-0\config-02dfc342,outputs\.work\runs\atlas_het\graphatlas_min_distortion\split-0\seed-0\config-02dfc342\job_config.yaml
atlas_het__node_classification__graphatlas_min_distortion__split0__seed1__d6ae19d84dca,d6ae19d84dca,975d6eec98ed54f0,atlas_het,node_classification,graphatlas_min_distortion,graphatlas_min_distortion,1,0,1,outputs\.work\runs\atlas_het\graphatlas_min_distortion\split-0\seed-1\config-d6ae19d8,outputs\.work\runs\atlas_het\graphatlas_min_distortion\split-0\seed-1\config-d6ae19d8\job_config.yaml
atlas_het__node_classification__graphatlas_min_distortion__split0__seed2__10a3012ee354,10a3012ee354,975d6eec98ed54f0,atlas_het,node_classification,graphatlas_min_distortion,graphatlas_min_distortion,2,0,1,outputs\.work\runs\atlas_het\graphatlas_min_distortion\split-0\seed-2\config-10a3012e,outputs\.work\runs\atlas_het\graphatlas_min_distortion\split-0\seed-2\config-10a3012e\job_config.yaml
atlas_het__node_classification__graphatlas_c__split0__seed0__c4b3c0ec750a,c4b3c0ec750a,975d6eec98ed54f0,atlas_het,node_classification,graphatlas_c,graphatlas_certified,0,0,1,outputs\.work\runs\atlas_het\graphatlas_c\split-0\seed-0\config-c4b3c0ec,outputs\.work\runs\atlas_het\graphatlas_c\split-0\seed-0\config-c4b3c0ec\job_config.yaml
atlas_het__node_classification__graphatlas_c__split0__seed1__394bc13a9e33,394bc13a9e33,975d6eec98ed54f0,atlas_het,node_classification,graphatlas_c,graphatlas_certified,1,0,1,outputs\.work\runs\atlas_het\graphatlas_c\split-0\seed-1\config-394bc13a,outputs\.work\runs\atlas_het\graphatlas_c\split-0\seed-1\config-394bc13a\job_config.yaml
atlas_het__node_classification__graphatlas_c__split0__seed2__89b77e2b0fc4,89b77e2b0fc4,975d6eec98ed54f0,atlas_het,node_classification,graphatlas_c,graphatlas_certified,2,0,1,outputs\.work\runs\atlas_het\graphatlas_c\split-0\seed-2\config-89b77e2b,outputs\.work\runs\atlas_het\graphatlas_c\split-0\seed-2\config-89b77e2b\job_config.yaml
atlas_het__node_classification__graphatlas_c_beta_minus_1__split0__seed0__b951d2aed70a,b951d2aed70a,975d6eec98ed54f0,atlas_het,node_classification,graphatlas_c_beta_minus_1,graphatlas_certified,0,0,1,outputs\.work\runs\atlas_het\graphatlas_c_beta_minus_1\split-0\seed-0\config-b951d2ae,outputs\.work\runs\atlas_het\graphatlas_c_beta_minus_1\split-0\seed-0\config-b951d2ae\job_config.yaml
atlas_het__node_classification__graphatlas_c_beta_minus_1__split0__seed1__10fb540906b3,10fb540906b3,975d6eec98ed54f0,atlas_het,node_classification,graphatlas_c_beta_minus_1,graphatlas_certified,1,0,1,outputs\.work\runs\atlas_het\graphatlas_c_beta_minus_1\split-0\seed-1\config-10fb5409,outputs\.work\runs\atlas_het\graphatlas_c_beta_minus_1\split-0\seed-1\config-10fb5409\job_config.yaml
atlas_het__node_classification__graphatlas_c_beta_minus_1__split0__seed2__c0652808f794,c0652808f794,975d6eec98ed54f0,atlas_het,node_classification,graphatlas_c_beta_minus_1,graphatlas_certified,2,0,1,outputs\.work\runs\atlas_het\graphatlas_c_beta_minus_1\split-0\seed-2\config-c0652808,outputs\.work\runs\atlas_het\graphatlas_c_beta_minus_1\split-0\seed-2\config-c0652808\job_config.yaml
atlas_het__node_classification__graphatlas_c_q_shuffle_source__split0__seed0__de8bbe8bb930,de8bbe8bb930,975d6eec98ed54f0,atlas_het,node_classification,graphatlas_c_q_shuffle_source,graphatlas_certified,0,0,1,outputs\.work\runs\atlas_het\graphatlas_c_q_shuffle_source\split-0\seed-0\config-de8bbe8b,outputs\.work\runs\atlas_het\graphatlas_c_q_shuffle_source\split-0\seed-0\config-de8bbe8b\job_config.yaml
atlas_het__node_classification__graphatlas_c_q_shuffle_source__split0__seed1__77d32de3ce07,77d32de3ce07,975d6eec98ed54f0,atlas_het,node_classification,graphatlas_c_q_shuffle_source,graphatlas_certified,1,0,1,outputs\.work\runs\atlas_het\graphatlas_c_q_shuffle_source\split-0\seed-1\config-77d32de3,outputs\.work\runs\atlas_het\graphatlas_c_q_shuffle_source\split-0\seed-1\config-77d32de3\job_config.yaml
atlas_het__node_classification__graphatlas_c_q_shuffle_source__split0__seed2__88a5145556e9,88a5145556e9,975d6eec98ed54f0,atlas_het,node_classification,graphatlas_c_q_shuffle_source,graphatlas_certified,2,0,1,outputs\.work\runs\atlas_het\graphatlas_c_q_shuffle_source\split-0\seed-2\config-88a51455,outputs\.work\runs\atlas_het\graphatlas_c_q_shuffle_source\split-0\seed-2\config-88a51455\job_config.yaml
atlas_het__node_classification__graphatlas_c_q_reference__split0__seed0__a4065302bdb1,a4065302bdb1,975d6eec98ed54f0,atlas_het,node_classification,graphatlas_c_q_reference,graphatlas_certified,0,0,1,outputs\.work\runs\atlas_het\graphatlas_c_q_reference\split-0\seed-0\config-a4065302,outputs\.work\runs\atlas_het\graphatlas_c_q_reference\split-0\seed-0\config-a4065302\job_config.yaml
atlas_het__node_classification__graphatlas_c_q_reference__split0__seed1__45369f682111,45369f682111,975d6eec98ed54f0,atlas_het,node_classification,graphatlas_c_q_reference,graphatlas_certified,1,0,1,outputs\.work\runs\atlas_het\graphatlas_c_q_reference\split-0\seed-1\config-45369f68,outputs\.work\runs\atlas_het\graphatlas_c_q_reference\split-0\seed-1\config-45369f68\job_config.yaml
atlas_het__node_classification__graphatlas_c_q_reference__split0__seed2__d58278690af5,d58278690af5,975d6eec98ed54f0,atlas_het,node_classification,graphatlas_c_q_reference,graphatlas_certified,2,0,1,outputs\.work\runs\atlas_het\graphatlas_c_q_reference\split-0\seed-2\config-d5827869,outputs\.work\runs\atlas_het\graphatlas_c_q_reference\split-0\seed-2\config-d5827869\job_config.yaml
atlas_het__node_classification__graphatlas_c_coordinate_relu__split0__seed0__4987b8159a9f,4987b8159a9f,975d6eec98ed54f0,atlas_het,node_classification,graphatlas_c_coordinate_relu,graphatlas_certified,0,0,1,outputs\.work\runs\atlas_het\graphatlas_c_coordinate_relu\split-0\seed-0\config-4987b815,outputs\.work\runs\atlas_het\graphatlas_c_coordinate_relu\split-0\seed-0\config-4987b815\job_config.yaml
atlas_het__node_classification__graphatlas_c_coordinate_relu__split0__seed1__b7d3e0d183bb,b7d3e0d183bb,975d6eec98ed54f0,atlas_het,node_classification,graphatlas_c_coordinate_relu,graphatlas_certified,1,0,1,outputs\.work\runs\atlas_het\graphatlas_c_coordinate_relu\split-0\seed-1\config-b7d3e0d1,outputs\.work\runs\atlas_het\graphatlas_c_coordinate_relu\split-0\seed-1\config-b7d3e0d1\job_config.yaml
atlas_het__node_classification__graphatlas_c_coordinate_relu__split0__seed2__ecc06e29a8c1,ecc06e29a8c1,975d6eec98ed54f0,atlas_het,node_classification,graphatlas_c_coordinate_relu,graphatlas_certified,2,0,1,outputs\.work\runs\atlas_het\graphatlas_c_coordinate_relu\split-0\seed-2\config-ecc06e29,outputs\.work\runs\atlas_het\graphatlas_c_coordinate_relu\split-0\seed-2\config-ecc06e29\job_config.yaml
atlas_het__node_classification__graphatlas_original__split0__seed0__38b6f662fd92,38b6f662fd92,975d6eec98ed54f0,atlas_het,node_classification,graphatlas_original,graphatlas,0,0,1,outputs\.work\runs\atlas_het\graphatlas_original\split-0\seed-0\config-38b6f662,outputs\.work\runs\atlas_het\graphatlas_original\split-0\seed-0\config-38b6f662\job_config.yaml
atlas_het__node_classification__graphatlas_original__split0__seed1__f94002233c13,f94002233c13,975d6eec98ed54f0,atlas_het,node_classification,graphatlas_original,graphatlas,1,0,1,outputs\.work\runs\atlas_het\graphatlas_original\split-0\seed-1\config-f9400223,outputs\.work\runs\atlas_het\graphatlas_original\split-0\seed-1\config-f9400223\job_config.yaml
atlas_het__node_classification__graphatlas_original__split0__seed2__dab744410be8,dab744410be8,975d6eec98ed54f0,atlas_het,node_classification,graphatlas_original,graphatlas,2,0,1,outputs\.work\runs\atlas_het\graphatlas_original\split-0\seed-2\config-dab74441,outputs\.work\runs\atlas_het\graphatlas_original\split-0\seed-2\config-dab74441\job_config.yaml
atlas_het__node_classification__graphatlas_min_distortion__split0__seed0__3604b87af535,3604b87af535,975d6eec98ed54f0,atlas_het,node_classification,graphatlas_min_distortion,graphatlas_min_distortion,0,0,1,outputs\.work\runs\atlas_het\graphatlas_min_distortion\split-0\seed-0\config-3604b87a,outputs\.work\runs\atlas_het\graphatlas_min_distortion\split-0\seed-0\config-3604b87a\job_config.yaml
atlas_het__node_classification__graphatlas_min_distortion__split0__seed1__4c12892935ca,4c12892935ca,975d6eec98ed54f0,atlas_het,node_classification,graphatlas_min_distortion,graphatlas_min_distortion,1,0,1,outputs\.work\runs\atlas_het\graphatlas_min_distortion\split-0\seed-1\config-4c128929,outputs\.work\runs\atlas_het\graphatlas_min_distortion\split-0\seed-1\config-4c128929\job_config.yaml
atlas_het__node_classification__graphatlas_min_distortion__split0__seed2__5b5a02b85718,5b5a02b85718,975d6eec98ed54f0,atlas_het,node_classification,graphatlas_min_distortion,graphatlas_min_distortion,2,0,1,outputs\.work\runs\atlas_het\graphatlas_min_distortion\split-0\seed-2\config-5b5a02b8,outputs\.work\runs\atlas_het\graphatlas_min_distortion\split-0\seed-2\config-5b5a02b8\job_config.yaml
atlas_het__node_classification__graphatlas_c__split0__seed0__10fa22a27b4e,10fa22a27b4e,975d6eec98ed54f0,atlas_het,node_classification,graphatlas_c,graphatlas_certified,0,0,1,outputs\.work\runs\atlas_het\graphatlas_c\split-0\seed-0\config-10fa22a2,outputs\.work\runs\atlas_het\graphatlas_c\split-0\seed-0\config-10fa22a2\job_config.yaml
atlas_het__node_classification__graphatlas_c__split0__seed1__ec653b0a49cb,ec653b0a49cb,975d6eec98ed54f0,atlas_het,node_classification,graphatlas_c,graphatlas_certified,1,0,1,outputs\.work\runs\atlas_het\graphatlas_c\split-0\seed-1\config-ec653b0a,outputs\.work\runs\atlas_het\graphatlas_c\split-0\seed-1\config-ec653b0a\job_config.yaml
atlas_het__node_classification__graphatlas_c__split0__seed2__4374c636d525,4374c636d525,975d6eec98ed54f0,atlas_het,node_classification,graphatlas_c,graphatlas_certified,2,0,1,outputs\.work\runs\atlas_het\graphatlas_c\split-0\seed-2\config-4374c636,outputs\.work\runs\atlas_het\graphatlas_c\split-0\seed-2\config-4374c636\job_config.yaml
atlas_het__node_classification__graphatlas_c_beta_minus_1__split0__seed0__0becc6052abb,0becc6052abb,975d6eec98ed54f0,atlas_het,node_classification,graphatlas_c_beta_minus_1,graphatlas_certified,0,0,1,outputs\.work\runs\atlas_het\graphatlas_c_beta_minus_1\split-0\seed-0\config-0becc605,outputs\.work\runs\atlas_het\graphatlas_c_beta_minus_1\split-0\seed-0\config-0becc605\job_config.yaml
atlas_het__node_classification__graphatlas_c_beta_minus_1__split0__seed1__07833225df89,07833225df89,975d6eec98ed54f0,atlas_het,node_classification,graphatlas_c_beta_minus_1,graphatlas_certified,1,0,1,outputs\.work\runs\atlas_het\graphatlas_c_beta_minus_1\split-0\seed-1\config-07833225,outputs\.work\runs\atlas_het\graphatlas_c_beta_minus_1\split-0\seed-1\config-07833225\job_config.yaml
atlas_het__node_classification__graphatlas_c_beta_minus_1__split0__seed2__8ff4352e7853,8ff4352e7853,975d6eec98ed54f0,atlas_het,node_classification,graphatlas_c_beta_minus_1,graphatlas_certified,2,0,1,outputs\.work\runs\atlas_het\graphatlas_c_beta_minus_1\split-0\seed-2\config-8ff4352e,outputs\.work\runs\atlas_het\graphatlas_c_beta_minus_1\split-0\seed-2\config-8ff4352e\job_config.yaml
atlas_het__node_classification__graphatlas_c_q_shuffle_source__split0__seed0__bc46afb5042a,bc46afb5042a,975d6eec98ed54f0,atlas_het,node_classification,graphatlas_c_q_shuffle_source,graphatlas_certified,0,0,1,outputs\.work\runs\atlas_het\graphatlas_c_q_shuffle_source\split-0\seed-0\config-bc46afb5,outputs\.work\runs\atlas_het\graphatlas_c_q_shuffle_source\split-0\seed-0\config-bc46afb5\job_config.yaml
atlas_het__node_classification__graphatlas_c_q_shuffle_source__split0__seed1__47e42f041864,47e42f041864,975d6eec98ed54f0,atlas_het,node_classification,graphatlas_c_q_shuffle_source,graphatlas_certified,1,0,1,outputs\.work\runs\atlas_het\graphatlas_c_q_shuffle_source\split-0\seed-1\config-47e42f04,outputs\.work\runs\atlas_het\graphatlas_c_q_shuffle_source\split-0\seed-1\config-47e42f04\job_config.yaml
atlas_het__node_classification__graphatlas_c_q_shuffle_source__split0__seed2__d621569de74e,d621569de74e,975d6eec98ed54f0,atlas_het,node_classification,graphatlas_c_q_shuffle_source,graphatlas_certified,2,0,1,outputs\.work\runs\atlas_het\graphatlas_c_q_shuffle_source\split-0\seed-2\config-d621569d,outputs\.work\runs\atlas_het\graphatlas_c_q_shuffle_source\split-0\seed-2\config-d621569d\job_config.yaml
atlas_het__node_classification__graphatlas_c_q_reference__split0__seed0__160a430aa311,160a430aa311,975d6eec98ed54f0,atlas_het,node_classification,graphatlas_c_q_reference,graphatlas_certified,0,0,1,outputs\.work\runs\atlas_het\graphatlas_c_q_reference\split-0\seed-0\config-160a430a,outputs\.work\runs\atlas_het\graphatlas_c_q_reference\split-0\seed-0\config-160a430a\job_config.yaml
atlas_het__node_classification__graphatlas_c_q_reference__split0__seed1__d939feb4c8e1,d939feb4c8e1,975d6eec98ed54f0,atlas_het,node_classification,graphatlas_c_q_reference,graphatlas_certified,1,0,1,outputs\.work\runs\atlas_het\graphatlas_c_q_reference\split-0\seed-1\config-d939feb4,outputs\.work\runs\atlas_het\graphatlas_c_q_reference\split-0\seed-1\config-d939feb4\job_config.yaml
atlas_het__node_classification__graphatlas_c_q_reference__split0__seed2__7ce1271762b5,7ce1271762b5,975d6eec98ed54f0,atlas_het,node_classification,graphatlas_c_q_reference,graphatlas_certified,2,0,1,outputs\.work\runs\atlas_het\graphatlas_c_q_reference\split-0\seed-2\config-7ce12717,outputs\.work\runs\atlas_het\graphatlas_c_q_reference\split-0\seed-2\config-7ce12717\job_config.yaml
atlas_het__node_classification__graphatlas_c_coordinate_relu__split0__seed0__e23632c52c4b,e23632c52c4b,975d6eec98ed54f0,atlas_het,node_classification,graphatlas_c_coordinate_relu,graphatlas_certified,0,0,1,outputs\.work\runs\atlas_het\graphatlas_c_coordinate_relu\split-0\seed-0\config-e23632c5,outputs\.work\runs\atlas_het\graphatlas_c_coordinate_relu\split-0\seed-0\config-e23632c5\job_config.yaml
atlas_het__node_classification__graphatlas_c_coordinate_relu__split0__seed1__e40dafe6a9a9,e40dafe6a9a9,975d6eec98ed54f0,atlas_het,node_classification,graphatlas_c_coordinate_relu,graphatlas_certified,1,0,1,outputs\.work\runs\atlas_het\graphatlas_c_coordinate_relu\split-0\seed-1\config-e40dafe6,outputs\.work\runs\atlas_het\graphatlas_c_coordinate_relu\split-0\seed-1\config-e40dafe6\job_config.yaml
atlas_het__node_classification__graphatlas_c_coordinate_relu__split0__seed2__efc304add2d4,efc304add2d4,975d6eec98ed54f0,atlas_het,node_classification,graphatlas_c_coordinate_relu,graphatlas_certified,2,0,1,outputs\.work\runs\atlas_het\graphatlas_c_coordinate_relu\split-0\seed-2\config-efc304ad,outputs\.work\runs\atlas_het\graphatlas_c_coordinate_relu\split-0\seed-2\config-efc304ad\job_config.yaml
atlas_het__node_classification__graphatlas_original__split0__seed0__46d5f094f178,46d5f094f178,975d6eec98ed54f0,atlas_het,node_classification,graphatlas_original,graphatlas,0,0,1,outputs\.work\runs\atlas_het\graphatlas_original\split-0\seed-0\config-46d5f094,outputs\.work\runs\atlas_het\graphatlas_original\split-0\seed-0\config-46d5f094\job_config.yaml
atlas_het__node_classification__graphatlas_original__split0__seed1__28548897127f,28548897127f,975d6eec98ed54f0,atlas_het,node_classification,graphatlas_original,graphatlas,1,0,1,outputs\.work\runs\atlas_het\graphatlas_original\split-0\seed-1\config-28548897,outputs\.work\runs\atlas_het\graphatlas_original\split-0\seed-1\config-28548897\job_config.yaml
atlas_het__node_classification__graphatlas_original__split0__seed2__5c1b34abc66f,5c1b34abc66f,975d6eec98ed54f0,atlas_het,node_classification,graphatlas_original,graphatlas,2,0,1,outputs\.work\runs\atlas_het\graphatlas_original\split-0\seed-2\config-5c1b34ab,outputs\.work\runs\atlas_het\graphatlas_original\split-0\seed-2\config-5c1b34ab\job_config.yaml
atlas_het__node_classification__graphatlas_min_distortion__split0__seed0__a7c0f1621c98,a7c0f1621c98,975d6eec98ed54f0,atlas_het,node_classification,graphatlas_min_distortion,graphatlas_min_distortion,0,0,1,outputs\.work\runs\atlas_het\graphatlas_min_distortion\split-0\seed-0\config-a7c0f162,outputs\.work\runs\atlas_het\graphatlas_min_distortion\split-0\seed-0\config-a7c0f162\job_config.yaml
atlas_het__node_classification__graphatlas_min_distortion__split0__seed1__ce02bb010a09,ce02bb010a09,975d6eec98ed54f0,atlas_het,node_classification,graphatlas_min_distortion,graphatlas_min_distortion,1,0,1,outputs\.work\runs\atlas_het\graphatlas_min_distortion\split-0\seed-1\config-ce02bb01,outputs\.work\runs\atlas_het\graphatlas_min_distortion\split-0\seed-1\config-ce02bb01\job_config.yaml
atlas_het__node_classification__graphatlas_min_distortion__split0__seed2__a878181631d1,a878181631d1,975d6eec98ed54f0,atlas_het,node_classification,graphatlas_min_distortion,graphatlas_min_distortion,2,0,1,outputs\.work\runs\atlas_het\graphatlas_min_distortion\split-0\seed-2\config-a8781816,outputs\.work\runs\atlas_het\graphatlas_min_distortion\split-0\seed-2\config-a8781816\job_config.yaml
atlas_het__node_classification__graphatlas_c__split0__seed0__f7603b147e2a,f7603b147e2a,975d6eec98ed54f0,atlas_het,node_classification,graphatlas_c,graphatlas_certified,0,0,1,outputs\.work\runs\atlas_het\graphatlas_c\split-0\seed-0\config-f7603b14,outputs\.work\runs\atlas_het\graphatlas_c\split-0\seed-0\config-f7603b14\job_config.yaml
atlas_het__node_classification__graphatlas_c__split0__seed1__67f4ef96a97c,67f4ef96a97c,975d6eec98ed54f0,atlas_het,node_classification,graphatlas_c,graphatlas_certified,1,0,1,outputs\.work\runs\atlas_het\graphatlas_c\split-0\seed-1\config-67f4ef96,outputs\.work\runs\atlas_het\graphatlas_c\split-0\seed-1\config-67f4ef96\job_config.yaml
atlas_het__node_classification__graphatlas_c__split0__seed2__5e8a69eb5383,5e8a69eb5383,975d6eec98ed54f0,atlas_het,node_classification,graphatlas_c,graphatlas_certified,2,0,1,outputs\.work\runs\atlas_het\graphatlas_c\split-0\seed-2\config-5e8a69eb,outputs\.work\runs\atlas_het\graphatlas_c\split-0\seed-2\config-5e8a69eb\job_config.yaml
atlas_het__node_classification__graphatlas_c_beta_minus_1__split0__seed0__1028a5af91c1,1028a5af91c1,975d6eec98ed54f0,atlas_het,node_classification,graphatlas_c_beta_minus_1,graphatlas_certified,0,0,1,outputs\.work\runs\atlas_het\graphatlas_c_beta_minus_1\split-0\seed-0\config-1028a5af,outputs\.work\runs\atlas_het\graphatlas_c_beta_minus_1\split-0\seed-0\config-1028a5af\job_config.yaml
atlas_het__node_classification__graphatlas_c_beta_minus_1__split0__seed1__e03050441975,e03050441975,975d6eec98ed54f0,atlas_het,node_classification,graphatlas_c_beta_minus_1,graphatlas_certified,1,0,1,outputs\.work\runs\atlas_het\graphatlas_c_beta_minus_1\split-0\seed-1\config-e0305044,outputs\.work\runs\atlas_het\graphatlas_c_beta_minus_1\split-0\seed-1\config-e0305044\job_config.yaml
atlas_het__node_classification__graphatlas_c_beta_minus_1__split0__seed2__06fd117c896b,06fd117c896b,975d6eec98ed54f0,atlas_het,node_classification,graphatlas_c_beta_minus_1,graphatlas_certified,2,0,1,outputs\.work\runs\atlas_het\graphatlas_c_beta_minus_1\split-0\seed-2\config-06fd117c,outputs\.work\runs\atlas_het\graphatlas_c_beta_minus_1\split-0\seed-2\config-06fd117c\job_config.yaml
atlas_het__node_classification__graphatlas_c_q_shuffle_source__split0__seed0__82270160d991,82270160d991,975d6eec98ed54f0,atlas_het,node_classification,graphatlas_c_q_shuffle_source,graphatlas_certified,0,0,1,outputs\.work\runs\atlas_het\graphatlas_c_q_shuffle_source\split-0\seed-0\config-82270160,outputs\.work\runs\atlas_het\graphatlas_c_q_shuffle_source\split-0\seed-0\config-82270160\job_config.yaml
atlas_het__node_classification__graphatlas_c_q_shuffle_source__split0__seed1__3bcf11531e84,3bcf11531e84,975d6eec98ed54f0,atlas_het,node_classification,graphatlas_c_q_shuffle_source,graphatlas_certified,1,0,1,outputs\.work\runs\atlas_het\graphatlas_c_q_shuffle_source\split-0\seed-1\config-3bcf1153,outputs\.work\runs\atlas_het\graphatlas_c_q_shuffle_source\split-0\seed-1\config-3bcf1153\job_config.yaml
atlas_het__node_classification__graphatlas_c_q_shuffle_source__split0__seed2__d80c35674cde,d80c35674cde,975d6eec98ed54f0,atlas_het,node_classification,graphatlas_c_q_shuffle_source,graphatlas_certified,2,0,1,outputs\.work\runs\atlas_het\graphatlas_c_q_shuffle_source\split-0\seed-2\config-d80c3567,outputs\.work\runs\atlas_het\graphatlas_c_q_shuffle_source\split-0\seed-2\config-d80c3567\job_config.yaml
atlas_het__node_classification__graphatlas_c_q_reference__split0__seed0__6d52601b008e,6d52601b008e,975d6eec98ed54f0,atlas_het,node_classification,graphatlas_c_q_reference,graphatlas_certified,0,0,1,outputs\.work\runs\atlas_het\graphatlas_c_q_reference\split-0\seed-0\config-6d52601b,outputs\.work\runs\atlas_het\graphatlas_c_q_reference\split-0\seed-0\config-6d52601b\job_config.yaml
atlas_het__node_classification__graphatlas_c_q_reference__split0__seed1__9c33ad5601bb,9c33ad5601bb,975d6eec98ed54f0,atlas_het,node_classification,graphatlas_c_q_reference,graphatlas_certified,1,0,1,outputs\.work\runs\atlas_het\graphatlas_c_q_reference\split-0\seed-1\config-9c33ad56,outputs\.work\runs\atlas_het\graphatlas_c_q_reference\split-0\seed-1\config-9c33ad56\job_config.yaml
atlas_het__node_classification__graphatlas_c_q_reference__split0__seed2__a5db14b031c7,a5db14b031c7,975d6eec98ed54f0,atlas_het,node_classification,graphatlas_c_q_reference,graphatlas_certified,2,0,1,outputs\.work\runs\atlas_het\graphatlas_c_q_reference\split-0\seed-2\config-a5db14b0,outputs\.work\runs\atlas_het\graphatlas_c_q_reference\split-0\seed-2\config-a5db14b0\job_config.yaml
atlas_het__node_classification__graphatlas_c_coordinate_relu__split0__seed0__321c44d05ab5,321c44d05ab5,975d6eec98ed54f0,atlas_het,node_classification,graphatlas_c_coordinate_relu,graphatlas_certified,0,0,1,outputs\.work\runs\atlas_het\graphatlas_c_coordinate_relu\split-0\seed-0\config-321c44d0,outputs\.work\runs\atlas_het\graphatlas_c_coordinate_relu\split-0\seed-0\config-321c44d0\job_config.yaml
atlas_het__node_classification__graphatlas_c_coordinate_relu__split0__seed1__277c4474dd3b,277c4474dd3b,975d6eec98ed54f0,atlas_het,node_classification,graphatlas_c_coordinate_relu,graphatlas_certified,1,0,1,outputs\.work\runs\atlas_het\graphatlas_c_coordinate_relu\split-0\seed-1\config-277c4474,outputs\.work\runs\atlas_het\graphatlas_c_coordinate_relu\split-0\seed-1\config-277c4474\job_config.yaml
atlas_het__node_classification__graphatlas_c_coordinate_relu__split0__seed2__3e065e8a52b6,3e065e8a52b6,975d6eec98ed54f0,atlas_het,node_classification,graphatlas_c_coordinate_relu,graphatlas_certified,2,0,1,outputs\.work\runs\atlas_het\graphatlas_c_coordinate_relu\split-0\seed-2\config-3e065e8a,outputs\.work\runs\atlas_het\graphatlas_c_coordinate_relu\split-0\seed-2\config-3e065e8a\job_config.yaml
atlas_het__node_classification__graphatlas_original__split0__seed0__d5e3fc252743,d5e3fc252743,975d6eec98ed54f0,atlas_het,node_classification,graphatlas_original,graphatlas,0,0,1,outputs\.work\runs\atlas_het\graphatlas_original\split-0\seed-0\config-d5e3fc25,outputs\.work\runs\atlas_het\graphatlas_original\split-0\seed-0\config-d5e3fc25\job_config.yaml
atlas_het__node_classification__graphatlas_original__split0__seed1__52be7308af83,52be7308af83,975d6eec98ed54f0,atlas_het,node_classification,graphatlas_original,graphatlas,1,0,1,outputs\.work\runs\atlas_het\graphatlas_original\split-0\seed-1\config-52be7308,outputs\.work\runs\atlas_het\graphatlas_original\split-0\seed-1\config-52be7308\job_config.yaml
atlas_het__node_classification__graphatlas_original__split0__seed2__8fd5c6232c54,8fd5c6232c54,975d6eec98ed54f0,atlas_het,node_classification,graphatlas_original,graphatlas,2,0,1,outputs\.work\runs\atlas_het\graphatlas_original\split-0\seed-2\config-8fd5c623,outputs\.work\runs\atlas_het\graphatlas_original\split-0\seed-2\config-8fd5c623\job_config.yaml
atlas_het__node_classification__graphatlas_min_distortion__split0__seed0__a6dd684d1c93,a6dd684d1c93,975d6eec98ed54f0,atlas_het,node_classification,graphatlas_min_distortion,graphatlas_min_distortion,0,0,1,outputs\.work\runs\atlas_het\graphatlas_min_distortion\split-0\seed-0\config-a6dd684d,outputs\.work\runs\atlas_het\graphatlas_min_distortion\split-0\seed-0\config-a6dd684d\job_config.yaml
atlas_het__node_classification__graphatlas_min_distortion__split0__seed1__eb113286b9ab,eb113286b9ab,975d6eec98ed54f0,atlas_het,node_classification,graphatlas_min_distortion,graphatlas_min_distortion,1,0,1,outputs\.work\runs\atlas_het\graphatlas_min_distortion\split-0\seed-1\config-eb113286,outputs\.work\runs\atlas_het\graphatlas_min_distortion\split-0\seed-1\config-eb113286\job_config.yaml
atlas_het__node_classification__graphatlas_min_distortion__split0__seed2__5e2174723a0b,5e2174723a0b,975d6eec98ed54f0,atlas_het,node_classification,graphatlas_min_distortion,graphatlas_min_distortion,2,0,1,outputs\.work\runs\atlas_het\graphatlas_min_distortion\split-0\seed-2\config-5e217472,outputs\.work\runs\atlas_het\graphatlas_min_distortion\split-0\seed-2\config-5e217472\job_config.yaml
atlas_het__node_classification__graphatlas_c__split0__seed0__fe35257e0820,fe35257e0820,975d6eec98ed54f0,atlas_het,node_classification,graphatlas_c,graphatlas_certified,0,0,1,outputs\.work\runs\atlas_het\graphatlas_c\split-0\seed-0\config-fe35257e,outputs\.work\runs\atlas_het\graphatlas_c\split-0\seed-0\config-fe35257e\job_config.yaml
atlas_het__node_classification__graphatlas_c__split0__seed1__8770c9e2ecf6,8770c9e2ecf6,975d6eec98ed54f0,atlas_het,node_classification,graphatlas_c,graphatlas_certified,1,0,1,outputs\.work\runs\atlas_het\graphatlas_c\split-0\seed-1\config-8770c9e2,outputs\.work\runs\atlas_het\graphatlas_c\split-0\seed-1\config-8770c9e2\job_config.yaml
atlas_het__node_classification__graphatlas_c__split0__seed2__f1ddc72a2dfa,f1ddc72a2dfa,975d6eec98ed54f0,atlas_het,node_classification,graphatlas_c,graphatlas_certified,2,0,1,outputs\.work\runs\atlas_het\graphatlas_c\split-0\seed-2\config-f1ddc72a,outputs\.work\runs\atlas_het\graphatlas_c\split-0\seed-2\config-f1ddc72a\job_config.yaml
atlas_het__node_classification__graphatlas_c_beta_minus_1__split0__seed0__839cda81a707,839cda81a707,975d6eec98ed54f0,atlas_het,node_classification,graphatlas_c_beta_minus_1,graphatlas_certified,0,0,1,outputs\.work\runs\atlas_het\graphatlas_c_beta_minus_1\split-0\seed-0\config-839cda81,outputs\.work\runs\atlas_het\graphatlas_c_beta_minus_1\split-0\seed-0\config-839cda81\job_config.yaml
atlas_het__node_classification__graphatlas_c_beta_minus_1__split0__seed1__66b69c45f2e5,66b69c45f2e5,975d6eec98ed54f0,atlas_het,node_classification,graphatlas_c_beta_minus_1,graphatlas_certified,1,0,1,outputs\.work\runs\atlas_het\graphatlas_c_beta_minus_1\split-0\seed-1\config-66b69c45,outputs\.work\runs\atlas_het\graphatlas_c_beta_minus_1\split-0\seed-1\config-66b69c45\job_config.yaml
atlas_het__node_classification__graphatlas_c_beta_minus_1__split0__seed2__9506e919ddd0,9506e919ddd0,975d6eec98ed54f0,atlas_het,node_classification,graphatlas_c_beta_minus_1,graphatlas_certified,2,0,1,outputs\.work\runs\atlas_het\graphatlas_c_beta_minus_1\split-0\seed-2\config-9506e919,outputs\.work\runs\atlas_het\graphatlas_c_beta_minus_1\split-0\seed-2\config-9506e919\job_config.yaml
atlas_het__node_classification__graphatlas_c_q_shuffle_source__split0__seed0__eefeb8a193d6,eefeb8a193d6,975d6eec98ed54f0,atlas_het,node_classification,graphatlas_c_q_shuffle_source,graphatlas_certified,0,0,1,outputs\.work\runs\atlas_het\graphatlas_c_q_shuffle_source\split-0\seed-0\config-eefeb8a1,outputs\.work\runs\atlas_het\graphatlas_c_q_shuffle_source\split-0\seed-0\config-eefeb8a1\job_config.yaml
atlas_het__node_classification__graphatlas_c_q_shuffle_source__split0__seed1__b13d187fd19e,b13d187fd19e,975d6eec98ed54f0,atlas_het,node_classification,graphatlas_c_q_shuffle_source,graphatlas_certified,1,0,1,outputs\.work\runs\atlas_het\graphatlas_c_q_shuffle_source\split-0\seed-1\config-b13d187f,outputs\.work\runs\atlas_het\graphatlas_c_q_shuffle_source\split-0\seed-1\config-b13d187f\job_config.yaml
atlas_het__node_classification__graphatlas_c_q_shuffle_source__split0__seed2__bbc857973f78,bbc857973f78,975d6eec98ed54f0,atlas_het,node_classification,graphatlas_c_q_shuffle_source,graphatlas_certified,2,0,1,outputs\.work\runs\atlas_het\graphatlas_c_q_shuffle_source\split-0\seed-2\config-bbc85797,outputs\.work\runs\atlas_het\graphatlas_c_q_shuffle_source\split-0\seed-2\config-bbc85797\job_config.yaml
atlas_het__node_classification__graphatlas_c_q_reference__split0__seed0__86a3a811dd91,86a3a811dd91,975d6eec98ed54f0,atlas_het,node_classification,graphatlas_c_q_reference,graphatlas_certified,0,0,1,outputs\.work\runs\atlas_het\graphatlas_c_q_reference\split-0\seed-0\config-86a3a811,outputs\.work\runs\atlas_het\graphatlas_c_q_reference\split-0\seed-0\config-86a3a811\job_config.yaml
atlas_het__node_classification__graphatlas_c_q_reference__split0__seed1__55896b4a93a5,55896b4a93a5,975d6eec98ed54f0,atlas_het,node_classification,graphatlas_c_q_reference,graphatlas_certified,1,0,1,outputs\.work\runs\atlas_het\graphatlas_c_q_reference\split-0\seed-1\config-55896b4a,outputs\.work\runs\atlas_het\graphatlas_c_q_reference\split-0\seed-1\config-55896b4a\job_config.yaml
atlas_het__node_classification__graphatlas_c_q_reference__split0__seed2__0ce9df8898e0,0ce9df8898e0,975d6eec98ed54f0,atlas_het,node_classification,graphatlas_c_q_reference,graphatlas_certified,2,0,1,outputs\.work\runs\atlas_het\graphatlas_c_q_reference\split-0\seed-2\config-0ce9df88,outputs\.work\runs\atlas_het\graphatlas_c_q_reference\split-0\seed-2\config-0ce9df88\job_config.yaml
atlas_het__node_classification__graphatlas_c_coordinate_relu__split0__seed0__dc477ec5221d,dc477ec5221d,975d6eec98ed54f0,atlas_het,node_classification,graphatlas_c_coordinate_relu,graphatlas_certified,0,0,1,outputs\.work\runs\atlas_het\graphatlas_c_coordinate_relu\split-0\seed-0\config-dc477ec5,outputs\.work\runs\atlas_het\graphatlas_c_coordinate_relu\split-0\seed-0\config-dc477ec5\job_config.yaml
atlas_het__node_classification__graphatlas_c_coordinate_relu__split0__seed1__1648da8b4780,1648da8b4780,975d6eec98ed54f0,atlas_het,node_classification,graphatlas_c_coordinate_relu,graphatlas_certified,1,0,1,outputs\.work\runs\atlas_het\graphatlas_c_coordinate_relu\split-0\seed-1\config-1648da8b,outputs\.work\runs\atlas_het\graphatlas_c_coordinate_relu\split-0\seed-1\config-1648da8b\job_config.yaml
atlas_het__node_classification__graphatlas_c_coordinate_relu__split0__seed2__55bda3443f0f,55bda3443f0f,975d6eec98ed54f0,atlas_het,node_classification,graphatlas_c_coordinate_relu,graphatlas_certified,2,0,1,outputs\.work\runs\atlas_het\graphatlas_c_coordinate_relu\split-0\seed-2\config-55bda344,outputs\.work\runs\atlas_het\graphatlas_c_coordinate_relu\split-0\seed-2\config-55bda344\job_config.yaml
atlas_het__node_classification__graphatlas_original__split0__seed0__f40712e7f553,f40712e7f553,975d6eec98ed54f0,atlas_het,node_classification,graphatlas_original,graphatlas,0,0,1,outputs\.work\runs\atlas_het\graphatlas_original\split-0\seed-0\config-f40712e7,outputs\.work\runs\atlas_het\graphatlas_original\split-0\seed-0\config-f40712e7\job_config.yaml
atlas_het__node_classification__graphatlas_original__split0__seed1__25950a080dc7,25950a080dc7,975d6eec98ed54f0,atlas_het,node_classification,graphatlas_original,graphatlas,1,0,1,outputs\.work\runs\atlas_het\graphatlas_original\split-0\seed-1\config-25950a08,outputs\.work\runs\atlas_het\graphatlas_original\split-0\seed-1\config-25950a08\job_config.yaml
atlas_het__node_classification__graphatlas_original__split0__seed2__9d41d67ae628,9d41d67ae628,975d6eec98ed54f0,atlas_het,node_classification,graphatlas_original,graphatlas,2,0,1,outputs\.work\runs\atlas_het\graphatlas_original\split-0\seed-2\config-9d41d67a,outputs\.work\runs\atlas_het\graphatlas_original\split-0\seed-2\config-9d41d67a\job_config.yaml
atlas_het__node_classification__graphatlas_min_distortion__split0__seed0__1f4579c72c97,1f4579c72c97,975d6eec98ed54f0,atlas_het,node_classification,graphatlas_min_distortion,graphatlas_min_distortion,0,0,1,outputs\.work\runs\atlas_het\graphatlas_min_distortion\split-0\seed-0\config-1f4579c7,outputs\.work\runs\atlas_het\graphatlas_min_distortion\split-0\seed-0\config-1f4579c7\job_config.yaml
atlas_het__node_classification__graphatlas_min_distortion__split0__seed1__95d81b8fcb9a,95d81b8fcb9a,975d6eec98ed54f0,atlas_het,node_classification,graphatlas_min_distortion,graphatlas_min_distortion,1,0,1,outputs\.work\runs\atlas_het\graphatlas_min_distortion\split-0\seed-1\config-95d81b8f,outputs\.work\runs\atlas_het\graphatlas_min_distortion\split-0\seed-1\config-95d81b8f\job_config.yaml
atlas_het__node_classification__graphatlas_min_distortion__split0__seed2__3e615ef7ce7a,3e615ef7ce7a,975d6eec98ed54f0,atlas_het,node_classification,graphatlas_min_distortion,graphatlas_min_distortion,2,0,1,outputs\.work\runs\atlas_het\graphatlas_min_distortion\split-0\seed-2\config-3e615ef7,outputs\.work\runs\atlas_het\graphatlas_min_distortion\split-0\seed-2\config-3e615ef7\job_config.yaml
atlas_het__node_classification__graphatlas_c__split0__seed0__bd6c2411d607,bd6c2411d607,975d6eec98ed54f0,atlas_het,node_classification,graphatlas_c,graphatlas_certified,0,0,1,outputs\.work\runs\atlas_het\graphatlas_c\split-0\seed-0\config-bd6c2411,outputs\.work\runs\atlas_het\graphatlas_c\split-0\seed-0\config-bd6c2411\job_config.yaml
atlas_het__node_classification__graphatlas_c__split0__seed1__5b0bd95c1cb8,5b0bd95c1cb8,975d6eec98ed54f0,atlas_het,node_classification,graphatlas_c,graphatlas_certified,1,0,1,outputs\.work\runs\atlas_het\graphatlas_c\split-0\seed-1\config-5b0bd95c,outputs\.work\runs\atlas_het\graphatlas_c\split-0\seed-1\config-5b0bd95c\job_config.yaml
atlas_het__node_classification__graphatlas_c__split0__seed2__51e242e7664b,51e242e7664b,975d6eec98ed54f0,atlas_het,node_classification,graphatlas_c,graphatlas_certified,2,0,1,outputs\.work\runs\atlas_het\graphatlas_c\split-0\seed-2\config-51e242e7,outputs\.work\runs\atlas_het\graphatlas_c\split-0\seed-2\config-51e242e7\job_config.yaml
atlas_het__node_classification__graphatlas_c_beta_minus_1__split0__seed0__a0be79953af3,a0be79953af3,975d6eec98ed54f0,atlas_het,node_classification,graphatlas_c_beta_minus_1,graphatlas_certified,0,0,1,outputs\.work\runs\atlas_het\graphatlas_c_beta_minus_1\split-0\seed-0\config-a0be7995,outputs\.work\runs\atlas_het\graphatlas_c_beta_minus_1\split-0\seed-0\config-a0be7995\job_config.yaml
atlas_het__node_classification__graphatlas_c_beta_minus_1__split0__seed1__6c2d215fc2a9,6c2d215fc2a9,975d6eec98ed54f0,atlas_het,node_classification,graphatlas_c_beta_minus_1,graphatlas_certified,1,0,1,outputs\.work\runs\atlas_het\graphatlas_c_beta_minus_1\split-0\seed-1\config-6c2d215f,outputs\.work\runs\atlas_het\graphatlas_c_beta_minus_1\split-0\seed-1\config-6c2d215f\job_config.yaml
atlas_het__node_classification__graphatlas_c_beta_minus_1__split0__seed2__fb81236ccf70,fb81236ccf70,975d6eec98ed54f0,atlas_het,node_classification,graphatlas_c_beta_minus_1,graphatlas_certified,2,0,1,outputs\.work\runs\atlas_het\graphatlas_c_beta_minus_1\split-0\seed-2\config-fb81236c,outputs\.work\runs\atlas_het\graphatlas_c_beta_minus_1\split-0\seed-2\config-fb81236c\job_config.yaml
atlas_het__node_classification__graphatlas_c_q_shuffle_source__split0__seed0__6ddfd8ef7107,6ddfd8ef7107,975d6eec98ed54f0,atlas_het,node_classification,graphatlas_c_q_shuffle_source,graphatlas_certified,0,0,1,outputs\.work\runs\atlas_het\graphatlas_c_q_shuffle_source\split-0\seed-0\config-6ddfd8ef,outputs\.work\runs\atlas_het\graphatlas_c_q_shuffle_source\split-0\seed-0\config-6ddfd8ef\job_config.yaml
atlas_het__node_classification__graphatlas_c_q_shuffle_source__split0__seed1__5aa43f2fb181,5aa43f2fb181,975d6eec98ed54f0,atlas_het,node_classification,graphatlas_c_q_shuffle_source,graphatlas_certified,1,0,1,outputs\.work\runs\atlas_het\graphatlas_c_q_shuffle_source\split-0\seed-1\config-5aa43f2f,outputs\.work\runs\atlas_het\graphatlas_c_q_shuffle_source\split-0\seed-1\config-5aa43f2f\job_config.yaml
atlas_het__node_classification__graphatlas_c_q_shuffle_source__split0__seed2__f5143bfb61a7,f5143bfb61a7,975d6eec98ed54f0,atlas_het,node_classification,graphatlas_c_q_shuffle_source,graphatlas_certified,2,0,1,outputs\.work\runs\atlas_het\graphatlas_c_q_shuffle_source\split-0\seed-2\config-f5143bfb,outputs\.work\runs\atlas_het\graphatlas_c_q_shuffle_source\split-0\seed-2\config-f5143bfb\job_config.yaml
atlas_het__node_classification__graphatlas_c_q_reference__split0__seed0__a04a34d2f874,a04a34d2f874,975d6eec98ed54f0,atlas_het,node_classification,graphatlas_c_q_reference,graphatlas_certified,0,0,1,outputs\.work\runs\atlas_het\graphatlas_c_q_reference\split-0\seed-0\config-a04a34d2,outputs\.work\runs\atlas_het\graphatlas_c_q_reference\split-0\seed-0\config-a04a34d2\job_config.yaml
atlas_het__node_classification__graphatlas_c_q_reference__split0__seed1__3d3d3a287d6b,3d3d3a287d6b,975d6eec98ed54f0,atlas_het,node_classification,graphatlas_c_q_reference,graphatlas_certified,1,0,1,outputs\.work\runs\atlas_het\graphatlas_c_q_reference\split-0\seed-1\config-3d3d3a28,outputs\.work\runs\atlas_het\graphatlas_c_q_reference\split-0\seed-1\config-3d3d3a28\job_config.yaml
atlas_het__node_classification__graphatlas_c_q_reference__split0__seed2__a902fc70ac64,a902fc70ac64,975d6eec98ed54f0,atlas_het,node_classification,graphatlas_c_q_reference,graphatlas_certified,2,0,1,outputs\.work\runs\atlas_het\graphatlas_c_q_reference\split-0\seed-2\config-a902fc70,outputs\.work\runs\atlas_het\graphatlas_c_q_reference\split-0\seed-2\config-a902fc70\job_config.yaml
atlas_het__node_classification__graphatlas_c_coordinate_relu__split0__seed0__39dcfb7d9b0b,39dcfb7d9b0b,975d6eec98ed54f0,atlas_het,node_classification,graphatlas_c_coordinate_relu,graphatlas_certified,0,0,1,outputs\.work\runs\atlas_het\graphatlas_c_coordinate_relu\split-0\seed-0\config-39dcfb7d,outputs\.work\runs\atlas_het\graphatlas_c_coordinate_relu\split-0\seed-0\config-39dcfb7d\job_config.yaml
atlas_het__node_classification__graphatlas_c_coordinate_relu__split0__seed1__952de143659a,952de143659a,975d6eec98ed54f0,atlas_het,node_classification,graphatlas_c_coordinate_relu,graphatlas_certified,1,0,1,outputs\.work\runs\atlas_het\graphatlas_c_coordinate_relu\split-0\seed-1\config-952de143,outputs\.work\runs\atlas_het\graphatlas_c_coordinate_relu\split-0\seed-1\config-952de143\job_config.yaml
atlas_het__node_classification__graphatlas_c_coordinate_relu__split0__seed2__862c98b985fe,862c98b985fe,975d6eec98ed54f0,atlas_het,node_classification,graphatlas_c_coordinate_relu,graphatlas_certified,2,0,1,outputs\.work\runs\atlas_het\graphatlas_c_coordinate_relu\split-0\seed-2\config-862c98b9,outputs\.work\runs\atlas_het\graphatlas_c_coordinate_relu\split-0\seed-2\config-862c98b9\job_config.yaml
atlas_het__node_classification__graphatlas_original__split0__seed0__8c78592a6cf5,8c78592a6cf5,975d6eec98ed54f0,atlas_het,node_classification,graphatlas_original,graphatlas,0,0,1,outputs\.work\runs\atlas_het\graphatlas_original\split-0\seed-0\config-8c78592a,outputs\.work\runs\atlas_het\graphatlas_original\split-0\seed-0\config-8c78592a\job_config.yaml
atlas_het__node_classification__graphatlas_original__split0__seed1__bee71f50e09f,bee71f50e09f,975d6eec98ed54f0,atlas_het,node_classification,graphatlas_original,graphatlas,1,0,1,outputs\.work\runs\atlas_het\graphatlas_original\split-0\seed-1\config-bee71f50,outputs\.work\runs\atlas_het\graphatlas_original\split-0\seed-1\config-bee71f50\job_config.yaml
atlas_het__node_classification__graphatlas_original__split0__seed2__0cea34f6a7d9,0cea34f6a7d9,975d6eec98ed54f0,atlas_het,node_classification,graphatlas_original,graphatlas,2,0,1,outputs\.work\runs\atlas_het\graphatlas_original\split-0\seed-2\config-0cea34f6,outputs\.work\runs\atlas_het\graphatlas_original\split-0\seed-2\config-0cea34f6\job_config.yaml
atlas_het__node_classification__graphatlas_min_distortion__split0__seed0__3bb3a760dd22,3bb3a760dd22,975d6eec98ed54f0,atlas_het,node_classification,graphatlas_min_distortion,graphatlas_min_distortion,0,0,1,outputs\.work\runs\atlas_het\graphatlas_min_distortion\split-0\seed-0\config-3bb3a760,outputs\.work\runs\atlas_het\graphatlas_min_distortion\split-0\seed-0\config-3bb3a760\job_config.yaml
atlas_het__node_classification__graphatlas_min_distortion__split0__seed1__0eaa8f27049c,0eaa8f27049c,975d6eec98ed54f0,atlas_het,node_classification,graphatlas_min_distortion,graphatlas_min_distortion,1,0,1,outputs\.work\runs\atlas_het\graphatlas_min_distortion\split-0\seed-1\config-0eaa8f27,outputs\.work\runs\atlas_het\graphatlas_min_distortion\split-0\seed-1\config-0eaa8f27\job_config.yaml
atlas_het__node_classification__graphatlas_min_distortion__split0__seed2__eab23407e324,eab23407e324,975d6eec98ed54f0,atlas_het,node_classification,graphatlas_min_distortion,graphatlas_min_distortion,2,0,1,outputs\.work\runs\atlas_het\graphatlas_min_distortion\split-0\seed-2\config-eab23407,outputs\.work\runs\atlas_het\graphatlas_min_distortion\split-0\seed-2\config-eab23407\job_config.yaml
atlas_het__node_classification__graphatlas_c__split0__seed0__16671b6d8d30,16671b6d8d30,975d6eec98ed54f0,atlas_het,node_classification,graphatlas_c,graphatlas_certified,0,0,1,outputs\.work\runs\atlas_het\graphatlas_c\split-0\seed-0\config-16671b6d,outputs\.work\runs\atlas_het\graphatlas_c\split-0\seed-0\config-16671b6d\job_config.yaml
atlas_het__node_classification__graphatlas_c__split0__seed1__1342c2c2d5b9,1342c2c2d5b9,975d6eec98ed54f0,atlas_het,node_classification,graphatlas_c,graphatlas_certified,1,0,1,outputs\.work\runs\atlas_het\graphatlas_c\split-0\seed-1\config-1342c2c2,outputs\.work\runs\atlas_het\graphatlas_c\split-0\seed-1\config-1342c2c2\job_config.yaml
atlas_het__node_classification__graphatlas_c__split0__seed2__1ef79d04f2b0,1ef79d04f2b0,975d6eec98ed54f0,atlas_het,node_classification,graphatlas_c,graphatlas_certified,2,0,1,outputs\.work\runs\atlas_het\graphatlas_c\split-0\seed-2\config-1ef79d04,outputs\.work\runs\atlas_het\graphatlas_c\split-0\seed-2\config-1ef79d04\job_config.yaml
atlas_het__node_classification__graphatlas_c_beta_minus_1__split0__seed0__de5804030bf4,de5804030bf4,975d6eec98ed54f0,atlas_het,node_classification,graphatlas_c_beta_minus_1,graphatlas_certified,0,0,1,outputs\.work\runs\atlas_het\graphatlas_c_beta_minus_1\split-0\seed-0\config-de580403,outputs\.work\runs\atlas_het\graphatlas_c_beta_minus_1\split-0\seed-0\config-de580403\job_config.yaml
atlas_het__node_classification__graphatlas_c_beta_minus_1__split0__seed1__02fe0a92f84f,02fe0a92f84f,975d6eec98ed54f0,atlas_het,node_classification,graphatlas_c_beta_minus_1,graphatlas_certified,1,0,1,outputs\.work\runs\atlas_het\graphatlas_c_beta_minus_1\split-0\seed-1\config-02fe0a92,outputs\.work\runs\atlas_het\graphatlas_c_beta_minus_1\split-0\seed-1\config-02fe0a92\job_config.yaml
atlas_het__node_classification__graphatlas_c_beta_minus_1__split0__seed2__7f62a9d6b936,7f62a9d6b936,975d6eec98ed54f0,atlas_het,node_classification,graphatlas_c_beta_minus_1,graphatlas_certified,2,0,1,outputs\.work\runs\atlas_het\graphatlas_c_beta_minus_1\split-0\seed-2\config-7f62a9d6,outputs\.work\runs\atlas_het\graphatlas_c_beta_minus_1\split-0\seed-2\config-7f62a9d6\job_config.yaml
atlas_het__node_classification__graphatlas_c_q_shuffle_source__split0__seed0__1bb4d83f9b6a,1bb4d83f9b6a,975d6eec98ed54f0,atlas_het,node_classification,graphatlas_c_q_shuffle_source,graphatlas_certified,0,0,1,outputs\.work\runs\atlas_het\graphatlas_c_q_shuffle_source\split-0\seed-0\config-1bb4d83f,outputs\.work\runs\atlas_het\graphatlas_c_q_shuffle_source\split-0\seed-0\config-1bb4d83f\job_config.yaml
atlas_het__node_classification__graphatlas_c_q_shuffle_source__split0__seed1__308bd7f7221f,308bd7f7221f,975d6eec98ed54f0,atlas_het,node_classification,graphatlas_c_q_shuffle_source,graphatlas_certified,1,0,1,outputs\.work\runs\atlas_het\graphatlas_c_q_shuffle_source\split-0\seed-1\config-308bd7f7,outputs\.work\runs\atlas_het\graphatlas_c_q_shuffle_source\split-0\seed-1\config-308bd7f7\job_config.yaml
atlas_het__node_classification__graphatlas_c_q_shuffle_source__split0__seed2__46c1b201e548,46c1b201e548,975d6eec98ed54f0,atlas_het,node_classification,graphatlas_c_q_shuffle_source,graphatlas_certified,2,0,1,outputs\.work\runs\atlas_het\graphatlas_c_q_shuffle_source\split-0\seed-2\config-46c1b201,outputs\.work\runs\atlas_het\graphatlas_c_q_shuffle_source\split-0\seed-2\config-46c1b201\job_config.yaml
atlas_het__node_classification__graphatlas_c_q_reference__split0__seed0__98514ff339a3,98514ff339a3,975d6eec98ed54f0,atlas_het,node_classification,graphatlas_c_q_reference,graphatlas_certified,0,0,1,outputs\.work\runs\atlas_het\graphatlas_c_q_reference\split-0\seed-0\config-98514ff3,outputs\.work\runs\atlas_het\graphatlas_c_q_reference\split-0\seed-0\config-98514ff3\job_config.yaml
atlas_het__node_classification__graphatlas_c_q_reference__split0__seed1__7ea5988171a3,7ea5988171a3,975d6eec98ed54f0,atlas_het,node_classification,graphatlas_c_q_reference,graphatlas_certified,1,0,1,outputs\.work\runs\atlas_het\graphatlas_c_q_reference\split-0\seed-1\config-7ea59881,outputs\.work\runs\atlas_het\graphatlas_c_q_reference\split-0\seed-1\config-7ea59881\job_config.yaml
atlas_het__node_classification__graphatlas_c_q_reference__split0__seed2__fc21318f1a0d,fc21318f1a0d,975d6eec98ed54f0,atlas_het,node_classification,graphatlas_c_q_reference,graphatlas_certified,2,0,1,outputs\.work\runs\atlas_het\graphatlas_c_q_reference\split-0\seed-2\config-fc21318f,outputs\.work\runs\atlas_het\graphatlas_c_q_reference\split-0\seed-2\config-fc21318f\job_config.yaml
atlas_het__node_classification__graphatlas_c_coordinate_relu__split0__seed0__7b9628c07528,7b9628c07528,975d6eec98ed54f0,atlas_het,node_classification,graphatlas_c_coordinate_relu,graphatlas_certified,0,0,1,outputs\.work\runs\atlas_het\graphatlas_c_coordinate_relu\split-0\seed-0\config-7b9628c0,outputs\.work\runs\atlas_het\graphatlas_c_coordinate_relu\split-0\seed-0\config-7b9628c0\job_config.yaml
atlas_het__node_classification__graphatlas_c_coordinate_relu__split0__seed1__d27c5e24eecc,d27c5e24eecc,975d6eec98ed54f0,atlas_het,node_classification,graphatlas_c_coordinate_relu,graphatlas_certified,1,0,1,outputs\.work\runs\atlas_het\graphatlas_c_coordinate_relu\split-0\seed-1\config-d27c5e24,outputs\.work\runs\atlas_het\graphatlas_c_coordinate_relu\split-0\seed-1\config-d27c5e24\job_config.yaml
atlas_het__node_classification__graphatlas_c_coordinate_relu__split0__seed2__9069cc03fec8,9069cc03fec8,975d6eec98ed54f0,atlas_het,node_classification,graphatlas_c_coordinate_relu,graphatlas_certified,2,0,1,outputs\.work\runs\atlas_het\graphatlas_c_coordinate_relu\split-0\seed-2\config-9069cc03,outputs\.work\runs\atlas_het\graphatlas_c_coordinate_relu\split-0\seed-2\config-9069cc03\job_config.yaml
atlas_het__node_classification__graphatlas_original__split0__seed0__b74b03428ec0,b74b03428ec0,975d6eec98ed54f0,atlas_het,node_classification,graphatlas_original,graphatlas,0,0,1,outputs\.work\runs\atlas_het\graphatlas_original\split-0\seed-0\config-b74b0342,outputs\.work\runs\atlas_het\graphatlas_original\split-0\seed-0\config-b74b0342\job_config.yaml
atlas_het__node_classification__graphatlas_original__split0__seed1__ff0a6f1e4949,ff0a6f1e4949,975d6eec98ed54f0,atlas_het,node_classification,graphatlas_original,graphatlas,1,0,1,outputs\.work\runs\atlas_het\graphatlas_original\split-0\seed-1\config-ff0a6f1e,outputs\.work\runs\atlas_het\graphatlas_original\split-0\seed-1\config-ff0a6f1e\job_config.yaml
atlas_het__node_classification__graphatlas_original__split0__seed2__303523405460,303523405460,975d6eec98ed54f0,atlas_het,node_classification,graphatlas_original,graphatlas,2,0,1,outputs\.work\runs\atlas_het\graphatlas_original\split-0\seed-2\config-30352340,outputs\.work\runs\atlas_het\graphatlas_original\split-0\seed-2\config-30352340\job_config.yaml
atlas_het__node_classification__graphatlas_min_distortion__split0__seed0__eb82a9099b4d,eb82a9099b4d,975d6eec98ed54f0,atlas_het,node_classification,graphatlas_min_distortion,graphatlas_min_distortion,0,0,1,outputs\.work\runs\atlas_het\graphatlas_min_distortion\split-0\seed-0\config-eb82a909,outputs\.work\runs\atlas_het\graphatlas_min_distortion\split-0\seed-0\config-eb82a909\job_config.yaml
atlas_het__node_classification__graphatlas_min_distortion__split0__seed1__ccae4749802e,ccae4749802e,975d6eec98ed54f0,atlas_het,node_classification,graphatlas_min_distortion,graphatlas_min_distortion,1,0,1,outputs\.work\runs\atlas_het\graphatlas_min_distortion\split-0\seed-1\config-ccae4749,outputs\.work\runs\atlas_het\graphatlas_min_distortion\split-0\seed-1\config-ccae4749\job_config.yaml
atlas_het__node_classification__graphatlas_min_distortion__split0__seed2__780f1724028a,780f1724028a,975d6eec98ed54f0,atlas_het,node_classification,graphatlas_min_distortion,graphatlas_min_distortion,2,0,1,outputs\.work\runs\atlas_het\graphatlas_min_distortion\split-0\seed-2\config-780f1724,outputs\.work\runs\atlas_het\graphatlas_min_distortion\split-0\seed-2\config-780f1724\job_config.yaml
atlas_het__node_classification__graphatlas_c__split0__seed0__a9b09be22e39,a9b09be22e39,975d6eec98ed54f0,atlas_het,node_classification,graphatlas_c,graphatlas_certified,0,0,1,outputs\.work\runs\atlas_het\graphatlas_c\split-0\seed-0\config-a9b09be2,outputs\.work\runs\atlas_het\graphatlas_c\split-0\seed-0\config-a9b09be2\job_config.yaml
atlas_het__node_classification__graphatlas_c__split0__seed1__a3e5da626b33,a3e5da626b33,975d6eec98ed54f0,atlas_het,node_classification,graphatlas_c,graphatlas_certified,1,0,1,outputs\.work\runs\atlas_het\graphatlas_c\split-0\seed-1\config-a3e5da62,outputs\.work\runs\atlas_het\graphatlas_c\split-0\seed-1\config-a3e5da62\job_config.yaml
atlas_het__node_classification__graphatlas_c__split0__seed2__01d8c0ac26e9,01d8c0ac26e9,975d6eec98ed54f0,atlas_het,node_classification,graphatlas_c,graphatlas_certified,2,0,1,outputs\.work\runs\atlas_het\graphatlas_c\split-0\seed-2\config-01d8c0ac,outputs\.work\runs\atlas_het\graphatlas_c\split-0\seed-2\config-01d8c0ac\job_config.yaml
atlas_het__node_classification__graphatlas_c_beta_minus_1__split0__seed0__424b3dfd6c6b,424b3dfd6c6b,975d6eec98ed54f0,atlas_het,node_classification,graphatlas_c_beta_minus_1,graphatlas_certified,0,0,1,outputs\.work\runs\atlas_het\graphatlas_c_beta_minus_1\split-0\seed-0\config-424b3dfd,outputs\.work\runs\atlas_het\graphatlas_c_beta_minus_1\split-0\seed-0\config-424b3dfd\job_config.yaml
atlas_het__node_classification__graphatlas_c_beta_minus_1__split0__seed1__eb87eeaddc9a,eb87eeaddc9a,975d6eec98ed54f0,atlas_het,node_classification,graphatlas_c_beta_minus_1,graphatlas_certified,1,0,1,outputs\.work\runs\atlas_het\graphatlas_c_beta_minus_1\split-0\seed-1\config-eb87eead,outputs\.work\runs\atlas_het\graphatlas_c_beta_minus_1\split-0\seed-1\config-eb87eead\job_config.yaml
atlas_het__node_classification__graphatlas_c_beta_minus_1__split0__seed2__5f7d2653b39e,5f7d2653b39e,975d6eec98ed54f0,atlas_het,node_classification,graphatlas_c_beta_minus_1,graphatlas_certified,2,0,1,outputs\.work\runs\atlas_het\graphatlas_c_beta_minus_1\split-0\seed-2\config-5f7d2653,outputs\.work\runs\atlas_het\graphatlas_c_beta_minus_1\split-0\seed-2\config-5f7d2653\job_config.yaml
atlas_het__node_classification__graphatlas_c_q_shuffle_source__split0__seed0__04259bcfaacf,04259bcfaacf,975d6eec98ed54f0,atlas_het,node_classification,graphatlas_c_q_shuffle_source,graphatlas_certified,0,0,1,outputs\.work\runs\atlas_het\graphatlas_c_q_shuffle_source\split-0\seed-0\config-04259bcf,outputs\.work\runs\atlas_het\graphatlas_c_q_shuffle_source\split-0\seed-0\config-04259bcf\job_config.yaml
atlas_het__node_classification__graphatlas_c_q_shuffle_source__split0__seed1__3bae5712690c,3bae5712690c,975d6eec98ed54f0,atlas_het,node_classification,graphatlas_c_q_shuffle_source,graphatlas_certified,1,0,1,outputs\.work\runs\atlas_het\graphatlas_c_q_shuffle_source\split-0\seed-1\config-3bae5712,outputs\.work\runs\atlas_het\graphatlas_c_q_shuffle_source\split-0\seed-1\config-3bae5712\job_config.yaml
atlas_het__node_classification__graphatlas_c_q_shuffle_source__split0__seed2__723af6e7dc00,723af6e7dc00,975d6eec98ed54f0,atlas_het,node_classification,graphatlas_c_q_shuffle_source,graphatlas_certified,2,0,1,outputs\.work\runs\atlas_het\graphatlas_c_q_shuffle_source\split-0\seed-2\config-723af6e7,outputs\.work\runs\atlas_het\graphatlas_c_q_shuffle_source\split-0\seed-2\config-723af6e7\job_config.yaml
atlas_het__node_classification__graphatlas_c_q_reference__split0__seed0__24a9af527b4e,24a9af527b4e,975d6eec98ed54f0,atlas_het,node_classification,graphatlas_c_q_reference,graphatlas_certified,0,0,1,outputs\.work\runs\atlas_het\graphatlas_c_q_reference\split-0\seed-0\config-24a9af52,outputs\.work\runs\atlas_het\graphatlas_c_q_reference\split-0\seed-0\config-24a9af52\job_config.yaml
atlas_het__node_classification__graphatlas_c_q_reference__split0__seed1__eef0f39d6d55,eef0f39d6d55,975d6eec98ed54f0,atlas_het,node_classification,graphatlas_c_q_reference,graphatlas_certified,1,0,1,outputs\.work\runs\atlas_het\graphatlas_c_q_reference\split-0\seed-1\config-eef0f39d,outputs\.work\runs\atlas_het\graphatlas_c_q_reference\split-0\seed-1\config-eef0f39d\job_config.yaml
atlas_het__node_classification__graphatlas_c_q_reference__split0__seed2__c2442b46aa02,c2442b46aa02,975d6eec98ed54f0,atlas_het,node_classification,graphatlas_c_q_reference,graphatlas_certified,2,0,1,outputs\.work\runs\atlas_het\graphatlas_c_q_reference\split-0\seed-2\config-c2442b46,outputs\.work\runs\atlas_het\graphatlas_c_q_reference\split-0\seed-2\config-c2442b46\job_config.yaml
atlas_het__node_classification__graphatlas_c_coordinate_relu__split0__seed0__92a2a9922441,92a2a9922441,975d6eec98ed54f0,atlas_het,node_classification,graphatlas_c_coordinate_relu,graphatlas_certified,0,0,1,outputs\.work\runs\atlas_het\graphatlas_c_coordinate_relu\split-0\seed-0\config-92a2a992,outputs\.work\runs\atlas_het\graphatlas_c_coordinate_relu\split-0\seed-0\config-92a2a992\job_config.yaml
atlas_het__node_classification__graphatlas_c_coordinate_relu__split0__seed1__b450be53084d,b450be53084d,975d6eec98ed54f0,atlas_het,node_classification,graphatlas_c_coordinate_relu,graphatlas_certified,1,0,1,outputs\.work\runs\atlas_het\graphatlas_c_coordinate_relu\split-0\seed-1\config-b450be53,outputs\.work\runs\atlas_het\graphatlas_c_coordinate_relu\split-0\seed-1\config-b450be53\job_config.yaml
atlas_het__node_classification__graphatlas_c_coordinate_relu__split0__seed2__3d50db1bc962,3d50db1bc962,975d6eec98ed54f0,atlas_het,node_classification,graphatlas_c_coordinate_relu,graphatlas_certified,2,0,1,outputs\.work\runs\atlas_het\graphatlas_c_coordinate_relu\split-0\seed-2\config-3d50db1b,outputs\.work\runs\atlas_het\graphatlas_c_coordinate_relu\split-0\seed-2\config-3d50db1b\job_config.yaml
atlas_het__node_classification__graphatlas_original__split0__seed0__71196c824d2b,71196c824d2b,975d6eec98ed54f0,atlas_het,node_classification,graphatlas_original,graphatlas,0,0,1,outputs\.work\runs\atlas_het\graphatlas_original\split-0\seed-0\config-71196c82,outputs\.work\runs\atlas_het\graphatlas_original\split-0\seed-0\config-71196c82\job_config.yaml
atlas_het__node_classification__graphatlas_original__split0__seed1__f5abe1ef026b,f5abe1ef026b,975d6eec98ed54f0,atlas_het,node_classification,graphatlas_original,graphatlas,1,0,1,outputs\.work\runs\atlas_het\graphatlas_original\split-0\seed-1\config-f5abe1ef,outputs\.work\runs\atlas_het\graphatlas_original\split-0\seed-1\config-f5abe1ef\job_config.yaml
atlas_het__node_classification__graphatlas_original__split0__seed2__854bad0a9f3d,854bad0a9f3d,975d6eec98ed54f0,atlas_het,node_classification,graphatlas_original,graphatlas,2,0,1,outputs\.work\runs\atlas_het\graphatlas_original\split-0\seed-2\config-854bad0a,outputs\.work\runs\atlas_het\graphatlas_original\split-0\seed-2\config-854bad0a\job_config.yaml
atlas_het__node_classification__graphatlas_min_distortion__split0__seed0__6cd6d9fea20f,6cd6d9fea20f,975d6eec98ed54f0,atlas_het,node_classification,graphatlas_min_distortion,graphatlas_min_distortion,0,0,1,outputs\.work\runs\atlas_het\graphatlas_min_distortion\split-0\seed-0\config-6cd6d9fe,outputs\.work\runs\atlas_het\graphatlas_min_distortion\split-0\seed-0\config-6cd6d9fe\job_config.yaml
atlas_het__node_classification__graphatlas_min_distortion__split0__seed1__f6951334f07a,f6951334f07a,975d6eec98ed54f0,atlas_het,node_classification,graphatlas_min_distortion,graphatlas_min_distortion,1,0,1,outputs\.work\runs\atlas_het\graphatlas_min_distortion\split-0\seed-1\config-f6951334,outputs\.work\runs\atlas_het\graphatlas_min_distortion\split-0\seed-1\config-f6951334\job_config.yaml
atlas_het__node_classification__graphatlas_min_distortion__split0__seed2__24d3e07d54f3,24d3e07d54f3,975d6eec98ed54f0,atlas_het,node_classification,graphatlas_min_distortion,graphatlas_min_distortion,2,0,1,outputs\.work\runs\atlas_het\graphatlas_min_distortion\split-0\seed-2\config-24d3e07d,outputs\.work\runs\atlas_het\graphatlas_min_distortion\split-0\seed-2\config-24d3e07d\job_config.yaml
atlas_het__node_classification__graphatlas_c__split0__seed0__6c1a1e5c3907,6c1a1e5c3907,975d6eec98ed54f0,atlas_het,node_classification,graphatlas_c,graphatlas_certified,0,0,1,outputs\.work\runs\atlas_het\graphatlas_c\split-0\seed-0\config-6c1a1e5c,outputs\.work\runs\atlas_het\graphatlas_c\split-0\seed-0\config-6c1a1e5c\job_config.yaml
atlas_het__node_classification__graphatlas_c__split0__seed1__27942838becb,27942838becb,975d6eec98ed54f0,atlas_het,node_classification,graphatlas_c,graphatlas_certified,1,0,1,outputs\.work\runs\atlas_het\graphatlas_c\split-0\seed-1\config-27942838,outputs\.work\runs\atlas_het\graphatlas_c\split-0\seed-1\config-27942838\job_config.yaml
atlas_het__node_classification__graphatlas_c__split0__seed2__3212a12b1fdf,3212a12b1fdf,975d6eec98ed54f0,atlas_het,node_classification,graphatlas_c,graphatlas_certified,2,0,1,outputs\.work\runs\atlas_het\graphatlas_c\split-0\seed-2\config-3212a12b,outputs\.work\runs\atlas_het\graphatlas_c\split-0\seed-2\config-3212a12b\job_config.yaml
atlas_het__node_classification__graphatlas_c_beta_minus_1__split0__seed0__f2965c8a1b3e,f2965c8a1b3e,975d6eec98ed54f0,atlas_het,node_classification,graphatlas_c_beta_minus_1,graphatlas_certified,0,0,1,outputs\.work\runs\atlas_het\graphatlas_c_beta_minus_1\split-0\seed-0\config-f2965c8a,outputs\.work\runs\atlas_het\graphatlas_c_beta_minus_1\split-0\seed-0\config-f2965c8a\job_config.yaml
atlas_het__node_classification__graphatlas_c_beta_minus_1__split0__seed1__b9eec6e00a03,b9eec6e00a03,975d6eec98ed54f0,atlas_het,node_classification,graphatlas_c_beta_minus_1,graphatlas_certified,1,0,1,outputs\.work\runs\atlas_het\graphatlas_c_beta_minus_1\split-0\seed-1\config-b9eec6e0,outputs\.work\runs\atlas_het\graphatlas_c_beta_minus_1\split-0\seed-1\config-b9eec6e0\job_config.yaml
atlas_het__node_classification__graphatlas_c_beta_minus_1__split0__seed2__900e70d7bf8f,900e70d7bf8f,975d6eec98ed54f0,atlas_het,node_classification,graphatlas_c_beta_minus_1,graphatlas_certified,2,0,1,outputs\.work\runs\atlas_het\graphatlas_c_beta_minus_1\split-0\seed-2\config-900e70d7,outputs\.work\runs\atlas_het\graphatlas_c_beta_minus_1\split-0\seed-2\config-900e70d7\job_config.yaml
atlas_het__node_classification__graphatlas_c_q_shuffle_source__split0__seed0__2263e4f8028c,2263e4f8028c,975d6eec98ed54f0,atlas_het,node_classification,graphatlas_c_q_shuffle_source,graphatlas_certified,0,0,1,outputs\.work\runs\atlas_het\graphatlas_c_q_shuffle_source\split-0\seed-0\config-2263e4f8,outputs\.work\runs\atlas_het\graphatlas_c_q_shuffle_source\split-0\seed-0\config-2263e4f8\job_config.yaml
atlas_het__node_classification__graphatlas_c_q_shuffle_source__split0__seed1__a4a5e57300ed,a4a5e57300ed,975d6eec98ed54f0,atlas_het,node_classification,graphatlas_c_q_shuffle_source,graphatlas_certified,1,0,1,outputs\.work\runs\atlas_het\graphatlas_c_q_shuffle_source\split-0\seed-1\config-a4a5e573,outputs\.work\runs\atlas_het\graphatlas_c_q_shuffle_source\split-0\seed-1\config-a4a5e573\job_config.yaml
atlas_het__node_classification__graphatlas_c_q_shuffle_source__split0__seed2__5f281afeb445,5f281afeb445,975d6eec98ed54f0,atlas_het,node_classification,graphatlas_c_q_shuffle_source,graphatlas_certified,2,0,1,outputs\.work\runs\atlas_het\graphatlas_c_q_shuffle_source\split-0\seed-2\config-5f281afe,outputs\.work\runs\atlas_het\graphatlas_c_q_shuffle_source\split-0\seed-2\config-5f281afe\job_config.yaml
atlas_het__node_classification__graphatlas_c_q_reference__split0__seed0__be0a30b18d88,be0a30b18d88,975d6eec98ed54f0,atlas_het,node_classification,graphatlas_c_q_reference,graphatlas_certified,0,0,1,outputs\.work\runs\atlas_het\graphatlas_c_q_reference\split-0\seed-0\config-be0a30b1,outputs\.work\runs\atlas_het\graphatlas_c_q_reference\split-0\seed-0\config-be0a30b1\job_config.yaml
atlas_het__node_classification__graphatlas_c_q_reference__split0__seed1__8ad113743d3d,8ad113743d3d,975d6eec98ed54f0,atlas_het,node_classification,graphatlas_c_q_reference,graphatlas_certified,1,0,1,outputs\.work\runs\atlas_het\graphatlas_c_q_reference\split-0\seed-1\config-8ad11374,outputs\.work\runs\atlas_het\graphatlas_c_q_reference\split-0\seed-1\config-8ad11374\job_config.yaml
atlas_het__node_classification__graphatlas_c_q_reference__split0__seed2__df9ec0bd563c,df9ec0bd563c,975d6eec98ed54f0,atlas_het,node_classification,graphatlas_c_q_reference,graphatlas_certified,2,0,1,outputs\.work\runs\atlas_het\graphatlas_c_q_reference\split-0\seed-2\config-df9ec0bd,outputs\.work\runs\atlas_het\graphatlas_c_q_reference\split-0\seed-2\config-df9ec0bd\job_config.yaml
atlas_het__node_classification__graphatlas_c_coordinate_relu__split0__seed0__45eb2de9663a,45eb2de9663a,975d6eec98ed54f0,atlas_het,node_classification,graphatlas_c_coordinate_relu,graphatlas_certified,0,0,1,outputs\.work\runs\atlas_het\graphatlas_c_coordinate_relu\split-0\seed-0\config-45eb2de9,outputs\.work\runs\atlas_het\graphatlas_c_coordinate_relu\split-0\seed-0\config-45eb2de9\job_config.yaml
atlas_het__node_classification__graphatlas_c_coordinate_relu__split0__seed1__2b5c25e4ffc0,2b5c25e4ffc0,975d6eec98ed54f0,atlas_het,node_classification,graphatlas_c_coordinate_relu,graphatlas_certified,1,0,1,outputs\.work\runs\atlas_het\graphatlas_c_coordinate_relu\split-0\seed-1\config-2b5c25e4,outputs\.work\runs\atlas_het\graphatlas_c_coordinate_relu\split-0\seed-1\config-2b5c25e4\job_config.yaml
atlas_het__node_classification__graphatlas_c_coordinate_relu__split0__seed2__754ab8bdfcfc,754ab8bdfcfc,975d6eec98ed54f0,atlas_het,node_classification,graphatlas_c_coordinate_relu,graphatlas_certified,2,0,1,outputs\.work\runs\atlas_het\graphatlas_c_coordinate_relu\split-0\seed-2\config-754ab8bd,outputs\.work\runs\atlas_het\graphatlas_c_coordinate_relu\split-0\seed-2\config-754ab8bd\job_config.yaml
atlas_het__node_classification__graphatlas_original__split0__seed0__6345e1b485d5,6345e1b485d5,975d6eec98ed54f0,atlas_het,node_classification,graphatlas_original,graphatlas,0,0,1,outputs\.work\runs\atlas_het\graphatlas_original\split-0\seed-0\config-6345e1b4,outputs\.work\runs\atlas_het\graphatlas_original\split-0\seed-0\config-6345e1b4\job_config.yaml
atlas_het__node_classification__graphatlas_original__split0__seed1__283e515251d2,283e515251d2,975d6eec98ed54f0,atlas_het,node_classification,graphatlas_original,graphatlas,1,0,1,outputs\.work\runs\atlas_het\graphatlas_original\split-0\seed-1\config-283e5152,outputs\.work\runs\atlas_het\graphatlas_original\split-0\seed-1\config-283e5152\job_config.yaml
atlas_het__node_classification__graphatlas_original__split0__seed2__ef9cac2ecc5c,ef9cac2ecc5c,975d6eec98ed54f0,atlas_het,node_classification,graphatlas_original,graphatlas,2,0,1,outputs\.work\runs\atlas_het\graphatlas_original\split-0\seed-2\config-ef9cac2e,outputs\.work\runs\atlas_het\graphatlas_original\split-0\seed-2\config-ef9cac2e\job_config.yaml
atlas_het__node_classification__graphatlas_min_distortion__split0__seed0__b6726495ab9e,b6726495ab9e,975d6eec98ed54f0,atlas_het,node_classification,graphatlas_min_distortion,graphatlas_min_distortion,0,0,1,outputs\.work\runs\atlas_het\graphatlas_min_distortion\split-0\seed-0\config-b6726495,outputs\.work\runs\atlas_het\graphatlas_min_distortion\split-0\seed-0\config-b6726495\job_config.yaml
atlas_het__node_classification__graphatlas_min_distortion__split0__seed1__5209b4f14034,5209b4f14034,975d6eec98ed54f0,atlas_het,node_classification,graphatlas_min_distortion,graphatlas_min_distortion,1,0,1,outputs\.work\runs\atlas_het\graphatlas_min_distortion\split-0\seed-1\config-5209b4f1,outputs\.work\runs\atlas_het\graphatlas_min_distortion\split-0\seed-1\config-5209b4f1\job_config.yaml
atlas_het__node_classification__graphatlas_min_distortion__split0__seed2__e3553e17c724,e3553e17c724,975d6eec98ed54f0,atlas_het,node_classification,graphatlas_min_distortion,graphatlas_min_distortion,2,0,1,outputs\.work\runs\atlas_het\graphatlas_min_distortion\split-0\seed-2\config-e3553e17,outputs\.work\runs\atlas_het\graphatlas_min_distortion\split-0\seed-2\config-e3553e17\job_config.yaml
atlas_het__node_classification__graphatlas_c__split0__seed0__e6aec7acc0d7,e6aec7acc0d7,975d6eec98ed54f0,atlas_het,node_classification,graphatlas_c,graphatlas_certified,0,0,1,outputs\.work\runs\atlas_het\graphatlas_c\split-0\seed-0\config-e6aec7ac,outputs\.work\runs\atlas_het\graphatlas_c\split-0\seed-0\config-e6aec7ac\job_config.yaml
atlas_het__node_classification__graphatlas_c__split0__seed1__6a5eb0cbd19c,6a5eb0cbd19c,975d6eec98ed54f0,atlas_het,node_classification,graphatlas_c,graphatlas_certified,1,0,1,outputs\.work\runs\atlas_het\graphatlas_c\split-0\seed-1\config-6a5eb0cb,outputs\.work\runs\atlas_het\graphatlas_c\split-0\seed-1\config-6a5eb0cb\job_config.yaml
atlas_het__node_classification__graphatlas_c__split0__seed2__0b41eb562ec0,0b41eb562ec0,975d6eec98ed54f0,atlas_het,node_classification,graphatlas_c,graphatlas_certified,2,0,1,outputs\.work\runs\atlas_het\graphatlas_c\split-0\seed-2\config-0b41eb56,outputs\.work\runs\atlas_het\graphatlas_c\split-0\seed-2\config-0b41eb56\job_config.yaml
atlas_het__node_classification__graphatlas_c_beta_minus_1__split0__seed0__b6acb3412ad2,b6acb3412ad2,975d6eec98ed54f0,atlas_het,node_classification,graphatlas_c_beta_minus_1,graphatlas_certified,0,0,1,outputs\.work\runs\atlas_het\graphatlas_c_beta_minus_1\split-0\seed-0\config-b6acb341,outputs\.work\runs\atlas_het\graphatlas_c_beta_minus_1\split-0\seed-0\config-b6acb341\job_config.yaml
atlas_het__node_classification__graphatlas_c_beta_minus_1__split0__seed1__5fbf93ccf0f2,5fbf93ccf0f2,975d6eec98ed54f0,atlas_het,node_classification,graphatlas_c_beta_minus_1,graphatlas_certified,1,0,1,outputs\.work\runs\atlas_het\graphatlas_c_beta_minus_1\split-0\seed-1\config-5fbf93cc,outputs\.work\runs\atlas_het\graphatlas_c_beta_minus_1\split-0\seed-1\config-5fbf93cc\job_config.yaml
atlas_het__node_classification__graphatlas_c_beta_minus_1__split0__seed2__e816658e7233,e816658e7233,975d6eec98ed54f0,atlas_het,node_classification,graphatlas_c_beta_minus_1,graphatlas_certified,2,0,1,outputs\.work\runs\atlas_het\graphatlas_c_beta_minus_1\split-0\seed-2\config-e816658e,outputs\.work\runs\atlas_het\graphatlas_c_beta_minus_1\split-0\seed-2\config-e816658e\job_config.yaml
atlas_het__node_classification__graphatlas_c_q_shuffle_source__split0__seed0__98306dd7b5f1,98306dd7b5f1,975d6eec98ed54f0,atlas_het,node_classification,graphatlas_c_q_shuffle_source,graphatlas_certified,0,0,1,outputs\.work\runs\atlas_het\graphatlas_c_q_shuffle_source\split-0\seed-0\config-98306dd7,outputs\.work\runs\atlas_het\graphatlas_c_q_shuffle_source\split-0\seed-0\config-98306dd7\job_config.yaml
atlas_het__node_classification__graphatlas_c_q_shuffle_source__split0__seed1__2117a3114817,2117a3114817,975d6eec98ed54f0,atlas_het,node_classification,graphatlas_c_q_shuffle_source,graphatlas_certified,1,0,1,outputs\.work\runs\atlas_het\graphatlas_c_q_shuffle_source\split-0\seed-1\config-2117a311,outputs\.work\runs\atlas_het\graphatlas_c_q_shuffle_source\split-0\seed-1\config-2117a311\job_config.yaml
atlas_het__node_classification__graphatlas_c_q_shuffle_source__split0__seed2__af6e6dec6440,af6e6dec6440,975d6eec98ed54f0,atlas_het,node_classification,graphatlas_c_q_shuffle_source,graphatlas_certified,2,0,1,outputs\.work\runs\atlas_het\graphatlas_c_q_shuffle_source\split-0\seed-2\config-af6e6dec,outputs\.work\runs\atlas_het\graphatlas_c_q_shuffle_source\split-0\seed-2\config-af6e6dec\job_config.yaml
atlas_het__node_classification__graphatlas_c_q_reference__split0__seed0__3e09ffea5d1a,3e09ffea5d1a,975d6eec98ed54f0,atlas_het,node_classification,graphatlas_c_q_reference,graphatlas_certified,0,0,1,outputs\.work\runs\atlas_het\graphatlas_c_q_reference\split-0\seed-0\config-3e09ffea,outputs\.work\runs\atlas_het\graphatlas_c_q_reference\split-0\seed-0\config-3e09ffea\job_config.yaml
atlas_het__node_classification__graphatlas_c_q_reference__split0__seed1__26ee86059dbb,26ee86059dbb,975d6eec98ed54f0,atlas_het,node_classification,graphatlas_c_q_reference,graphatlas_certified,1,0,1,outputs\.work\runs\atlas_het\graphatlas_c_q_reference\split-0\seed-1\config-26ee8605,outputs\.work\runs\atlas_het\graphatlas_c_q_reference\split-0\seed-1\config-26ee8605\job_config.yaml
atlas_het__node_classification__graphatlas_c_q_reference__split0__seed2__41167ffddd4c,41167ffddd4c,975d6eec98ed54f0,atlas_het,node_classification,graphatlas_c_q_reference,graphatlas_certified,2,0,1,outputs\.work\runs\atlas_het\graphatlas_c_q_reference\split-0\seed-2\config-41167ffd,outputs\.work\runs\atlas_het\graphatlas_c_q_reference\split-0\seed-2\config-41167ffd\job_config.yaml
atlas_het__node_classification__graphatlas_c_coordinate_relu__split0__seed0__dfc2afc53c81,dfc2afc53c81,975d6eec98ed54f0,atlas_het,node_classification,graphatlas_c_coordinate_relu,graphatlas_certified,0,0,1,outputs\.work\runs\atlas_het\graphatlas_c_coordinate_relu\split-0\seed-0\config-dfc2afc5,outputs\.work\runs\atlas_het\graphatlas_c_coordinate_relu\split-0\seed-0\config-dfc2afc5\job_config.yaml
atlas_het__node_classification__graphatlas_c_coordinate_relu__split0__seed1__8f15d2574491,8f15d2574491,975d6eec98ed54f0,atlas_het,node_classification,graphatlas_c_coordinate_relu,graphatlas_certified,1,0,1,outputs\.work\runs\atlas_het\graphatlas_c_coordinate_relu\split-0\seed-1\config-8f15d257,outputs\.work\runs\atlas_het\graphatlas_c_coordinate_relu\split-0\seed-1\config-8f15d257\job_config.yaml
atlas_het__node_classification__graphatlas_c_coordinate_relu__split0__seed2__df0f870e3047,df0f870e3047,975d6eec98ed54f0,atlas_het,node_classification,graphatlas_c_coordinate_relu,graphatlas_certified,2,0,1,outputs\.work\runs\atlas_het\graphatlas_c_coordinate_relu\split-0\seed-2\config-df0f870e,outputs\.work\runs\atlas_het\graphatlas_c_coordinate_relu\split-0\seed-2\config-df0f870e\job_config.yaml
atlas_het__node_classification__graphatlas_original__split0__seed0__a130096015f7,a130096015f7,975d6eec98ed54f0,atlas_het,node_classification,graphatlas_original,graphatlas,0,0,1,outputs\.work\runs\atlas_het\graphatlas_original\split-0\seed-0\config-a1300960,outputs\.work\runs\atlas_het\graphatlas_original\split-0\seed-0\config-a1300960\job_config.yaml
atlas_het__node_classification__graphatlas_original__split0__seed1__5de56e89da59,5de56e89da59,975d6eec98ed54f0,atlas_het,node_classification,graphatlas_original,graphatlas,1,0,1,outputs\.work\runs\atlas_het\graphatlas_original\split-0\seed-1\config-5de56e89,outputs\.work\runs\atlas_het\graphatlas_original\split-0\seed-1\config-5de56e89\job_config.yaml
atlas_het__node_classification__graphatlas_original__split0__seed2__521f26641555,521f26641555,975d6eec98ed54f0,atlas_het,node_classification,graphatlas_original,graphatlas,2,0,1,outputs\.work\runs\atlas_het\graphatlas_original\split-0\seed-2\config-521f2664,outputs\.work\runs\atlas_het\graphatlas_original\split-0\seed-2\config-521f2664\job_config.yaml
atlas_het__node_classification__graphatlas_min_distortion__split0__seed0__53c90b8eac71,53c90b8eac71,975d6eec98ed54f0,atlas_het,node_classification,graphatlas_min_distortion,graphatlas_min_distortion,0,0,1,outputs\.work\runs\atlas_het\graphatlas_min_distortion\split-0\seed-0\config-53c90b8e,outputs\.work\runs\atlas_het\graphatlas_min_distortion\split-0\seed-0\config-53c90b8e\job_config.yaml
atlas_het__node_classification__graphatlas_min_distortion__split0__seed1__c1409c47b6a3,c1409c47b6a3,975d6eec98ed54f0,atlas_het,node_classification,graphatlas_min_distortion,graphatlas_min_distortion,1,0,1,outputs\.work\runs\atlas_het\graphatlas_min_distortion\split-0\seed-1\config-c1409c47,outputs\.work\runs\atlas_het\graphatlas_min_distortion\split-0\seed-1\config-c1409c47\job_config.yaml
atlas_het__node_classification__graphatlas_min_distortion__split0__seed2__ecd74f4a14ee,ecd74f4a14ee,975d6eec98ed54f0,atlas_het,node_classification,graphatlas_min_distortion,graphatlas_min_distortion,2,0,1,outputs\.work\runs\atlas_het\graphatlas_min_distortion\split-0\seed-2\config-ecd74f4a,outputs\.work\runs\atlas_het\graphatlas_min_distortion\split-0\seed-2\config-ecd74f4a\job_config.yaml
atlas_het__node_classification__graphatlas_c__split0__seed0__863876abad12,863876abad12,975d6eec98ed54f0,atlas_het,node_classification,graphatlas_c,graphatlas_certified,0,0,1,outputs\.work\runs\atlas_het\graphatlas_c\split-0\seed-0\config-863876ab,outputs\.work\runs\atlas_het\graphatlas_c\split-0\seed-0\config-863876ab\job_config.yaml
atlas_het__node_classification__graphatlas_c__split0__seed1__c96c4988eeea,c96c4988eeea,975d6eec98ed54f0,atlas_het,node_classification,graphatlas_c,graphatlas_certified,1,0,1,outputs\.work\runs\atlas_het\graphatlas_c\split-0\seed-1\config-c96c4988,outputs\.work\runs\atlas_het\graphatlas_c\split-0\seed-1\config-c96c4988\job_config.yaml
atlas_het__node_classification__graphatlas_c__split0__seed2__e1351acf3805,e1351acf3805,975d6eec98ed54f0,atlas_het,node_classification,graphatlas_c,graphatlas_certified,2,0,1,outputs\.work\runs\atlas_het\graphatlas_c\split-0\seed-2\config-e1351acf,outputs\.work\runs\atlas_het\graphatlas_c\split-0\seed-2\config-e1351acf\job_config.yaml
atlas_het__node_classification__graphatlas_c_beta_minus_1__split0__seed0__76c5612fab5a,76c5612fab5a,975d6eec98ed54f0,atlas_het,node_classification,graphatlas_c_beta_minus_1,graphatlas_certified,0,0,1,outputs\.work\runs\atlas_het\graphatlas_c_beta_minus_1\split-0\seed-0\config-76c5612f,outputs\.work\runs\atlas_het\graphatlas_c_beta_minus_1\split-0\seed-0\config-76c5612f\job_config.yaml
atlas_het__node_classification__graphatlas_c_beta_minus_1__split0__seed1__0f1d10ba4267,0f1d10ba4267,975d6eec98ed54f0,atlas_het,node_classification,graphatlas_c_beta_minus_1,graphatlas_certified,1,0,1,outputs\.work\runs\atlas_het\graphatlas_c_beta_minus_1\split-0\seed-1\config-0f1d10ba,outputs\.work\runs\atlas_het\graphatlas_c_beta_minus_1\split-0\seed-1\config-0f1d10ba\job_config.yaml
atlas_het__node_classification__graphatlas_c_beta_minus_1__split0__seed2__b3ef349bab69,b3ef349bab69,975d6eec98ed54f0,atlas_het,node_classification,graphatlas_c_beta_minus_1,graphatlas_certified,2,0,1,outputs\.work\runs\atlas_het\graphatlas_c_beta_minus_1\split-0\seed-2\config-b3ef349b,outputs\.work\runs\atlas_het\graphatlas_c_beta_minus_1\split-0\seed-2\config-b3ef349b\job_config.yaml
atlas_het__node_classification__graphatlas_c_q_shuffle_source__split0__seed0__f3b7444c6441,f3b7444c6441,975d6eec98ed54f0,atlas_het,node_classification,graphatlas_c_q_shuffle_source,graphatlas_certified,0,0,1,outputs\.work\runs\atlas_het\graphatlas_c_q_shuffle_source\split-0\seed-0\config-f3b7444c,outputs\.work\runs\atlas_het\graphatlas_c_q_shuffle_source\split-0\seed-0\config-f3b7444c\job_config.yaml
atlas_het__node_classification__graphatlas_c_q_shuffle_source__split0__seed1__c746e18cbdf1,c746e18cbdf1,975d6eec98ed54f0,atlas_het,node_classification,graphatlas_c_q_shuffle_source,graphatlas_certified,1,0,1,outputs\.work\runs\atlas_het\graphatlas_c_q_shuffle_source\split-0\seed-1\config-c746e18c,outputs\.work\runs\atlas_het\graphatlas_c_q_shuffle_source\split-0\seed-1\config-c746e18c\job_config.yaml
atlas_het__node_classification__graphatlas_c_q_shuffle_source__split0__seed2__029d4b0163b0,029d4b0163b0,975d6eec98ed54f0,atlas_het,node_classification,graphatlas_c_q_shuffle_source,graphatlas_certified,2,0,1,outputs\.work\runs\atlas_het\graphatlas_c_q_shuffle_source\split-0\seed-2\config-029d4b01,outputs\.work\runs\atlas_het\graphatlas_c_q_shuffle_source\split-0\seed-2\config-029d4b01\job_config.yaml
atlas_het__node_classification__graphatlas_c_q_reference__split0__seed0__b48b964a42e8,b48b964a42e8,975d6eec98ed54f0,atlas_het,node_classification,graphatlas_c_q_reference,graphatlas_certified,0,0,1,outputs\.work\runs\atlas_het\graphatlas_c_q_reference\split-0\seed-0\config-b48b964a,outputs\.work\runs\atlas_het\graphatlas_c_q_reference\split-0\seed-0\config-b48b964a\job_config.yaml
atlas_het__node_classification__graphatlas_c_q_reference__split0__seed1__504e9adc6cc6,504e9adc6cc6,975d6eec98ed54f0,atlas_het,node_classification,graphatlas_c_q_reference,graphatlas_certified,1,0,1,outputs\.work\runs\atlas_het\graphatlas_c_q_reference\split-0\seed-1\config-504e9adc,outputs\.work\runs\atlas_het\graphatlas_c_q_reference\split-0\seed-1\config-504e9adc\job_config.yaml
atlas_het__node_classification__graphatlas_c_q_reference__split0__seed2__2bbd32e17e78,2bbd32e17e78,975d6eec98ed54f0,atlas_het,node_classification,graphatlas_c_q_reference,graphatlas_certified,2,0,1,outputs\.work\runs\atlas_het\graphatlas_c_q_reference\split-0\seed-2\config-2bbd32e1,outputs\.work\runs\atlas_het\graphatlas_c_q_reference\split-0\seed-2\config-2bbd32e1\job_config.yaml
atlas_het__node_classification__graphatlas_c_coordinate_relu__split0__seed0__b086aacadce2,b086aacadce2,975d6eec98ed54f0,atlas_het,node_classification,graphatlas_c_coordinate_relu,graphatlas_certified,0,0,1,outputs\.work\runs\atlas_het\graphatlas_c_coordinate_relu\split-0\seed-0\config-b086aaca,outputs\.work\runs\atlas_het\graphatlas_c_coordinate_relu\split-0\seed-0\config-b086aaca\job_config.yaml
atlas_het__node_classification__graphatlas_c_coordinate_relu__split0__seed1__3f8e50162b7e,3f8e50162b7e,975d6eec98ed54f0,atlas_het,node_classification,graphatlas_c_coordinate_relu,graphatlas_certified,1,0,1,outputs\.work\runs\atlas_het\graphatlas_c_coordinate_relu\split-0\seed-1\config-3f8e5016,outputs\.work\runs\atlas_het\graphatlas_c_coordinate_relu\split-0\seed-1\config-3f8e5016\job_config.yaml
atlas_het__node_classification__graphatlas_c_coordinate_relu__split0__seed2__b720649c1f4e,b720649c1f4e,975d6eec98ed54f0,atlas_het,node_classification,graphatlas_c_coordinate_relu,graphatlas_certified,2,0,1,outputs\.work\runs\atlas_het\graphatlas_c_coordinate_relu\split-0\seed-2\config-b720649c,outputs\.work\runs\atlas_het\graphatlas_c_coordinate_relu\split-0\seed-2\config-b720649c\job_config.yaml
atlas_het__node_classification__graphatlas_original__split0__seed0__2d9bd01567fa,2d9bd01567fa,975d6eec98ed54f0,atlas_het,node_classification,graphatlas_original,graphatlas,0,0,1,outputs\.work\runs\atlas_het\graphatlas_original\split-0\seed-0\config-2d9bd015,outputs\.work\runs\atlas_het\graphatlas_original\split-0\seed-0\config-2d9bd015\job_config.yaml
atlas_het__node_classification__graphatlas_original__split0__seed1__7c5818f059d5,7c5818f059d5,975d6eec98ed54f0,atlas_het,node_classification,graphatlas_original,graphatlas,1,0,1,outputs\.work\runs\atlas_het\graphatlas_original\split-0\seed-1\config-7c5818f0,outputs\.work\runs\atlas_het\graphatlas_original\split-0\seed-1\config-7c5818f0\job_config.yaml
atlas_het__node_classification__graphatlas_original__split0__seed2__0f4e4717fcb5,0f4e4717fcb5,975d6eec98ed54f0,atlas_het,node_classification,graphatlas_original,graphatlas,2,0,1,outputs\.work\runs\atlas_het\graphatlas_original\split-0\seed-2\config-0f4e4717,outputs\.work\runs\atlas_het\graphatlas_original\split-0\seed-2\config-0f4e4717\job_config.yaml
atlas_het__node_classification__graphatlas_min_distortion__split0__seed0__33dc736dda16,33dc736dda16,975d6eec98ed54f0,atlas_het,node_classification,graphatlas_min_distortion,graphatlas_min_distortion,0,0,1,outputs\.work\runs\atlas_het\graphatlas_min_distortion\split-0\seed-0\config-33dc736d,outputs\.work\runs\atlas_het\graphatlas_min_distortion\split-0\seed-0\config-33dc736d\job_config.yaml
atlas_het__node_classification__graphatlas_min_distortion__split0__seed1__2f6cdc5c816d,2f6cdc5c816d,975d6eec98ed54f0,atlas_het,node_classification,graphatlas_min_distortion,graphatlas_min_distortion,1,0,1,outputs\.work\runs\atlas_het\graphatlas_min_distortion\split-0\seed-1\config-2f6cdc5c,outputs\.work\runs\atlas_het\graphatlas_min_distortion\split-0\seed-1\config-2f6cdc5c\job_config.yaml
atlas_het__node_classification__graphatlas_min_distortion__split0__seed2__f7c967dace4b,f7c967dace4b,975d6eec98ed54f0,atlas_het,node_classification,graphatlas_min_distortion,graphatlas_min_distortion,2,0,1,outputs\.work\runs\atlas_het\graphatlas_min_distortion\split-0\seed-2\config-f7c967da,outputs\.work\runs\atlas_het\graphatlas_min_distortion\split-0\seed-2\config-f7c967da\job_config.yaml
atlas_het__node_classification__graphatlas_c__split0__seed0__fa00ccba4be6,fa00ccba4be6,975d6eec98ed54f0,atlas_het,node_classification,graphatlas_c,graphatlas_certified,0,0,1,outputs\.work\runs\atlas_het\graphatlas_c\split-0\seed-0\config-fa00ccba,outputs\.work\runs\atlas_het\graphatlas_c\split-0\seed-0\config-fa00ccba\job_config.yaml
atlas_het__node_classification__graphatlas_c__split0__seed1__ad00e9214143,ad00e9214143,975d6eec98ed54f0,atlas_het,node_classification,graphatlas_c,graphatlas_certified,1,0,1,outputs\.work\runs\atlas_het\graphatlas_c\split-0\seed-1\config-ad00e921,outputs\.work\runs\atlas_het\graphatlas_c\split-0\seed-1\config-ad00e921\job_config.yaml
atlas_het__node_classification__graphatlas_c__split0__seed2__9aca78c7598e,9aca78c7598e,975d6eec98ed54f0,atlas_het,node_classification,graphatlas_c,graphatlas_certified,2,0,1,outputs\.work\runs\atlas_het\graphatlas_c\split-0\seed-2\config-9aca78c7,outputs\.work\runs\atlas_het\graphatlas_c\split-0\seed-2\config-9aca78c7\job_config.yaml
atlas_het__node_classification__graphatlas_c_beta_minus_1__split0__seed0__a9d17190a60f,a9d17190a60f,975d6eec98ed54f0,atlas_het,node_classification,graphatlas_c_beta_minus_1,graphatlas_certified,0,0,1,outputs\.work\runs\atlas_het\graphatlas_c_beta_minus_1\split-0\seed-0\config-a9d17190,outputs\.work\runs\atlas_het\graphatlas_c_beta_minus_1\split-0\seed-0\config-a9d17190\job_config.yaml
atlas_het__node_classification__graphatlas_c_beta_minus_1__split0__seed1__b4a124c07ad4,b4a124c07ad4,975d6eec98ed54f0,atlas_het,node_classification,graphatlas_c_beta_minus_1,graphatlas_certified,1,0,1,outputs\.work\runs\atlas_het\graphatlas_c_beta_minus_1\split-0\seed-1\config-b4a124c0,outputs\.work\runs\atlas_het\graphatlas_c_beta_minus_1\split-0\seed-1\config-b4a124c0\job_config.yaml
atlas_het__node_classification__graphatlas_c_beta_minus_1__split0__seed2__0d2b3cf5c057,0d2b3cf5c057,975d6eec98ed54f0,atlas_het,node_classification,graphatlas_c_beta_minus_1,graphatlas_certified,2,0,1,outputs\.work\runs\atlas_het\graphatlas_c_beta_minus_1\split-0\seed-2\config-0d2b3cf5,outputs\.work\runs\atlas_het\graphatlas_c_beta_minus_1\split-0\seed-2\config-0d2b3cf5\job_config.yaml
atlas_het__node_classification__graphatlas_c_q_shuffle_source__split0__seed0__c35199bdc530,c35199bdc530,975d6eec98ed54f0,atlas_het,node_classification,graphatlas_c_q_shuffle_source,graphatlas_certified,0,0,1,outputs\.work\runs\atlas_het\graphatlas_c_q_shuffle_source\split-0\seed-0\config-c35199bd,outputs\.work\runs\atlas_het\graphatlas_c_q_shuffle_source\split-0\seed-0\config-c35199bd\job_config.yaml
atlas_het__node_classification__graphatlas_c_q_shuffle_source__split0__seed1__4d7a0f6d1324,4d7a0f6d1324,975d6eec98ed54f0,atlas_het,node_classification,graphatlas_c_q_shuffle_source,graphatlas_certified,1,0,1,outputs\.work\runs\atlas_het\graphatlas_c_q_shuffle_source\split-0\seed-1\config-4d7a0f6d,outputs\.work\runs\atlas_het\graphatlas_c_q_shuffle_source\split-0\seed-1\config-4d7a0f6d\job_config.yaml
atlas_het__node_classification__graphatlas_c_q_shuffle_source__split0__seed2__21392f4a78f6,21392f4a78f6,975d6eec98ed54f0,atlas_het,node_classification,graphatlas_c_q_shuffle_source,graphatlas_certified,2,0,1,outputs\.work\runs\atlas_het\graphatlas_c_q_shuffle_source\split-0\seed-2\config-21392f4a,outputs\.work\runs\atlas_het\graphatlas_c_q_shuffle_source\split-0\seed-2\config-21392f4a\job_config.yaml
atlas_het__node_classification__graphatlas_c_q_reference__split0__seed0__a76c1a0d63ea,a76c1a0d63ea,975d6eec98ed54f0,atlas_het,node_classification,graphatlas_c_q_reference,graphatlas_certified,0,0,1,outputs\.work\runs\atlas_het\graphatlas_c_q_reference\split-0\seed-0\config-a76c1a0d,outputs\.work\runs\atlas_het\graphatlas_c_q_reference\split-0\seed-0\config-a76c1a0d\job_config.yaml
atlas_het__node_classification__graphatlas_c_q_reference__split0__seed1__63efafcc05eb,63efafcc05eb,975d6eec98ed54f0,atlas_het,node_classification,graphatlas_c_q_reference,graphatlas_certified,1,0,1,outputs\.work\runs\atlas_het\graphatlas_c_q_reference\split-0\seed-1\config-63efafcc,outputs\.work\runs\atlas_het\graphatlas_c_q_reference\split-0\seed-1\config-63efafcc\job_config.yaml
atlas_het__node_classification__graphatlas_c_q_reference__split0__seed2__8b740766a2f5,8b740766a2f5,975d6eec98ed54f0,atlas_het,node_classification,graphatlas_c_q_reference,graphatlas_certified,2,0,1,outputs\.work\runs\atlas_het\graphatlas_c_q_reference\split-0\seed-2\config-8b740766,outputs\.work\runs\atlas_het\graphatlas_c_q_reference\split-0\seed-2\config-8b740766\job_config.yaml
atlas_het__node_classification__graphatlas_c_coordinate_relu__split0__seed0__bca279cbf45e,bca279cbf45e,975d6eec98ed54f0,atlas_het,node_classification,graphatlas_c_coordinate_relu,graphatlas_certified,0,0,1,outputs\.work\runs\atlas_het\graphatlas_c_coordinate_relu\split-0\seed-0\config-bca279cb,outputs\.work\runs\atlas_het\graphatlas_c_coordinate_relu\split-0\seed-0\config-bca279cb\job_config.yaml
atlas_het__node_classification__graphatlas_c_coordinate_relu__split0__seed1__893be73b7d97,893be73b7d97,975d6eec98ed54f0,atlas_het,node_classification,graphatlas_c_coordinate_relu,graphatlas_certified,1,0,1,outputs\.work\runs\atlas_het\graphatlas_c_coordinate_relu\split-0\seed-1\config-893be73b,outputs\.work\runs\atlas_het\graphatlas_c_coordinate_relu\split-0\seed-1\config-893be73b\job_config.yaml
atlas_het__node_classification__graphatlas_c_coordinate_relu__split0__seed2__cc77e3393015,cc77e3393015,975d6eec98ed54f0,atlas_het,node_classification,graphatlas_c_coordinate_relu,graphatlas_certified,2,0,1,outputs\.work\runs\atlas_het\graphatlas_c_coordinate_relu\split-0\seed-2\config-cc77e339,outputs\.work\runs\atlas_het\graphatlas_c_coordinate_relu\split-0\seed-2\config-cc77e339\job_config.yaml
atlas_het__node_classification__graphatlas_original__split0__seed0__47e4e0c0ddab,47e4e0c0ddab,975d6eec98ed54f0,atlas_het,node_classification,graphatlas_original,graphatlas,0,0,1,outputs\.work\runs\atlas_het\graphatlas_original\split-0\seed-0\config-47e4e0c0,outputs\.work\runs\atlas_het\graphatlas_original\split-0\seed-0\config-47e4e0c0\job_config.yaml
atlas_het__node_classification__graphatlas_original__split0__seed1__7e559667e546,7e559667e546,975d6eec98ed54f0,atlas_het,node_classification,graphatlas_original,graphatlas,1,0,1,outputs\.work\runs\atlas_het\graphatlas_original\split-0\seed-1\config-7e559667,outputs\.work\runs\atlas_het\graphatlas_original\split-0\seed-1\config-7e559667\job_config.yaml
atlas_het__node_classification__graphatlas_original__split0__seed2__8ac2baa74ef8,8ac2baa74ef8,975d6eec98ed54f0,atlas_het,node_classification,graphatlas_original,graphatlas,2,0,1,outputs\.work\runs\atlas_het\graphatlas_original\split-0\seed-2\config-8ac2baa7,outputs\.work\runs\atlas_het\graphatlas_original\split-0\seed-2\config-8ac2baa7\job_config.yaml
atlas_het__node_classification__graphatlas_min_distortion__split0__seed0__a98a84afa41d,a98a84afa41d,975d6eec98ed54f0,atlas_het,node_classification,graphatlas_min_distortion,graphatlas_min_distortion,0,0,1,outputs\.work\runs\atlas_het\graphatlas_min_distortion\split-0\seed-0\config-a98a84af,outputs\.work\runs\atlas_het\graphatlas_min_distortion\split-0\seed-0\config-a98a84af\job_config.yaml
atlas_het__node_classification__graphatlas_min_distortion__split0__seed1__903594b5ca29,903594b5ca29,975d6eec98ed54f0,atlas_het,node_classification,graphatlas_min_distortion,graphatlas_min_distortion,1,0,1,outputs\.work\runs\atlas_het\graphatlas_min_distortion\split-0\seed-1\config-903594b5,outputs\.work\runs\atlas_het\graphatlas_min_distortion\split-0\seed-1\config-903594b5\job_config.yaml
atlas_het__node_classification__graphatlas_min_distortion__split0__seed2__2085f8c0615a,2085f8c0615a,975d6eec98ed54f0,atlas_het,node_classification,graphatlas_min_distortion,graphatlas_min_distortion,2,0,1,outputs\.work\runs\atlas_het\graphatlas_min_distortion\split-0\seed-2\config-2085f8c0,outputs\.work\runs\atlas_het\graphatlas_min_distortion\split-0\seed-2\config-2085f8c0\job_config.yaml
atlas_het__node_classification__graphatlas_c__split0__seed0__e8ff35aea578,e8ff35aea578,975d6eec98ed54f0,atlas_het,node_classification,graphatlas_c,graphatlas_certified,0,0,1,outputs\.work\runs\atlas_het\graphatlas_c\split-0\seed-0\config-e8ff35ae,outputs\.work\runs\atlas_het\graphatlas_c\split-0\seed-0\config-e8ff35ae\job_config.yaml
atlas_het__node_classification__graphatlas_c__split0__seed1__9faf4c88243d,9faf4c88243d,975d6eec98ed54f0,atlas_het,node_classification,graphatlas_c,graphatlas_certified,1,0,1,outputs\.work\runs\atlas_het\graphatlas_c\split-0\seed-1\config-9faf4c88,outputs\.work\runs\atlas_het\graphatlas_c\split-0\seed-1\config-9faf4c88\job_config.yaml
atlas_het__node_classification__graphatlas_c__split0__seed2__9d7493583bef,9d7493583bef,975d6eec98ed54f0,atlas_het,node_classification,graphatlas_c,graphatlas_certified,2,0,1,outputs\.work\runs\atlas_het\graphatlas_c\split-0\seed-2\config-9d749358,outputs\.work\runs\atlas_het\graphatlas_c\split-0\seed-2\config-9d749358\job_config.yaml
atlas_het__node_classification__graphatlas_c_beta_minus_1__split0__seed0__81dd2d2c35a2,81dd2d2c35a2,975d6eec98ed54f0,atlas_het,node_classification,graphatlas_c_beta_minus_1,graphatlas_certified,0,0,1,outputs\.work\runs\atlas_het\graphatlas_c_beta_minus_1\split-0\seed-0\config-81dd2d2c,outputs\.work\runs\atlas_het\graphatlas_c_beta_minus_1\split-0\seed-0\config-81dd2d2c\job_config.yaml
atlas_het__node_classification__graphatlas_c_beta_minus_1__split0__seed1__ec331db05e68,ec331db05e68,975d6eec98ed54f0,atlas_het,node_classification,graphatlas_c_beta_minus_1,graphatlas_certified,1,0,1,outputs\.work\runs\atlas_het\graphatlas_c_beta_minus_1\split-0\seed-1\config-ec331db0,outputs\.work\runs\atlas_het\graphatlas_c_beta_minus_1\split-0\seed-1\config-ec331db0\job_config.yaml
atlas_het__node_classification__graphatlas_c_beta_minus_1__split0__seed2__da9488ce05e3,da9488ce05e3,975d6eec98ed54f0,atlas_het,node_classification,graphatlas_c_beta_minus_1,graphatlas_certified,2,0,1,outputs\.work\runs\atlas_het\graphatlas_c_beta_minus_1\split-0\seed-2\config-da9488ce,outputs\.work\runs\atlas_het\graphatlas_c_beta_minus_1\split-0\seed-2\config-da9488ce\job_config.yaml
atlas_het__node_classification__graphatlas_c_q_shuffle_source__split0__seed0__06081928fa5d,06081928fa5d,975d6eec98ed54f0,atlas_het,node_classification,graphatlas_c_q_shuffle_source,graphatlas_certified,0,0,1,outputs\.work\runs\atlas_het\graphatlas_c_q_shuffle_source\split-0\seed-0\config-06081928,outputs\.work\runs\atlas_het\graphatlas_c_q_shuffle_source\split-0\seed-0\config-06081928\job_config.yaml
atlas_het__node_classification__graphatlas_c_q_shuffle_source__split0__seed1__3d2d65666528,3d2d65666528,975d6eec98ed54f0,atlas_het,node_classification,graphatlas_c_q_shuffle_source,graphatlas_certified,1,0,1,outputs\.work\runs\atlas_het\graphatlas_c_q_shuffle_source\split-0\seed-1\config-3d2d6566,outputs\.work\runs\atlas_het\graphatlas_c_q_shuffle_source\split-0\seed-1\config-3d2d6566\job_config.yaml
atlas_het__node_classification__graphatlas_c_q_shuffle_source__split0__seed2__fcaedb790fc2,fcaedb790fc2,975d6eec98ed54f0,atlas_het,node_classification,graphatlas_c_q_shuffle_source,graphatlas_certified,2,0,1,outputs\.work\runs\atlas_het\graphatlas_c_q_shuffle_source\split-0\seed-2\config-fcaedb79,outputs\.work\runs\atlas_het\graphatlas_c_q_shuffle_source\split-0\seed-2\config-fcaedb79\job_config.yaml
atlas_het__node_classification__graphatlas_c_q_reference__split0__seed0__bd28b48d5192,bd28b48d5192,975d6eec98ed54f0,atlas_het,node_classification,graphatlas_c_q_reference,graphatlas_certified,0,0,1,outputs\.work\runs\atlas_het\graphatlas_c_q_reference\split-0\seed-0\config-bd28b48d,outputs\.work\runs\atlas_het\graphatlas_c_q_reference\split-0\seed-0\config-bd28b48d\job_config.yaml
atlas_het__node_classification__graphatlas_c_q_reference__split0__seed1__01c7855856d6,01c7855856d6,975d6eec98ed54f0,atlas_het,node_classification,graphatlas_c_q_reference,graphatlas_certified,1,0,1,outputs\.work\runs\atlas_het\graphatlas_c_q_reference\split-0\seed-1\config-01c78558,outputs\.work\runs\atlas_het\graphatlas_c_q_reference\split-0\seed-1\config-01c78558\job_config.yaml
atlas_het__node_classification__graphatlas_c_q_reference__split0__seed2__271111b5bfc2,271111b5bfc2,975d6eec98ed54f0,atlas_het,node_classification,graphatlas_c_q_reference,graphatlas_certified,2,0,1,outputs\.work\runs\atlas_het\graphatlas_c_q_reference\split-0\seed-2\config-271111b5,outputs\.work\runs\atlas_het\graphatlas_c_q_reference\split-0\seed-2\config-271111b5\job_config.yaml
atlas_het__node_classification__graphatlas_c_coordinate_relu__split0__seed0__c9af0a23c915,c9af0a23c915,975d6eec98ed54f0,atlas_het,node_classification,graphatlas_c_coordinate_relu,graphatlas_certified,0,0,1,outputs\.work\runs\atlas_het\graphatlas_c_coordinate_relu\split-0\seed-0\config-c9af0a23,outputs\.work\runs\atlas_het\graphatlas_c_coordinate_relu\split-0\seed-0\config-c9af0a23\job_config.yaml
atlas_het__node_classification__graphatlas_c_coordinate_relu__split0__seed1__59ca4e4c18b7,59ca4e4c18b7,975d6eec98ed54f0,atlas_het,node_classification,graphatlas_c_coordinate_relu,graphatlas_certified,1,0,1,outputs\.work\runs\atlas_het\graphatlas_c_coordinate_relu\split-0\seed-1\config-59ca4e4c,outputs\.work\runs\atlas_het\graphatlas_c_coordinate_relu\split-0\seed-1\config-59ca4e4c\job_config.yaml
atlas_het__node_classification__graphatlas_c_coordinate_relu__split0__seed2__37681f8781b8,37681f8781b8,975d6eec98ed54f0,atlas_het,node_classification,graphatlas_c_coordinate_relu,graphatlas_certified,2,0,1,outputs\.work\runs\atlas_het\graphatlas_c_coordinate_relu\split-0\seed-2\config-37681f87,outputs\.work\runs\atlas_het\graphatlas_c_coordinate_relu\split-0\seed-2\config-37681f87\job_config.yaml
atlas_het__node_classification__graphatlas_original__split0__seed0__9c2ad9400776,9c2ad9400776,975d6eec98ed54f0,atlas_het,node_classification,graphatlas_original,graphatlas,0,0,1,outputs\.work\runs\atlas_het\graphatlas_original\split-0\seed-0\config-9c2ad940,outputs\.work\runs\atlas_het\graphatlas_original\split-0\seed-0\config-9c2ad940\job_config.yaml
atlas_het__node_classification__graphatlas_original__split0__seed1__714e23634cfc,714e23634cfc,975d6eec98ed54f0,atlas_het,node_classification,graphatlas_original,graphatlas,1,0,1,outputs\.work\runs\atlas_het\graphatlas_original\split-0\seed-1\config-714e2363,outputs\.work\runs\atlas_het\graphatlas_original\split-0\seed-1\config-714e2363\job_config.yaml
atlas_het__node_classification__graphatlas_original__split0__seed2__8b5ed829cba6,8b5ed829cba6,975d6eec98ed54f0,atlas_het,node_classification,graphatlas_original,graphatlas,2,0,1,outputs\.work\runs\atlas_het\graphatlas_original\split-0\seed-2\config-8b5ed829,outputs\.work\runs\atlas_het\graphatlas_original\split-0\seed-2\config-8b5ed829\job_config.yaml
atlas_het__node_classification__graphatlas_min_distortion__split0__seed0__6220f48cf66b,6220f48cf66b,975d6eec98ed54f0,atlas_het,node_classification,graphatlas_min_distortion,graphatlas_min_distortion,0,0,1,outputs\.work\runs\atlas_het\graphatlas_min_distortion\split-0\seed-0\config-6220f48c,outputs\.work\runs\atlas_het\graphatlas_min_distortion\split-0\seed-0\config-6220f48c\job_config.yaml
atlas_het__node_classification__graphatlas_min_distortion__split0__seed1__591a9e45b8f7,591a9e45b8f7,975d6eec98ed54f0,atlas_het,node_classification,graphatlas_min_distortion,graphatlas_min_distortion,1,0,1,outputs\.work\runs\atlas_het\graphatlas_min_distortion\split-0\seed-1\config-591a9e45,outputs\.work\runs\atlas_het\graphatlas_min_distortion\split-0\seed-1\config-591a9e45\job_config.yaml
atlas_het__node_classification__graphatlas_min_distortion__split0__seed2__777f1e15705a,777f1e15705a,975d6eec98ed54f0,atlas_het,node_classification,graphatlas_min_distortion,graphatlas_min_distortion,2,0,1,outputs\.work\runs\atlas_het\graphatlas_min_distortion\split-0\seed-2\config-777f1e15,outputs\.work\runs\atlas_het\graphatlas_min_distortion\split-0\seed-2\config-777f1e15\job_config.yaml
atlas_het__node_classification__graphatlas_c__split0__seed0__72dd071e7dfc,72dd071e7dfc,975d6eec98ed54f0,atlas_het,node_classification,graphatlas_c,graphatlas_certified,0,0,1,outputs\.work\runs\atlas_het\graphatlas_c\split-0\seed-0\config-72dd071e,outputs\.work\runs\atlas_het\graphatlas_c\split-0\seed-0\config-72dd071e\job_config.yaml
atlas_het__node_classification__graphatlas_c__split0__seed1__b521fd6b48ef,b521fd6b48ef,975d6eec98ed54f0,atlas_het,node_classification,graphatlas_c,graphatlas_certified,1,0,1,outputs\.work\runs\atlas_het\graphatlas_c\split-0\seed-1\config-b521fd6b,outputs\.work\runs\atlas_het\graphatlas_c\split-0\seed-1\config-b521fd6b\job_config.yaml
atlas_het__node_classification__graphatlas_c__split0__seed2__b4f58d55380d,b4f58d55380d,975d6eec98ed54f0,atlas_het,node_classification,graphatlas_c,graphatlas_certified,2,0,1,outputs\.work\runs\atlas_het\graphatlas_c\split-0\seed-2\config-b4f58d55,outputs\.work\runs\atlas_het\graphatlas_c\split-0\seed-2\config-b4f58d55\job_config.yaml
atlas_het__node_classification__graphatlas_c_beta_minus_1__split0__seed0__db92cf2c6d6e,db92cf2c6d6e,975d6eec98ed54f0,atlas_het,node_classification,graphatlas_c_beta_minus_1,graphatlas_certified,0,0,1,outputs\.work\runs\atlas_het\graphatlas_c_beta_minus_1\split-0\seed-0\config-db92cf2c,outputs\.work\runs\atlas_het\graphatlas_c_beta_minus_1\split-0\seed-0\config-db92cf2c\job_config.yaml
atlas_het__node_classification__graphatlas_c_beta_minus_1__split0__seed1__7713168ad28f,7713168ad28f,975d6eec98ed54f0,atlas_het,node_classification,graphatlas_c_beta_minus_1,graphatlas_certified,1,0,1,outputs\.work\runs\atlas_het\graphatlas_c_beta_minus_1\split-0\seed-1\config-7713168a,outputs\.work\runs\atlas_het\graphatlas_c_beta_minus_1\split-0\seed-1\config-7713168a\job_config.yaml
atlas_het__node_classification__graphatlas_c_beta_minus_1__split0__seed2__d19f8e3ad520,d19f8e3ad520,975d6eec98ed54f0,atlas_het,node_classification,graphatlas_c_beta_minus_1,graphatlas_certified,2,0,1,outputs\.work\runs\atlas_het\graphatlas_c_beta_minus_1\split-0\seed-2\config-d19f8e3a,outputs\.work\runs\atlas_het\graphatlas_c_beta_minus_1\split-0\seed-2\config-d19f8e3a\job_config.yaml
atlas_het__node_classification__graphatlas_c_q_shuffle_source__split0__seed0__11f9fefae3bb,11f9fefae3bb,975d6eec98ed54f0,atlas_het,node_classification,graphatlas_c_q_shuffle_source,graphatlas_certified,0,0,1,outputs\.work\runs\atlas_het\graphatlas_c_q_shuffle_source\split-0\seed-0\config-11f9fefa,outputs\.work\runs\atlas_het\graphatlas_c_q_shuffle_source\split-0\seed-0\config-11f9fefa\job_config.yaml
atlas_het__node_classification__graphatlas_c_q_shuffle_source__split0__seed1__c2f5822021b0,c2f5822021b0,975d6eec98ed54f0,atlas_het,node_classification,graphatlas_c_q_shuffle_source,graphatlas_certified,1,0,1,outputs\.work\runs\atlas_het\graphatlas_c_q_shuffle_source\split-0\seed-1\config-c2f58220,outputs\.work\runs\atlas_het\graphatlas_c_q_shuffle_source\split-0\seed-1\config-c2f58220\job_config.yaml
atlas_het__node_classification__graphatlas_c_q_shuffle_source__split0__seed2__676d0d45e1ac,676d0d45e1ac,975d6eec98ed54f0,atlas_het,node_classification,graphatlas_c_q_shuffle_source,graphatlas_certified,2,0,1,outputs\.work\runs\atlas_het\graphatlas_c_q_shuffle_source\split-0\seed-2\config-676d0d45,outputs\.work\runs\atlas_het\graphatlas_c_q_shuffle_source\split-0\seed-2\config-676d0d45\job_config.yaml
atlas_het__node_classification__graphatlas_c_q_reference__split0__seed0__c8c5f5ee2002,c8c5f5ee2002,975d6eec98ed54f0,atlas_het,node_classification,graphatlas_c_q_reference,graphatlas_certified,0,0,1,outputs\.work\runs\atlas_het\graphatlas_c_q_reference\split-0\seed-0\config-c8c5f5ee,outputs\.work\runs\atlas_het\graphatlas_c_q_reference\split-0\seed-0\config-c8c5f5ee\job_config.yaml
atlas_het__node_classification__graphatlas_c_q_reference__split0__seed1__34821d7753b0,34821d7753b0,975d6eec98ed54f0,atlas_het,node_classification,graphatlas_c_q_reference,graphatlas_certified,1,0,1,outputs\.work\runs\atlas_het\graphatlas_c_q_reference\split-0\seed-1\config-34821d77,outputs\.work\runs\atlas_het\graphatlas_c_q_reference\split-0\seed-1\config-34821d77\job_config.yaml
atlas_het__node_classification__graphatlas_c_q_reference__split0__seed2__cd907c95512c,cd907c95512c,975d6eec98ed54f0,atlas_het,node_classification,graphatlas_c_q_reference,graphatlas_certified,2,0,1,outputs\.work\runs\atlas_het\graphatlas_c_q_reference\split-0\seed-2\config-cd907c95,outputs\.work\runs\atlas_het\graphatlas_c_q_reference\split-0\seed-2\config-cd907c95\job_config.yaml
atlas_het__node_classification__graphatlas_c_coordinate_relu__split0__seed0__c2ef3b6beb6f,c2ef3b6beb6f,975d6eec98ed54f0,atlas_het,node_classification,graphatlas_c_coordinate_relu,graphatlas_certified,0,0,1,outputs\.work\runs\atlas_het\graphatlas_c_coordinate_relu\split-0\seed-0\config-c2ef3b6b,outputs\.work\runs\atlas_het\graphatlas_c_coordinate_relu\split-0\seed-0\config-c2ef3b6b\job_config.yaml
atlas_het__node_classification__graphatlas_c_coordinate_relu__split0__seed1__0a686530c5dc,0a686530c5dc,975d6eec98ed54f0,atlas_het,node_classification,graphatlas_c_coordinate_relu,graphatlas_certified,1,0,1,outputs\.work\runs\atlas_het\graphatlas_c_coordinate_relu\split-0\seed-1\config-0a686530,outputs\.work\runs\atlas_het\graphatlas_c_coordinate_relu\split-0\seed-1\config-0a686530\job_config.yaml
atlas_het__node_classification__graphatlas_c_coordinate_relu__split0__seed2__a379369f3518,a379369f3518,975d6eec98ed54f0,atlas_het,node_classification,graphatlas_c_coordinate_relu,graphatlas_certified,2,0,1,outputs\.work\runs\atlas_het\graphatlas_c_coordinate_relu\split-0\seed-2\config-a379369f,outputs\.work\runs\atlas_het\graphatlas_c_coordinate_relu\split-0\seed-2\config-a379369f\job_config.yaml
atlas_het__node_classification__graphatlas_original__split0__seed0__57ea466734b0,57ea466734b0,975d6eec98ed54f0,atlas_het,node_classification,graphatlas_original,graphatlas,0,0,1,outputs\.work\runs\atlas_het\graphatlas_original\split-0\seed-0\config-57ea4667,outputs\.work\runs\atlas_het\graphatlas_original\split-0\seed-0\config-57ea4667\job_config.yaml
atlas_het__node_classification__graphatlas_original__split0__seed1__65bf4def1438,65bf4def1438,975d6eec98ed54f0,atlas_het,node_classification,graphatlas_original,graphatlas,1,0,1,outputs\.work\runs\atlas_het\graphatlas_original\split-0\seed-1\config-65bf4def,outputs\.work\runs\atlas_het\graphatlas_original\split-0\seed-1\config-65bf4def\job_config.yaml
atlas_het__node_classification__graphatlas_original__split0__seed2__2315cdd21dd8,2315cdd21dd8,975d6eec98ed54f0,atlas_het,node_classification,graphatlas_original,graphatlas,2,0,1,outputs\.work\runs\atlas_het\graphatlas_original\split-0\seed-2\config-2315cdd2,outputs\.work\runs\atlas_het\graphatlas_original\split-0\seed-2\config-2315cdd2\job_config.yaml
atlas_het__node_classification__graphatlas_min_distortion__split0__seed0__d934dfcec4f0,d934dfcec4f0,975d6eec98ed54f0,atlas_het,node_classification,graphatlas_min_distortion,graphatlas_min_distortion,0,0,1,outputs\.work\runs\atlas_het\graphatlas_min_distortion\split-0\seed-0\config-d934dfce,outputs\.work\runs\atlas_het\graphatlas_min_distortion\split-0\seed-0\config-d934dfce\job_config.yaml
atlas_het__node_classification__graphatlas_min_distortion__split0__seed1__5b6077982146,5b6077982146,975d6eec98ed54f0,atlas_het,node_classification,graphatlas_min_distortion,graphatlas_min_distortion,1,0,1,outputs\.work\runs\atlas_het\graphatlas_min_distortion\split-0\seed-1\config-5b607798,outputs\.work\runs\atlas_het\graphatlas_min_distortion\split-0\seed-1\config-5b607798\job_config.yaml
atlas_het__node_classification__graphatlas_min_distortion__split0__seed2__73a04bdc22d2,73a04bdc22d2,975d6eec98ed54f0,atlas_het,node_classification,graphatlas_min_distortion,graphatlas_min_distortion,2,0,1,outputs\.work\runs\atlas_het\graphatlas_min_distortion\split-0\seed-2\config-73a04bdc,outputs\.work\runs\atlas_het\graphatlas_min_distortion\split-0\seed-2\config-73a04bdc\job_config.yaml
atlas_het__node_classification__graphatlas_c__split0__seed0__06460ce96f5f,06460ce96f5f,975d6eec98ed54f0,atlas_het,node_classification,graphatlas_c,graphatlas_certified,0,0,1,outputs\.work\runs\atlas_het\graphatlas_c\split-0\seed-0\config-06460ce9,outputs\.work\runs\atlas_het\graphatlas_c\split-0\seed-0\config-06460ce9\job_config.yaml
atlas_het__node_classification__graphatlas_c__split0__seed1__8656bde6e424,8656bde6e424,975d6eec98ed54f0,atlas_het,node_classification,graphatlas_c,graphatlas_certified,1,0,1,outputs\.work\runs\atlas_het\graphatlas_c\split-0\seed-1\config-8656bde6,outputs\.work\runs\atlas_het\graphatlas_c\split-0\seed-1\config-8656bde6\job_config.yaml
atlas_het__node_classification__graphatlas_c__split0__seed2__431e486d2ab3,431e486d2ab3,975d6eec98ed54f0,atlas_het,node_classification,graphatlas_c,graphatlas_certified,2,0,1,outputs\.work\runs\atlas_het\graphatlas_c\split-0\seed-2\config-431e486d,outputs\.work\runs\atlas_het\graphatlas_c\split-0\seed-2\config-431e486d\job_config.yaml
atlas_het__node_classification__graphatlas_c_beta_minus_1__split0__seed0__4bd3b2521722,4bd3b2521722,975d6eec98ed54f0,atlas_het,node_classification,graphatlas_c_beta_minus_1,graphatlas_certified,0,0,1,outputs\.work\runs\atlas_het\graphatlas_c_beta_minus_1\split-0\seed-0\config-4bd3b252,outputs\.work\runs\atlas_het\graphatlas_c_beta_minus_1\split-0\seed-0\config-4bd3b252\job_config.yaml
atlas_het__node_classification__graphatlas_c_beta_minus_1__split0__seed1__ee8f47e03bd8,ee8f47e03bd8,975d6eec98ed54f0,atlas_het,node_classification,graphatlas_c_beta_minus_1,graphatlas_certified,1,0,1,outputs\.work\runs\atlas_het\graphatlas_c_beta_minus_1\split-0\seed-1\config-ee8f47e0,outputs\.work\runs\atlas_het\graphatlas_c_beta_minus_1\split-0\seed-1\config-ee8f47e0\job_config.yaml
atlas_het__node_classification__graphatlas_c_beta_minus_1__split0__seed2__299d2055fb28,299d2055fb28,975d6eec98ed54f0,atlas_het,node_classification,graphatlas_c_beta_minus_1,graphatlas_certified,2,0,1,outputs\.work\runs\atlas_het\graphatlas_c_beta_minus_1\split-0\seed-2\config-299d2055,outputs\.work\runs\atlas_het\graphatlas_c_beta_minus_1\split-0\seed-2\config-299d2055\job_config.yaml
atlas_het__node_classification__graphatlas_c_q_shuffle_source__split0__seed0__d553e9bf148a,d553e9bf148a,975d6eec98ed54f0,atlas_het,node_classification,graphatlas_c_q_shuffle_source,graphatlas_certified,0,0,1,outputs\.work\runs\atlas_het\graphatlas_c_q_shuffle_source\split-0\seed-0\config-d553e9bf,outputs\.work\runs\atlas_het\graphatlas_c_q_shuffle_source\split-0\seed-0\config-d553e9bf\job_config.yaml
atlas_het__node_classification__graphatlas_c_q_shuffle_source__split0__seed1__27b2cff287f3,27b2cff287f3,975d6eec98ed54f0,atlas_het,node_classification,graphatlas_c_q_shuffle_source,graphatlas_certified,1,0,1,outputs\.work\runs\atlas_het\graphatlas_c_q_shuffle_source\split-0\seed-1\config-27b2cff2,outputs\.work\runs\atlas_het\graphatlas_c_q_shuffle_source\split-0\seed-1\config-27b2cff2\job_config.yaml
atlas_het__node_classification__graphatlas_c_q_shuffle_source__split0__seed2__17cc731473df,17cc731473df,975d6eec98ed54f0,atlas_het,node_classification,graphatlas_c_q_shuffle_source,graphatlas_certified,2,0,1,outputs\.work\runs\atlas_het\graphatlas_c_q_shuffle_source\split-0\seed-2\config-17cc7314,outputs\.work\runs\atlas_het\graphatlas_c_q_shuffle_source\split-0\seed-2\config-17cc7314\job_config.yaml
atlas_het__node_classification__graphatlas_c_q_reference__split0__seed0__b86e5a402b3b,b86e5a402b3b,975d6eec98ed54f0,atlas_het,node_classification,graphatlas_c_q_reference,graphatlas_certified,0,0,1,outputs\.work\runs\atlas_het\graphatlas_c_q_reference\split-0\seed-0\config-b86e5a40,outputs\.work\runs\atlas_het\graphatlas_c_q_reference\split-0\seed-0\config-b86e5a40\job_config.yaml
atlas_het__node_classification__graphatlas_c_q_reference__split0__seed1__8bc0e9aec5f7,8bc0e9aec5f7,975d6eec98ed54f0,atlas_het,node_classification,graphatlas_c_q_reference,graphatlas_certified,1,0,1,outputs\.work\runs\atlas_het\graphatlas_c_q_reference\split-0\seed-1\config-8bc0e9ae,outputs\.work\runs\atlas_het\graphatlas_c_q_reference\split-0\seed-1\config-8bc0e9ae\job_config.yaml
atlas_het__node_classification__graphatlas_c_q_reference__split0__seed2__bd55fcd2a729,bd55fcd2a729,975d6eec98ed54f0,atlas_het,node_classification,graphatlas_c_q_reference,graphatlas_certified,2,0,1,outputs\.work\runs\atlas_het\graphatlas_c_q_reference\split-0\seed-2\config-bd55fcd2,outputs\.work\runs\atlas_het\graphatlas_c_q_reference\split-0\seed-2\config-bd55fcd2\job_config.yaml
atlas_het__node_classification__graphatlas_c_coordinate_relu__split0__seed0__39c74e3e30a9,39c74e3e30a9,975d6eec98ed54f0,atlas_het,node_classification,graphatlas_c_coordinate_relu,graphatlas_certified,0,0,1,outputs\.work\runs\atlas_het\graphatlas_c_coordinate_relu\split-0\seed-0\config-39c74e3e,outputs\.work\runs\atlas_het\graphatlas_c_coordinate_relu\split-0\seed-0\config-39c74e3e\job_config.yaml
atlas_het__node_classification__graphatlas_c_coordinate_relu__split0__seed1__4f68f1af7b6e,4f68f1af7b6e,975d6eec98ed54f0,atlas_het,node_classification,graphatlas_c_coordinate_relu,graphatlas_certified,1,0,1,outputs\.work\runs\atlas_het\graphatlas_c_coordinate_relu\split-0\seed-1\config-4f68f1af,outputs\.work\runs\atlas_het\graphatlas_c_coordinate_relu\split-0\seed-1\config-4f68f1af\job_config.yaml
atlas_het__node_classification__graphatlas_c_coordinate_relu__split0__seed2__97ecb3c764a8,97ecb3c764a8,975d6eec98ed54f0,atlas_het,node_classification,graphatlas_c_coordinate_relu,graphatlas_certified,2,0,1,outputs\.work\runs\atlas_het\graphatlas_c_coordinate_relu\split-0\seed-2\config-97ecb3c7,outputs\.work\runs\atlas_het\graphatlas_c_coordinate_relu\split-0\seed-2\config-97ecb3c7\job_config.yaml
atlas_het__node_classification__graphatlas_original__split0__seed0__e8a5072fe292,e8a5072fe292,975d6eec98ed54f0,atlas_het,node_classification,graphatlas_original,graphatlas,0,0,1,outputs\.work\runs\atlas_het\graphatlas_original\split-0\seed-0\config-e8a5072f,outputs\.work\runs\atlas_het\graphatlas_original\split-0\seed-0\config-e8a5072f\job_config.yaml
atlas_het__node_classification__graphatlas_original__split0__seed1__7dada0782e23,7dada0782e23,975d6eec98ed54f0,atlas_het,node_classification,graphatlas_original,graphatlas,1,0,1,outputs\.work\runs\atlas_het\graphatlas_original\split-0\seed-1\config-7dada078,outputs\.work\runs\atlas_het\graphatlas_original\split-0\seed-1\config-7dada078\job_config.yaml
atlas_het__node_classification__graphatlas_original__split0__seed2__a14555248ac9,a14555248ac9,975d6eec98ed54f0,atlas_het,node_classification,graphatlas_original,graphatlas,2,0,1,outputs\.work\runs\atlas_het\graphatlas_original\split-0\seed-2\config-a1455524,outputs\.work\runs\atlas_het\graphatlas_original\split-0\seed-2\config-a1455524\job_config.yaml
atlas_het__node_classification__graphatlas_min_distortion__split0__seed0__5f9af3d598ef,5f9af3d598ef,975d6eec98ed54f0,atlas_het,node_classification,graphatlas_min_distortion,graphatlas_min_distortion,0,0,1,outputs\.work\runs\atlas_het\graphatlas_min_distortion\split-0\seed-0\config-5f9af3d5,outputs\.work\runs\atlas_het\graphatlas_min_distortion\split-0\seed-0\config-5f9af3d5\job_config.yaml
atlas_het__node_classification__graphatlas_min_distortion__split0__seed1__5ac7ac018b7a,5ac7ac018b7a,975d6eec98ed54f0,atlas_het,node_classification,graphatlas_min_distortion,graphatlas_min_distortion,1,0,1,outputs\.work\runs\atlas_het\graphatlas_min_distortion\split-0\seed-1\config-5ac7ac01,outputs\.work\runs\atlas_het\graphatlas_min_distortion\split-0\seed-1\config-5ac7ac01\job_config.yaml
atlas_het__node_classification__graphatlas_min_distortion__split0__seed2__1cc6a88da680,1cc6a88da680,975d6eec98ed54f0,atlas_het,node_classification,graphatlas_min_distortion,graphatlas_min_distortion,2,0,1,outputs\.work\runs\atlas_het\graphatlas_min_distortion\split-0\seed-2\config-1cc6a88d,outputs\.work\runs\atlas_het\graphatlas_min_distortion\split-0\seed-2\config-1cc6a88d\job_config.yaml
atlas_het__node_classification__graphatlas_c__split0__seed0__61dea5d6341f,61dea5d6341f,975d6eec98ed54f0,atlas_het,node_classification,graphatlas_c,graphatlas_certified,0,0,1,outputs\.work\runs\atlas_het\graphatlas_c\split-0\seed-0\config-61dea5d6,outputs\.work\runs\atlas_het\graphatlas_c\split-0\seed-0\config-61dea5d6\job_config.yaml
atlas_het__node_classification__graphatlas_c__split0__seed1__0242de9a18f7,0242de9a18f7,975d6eec98ed54f0,atlas_het,node_classification,graphatlas_c,graphatlas_certified,1,0,1,outputs\.work\runs\atlas_het\graphatlas_c\split-0\seed-1\config-0242de9a,outputs\.work\runs\atlas_het\graphatlas_c\split-0\seed-1\config-0242de9a\job_config.yaml
atlas_het__node_classification__graphatlas_c__split0__seed2__c6960ad93d38,c6960ad93d38,975d6eec98ed54f0,atlas_het,node_classification,graphatlas_c,graphatlas_certified,2,0,1,outputs\.work\runs\atlas_het\graphatlas_c\split-0\seed-2\config-c6960ad9,outputs\.work\runs\atlas_het\graphatlas_c\split-0\seed-2\config-c6960ad9\job_config.yaml
atlas_het__node_classification__graphatlas_c_beta_minus_1__split0__seed0__c5416e6b54e0,c5416e6b54e0,975d6eec98ed54f0,atlas_het,node_classification,graphatlas_c_beta_minus_1,graphatlas_certified,0,0,1,outputs\.work\runs\atlas_het\graphatlas_c_beta_minus_1\split-0\seed-0\config-c5416e6b,outputs\.work\runs\atlas_het\graphatlas_c_beta_minus_1\split-0\seed-0\config-c5416e6b\job_config.yaml
atlas_het__node_classification__graphatlas_c_beta_minus_1__split0__seed1__1e03cd7a7bd4,1e03cd7a7bd4,975d6eec98ed54f0,atlas_het,node_classification,graphatlas_c_beta_minus_1,graphatlas_certified,1,0,1,outputs\.work\runs\atlas_het\graphatlas_c_beta_minus_1\split-0\seed-1\config-1e03cd7a,outputs\.work\runs\atlas_het\graphatlas_c_beta_minus_1\split-0\seed-1\config-1e03cd7a\job_config.yaml
atlas_het__node_classification__graphatlas_c_beta_minus_1__split0__seed2__b022e5029ce3,b022e5029ce3,975d6eec98ed54f0,atlas_het,node_classification,graphatlas_c_beta_minus_1,graphatlas_certified,2,0,1,outputs\.work\runs\atlas_het\graphatlas_c_beta_minus_1\split-0\seed-2\config-b022e502,outputs\.work\runs\atlas_het\graphatlas_c_beta_minus_1\split-0\seed-2\config-b022e502\job_config.yaml
atlas_het__node_classification__graphatlas_c_q_shuffle_source__split0__seed0__8c51655c707d,8c51655c707d,975d6eec98ed54f0,atlas_het,node_classification,graphatlas_c_q_shuffle_source,graphatlas_certified,0,0,1,outputs\.work\runs\atlas_het\graphatlas_c_q_shuffle_source\split-0\seed-0\config-8c51655c,outputs\.work\runs\atlas_het\graphatlas_c_q_shuffle_source\split-0\seed-0\config-8c51655c\job_config.yaml
atlas_het__node_classification__graphatlas_c_q_shuffle_source__split0__seed1__2b65172beb25,2b65172beb25,975d6eec98ed54f0,atlas_het,node_classification,graphatlas_c_q_shuffle_source,graphatlas_certified,1,0,1,outputs\.work\runs\atlas_het\graphatlas_c_q_shuffle_source\split-0\seed-1\config-2b65172b,outputs\.work\runs\atlas_het\graphatlas_c_q_shuffle_source\split-0\seed-1\config-2b65172b\job_config.yaml
atlas_het__node_classification__graphatlas_c_q_shuffle_source__split0__seed2__5d1adf3e5706,5d1adf3e5706,975d6eec98ed54f0,atlas_het,node_classification,graphatlas_c_q_shuffle_source,graphatlas_certified,2,0,1,outputs\.work\runs\atlas_het\graphatlas_c_q_shuffle_source\split-0\seed-2\config-5d1adf3e,outputs\.work\runs\atlas_het\graphatlas_c_q_shuffle_source\split-0\seed-2\config-5d1adf3e\job_config.yaml
atlas_het__node_classification__graphatlas_c_q_reference__split0__seed0__e4b4c109a905,e4b4c109a905,975d6eec98ed54f0,atlas_het,node_classification,graphatlas_c_q_reference,graphatlas_certified,0,0,1,outputs\.work\runs\atlas_het\graphatlas_c_q_reference\split-0\seed-0\config-e4b4c109,outputs\.work\runs\atlas_het\graphatlas_c_q_reference\split-0\seed-0\config-e4b4c109\job_config.yaml
atlas_het__node_classification__graphatlas_c_q_reference__split0__seed1__5469ea60d905,5469ea60d905,975d6eec98ed54f0,atlas_het,node_classification,graphatlas_c_q_reference,graphatlas_certified,1,0,1,outputs\.work\runs\atlas_het\graphatlas_c_q_reference\split-0\seed-1\config-5469ea60,outputs\.work\runs\atlas_het\graphatlas_c_q_reference\split-0\seed-1\config-5469ea60\job_config.yaml
atlas_het__node_classification__graphatlas_c_q_reference__split0__seed2__d2a0f466402f,d2a0f466402f,975d6eec98ed54f0,atlas_het,node_classification,graphatlas_c_q_reference,graphatlas_certified,2,0,1,outputs\.work\runs\atlas_het\graphatlas_c_q_reference\split-0\seed-2\config-d2a0f466,outputs\.work\runs\atlas_het\graphatlas_c_q_reference\split-0\seed-2\config-d2a0f466\job_config.yaml
atlas_het__node_classification__graphatlas_c_coordinate_relu__split0__seed0__5c70b3f3a618,5c70b3f3a618,975d6eec98ed54f0,atlas_het,node_classification,graphatlas_c_coordinate_relu,graphatlas_certified,0,0,1,outputs\.work\runs\atlas_het\graphatlas_c_coordinate_relu\split-0\seed-0\config-5c70b3f3,outputs\.work\runs\atlas_het\graphatlas_c_coordinate_relu\split-0\seed-0\config-5c70b3f3\job_config.yaml
atlas_het__node_classification__graphatlas_c_coordinate_relu__split0__seed1__9a793c358a53,9a793c358a53,975d6eec98ed54f0,atlas_het,node_classification,graphatlas_c_coordinate_relu,graphatlas_certified,1,0,1,outputs\.work\runs\atlas_het\graphatlas_c_coordinate_relu\split-0\seed-1\config-9a793c35,outputs\.work\runs\atlas_het\graphatlas_c_coordinate_relu\split-0\seed-1\config-9a793c35\job_config.yaml
atlas_het__node_classification__graphatlas_c_coordinate_relu__split0__seed2__8f23fa7cf356,8f23fa7cf356,975d6eec98ed54f0,atlas_het,node_classification,graphatlas_c_coordinate_relu,graphatlas_certified,2,0,1,outputs\.work\runs\atlas_het\graphatlas_c_coordinate_relu\split-0\seed-2\config-8f23fa7c,outputs\.work\runs\atlas_het\graphatlas_c_coordinate_relu\split-0\seed-2\config-8f23fa7c\job_config.yaml
atlas_het__node_classification__graphatlas_original__split0__seed0__8fa35758361a,8fa35758361a,975d6eec98ed54f0,atlas_het,node_classification,graphatlas_original,graphatlas,0,0,1,outputs\.work\runs\atlas_het\graphatlas_original\split-0\seed-0\config-8fa35758,outputs\.work\runs\atlas_het\graphatlas_original\split-0\seed-0\config-8fa35758\job_config.yaml
atlas_het__node_classification__graphatlas_original__split0__seed1__eb1293979277,eb1293979277,975d6eec98ed54f0,atlas_het,node_classification,graphatlas_original,graphatlas,1,0,1,outputs\.work\runs\atlas_het\graphatlas_original\split-0\seed-1\config-eb129397,outputs\.work\runs\atlas_het\graphatlas_original\split-0\seed-1\config-eb129397\job_config.yaml
atlas_het__node_classification__graphatlas_original__split0__seed2__43f9608ffbd9,43f9608ffbd9,975d6eec98ed54f0,atlas_het,node_classification,graphatlas_original,graphatlas,2,0,1,outputs\.work\runs\atlas_het\graphatlas_original\split-0\seed-2\config-43f9608f,outputs\.work\runs\atlas_het\graphatlas_original\split-0\seed-2\config-43f9608f\job_config.yaml
atlas_het__node_classification__graphatlas_min_distortion__split0__seed0__27ffcaa8f587,27ffcaa8f587,975d6eec98ed54f0,atlas_het,node_classification,graphatlas_min_distortion,graphatlas_min_distortion,0,0,1,outputs\.work\runs\atlas_het\graphatlas_min_distortion\split-0\seed-0\config-27ffcaa8,outputs\.work\runs\atlas_het\graphatlas_min_distortion\split-0\seed-0\config-27ffcaa8\job_config.yaml
atlas_het__node_classification__graphatlas_min_distortion__split0__seed1__ba8eea5c90c3,ba8eea5c90c3,975d6eec98ed54f0,atlas_het,node_classification,graphatlas_min_distortion,graphatlas_min_distortion,1,0,1,outputs\.work\runs\atlas_het\graphatlas_min_distortion\split-0\seed-1\config-ba8eea5c,outputs\.work\runs\atlas_het\graphatlas_min_distortion\split-0\seed-1\config-ba8eea5c\job_config.yaml
atlas_het__node_classification__graphatlas_min_distortion__split0__seed2__57825c797653,57825c797653,975d6eec98ed54f0,atlas_het,node_classification,graphatlas_min_distortion,graphatlas_min_distortion,2,0,1,outputs\.work\runs\atlas_het\graphatlas_min_distortion\split-0\seed-2\config-57825c79,outputs\.work\runs\atlas_het\graphatlas_min_distortion\split-0\seed-2\config-57825c79\job_config.yaml
atlas_het__node_classification__graphatlas_c__split0__seed0__04404eda35d4,04404eda35d4,975d6eec98ed54f0,atlas_het,node_classification,graphatlas_c,graphatlas_certified,0,0,1,outputs\.work\runs\atlas_het\graphatlas_c\split-0\seed-0\config-04404eda,outputs\.work\runs\atlas_het\graphatlas_c\split-0\seed-0\config-04404eda\job_config.yaml
atlas_het__node_classification__graphatlas_c__split0__seed1__c7f207b55c9f,c7f207b55c9f,975d6eec98ed54f0,atlas_het,node_classification,graphatlas_c,graphatlas_certified,1,0,1,outputs\.work\runs\atlas_het\graphatlas_c\split-0\seed-1\config-c7f207b5,outputs\.work\runs\atlas_het\graphatlas_c\split-0\seed-1\config-c7f207b5\job_config.yaml
atlas_het__node_classification__graphatlas_c__split0__seed2__b0e7aa23b1be,b0e7aa23b1be,975d6eec98ed54f0,atlas_het,node_classification,graphatlas_c,graphatlas_certified,2,0,1,outputs\.work\runs\atlas_het\graphatlas_c\split-0\seed-2\config-b0e7aa23,outputs\.work\runs\atlas_het\graphatlas_c\split-0\seed-2\config-b0e7aa23\job_config.yaml
atlas_het__node_classification__graphatlas_c_beta_minus_1__split0__seed0__f90ef6f4fd6e,f90ef6f4fd6e,975d6eec98ed54f0,atlas_het,node_classification,graphatlas_c_beta_minus_1,graphatlas_certified,0,0,1,outputs\.work\runs\atlas_het\graphatlas_c_beta_minus_1\split-0\seed-0\config-f90ef6f4,outputs\.work\runs\atlas_het\graphatlas_c_beta_minus_1\split-0\seed-0\config-f90ef6f4\job_config.yaml
atlas_het__node_classification__graphatlas_c_beta_minus_1__split0__seed1__0d39f72bff1e,0d39f72bff1e,975d6eec98ed54f0,atlas_het,node_classification,graphatlas_c_beta_minus_1,graphatlas_certified,1,0,1,outputs\.work\runs\atlas_het\graphatlas_c_beta_minus_1\split-0\seed-1\config-0d39f72b,outputs\.work\runs\atlas_het\graphatlas_c_beta_minus_1\split-0\seed-1\config-0d39f72b\job_config.yaml
atlas_het__node_classification__graphatlas_c_beta_minus_1__split0__seed2__5cc717a5dbc9,5cc717a5dbc9,975d6eec98ed54f0,atlas_het,node_classification,graphatlas_c_beta_minus_1,graphatlas_certified,2,0,1,outputs\.work\runs\atlas_het\graphatlas_c_beta_minus_1\split-0\seed-2\config-5cc717a5,outputs\.work\runs\atlas_het\graphatlas_c_beta_minus_1\split-0\seed-2\config-5cc717a5\job_config.yaml
atlas_het__node_classification__graphatlas_c_q_shuffle_source__split0__seed0__833007f1ba93,833007f1ba93,975d6eec98ed54f0,atlas_het,node_classification,graphatlas_c_q_shuffle_source,graphatlas_certified,0,0,1,outputs\.work\runs\atlas_het\graphatlas_c_q_shuffle_source\split-0\seed-0\config-833007f1,outputs\.work\runs\atlas_het\graphatlas_c_q_shuffle_source\split-0\seed-0\config-833007f1\job_config.yaml
atlas_het__node_classification__graphatlas_c_q_shuffle_source__split0__seed1__996a01b5dae1,996a01b5dae1,975d6eec98ed54f0,atlas_het,node_classification,graphatlas_c_q_shuffle_source,graphatlas_certified,1,0,1,outputs\.work\runs\atlas_het\graphatlas_c_q_shuffle_source\split-0\seed-1\config-996a01b5,outputs\.work\runs\atlas_het\graphatlas_c_q_shuffle_source\split-0\seed-1\config-996a01b5\job_config.yaml
atlas_het__node_classification__graphatlas_c_q_shuffle_source__split0__seed2__0abe6777a7c3,0abe6777a7c3,975d6eec98ed54f0,atlas_het,node_classification,graphatlas_c_q_shuffle_source,graphatlas_certified,2,0,1,outputs\.work\runs\atlas_het\graphatlas_c_q_shuffle_source\split-0\seed-2\config-0abe6777,outputs\.work\runs\atlas_het\graphatlas_c_q_shuffle_source\split-0\seed-2\config-0abe6777\job_config.yaml
atlas_het__node_classification__graphatlas_c_q_reference__split0__seed0__7214d91ef1a4,7214d91ef1a4,975d6eec98ed54f0,atlas_het,node_classification,graphatlas_c_q_reference,graphatlas_certified,0,0,1,outputs\.work\runs\atlas_het\graphatlas_c_q_reference\split-0\seed-0\config-7214d91e,outputs\.work\runs\atlas_het\graphatlas_c_q_reference\split-0\seed-0\config-7214d91e\job_config.yaml
atlas_het__node_classification__graphatlas_c_q_reference__split0__seed1__2a76e14a7ba9,2a76e14a7ba9,975d6eec98ed54f0,atlas_het,node_classification,graphatlas_c_q_reference,graphatlas_certified,1,0,1,outputs\.work\runs\atlas_het\graphatlas_c_q_reference\split-0\seed-1\config-2a76e14a,outputs\.work\runs\atlas_het\graphatlas_c_q_reference\split-0\seed-1\config-2a76e14a\job_config.yaml
atlas_het__node_classification__graphatlas_c_q_reference__split0__seed2__fc5afc34bb84,fc5afc34bb84,975d6eec98ed54f0,atlas_het,node_classification,graphatlas_c_q_reference,graphatlas_certified,2,0,1,outputs\.work\runs\atlas_het\graphatlas_c_q_reference\split-0\seed-2\config-fc5afc34,outputs\.work\runs\atlas_het\graphatlas_c_q_reference\split-0\seed-2\config-fc5afc34\job_config.yaml
atlas_het__node_classification__graphatlas_c_coordinate_relu__split0__seed0__f540f029a290,f540f029a290,975d6eec98ed54f0,atlas_het,node_classification,graphatlas_c_coordinate_relu,graphatlas_certified,0,0,1,outputs\.work\runs\atlas_het\graphatlas_c_coordinate_relu\split-0\seed-0\config-f540f029,outputs\.work\runs\atlas_het\graphatlas_c_coordinate_relu\split-0\seed-0\config-f540f029\job_config.yaml
atlas_het__node_classification__graphatlas_c_coordinate_relu__split0__seed1__abdcbbe784f1,abdcbbe784f1,975d6eec98ed54f0,atlas_het,node_classification,graphatlas_c_coordinate_relu,graphatlas_certified,1,0,1,outputs\.work\runs\atlas_het\graphatlas_c_coordinate_relu\split-0\seed-1\config-abdcbbe7,outputs\.work\runs\atlas_het\graphatlas_c_coordinate_relu\split-0\seed-1\config-abdcbbe7\job_config.yaml
atlas_het__node_classification__graphatlas_c_coordinate_relu__split0__seed2__a48d1e7f13bb,a48d1e7f13bb,975d6eec98ed54f0,atlas_het,node_classification,graphatlas_c_coordinate_relu,graphatlas_certified,2,0,1,outputs\.work\runs\atlas_het\graphatlas_c_coordinate_relu\split-0\seed-2\config-a48d1e7f,outputs\.work\runs\atlas_het\graphatlas_c_coordinate_relu\split-0\seed-2\config-a48d1e7f\job_config.yaml
