run_id,config_hash,source_hash,dataset,task,model,model_family,seed,split,num_threads,run_dir,job_config
atlas_het__node_classification__graphatlas_c_oracle__split0__seed0__fc13872b7214,fc13872b7214,0e672c999c335af7,atlas_het,node_classification,graphatlas_c_oracle,graphatlas_certified,0,0,1,outputs\.work\runs\atlas_het\graphatlas_c_oracle\split-0\seed-0\config-fc13872b,outputs\.work\runs\atlas_het\graphatlas_c_oracle\split-0\seed-0\config-fc13872b\job_config.yaml
atlas_het__node_classification__graphatlas_c_oracle__split0__seed1__1abf0cc44cdc,1abf0cc44cdc,0e672c999c335af7,atlas_het,node_classification,graphatlas_c_oracle,graphatlas_certified,1,0,1,outputs\.work\runs\atlas_het\graphatlas_c_oracle\split-0\seed-1\config-1abf0cc4,outputs\.work\runs\atlas_het\graphatlas_c_oracle\split-0\seed-1\config-1abf0cc4\job_config.yaml
atlas_het__node_classification__graphatlas_c_oracle__split0__seed2__ebf4b5d707bc,ebf4b5d707bc,0e672c999c335af7,atlas_het,node_classification,graphatlas_c_oracle,graphatlas_certified,2,0,1,outputs\.work\runs\atlas_het\graphatlas_c_oracle\split-0\seed-2\config-ebf4b5d7,outputs\.work\runs\atlas_het\graphatlas_c_oracle\split-0\seed-2\config-ebf4b5d7\job_config.yaml
atlas_het__node_classification__graphatlas_c_oracle__split0__seed3__9439077fa385,9439077fa385,0e672c999c335af7,atlas_het,node_classification,graphatlas_c_oracle,graphatlas_certified,3,0,1,outputs\.work\runs\atlas_het\graphatlas_c_oracle\split-0\seed-3\config-9439077f,outputs\.work\runs\atlas_het\graphatlas_c_oracle\split-0\seed-3\config-9439077f\job_config.yaml
atlas_het__node_classification__graphatlas_c_oracle__split0__seed4__966f154d6937,966f154d6937,0e672c999c335af7,atlas_het,node_classification,graphatlas_c_oracle,graphatlas_certified,4,0,1,outputs\.work\runs\atlas_het\graphatlas_c_oracle\split-0\seed-4\config-966f154d,outputs\.work\runs\atlas_het\graphatlas_c_oracle\split-0\seed-4\config-966f154d\job_config.yaml
atlas_het__node_classification__graphatlas_c_oracle__split0__seed5__20531d5f3ea9,20531d5f3ea9,0e672c999c335af7,atlas_het,node_classification,graphatlas_c_oracle,graphatlas_certified,5,0,1,outputs\.work\runs\atlas_het\graphatlas_c_oracle\split-0\seed-5\config-20531d5f,outputs\.work\runs\atlas_het\graphatlas_c_oracle\split-0\seed-5\config-20531d5f\job_config.yaml
atlas_het__node_classification__graphatlas_c_oracle__split0__seed6__d91f35a261f9,d91f35a261f9,0e672c999c335af7,atlas_het,node_classification,graphatlas_c_oracle,graphatlas_certified,6,0,1,outputs\.work\runs\atlas_het\graphatlas_c_oracle\split-0\seed-6\config-d91f35a2,outputs\.work\runs\atlas_het\graphatlas_c_oracle\split-0\seed-6\config-d91f35a2\job_config.yaml
atlas_het__node_classification__graphatlas_c_oracle__split0__seed7__95b4927d16ec,95b4927d16ec,0e672c999c335af7,atlas_het,node_classification,graphatlas_c_oracle,graphatlas_certified,7,0,1,outputs\.work\runs\atlas_het\graphatlas_c_oracle\split-0\seed-7\config-95b4927d,outputs\.work\runs\atlas_het\graphatlas_c_oracle\split-0\seed-7\config-95b4927d\job_config.yaml
atlas_het__node_classification__graphatlas_c_oracle__split0__seed8__0412d120c220,0412d120c220,0e672c999c335af7,atlas_het,node_classification,graphatlas_c_oracle,graphatlas_certified,8,0,1,outputs\.work\runs\atlas_het\graphatlas_c_oracle\split-0\seed-8\config-0412d120,outputs\.work\runs\atlas_het\graphatlas_c_oracle\split-0\seed-8\config-0412d120\job_config.yaml
atlas_het__node_classification__graphatlas_c_oracle__split0__seed9__5a50cbd37d8e,5a50cbd37d8e,0e672c999c335af7,atlas_het,node_classification,graphatlas_c_oracle,graphatlas_certified,9,0,1,outputs\.work\runs\atlas_het\graphatlas_c_oracle\split-0\seed-9\config-5a50cbd3,outputs\.work\runs\atlas_het\graphatlas_c_oracle\split-0\seed-9\config-5a50cbd3\job_config.yaml
atlas_het__node_classification__graphatlas_c__split0__seed0__a61546914057,a61546914057,0e672c999c335af7,atlas_het,node_classification,graphatlas_c,graphatlas_certified,0,0,1,outputs\.work\runs\atlas_het\graphatlas_c\split-0\seed-0\config-a6154691,outputs\.work\runs\atlas_het\graphatlas_c\split-0\seed-0\config-a6154691\job_config.yaml
atlas_het__node_classification__graphatlas_c__split0__seed1__40aabbd0090a,40aabbd0090a,0e672c999c335af7,atlas_het,node_classification,graphatlas_c,graphatlas_certified,1,0,1,outputs\.work\runs\atlas_het\graphatlas_c\split-0\seed-1\config-40aabbd0,outputs\.work\runs\atlas_het\graphatlas_c\split-0\seed-1\config-40aabbd0\job_config.yaml
atlas_het__node_classification__graphatlas_c__split0__seed2__17ae4b194797,17ae4b194797,0e672c999c335af7,atlas_het,node_classification,graphatlas_c,graphatlas_certified,2,0,1,outputs\.work\runs\atlas_het\graphatlas_c\split-0\seed-2\config-17ae4b19,outputs\.work\runs\atlas_het\graphatlas_c\split-0\seed-2\config-17ae4b19\job_config.yaml
atlas_het__node_classification__graphatlas_c__split0__seed3__7dc252f3d0d8,7dc252f3d0d8,0e672c999c335af7,atlas_het,node_classification,graphatlas_c,graphatlas_certified,3,0,1,outputs\.work\runs\atlas_het\graphatlas_c\split-0\seed-3\config-7dc252f3,outputs\.work\runs\atlas_het\graphatlas_c\split-0\seed-3\config-7dc252f3\job_config.yaml
atlas_het__node_classification__graphatlas_c__split0__seed4__30238e52011c,30238e52011c,0e672c999c335af7,atlas_het,node_classification,graphatlas_c,graphatlas_certified,4,0,1,outputs\.work\runs\atlas_het\graphatlas_c\split-0\seed-4\config-30238e52,outputs\.work\runs\atlas_het\graphatlas_c\split-0\seed-4\config-30238e52\job_config.yaml
atlas_het__node_classification__graphatlas_c__split0__seed5__6b910c25c4e8,6b910c25c4e8,0e672c999c335af7,atlas_het,node_classification,graphatlas_c,graphatlas_certified,5,0,1,outputs\.work\runs\atlas_het\graphatlas_c\split-0\seed-5\config-6b910c25,outputs\.work\runs\atlas_het\graphatlas_c\split-0\seed-5\config-6b910c25\job_config.yaml
atlas_het__node_classification__graphatlas_c__split0__seed6__a46d66431cd6,a46d66431cd6,0e672c999c335af7,atlas_het,node_classification,graphatlas_c,graphatlas_certified,6,0,1,outputs\.work\runs\atlas_het\graphatlas_c\split-0\seed-6\config-a46d6643,outputs\.work\runs\atlas_het\graphatlas_c\split-0\seed-6\config-a46d6643\job_config.yaml
atlas_het__node_classification__graphatlas_c__split0__seed7__4d83c0fed55f,4d83c0fed55f,0e672c999c335af7,atlas_het,node_classification,graphatlas_c,graphatlas_certified,7,0,1,outputs\.work\runs\atlas_het\graphatlas_c\split-0\seed-7\config-4d83c0fe,outputs\.work\runs\atlas_het\graphatlas_c\split-0\seed-7\config-4d83c0fe\job_config.yaml
atlas_het__node_classification__graphatlas_c__split0__seed8__8881f97188c2,8881f97188c2,0e672c999c335af7,atlas_het,node_classification,graphatlas_c,graphatlas_certified,8,0,1,outputs\.work\runs\atlas_het\graphatlas_c\split-0\seed-8\config-8881f971,outputs\.work\runs\atlas_het\graphatlas_c\split-0\seed-8\config-8881f971\job_config.yaml
atlas_het__node_classification__graphatlas_c__split0__seed9__2ac5388900a3,2ac5388900a3,0e672c999c335af7,atlas_het,node_classification,graphatlas_c,graphatlas_certified,9,0,1,outputs\.work\runs\atlas_het\graphatlas_c\split-0\seed-9\config-2ac53889,outputs\.work\runs\atlas_het\graphatlas_c\split-0\seed-9\config-2ac53889\job_config.yaml
atlas_het__node_classification__graphatlas_original__split0__seed0__ae1517b3ab41,ae1517b3ab41,0e672c999c335af7,atlas_het,node_classification,graphatlas_original,graphatlas,0,0,1,outputs\.work\runs\atlas_het\graphatlas_original\split-0\seed-0\config-ae1517b3,outputs\.work\runs\atlas_het\graphatlas_original\split-0\seed-0\config-ae1517b3\job_config.yaml
atlas_het__node_classification__graphatlas_original__split0__seed1__432fdcef0f40,432fdcef0f40,0e672c999c335af7,atlas_het,node_classification,graphatlas_original,graphatlas,1,0,1,outputs\.work\runs\atlas_het\graphatlas_original\split-0\seed-1\config-432fdcef,outputs\.work\runs\atlas_het\graphatlas_original\split-0\seed-1\config-432fdcef\job_config.yaml
atlas_het__node_classification__graphatlas_original__split0__seed2__f554df79b651,f554df79b651,0e672c999c335af7,atlas_het,node_classification,graphatlas_original,graphatlas,2,0,1,outputs\.work\runs\atlas_het\graphatlas_original\split-0\seed-2\config-f554df79,outputs\.work\runs\atlas_het\graphatlas_original\split-0\seed-2\config-f554df79\job_config.yaml
atlas_het__node_classification__graphatlas_original__split0__seed3__e1a2825f3963,e1a2825f3963,0e672c999c335af7,atlas_het,node_classification,graphatlas_original,graphatlas,3,0,1,outputs\.work\runs\atlas_het\graphatlas_original\split-0\seed-3\config-e1a2825f,outputs\.work\runs\atlas_het\graphatlas_original\split-0\seed-3\config-e1a2825f\job_config.yaml
atlas_het__node_classification__graphatlas_original__split0__seed4__fa07bc56f4af,fa07bc56f4af,0e672c999c335af7,atlas_het,node_classification,graphatlas_original,graphatlas,4,0,1,outputs\.work\runs\atlas_het\graphatlas_original\split-0\seed-4\config-fa07bc56,outputs\.work\runs\atlas_het\graphatlas_original\split-0\seed-4\config-fa07bc56\job_config.yaml
atlas_het__node_classification__graphatlas_original__split0__seed5__2c7eb4702b72,2c7eb4702b72,0e672c999c335af7,atlas_het,node_classification,graphatlas_original,graphatlas,5,0,1,outputs\.work\runs\atlas_het\graphatlas_original\split-0\seed-5\config-2c7eb470,outputs\.work\runs\atlas_het\graphatlas_original\split-0\seed-5\config-2c7eb470\job_config.yaml
atlas_het__node_classification__graphatlas_original__split0__seed6__67f7506ddec8,67f7506ddec8,0e672c999c335af7,atlas_het,node_classification,graphatlas_original,graphatlas,6,0,1,outputs\.work\runs\atlas_het\graphatlas_original\split-0\seed-6\config-67f7506d,outputs\.work\runs\atlas_het\graphatlas_original\split-0\seed-6\config-67f7506d\job_config.yaml
atlas_het__node_classification__graphatlas_original__split0__seed7__c4d470792af3,c4d470792af3,0e672c999c335af7,atlas_het,node_classification,graphatlas_original,graphatlas,7,0,1,outputs\.work\runs\atlas_het\graphatlas_original\split-0\seed-7\config-c4d47079,outputs\.work\runs\atlas_het\graphatlas_original\split-0\seed-7\config-c4d47079\job_config.yaml
atlas_het__node_classification__graphatlas_original__split0__seed8__914be5d81a5f,914be5d81a5f,0e672c999c335af7,atlas_het,node_classification,graphatlas_original,graphatlas,8,0,1,outputs\.work\runs\atlas_het\graphatlas_original\split-0\seed-8\config-914be5d8,outputs\.work\runs\atlas_het\graphatlas_original\split-0\seed-8\config-914be5d8\job_config.yaml
atlas_het__node_classification__graphatlas_original__split0__seed9__c85701990e03,c85701990e03,0e672c999c335af7,atlas_het,node_classification,graphatlas_original,graphatlas,9,0,1,outputs\.work\runs\atlas_het\graphatlas_original\split-0\seed-9\config-c8570199,outputs\.work\runs\atlas_het\graphatlas_original\split-0\seed-9\config-c8570199\job_config.yaml
atlas_het__node_classification__graphatlas_free_transition__split0__seed0__4d19e9dcf8b1,4d19e9dcf8b1,0e672c999c335af7,atlas_het,node_classification,graphatlas_free_transition,graphatlas_free_transition,0,0,1,outputs\.work\runs\atlas_het\graphatlas_free_transition\split-0\seed-0\config-4d19e9dc,outputs\.work\runs\atlas_het\graphatlas_free_transition\split-0\seed-0\config-4d19e9dc\job_config.yaml
atlas_het__node_classification__graphatlas_free_transition__split0__seed1__caf497bb53bc,caf497bb53bc,0e672c999c335af7,atlas_het,node_classification,graphatlas_free_transition,graphatlas_free_transition,1,0,1,outputs\.work\runs\atlas_het\graphatlas_free_transition\split-0\seed-1\config-caf497bb,outputs\.work\runs\atlas_het\graphatlas_free_transition\split-0\seed-1\config-caf497bb\job_config.yaml
atlas_het__node_classification__graphatlas_free_transition__split0__seed2__dc27d9335040,dc27d9335040,0e672c999c335af7,atlas_het,node_classification,graphatlas_free_transition,graphatlas_free_transition,2,0,1,outputs\.work\runs\atlas_het\graphatlas_free_transition\split-0\seed-2\config-dc27d933,outputs\.work\runs\atlas_het\graphatlas_free_transition\split-0\seed-2\config-dc27d933\job_config.yaml
atlas_het__node_classification__graphatlas_free_transition__split0__seed3__d095eb9e3e6e,d095eb9e3e6e,0e672c999c335af7,atlas_het,node_classification,graphatlas_free_transition,graphatlas_free_transition,3,0,1,outputs\.work\runs\atlas_het\graphatlas_free_transition\split-0\seed-3\config-d095eb9e,outputs\.work\runs\atlas_het\graphatlas_free_transition\split-0\seed-3\config-d095eb9e\job_config.yaml
atlas_het__node_classification__graphatlas_free_transition__split0__seed4__5c9019ac557a,5c9019ac557a,0e672c999c335af7,atlas_het,node_classification,graphatlas_free_transition,graphatlas_free_transition,4,0,1,outputs\.work\runs\atlas_het\graphatlas_free_transition\split-0\seed-4\config-5c9019ac,outputs\.work\runs\atlas_het\graphatlas_free_transition\split-0\seed-4\config-5c9019ac\job_config.yaml
atlas_het__node_classification__graphatlas_free_transition__split0__seed5__ddd0463cc27e,ddd0463cc27e,0e672c999c335af7,atlas_het,node_classification,graphatlas_free_transition,graphatlas_free_transition,5,0,1,outputs\.work\runs\atlas_het\graphatlas_free_transition\split-0\seed-5\config-ddd0463c,outputs\.work\runs\atlas_het\graphatlas_free_transition\split-0\seed-5\config-ddd0463c\job_config.yaml
atlas_het__node_classification__graphatlas_free_transition__split0__seed6__5341d47bee53,5341d47bee53,0e672c999c335af7,atlas_het,node_classification,graphatlas_free_transition,graphatlas_free_transition,6,0,1,outputs\.work\runs\atlas_het\graphatlas_free_transition\split-0\seed-6\config-5341d47b,outputs\.work\runs\atlas_het\graphatlas_free_transition\split-0\seed-6\config-5341d47b\job_config.yaml
atlas_het__node_classification__graphatlas_free_transition__split0__seed7__1b6332c0711d,1b6332c0711d,0e672c999c335af7,atlas_het,node_classification,graphatlas_free_transition,graphatlas_free_transition,7,0,1,outputs\.work\runs\atlas_het\graphatlas_free_transition\split-0\seed-7\config-1b6332c0,outputs\.work\runs\atlas_het\graphatlas_free_transition\split-0\seed-7\config-1b6332c0\job_config.yaml
atlas_het__node_classification__graphatlas_free_transition__split0__seed8__b85d3b8cae6e,b85d3b8cae6e,0e672c999c335af7,atlas_het,node_classification,graphatlas_free_transition,graphatlas_free_transition,8,0,1,outputs\.work\runs\atlas_het\graphatlas_free_transition\split-0\seed-8\config-b85d3b8c,outputs\.work\runs\atlas_het\graphatlas_free_transition\split-0\seed-8\config-b85d3b8c\job_config.yaml
atlas_het__node_classification__graphatlas_free_transition__split0__seed9__9882dfe9578b,9882dfe9578b,0e672c999c335af7,atlas_het,node_classification,graphatlas_free_transition,graphatlas_free_transition,9,0,1,outputs\.work\runs\atlas_het\graphatlas_free_transition\split-0\seed-9\config-9882dfe9,outputs\.work\runs\atlas_het\graphatlas_free_transition\split-0\seed-9\config-9882dfe9\job_config.yaml
atlas_het__node_classification__graphatlas_no_transport__split0__seed0__aea0315d8c3e,aea0315d8c3e,0e672c999c335af7,atlas_het,node_classification,graphatlas_no_transport,graphatlas_no_transport,0,0,1,outputs\.work\runs\atlas_het\graphatlas_no_transport\split-0\seed-0\config-aea0315d,outputs\.work\runs\atlas_het\graphatlas_no_transport\split-0\seed-0\config-aea0315d\job_config.yaml
atlas_het__node_classification__graphatlas_no_transport__split0__seed1__d5f1b6321b5c,d5f1b6321b5c,0e672c999c335af7,atlas_het,node_classification,graphatlas_no_transport,graphatlas_no_transport,1,0,1,outputs\.work\runs\atlas_het\graphatlas_no_transport\split-0\seed-1\config-d5f1b632,outputs\.work\runs\atlas_het\graphatlas_no_transport\split-0\seed-1\config-d5f1b632\job_config.yaml
atlas_het__node_classification__graphatlas_no_transport__split0__seed2__3c77c658c678,3c77c658c678,0e672c999c335af7,atlas_het,node_classification,graphatlas_no_transport,graphatlas_no_transport,2,0,1,outputs\.work\runs\atlas_het\graphatlas_no_transport\split-0\seed-2\config-3c77c658,outputs\.work\runs\atlas_het\graphatlas_no_transport\split-0\seed-2\config-3c77c658\job_config.yaml
atlas_het__node_classification__graphatlas_no_transport__split0__seed3__89c45427b433,89c45427b433,0e672c999c335af7,atlas_het,node_classification,graphatlas_no_transport,graphatlas_no_transport,3,0,1,outputs\.work\runs\atlas_het\graphatlas_no_transport\split-0\seed-3\config-89c45427,outputs\.work\runs\atlas_het\graphatlas_no_transport\split-0\seed-3\config-89c45427\job_config.yaml
atlas_het__node_classification__graphatlas_no_transport__split0__seed4__ca25cd3b0e57,ca25cd3b0e57,0e672c999c335af7,atlas_het,node_classification,graphatlas_no_transport,graphatlas_no_transport,4,0,1,outputs\.work\runs\atlas_het\graphatlas_no_transport\split-0\seed-4\config-ca25cd3b,outputs\.work\runs\atlas_het\graphatlas_no_transport\split-0\seed-4\config-ca25cd3b\job_config.yaml
atlas_het__node_classification__graphatlas_no_transport__split0__seed5__85e9a613468c,85e9a613468c,0e672c999c335af7,atlas_het,node_classification,graphatlas_no_transport,graphatlas_no_transport,5,0,1,outputs\.work\runs\atlas_het\graphatlas_no_transport\split-0\seed-5\config-85e9a613,outputs\.work\runs\atlas_het\graphatlas_no_transport\split-0\seed-5\config-85e9a613\job_config.yaml
atlas_het__node_classification__graphatlas_no_transport__split0__seed6__f5e3edd98288,f5e3edd98288,0e672c999c335af7,atlas_het,node_classification,graphatlas_no_transport,graphatlas_no_transport,6,0,1,outputs\.work\runs\atlas_het\graphatlas_no_transport\split-0\seed-6\config-f5e3edd9,outputs\.work\runs\atlas_het\graphatlas_no_transport\split-0\seed-6\config-f5e3edd9\job_config.yaml
atlas_het__node_classification__graphatlas_no_transport__split0__seed7__f201bea8d158,f201bea8d158,0e672c999c335af7,atlas_het,node_classification,graphatlas_no_transport,graphatlas_no_transport,7,0,1,outputs\.work\runs\atlas_het\graphatlas_no_transport\split-0\seed-7\config-f201bea8,outputs\.work\runs\atlas_het\graphatlas_no_transport\split-0\seed-7\config-f201bea8\job_config.yaml
atlas_het__node_classification__graphatlas_no_transport__split0__seed8__dd86f5c553ea,dd86f5c553ea,0e672c999c335af7,atlas_het,node_classification,graphatlas_no_transport,graphatlas_no_transport,8,0,1,outputs\.work\runs\atlas_het\graphatlas_no_transport\split-0\seed-8\config-dd86f5c5,outputs\.work\runs\atlas_het\graphatlas_no_transport\split-0\seed-8\config-dd86f5c5\job_config.yaml
atlas_het__node_classification__graphatlas_no_transport__split0__seed9__752137a0fac8,752137a0fac8,0e672c999c335af7,atlas_het,node_classification,graphatlas_no_transport,graphatlas_no_transport,9,0,1,outputs\.work\runs\atlas_het\graphatlas_no_transport\split-0\seed-9\config-752137a0,outputs\.work\runs\atlas_het\graphatlas_no_transport\split-0\seed-9\config-752137a0\job_config.yaml
atlas_het__node_classification__graphatlas_c_oracle__split0__seed0__56cbb90f4b62,56cbb90f4b62,0e672c999c335af7,atlas_het,node_classification,graphatlas_c_oracle,graphatlas_certified,0,0,1,outputs\.work\runs\atlas_het\graphatlas_c_oracle\split-0\seed-0\config-56cbb90f,outputs\.work\runs\atlas_het\graphatlas_c_oracle\split-0\seed-0\config-56cbb90f\job_config.yaml
atlas_het__node_classification__graphatlas_c_oracle__split0__seed1__a830736a0817,a830736a0817,0e672c999c335af7,atlas_het,node_classification,graphatlas_c_oracle,graphatlas_certified,1,0,1,outputs\.work\runs\atlas_het\graphatlas_c_oracle\split-0\seed-1\config-a830736a,outputs\.work\runs\atlas_het\graphatlas_c_oracle\split-0\seed-1\config-a830736a\job_config.yaml
atlas_het__node_classification__graphatlas_c_oracle__split0__seed2__1addac5dfc0a,1addac5dfc0a,0e672c999c335af7,atlas_het,node_classification,graphatlas_c_oracle,graphatlas_certified,2,0,1,outputs\.work\runs\atlas_het\graphatlas_c_oracle\split-0\seed-2\config-1addac5d,outputs\.work\runs\atlas_het\graphatlas_c_oracle\split-0\seed-2\config-1addac5d\job_config.yaml
atlas_het__node_classification__graphatlas_c_oracle__split0__seed3__faddd874fe10,faddd874fe10,0e672c999c335af7,atlas_het,node_classification,graphatlas_c_oracle,graphatlas_certified,3,0,1,outputs\.work\runs\atlas_het\graphatlas_c_oracle\split-0\seed-3\config-faddd874,outputs\.work\runs\atlas_het\graphatlas_c_oracle\split-0\seed-3\config-faddd874\job_config.yaml
atlas_het__node_classification__graphatlas_c_oracle__split0__seed4__e6fec2ec75ba,e6fec2ec75ba,0e672c999c335af7,atlas_het,node_classification,graphatlas_c_oracle,graphatlas_certified,4,0,1,outputs\.work\runs\atlas_het\graphatlas_c_oracle\split-0\seed-4\config-e6fec2ec,outputs\.work\runs\atlas_het\graphatlas_c_oracle\split-0\seed-4\config-e6fec2ec\job_config.yaml
atlas_het__node_classification__graphatlas_c_oracle__split0__seed5__57b72fb5d2fb,57b72fb5d2fb,0e672c999c335af7,atlas_het,node_classification,graphatlas_c_oracle,graphatlas_certified,5,0,1,outputs\.work\runs\atlas_het\graphatlas_c_oracle\split-0\seed-5\config-57b72fb5,outputs\.work\runs\atlas_het\graphatlas_c_oracle\split-0\seed-5\config-57b72fb5\job_config.yaml
atlas_het__node_classification__graphatlas_c_oracle__split0__seed6__956ebca62c20,956ebca62c20,0e672c999c335af7,atlas_het,node_classification,graphatlas_c_oracle,graphatlas_certified,6,0,1,outputs\.work\runs\atlas_het\graphatlas_c_oracle\split-0\seed-6\config-956ebca6,outputs\.work\runs\atlas_het\graphatlas_c_oracle\split-0\seed-6\config-956ebca6\job_config.yaml
atlas_het__node_classification__graphatlas_c_oracle__split0__seed7__e4e8a30066ee,e4e8a30066ee,0e672c999c335af7,atlas_het,node_classification,graphatlas_c_oracle,graphatlas_certified,7,0,1,outputs\.work\runs\atlas_het\graphatlas_c_oracle\split-0\seed-7\config-e4e8a300,outputs\.work\runs\atlas_het\graphatlas_c_oracle\split-0\seed-7\config-e4e8a300\job_config.yaml
atlas_het__node_classification__graphatlas_c_oracle__split0__seed8__9abc4073f1ca,9abc4073f1ca,0e672c999c335af7,atlas_het,node_classification,graphatlas_c_oracle,graphatlas_certified,8,0,1,outputs\.work\runs\atlas_het\graphatlas_c_oracle\split-0\seed-8\config-9abc4073,outputs\.work\runs\atlas_het\graphatlas_c_oracle\split-0\seed-8\config-9abc4073\job_config.yaml
atlas_het__node_classification__graphatlas_c_oracle__split0__seed9__605b61e88d77,605b61e88d77,0e672c999c335af7,atlas_het,node_classification,graphatlas_c_oracle,graphatlas_certified,9,0,1,outputs\.work\runs\atlas_het\graphatlas_c_oracle\split-0\seed-9\config-605b61e8,outputs\.work\runs\atlas_het\graphatlas_c_oracle\split-0\seed-9\config-605b61e8\job_config.yaml
atlas_het__node_classification__graphatlas_c__split0__seed0__c0abbe5946cb,c0abbe5946cb,0e672c999c335af7,atlas_het,node_classification,graphatlas_c,graphatlas_certified,0,0,1,outputs\.work\runs\atlas_het\graphatlas_c\split-0\seed-0\config-c0abbe59,outputs\.work\runs\atlas_het\graphatlas_c\split-0\seed-0\config-c0abbe59\job_config.yaml
atlas_het__node_classification__graphatlas_c__split0__seed1__fd831f1f1e88,fd831f1f1e88,0e672c999c335af7,atlas_het,node_classification,graphatlas_c,graphatlas_certified,1,0,1,outputs\.work\runs\atlas_het\graphatlas_c\split-0\seed-1\config-fd831f1f,outputs\.work\runs\atlas_het\graphatlas_c\split-0\seed-1\config-fd831f1f\job_config.yaml
atlas_het__node_classification__graphatlas_c__split0__seed2__0ffaa7474b73,0ffaa7474b73,0e672c999c335af7,atlas_het,node_classification,graphatlas_c,graphatlas_certified,2,0,1,outputs\.work\runs\atlas_het\graphatlas_c\split-0\seed-2\config-0ffaa747,outputs\.work\runs\atlas_het\graphatlas_c\split-0\seed-2\config-0ffaa747\job_config.yaml
atlas_het__node_classification__graphatlas_c__split0__seed3__8a329a2d84ce,8a329a2d84ce,0e672c999c335af7,atlas_het,node_classification,graphatlas_c,graphatlas_certified,3,0,1,outputs\.work\runs\atlas_het\graphatlas_c\split-0\seed-3\config-8a329a2d,outputs\.work\runs\atlas_het\graphatlas_c\split-0\seed-3\config-8a329a2d\job_config.yaml
atlas_het__node_classification__graphatlas_c__split0__seed4__40242194f40b,40242194f40b,0e672c999c335af7,atlas_het,node_classification,graphatlas_c,graphatlas_certified,4,0,1,outputs\.work\runs\atlas_het\graphatlas_c\split-0\seed-4\config-40242194,outputs\.work\runs\atlas_het\graphatlas_c\split-0\seed-4\config-40242194\job_config.yaml
atlas_het__node_classification__graphatlas_c__split0__seed5__765bc9a6f405,765bc9a6f405,0e672c999c335af7,atlas_het,node_classification,graphatlas_c,graphatlas_certified,5,0,1,outputs\.work\runs\atlas_het\graphatlas_c\split-0\seed-5\config-765bc9a6,outputs\.work\runs\atlas_het\graphatlas_c\split-0\seed-5\config-765bc9a6\job_config.yaml
atlas_het__node_classification__graphatlas_c__split0__seed6__01a4dee3fae1,01a4dee3fae1,0e672c999c335af7,atlas_het,node_classification,graphatlas_c,graphatlas_certified,6,0,1,outputs\.work\runs\atlas_het\graphatlas_c\split-0\seed-6\config-01a4dee3,outputs\.work\runs\atlas_het\graphatlas_c\split-0\seed-6\config-01a4dee3\job_config.yaml
atlas_het__node_classification__graphatlas_c__split0__seed7__62a5313928f3,62a5313928f3,0e672c999c335af7,atlas_het,node_classification,graphatlas_c,graphatlas_certified,7,0,1,outputs\.work\runs\atlas_het\graphatlas_c\split-0\seed-7\config-62a53139,outputs\.work\runs\atlas_het\graphatlas_c\split-0\seed-7\config-62a53139\job_config.yaml
atlas_het__node_classification__graphatlas_c__split0__seed8__e0fdf858bc61,e0fdf858bc61,0e672c999c335af7,atlas_het,node_classification,graphatlas_c,graphatlas_certified,8,0,1,outputs\.work\runs\atlas_het\graphatlas_c\split-0\seed-8\config-e0fdf858,outputs\.work\runs\atlas_het\graphatlas_c\split-0\seed-8\config-e0fdf858\job_config.yaml
atlas_het__node_classification__graphatlas_c__split0__seed9__12e9ad6a03c5,12e9ad6a03c5,0e672c999c335af7,atlas_het,node_classification,graphatlas_c,graphatlas_certified,9,0,1,outputs\.work\runs\atlas_het\graphatlas_c\split-0\seed-9\config-12e9ad6a,outputs\.work\runs\atlas_het\graphatlas_c\split-0\seed-9\config-12e9ad6a\job_config.yaml
atlas_het__node_classification__graphatlas_original__split0__seed0__241c2f85ed61,241c2f85ed61,0e672c999c335af7,atlas_het,node_classification,graphatlas_original,graphatlas,0,0,1,outputs\.work\runs\atlas_het\graphatlas_original\split-0\seed-0\config-241c2f85,outputs\.work\runs\atlas_het\graphatlas_original\split-0\seed-0\config-241c2f85\job_config.yaml
atlas_het__node_classification__graphatlas_original__split0__seed1__b0c932ac670f,b0c932ac670f,0e672c999c335af7,atlas_het,node_classification,graphatlas_original,graphatlas,1,0,1,outputs\.work\runs\atlas_het\graphatlas_original\split-0\seed-1\config-b0c932ac,outputs\.work\runs\atlas_het\graphatlas_original\split-0\seed-1\config-b0c932ac\job_config.yaml
atlas_het__node_classification__graphatlas_original__split0__seed2__0c30f2d0c574,0c30f2d0c574,0e672c999c335af7,atlas_het,node_classification,graphatlas_original,graphatlas,2,0,1,outputs\.work\runs\atlas_het\graphatlas_original\split-0\seed-2\config-0c30f2d0,outputs\.work\runs\atlas_het\graphatlas_original\split-0\seed-2\config-0c30f2d0\job_config.yaml
atlas_het__node_classification__graphatlas_original__split0__seed3__35e515062caf,35e515062caf,0e672c999c335af7,atlas_het,node_classification,graphatlas_original,graphatlas,3,0,1,outputs\.work\runs\atlas_het\graphatlas_original\split-0\seed-3\config-35e51506,outputs\.work\runs\atlas_het\graphatlas_original\split-0\seed-3\config-35e51506\job_config.yaml
atlas_het__node_classification__graphatlas_original__split0__seed4__74bcad3fd4da,74bcad3fd4da,0e672c999c335af7,atlas_het,node_classification,graphatlas_original,graphatlas,4,0,1,outputs\.work\runs\atlas_het\graphatlas_original\split-0\seed-4\config-74bcad3f,outputs\.work\runs\atlas_het\graphatlas_original\split-0\seed-4\config-74bcad3f\job_config.yaml
atlas_het__node_classification__graphatlas_original__split0__seed5__2543626d17f5,2543626d17f5,0e672c999c335af7,atlas_het,node_classification,graphatlas_original,graphatlas,5,0,1,outputs\.work\runs\atlas_het\graphatlas_original\split-0\seed-5\config-2543626d,outputs\.work\runs\atlas_het\graphatlas_original\split-0\seed-5\config-2543626d\job_config.yaml
atlas_het__node_classification__graphatlas_original__split0__seed6__cb26e4bf6aed,cb26e4bf6aed,0e672c999c335af7,atlas_het,node_classification,graphatlas_original,graphatlas,6,0,1,outputs\.work\runs\atlas_het\graphatlas_original\split-0\seed-6\config-cb26e4bf,outputs\.work\runs\atlas_het\graphatlas_original\split-0\seed-6\config-cb26e4bf\job_config.yaml
atlas_het__node_classification__graphatlas_original__split0__seed7__4de5d304d17f,4de5d304d17f,0e672c999c335af7,atlas_het,node_classification,graphatlas_original,graphatlas,7,0,1,outputs\.work\runs\atlas_het\graphatlas_original\split-0\seed-7\config-4de5d304,outputs\.work\runs\atlas_het\graphatlas_original\split-0\seed-7\config-4de5d304\job_config.yaml
atlas_het__node_classification__graphatlas_original__split0__seed8__2cf6fd2648ea,2cf6fd2648ea,0e672c999c335af7,atlas_het,node_classification,graphatlas_original,graphatlas,8,0,1,outputs\.work\runs\atlas_het\graphatlas_original\split-0\seed-8\config-2cf6fd26,outputs\.work\runs\atlas_het\graphatlas_original\split-0\seed-8\config-2cf6fd26\job_config.yaml
atlas_het__node_classification__graphatlas_original__split0__seed9__4d8c88c48105,4d8c88c48105,0e672c999c335af7,atlas_het,node_classification,graphatlas_original,graphatlas,9,0,1,outputs\.work\runs\atlas_het\graphatlas_original\split-0\seed-9\config-4d8c88c4,outputs\.work\runs\atlas_het\graphatlas_original\split-0\seed-9\config-4d8c88c4\job_config.yaml
atlas_het__node_classification__graphatlas_free_transition__split0__seed0__6c46a44c63b5,6c46a44c63b5,0e672c999c335af7,atlas_het,node_classification,graphatlas_free_transition,graphatlas_free_transition,0,0,1,outputs\.work\runs\atlas_het\graphatlas_free_transition\split-0\seed-0\config-6c46a44c,outputs\.work\runs\atlas_het\graphatlas_free_transition\split-0\seed-0\config-6c46a44c\job_config.yaml
atlas_het__node_classification__graphatlas_free_transition__split0__seed1__8a43d4de4c04,8a43d4de4c04,0e672c999c335af7,atlas_het,node_classification,graphatlas_free_transition,graphatlas_free_transition,1,0,1,outputs\.work\runs\atlas_het\graphatlas_free_transition\split-0\seed-1\config-8a43d4de,outputs\.work\runs\atlas_het\graphatlas_free_transition\split-0\seed-1\config-8a43d4de\job_config.yaml
atlas_het__node_classification__graphatlas_free_transition__split0__seed2__4627a849bcf3,4627a849bcf3,0e672c999c335af7,atlas_het,node_classification,graphatlas_free_transition,graphatlas_free_transition,2,0,1,outputs\.work\runs\atlas_het\graphatlas_free_transition\split-0\seed-2\config-4627a849,outputs\.work\runs\atlas_het\graphatlas_free_transition\split-0\seed-2\config-4627a849\job_config.yaml
atlas_het__node_classification__graphatlas_free_transition__split0__seed3__26572cdb7f83,26572cdb7f83,0e672c999c335af7,atlas_het,node_classification,graphatlas_free_transition,graphatlas_free_transition,3,0,1,outputs\.work\runs\atlas_het\graphatlas_free_transition\split-0\seed-3\config-26572cdb,outputs\.work\runs\atlas_het\graphatlas_free_transition\split-0\seed-3\config-26572cdb\job_config.yaml
atlas_het__node_classification__graphatlas_free_transition__split0__seed4__e6aa338ecddf,e6aa338ecddf,0e672c999c335af7,atlas_het,node_classification,graphatlas_free_transition,graphatlas_free_transition,4,0,1,outputs\.work\runs\atlas_het\graphatlas_free_transition\split-0\seed-4\config-e6aa338e,outputs\.work\runs\atlas_het\graphatlas_free_transition\split-0\seed-4\config-e6aa338e\job_config.yaml
atlas_het__node_classification__graphatlas_free_transition__split0__seed5__2fcc2282b71c,2fcc2282b71c,0e672c999c335af7,atlas_het,node_classification,graphatlas_free_transition,graphatlas_free_transition,5,0,1,outputs\.work\runs\atlas_het\graphatlas_free_transition\split-0\seed-5\config-2fcc2282,outputs\.work\runs\atlas_het\graphatlas_free_transition\split-0\seed-5\config-2fcc2282\job_config.yaml
atlas_het__node_classification__graphatlas_free_transition__split0__seed6__6c6d715e4b16,6c6d715e4b16,0e672c999c335af7,atlas_het,node_classification,graphatlas_free_transition,graphatlas_free_transition,6,0,1,outputs\.work\runs\atlas_het\graphatlas_free_transition\split-0\seed-6\config-6c6d715e,outputs\.work\runs\atlas_het\graphatlas_free_transition\split-0\seed-6\config-6c6d715e\job_config.yaml
atlas_het__node_classification__graphatlas_free_transition__split0__seed7__2e929608790e,2e929608790e,0e672c999c335af7,atlas_het,node_classification,graphatlas_free_transition,graphatlas_free_transition,7,0,1,outputs\.work\runs\atlas_het\graphatlas_free_transition\split-0\seed-7\config-2e929608,outputs\.work\runs\atlas_het\graphatlas_free_transition\split-0\seed-7\config-2e929608\job_config.yaml
atlas_het__node_classification__graphatlas_free_transition__split0__seed8__f7a0a0c373de,f7a0a0c373de,0e672c999c335af7,atlas_het,node_classification,graphatlas_free_transition,graphatlas_free_transition,8,0,1,outputs\.work\runs\atlas_het\graphatlas_free_transition\split-0\seed-8\config-f7a0a0c3,outputs\.work\runs\atlas_het\graphatlas_free_transition\split-0\seed-8\config-f7a0a0c3\job_config.yaml
atlas_het__node_classification__graphatlas_free_transition__split0__seed9__377eb8e2d097,377eb8e2d097,0e672c999c335af7,atlas_het,node_classification,graphatlas_free_transition,graphatlas_free_transition,9,0,1,outputs\.work\runs\atlas_het\graphatlas_free_transition\split-0\seed-9\config-377eb8e2,outputs\.work\runs\atlas_het\graphatlas_free_transition\split-0\seed-9\config-377eb8e2\job_config.yaml
atlas_het__node_classification__graphatlas_no_transport__split0__seed0__1c961ecb7482,1c961ecb7482,0e672c999c335af7,atlas_het,node_classification,graphatlas_no_transport,graphatlas_no_transport,0,0,1,outputs\.work\runs\atlas_het\graphatlas_no_transport\split-0\seed-0\config-1c961ecb,outputs\.work\runs\atlas_het\graphatlas_no_transport\split-0\seed-0\config-1c961ecb\job_config.yaml
atlas_het__node_classification__graphatlas_no_transport__split0__seed1__00f4de09434a,00f4de09434a,0e672c999c335af7,atlas_het,node_classification,graphatlas_no_transport,graphatlas_no_transport,1,0,1,outputs\.work\runs\atlas_het\graphatlas_no_transport\split-0\seed-1\config-00f4de09,outputs\.work\runs\atlas_het\graphatlas_no_transport\split-0\seed-1\config-00f4de09\job_config.yaml
atlas_het__node_classification__graphatlas_no_transport__split0__seed2__dfdbc9a9b80f,dfdbc9a9b80f,0e672c999c335af7,atlas_het,node_classification,graphatlas_no_transport,graphatlas_no_transport,2,0,1,outputs\.work\runs\atlas_het\graphatlas_no_transport\split-0\seed-2\config-dfdbc9a9,outputs\.work\runs\atlas_het\graphatlas_no_transport\split-0\seed-2\config-dfdbc9a9\job_config.yaml
atlas_het__node_classification__graphatlas_no_transport__split0__seed3__a55f1912cb17,a55f1912cb17,0e672c999c335af7,atlas_het,node_classification,graphatlas_no_transport,graphatlas_no_transport,3,0,1,outputs\.work\runs\atlas_het\graphatlas_no_transport\split-0\seed-3\config-a55f1912,outputs\.work\runs\atlas_het\graphatlas_no_transport\split-0\seed-3\config-a55f1912\job_config.yaml
atlas_het__node_classification__graphatlas_no_transport__split0__seed4__bfed5bf1be99,bfed5bf1be99,0e672c999c335af7,atlas_het,node_classification,graphatlas_no_transport,graphatlas_no_transport,4,0,1,outputs\.work\runs\atlas_het\graphatlas_no_transport\split-0\seed-4\config-bfed5bf1,outputs\.work\runs\atlas_het\graphatlas_no_transport\split-0\seed-4\config-bfed5bf1\job_config.yaml
atlas_het__node_classification__graphatlas_no_transport__split0__seed5__9d6ea2678d9f,9d6ea2678d9f,0e672c999c335af7,atlas_het,node_classification,graphatlas_no_transport,graphatlas_no_transport,5,0,1,outputs\.work\runs\atlas_het\graphatlas_no_transport\split-0\seed-5\config-9d6ea267,outputs\.work\runs\atlas_het\graphatlas_no_transport\split-0\seed-5\config-9d6ea267\job_config.yaml
atlas_het__node_classification__graphatlas_no_transport__split0__seed6__4915b4d97738,4915b4d97738,0e672c999c335af7,atlas_het,node_classification,graphatlas_no_transport,graphatlas_no_transport,6,0,1,outputs\.work\runs\atlas_het\graphatlas_no_transport\split-0\seed-6\config-4915b4d9,outputs\.work\runs\atlas_het\graphatlas_no_transport\split-0\seed-6\config-4915b4d9\job_config.yaml
atlas_het__node_classification__graphatlas_no_transport__split0__seed7__6fa304077753,6fa304077753,0e672c999c335af7,atlas_het,node_classification,graphatlas_no_transport,graphatlas_no_transport,7,0,1,outputs\.work\runs\atlas_het\graphatlas_no_transport\split-0\seed-7\config-6fa30407,outputs\.work\runs\atlas_het\graphatlas_no_transport\split-0\seed-7\config-6fa30407\job_config.yaml
atlas_het__node_classification__graphatlas_no_transport__split0__seed8__c788a0ae9d68,c788a0ae9d68,0e672c999c335af7,atlas_het,node_classification,graphatlas_no_transport,graphatlas_no_transport,8,0,1,outputs\.work\runs\atlas_het\graphatlas_no_transport\split-0\seed-8\config-c788a0ae,outputs\.work\runs\atlas_het\graphatlas_no_transport\split-0\seed-8\config-c788a0ae\job_config.yaml
atlas_het__node_classification__graphatlas_no_transport__split0__seed9__7869a4b77ec2,7869a4b77ec2,0e672c999c335af7,atlas_het,node_classification,graphatlas_no_transport,graphatlas_no_transport,9,0,1,outputs\.work\runs\atlas_het\graphatlas_no_transport\split-0\seed-9\config-7869a4b7,outputs\.work\runs\atlas_het\graphatlas_no_transport\split-0\seed-9\config-7869a4b7\job_config.yaml
atlas_het__node_classification__graphatlas_c_oracle__split0__seed0__7d2e46962235,7d2e46962235,0e672c999c335af7,atlas_het,node_classification,graphatlas_c_oracle,graphatlas_certified,0,0,1,outputs\.work\runs\atlas_het\graphatlas_c_oracle\split-0\seed-0\config-7d2e4696,outputs\.work\runs\atlas_het\graphatlas_c_oracle\split-0\seed-0\config-7d2e4696\job_config.yaml
atlas_het__node_classification__graphatlas_c_oracle__split0__seed1__470de86c3608,470de86c3608,0e672c999c335af7,atlas_het,node_classification,graphatlas_c_oracle,graphatlas_certified,1,0,1,outputs\.work\runs\atlas_het\graphatlas_c_oracle\split-0\seed-1\config-470de86c,outputs\.work\runs\atlas_het\graphatlas_c_oracle\split-0\seed-1\config-470de86c\job_config.yaml
atlas_het__node_classification__graphatlas_c_oracle__split0__seed2__29451ce98f9c,29451ce98f9c,0e672c999c335af7,atlas_het,node_classification,graphatlas_c_oracle,graphatlas_certified,2,0,1,outputs\.work\runs\atlas_het\graphatlas_c_oracle\split-0\seed-2\config-29451ce9,outputs\.work\runs\atlas_het\graphatlas_c_oracle\split-0\seed-2\config-29451ce9\job_config.yaml
atlas_het__node_classification__graphatlas_c_oracle__split0__seed3__10b4bad3969a,10b4bad3969a,0e672c999c335af7,atlas_het,node_classification,graphatlas_c_oracle,graphatlas_certified,3,0,1,outputs\.work\runs\atlas_het\graphatlas_c_oracle\split-0\seed-3\config-10b4bad3,outputs\.work\runs\atlas_het\graphatlas_c_oracle\split-0\seed-3\config-10b4bad3\job_config.yaml
atlas_het__node_classification__graphatlas_c_oracle__split0__seed4__55377e3be0bb,55377e3be0bb,0e672c999c335af7,atlas_het,node_classification,graphatlas_c_oracle,graphatlas_certified,4,0,1,outputs\.work\runs\atlas_het\graphatlas_c_oracle\split-0\seed-4\config-55377e3b,outputs\.work\runs\atlas_het\graphatlas_c_oracle\split-0\seed-4\config-55377e3b\job_config.yaml
atlas_het__node_classification__graphatlas_c_oracle__split0__seed5__862131cc10b8,862131cc10b8,0e672c999c335af7,atlas_het,node_classification,graphatlas_c_oracle,graphatlas_certified,5,0,1,outputs\.work\runs\atlas_het\graphatlas_c_oracle\split-0\seed-5\config-862131cc,outputs\.work\runs\atlas_het\graphatlas_c_oracle\split-0\seed-5\config-862131cc\job_config.yaml
atlas_het__node_classification__graphatlas_c_oracle__split0__seed6__f7943ffb6e46,f7943ffb6e46,0e672c999c335af7,atlas_het,node_classification,graphatlas_c_oracle,graphatlas_certified,6,0,1,outputs\.work\runs\atlas_het\graphatlas_c_oracle\split-0\seed-6\config-f7943ffb,outputs\.work\runs\atlas_het\graphatlas_c_oracle\split-0\seed-6\config-f7943ffb\job_config.yaml
atlas_het__node_classification__graphatlas_c_oracle__split0__seed7__2e04013816d3,2e04013816d3,0e672c999c335af7,atlas_het,node_classification,graphatlas_c_oracle,graphatlas_certified,7,0,1,outputs\.work\runs\atlas_het\graphatlas_c_oracle\split-0\seed-7\config-2e040138,outputs\.work\runs\atlas_het\graphatlas_c_oracle\split-0\seed-7\config-2e040138\job_config.yaml
atlas_het__node_classification__graphatlas_c_oracle__split0__seed8__2a23353fae49,2a23353fae49,0e672c999c335af7,atlas_het,node_classification,graphatlas_c_oracle,graphatlas_certified,8,0,1,outputs\.work\runs\atlas_het\graphatlas_c_oracle\split-0\seed-8\config-2a23353f,outputs\.work\runs\atlas_het\graphatlas_c_oracle\split-0\seed-8\config-2a23353f\job_config.yaml
atlas_het__node_classification__graphatlas_c_oracle__split0__seed9__fce5e1953402,fce5e1953402,0e672c999c335af7,atlas_het,node_classification,graphatlas_c_oracle,graphatlas_certified,9,0,1,outputs\.work\runs\atlas_het\graphatlas_c_oracle\split-0\seed-9\config-fce5e195,outputs\.work\runs\atlas_het\graphatlas_c_oracle\split-0\seed-9\config-fce5e195\job_config.yaml
atlas_het__node_classification__graphatlas_c__split0__seed0__228660240e83,228660240e83,0e672c999c335af7,atlas_het,node_classification,graphatlas_c,graphatlas_certified,0,0,1,outputs\.work\runs\atlas_het\graphatlas_c\split-0\seed-0\config-22866024,outputs\.work\runs\atlas_het\graphatlas_c\split-0\seed-0\config-22866024\job_config.yaml
atlas_het__node_classification__graphatlas_c__split0__seed1__fa95718431b9,fa95718431b9,0e672c999c335af7,atlas_het,node_classification,graphatlas_c,graphatlas_certified,1,0,1,outputs\.work\runs\atlas_het\graphatlas_c\split-0\seed-1\config-fa957184,outputs\.work\runs\atlas_het\graphatlas_c\split-0\seed-1\config-fa957184\job_config.yaml
atlas_het__node_classification__graphatlas_c__split0__seed2__7f8dc887f229,7f8dc887f229,0e672c999c335af7,atlas_het,node_classification,graphatlas_c,graphatlas_certified,2,0,1,outputs\.work\runs\atlas_het\graphatlas_c\split-0\seed-2\config-7f8dc887,outputs\.work\runs\atlas_het\graphatlas_c\split-0\seed-2\config-7f8dc887\job_config.yaml
atlas_het__node_classification__graphatlas_c__split0__seed3__febae94b4fea,febae94b4fea,0e672c999c335af7,atlas_het,node_classification,graphatlas_c,graphatlas_certified,3,0,1,outputs\.work\runs\atlas_het\graphatlas_c\split-0\seed-3\config-febae94b,outputs\.work\runs\atlas_het\graphatlas_c\split-0\seed-3\config-febae94b\job_config.yaml
atlas_het__node_classification__graphatlas_c__split0__seed4__ba45ea7485ff,ba45ea7485ff,0e672c999c335af7,atlas_het,node_classification,graphatlas_c,graphatlas_certified,4,0,1,outputs\.work\runs\atlas_het\graphatlas_c\split-0\seed-4\config-ba45ea74,outputs\.work\runs\atlas_het\graphatlas_c\split-0\seed-4\config-ba45ea74\job_config.yaml
atlas_het__node_classification__graphatlas_c__split0__seed5__582653c11c68,582653c11c68,0e672c999c335af7,atlas_het,node_classification,graphatlas_c,graphatlas_certified,5,0,1,outputs\.work\runs\atlas_het\graphatlas_c\split-0\seed-5\config-582653c1,outputs\.work\runs\atlas_het\graphatlas_c\split-0\seed-5\config-582653c1\job_config.yaml
atlas_het__node_classification__graphatlas_c__split0__seed6__7743579e37c1,7743579e37c1,0e672c999c335af7,atlas_het,node_classification,graphatlas_c,graphatlas_certified,6,0,1,outputs\.work\runs\atlas_het\graphatlas_c\split-0\seed-6\config-7743579e,outputs\.work\runs\atlas_het\graphatlas_c\split-0\seed-6\config-7743579e\job_config.yaml
atlas_het__node_classification__graphatlas_c__split0__seed7__07f8434e45ce,07f8434e45ce,0e672c999c335af7,atlas_het,node_classification,graphatlas_c,graphatlas_certified,7,0,1,outputs\.work\runs\atlas_het\graphatlas_c\split-0\seed-7\config-07f8434e,outputs\.work\runs\atlas_het\graphatlas_c\split-0\seed-7\config-07f8434e\job_config.yaml
atlas_het__node_classification__graphatlas_c__split0__seed8__2225cc73feea,2225cc73feea,0e672c999c335af7,atlas_het,node_classification,graphatlas_c,graphatlas_certified,8,0,1,outputs\.work\runs\atlas_het\graphatlas_c\split-0\seed-8\config-2225cc73,outputs\.work\runs\atlas_het\graphatlas_c\split-0\seed-8\config-2225cc73\job_config.yaml
atlas_het__node_classification__graphatlas_c__split0__seed9__953aec21037d,953aec21037d,0e672c999c335af7,atlas_het,node_classification,graphatlas_c,graphatlas_certified,9,0,1,outputs\.work\runs\atlas_het\graphatlas_c\split-0\seed-9\config-953aec21,outputs\.work\runs\atlas_het\graphatlas_c\split-0\seed-9\config-953aec21\job_config.yaml
atlas_het__node_classification__graphatlas_original__split0__seed0__fb9809f8a88f,fb9809f8a88f,0e672c999c335af7,atlas_het,node_classification,graphatlas_original,graphatlas,0,0,1,outputs\.work\runs\atlas_het\graphatlas_original\split-0\seed-0\config-fb9809f8,outputs\.work\runs\atlas_het\graphatlas_original\split-0\seed-0\config-fb9809f8\job_config.yaml
atlas_het__node_classification__graphatlas_original__split0__seed1__7c3162fe8f3b,7c3162fe8f3b,0e672c999c335af7,atlas_het,node_classification,graphatlas_original,graphatlas,1,0,1,outputs\.work\runs\atlas_het\graphatlas_original\split-0\seed-1\config-7c3162fe,outputs\.work\runs\atlas_het\graphatlas_original\split-0\seed-1\config-7c3162fe\job_config.yaml
atlas_het__node_classification__graphatlas_original__split0__seed2__31a7030264f4,31a7030264f4,0e672c999c335af7,atlas_het,node_classification,graphatlas_original,graphatlas,2,0,1,outputs\.work\runs\atlas_het\graphatlas_original\split-0\seed-2\config-31a70302,outputs\.work\runs\atlas_het\graphatlas_original\split-0\seed-2\config-31a70302\job_config.yaml
atlas_het__node_classification__graphatlas_original__split0__seed3__43329b2401ce,43329b2401ce,0e672c999c335af7,atlas_het,node_classification,graphatlas_original,graphatlas,3,0,1,outputs\.work\runs\atlas_het\graphatlas_original\split-0\seed-3\config-43329b24,outputs\.work\runs\atlas_het\graphatlas_original\split-0\seed-3\config-43329b24\job_config.yaml
atlas_het__node_classification__graphatlas_original__split0__seed4__6591df218756,6591df218756,0e672c999c335af7,atlas_het,node_classification,graphatlas_original,graphatlas,4,0,1,outputs\.work\runs\atlas_het\graphatlas_original\split-0\seed-4\config-6591df21,outputs\.work\runs\atlas_het\graphatlas_original\split-0\seed-4\config-6591df21\job_config.yaml
atlas_het__node_classification__graphatlas_original__split0__seed5__2904ef0abe03,2904ef0abe03,0e672c999c335af7,atlas_het,node_classification,graphatlas_original,graphatlas,5,0,1,outputs\.work\runs\atlas_het\graphatlas_original\split-0\seed-5\config-2904ef0a,outputs\.work\runs\atlas_het\graphatlas_original\split-0\seed-5\config-2904ef0a\job_config.yaml
atlas_het__node_classification__graphatlas_original__split0__seed6__9906bcea72af,9906bcea72af,0e672c999c335af7,atlas_het,node_classification,graphatlas_original,graphatlas,6,0,1,outputs\.work\runs\atlas_het\graphatlas_original\split-0\seed-6\config-9906bcea,outputs\.work\runs\atlas_het\graphatlas_original\split-0\seed-6\config-9906bcea\job_config.yaml
atlas_het__node_classification__graphatlas_original__split0__seed7__bf6cbee5731c,bf6cbee5731c,0e672c999c335af7,atlas_het,node_classification,graphatlas_original,graphatlas,7,0,1,outputs\.work\runs\atlas_het\graphatlas_original\split-0\seed-7\config-bf6cbee5,outputs\.work\runs\atlas_het\graphatlas_original\split-0\seed-7\config-bf6cbee5\job_config.yaml
atlas_het__node_classification__graphatlas_original__split0__seed8__8fb5446cdcd0,8fb5446cdcd0,0e672c999c335af7,atlas_het,node_classification,graphatlas_original,graphatlas,8,0,1,outputs\.work\runs\atlas_het\graphatlas_original\split-0\seed-8\config-8fb5446c,outputs\.work\runs\atlas_het\graphatlas_original\split-0\seed-8\config-8fb5446c\job_config.yaml
atlas_het__node_classification__graphatlas_original__split0__seed9__531bfae3ae19,531bfae3ae19,0e672c999c335af7,atlas_het,node_classification,graphatlas_original,graphatlas,9,0,1,outputs\.work\runs\atlas_het\graphatlas_original\split-0\seed-9\config-531bfae3,outputs\.work\runs\atlas_het\graphatlas_original\split-0\seed-9\config-531bfae3\job_config.yaml
atlas_het__node_classification__graphatlas_free_transition__split0__seed0__18e81eb002e9,18e81eb002e9,0e672c999c335af7,atlas_het,node_classification,graphatlas_free_transition,graphatlas_free_transition,0,0,1,outputs\.work\runs\atlas_het\graphatlas_free_transition\split-0\seed-0\config-18e81eb0,outputs\.work\runs\atlas_het\graphatlas_free_transition\split-0\seed-0\config-18e81eb0\job_config.yaml
atlas_het__node_classification__graphatlas_free_transition__split0__seed1__589b734f1591,589b734f1591,0e672c999c335af7,atlas_het,node_classification,graphatlas_free_transition,graphatlas_free_transition,1,0,1,outputs\.work\runs\atlas_het\graphatlas_free_transition\split-0\seed-1\config-589b734f,outputs\.work\runs\atlas_het\graphatlas_free_transition\split-0\seed-1\config-589b734f\job_config.yaml
atlas_het__node_classification__graphatlas_free_transition__split0__seed2__71ae92dea82b,71ae92dea82b,0e672c999c335af7,atlas_het,node_classification,graphatlas_free_transition,graphatlas_free_transition,2,0,1,outputs\.work\runs\atlas_het\graphatlas_free_transition\split-0\seed-2\config-71ae92de,outputs\.work\runs\atlas_het\graphatlas_free_transition\split-0\seed-2\config-71ae92de\job_config.yaml
atlas_het__node_classification__graphatlas_free_transition__split0__seed3__e8f782d59c70,e8f782d59c70,0e672c999c335af7,atlas_het,node_classification,graphatlas_free_transition,graphatlas_free_transition,3,0,1,outputs\.work\runs\atlas_het\graphatlas_free_transition\split-0\seed-3\config-e8f782d5,outputs\.work\runs\atlas_het\graphatlas_free_transition\split-0\seed-3\config-e8f782d5\job_config.yaml
atlas_het__node_classification__graphatlas_free_transition__split0__seed4__46120fb0641a,46120fb0641a,0e672c999c335af7,atlas_het,node_classification,graphatlas_free_transition,graphatlas_free_transition,4,0,1,outputs\.work\runs\atlas_het\graphatlas_free_transition\split-0\seed-4\config-46120fb0,outputs\.work\runs\atlas_het\graphatlas_free_transition\split-0\seed-4\config-46120fb0\job_config.yaml
atlas_het__node_classification__graphatlas_free_transition__split0__seed5__8b0ae5850587,8b0ae5850587,0e672c999c335af7,atlas_het,node_classification,graphatlas_free_transition,graphatlas_free_transition,5,0,1,outputs\.work\runs\atlas_het\graphatlas_free_transition\split-0\seed-5\config-8b0ae585,outputs\.work\runs\atlas_het\graphatlas_free_transition\split-0\seed-5\config-8b0ae585\job_config.yaml
atlas_het__node_classification__graphatlas_free_transition__split0__seed6__076d5b296901,076d5b296901,0e672c999c335af7,atlas_het,node_classification,graphatlas_free_transition,graphatlas_free_transition,6,0,1,outputs\.work\runs\atlas_het\graphatlas_free_transition\split-0\seed-6\config-076d5b29,outputs\.work\runs\atlas_het\graphatlas_free_transition\split-0\seed-6\config-076d5b29\job_config.yaml
atlas_het__node_classification__graphatlas_free_transition__split0__seed7__b70151c68ce1,b70151c68ce1,0e672c999c335af7,atlas_het,node_classification,graphatlas_free_transition,graphatlas_free_transition,7,0,1,outputs\.work\runs\atlas_het\graphatlas_free_transition\split-0\seed-7\config-b70151c6,outputs\.work\runs\atlas_het\graphatlas_free_transition\split-0\seed-7\config-b70151c6\job_config.yaml
atlas_het__node_classification__graphatlas_free_transition__split0__seed8__255c87ff4a80,255c87ff4a80,0e672c999c335af7,atlas_het,node_classification,graphatlas_free_transition,graphatlas_free_transition,8,0,1,outputs\.work\runs\atlas_het\graphatlas_free_transition\split-0\seed-8\config-255c87ff,outputs\.work\runs\atlas_het\graphatlas_free_transition\split-0\seed-8\config-255c87ff\job_config.yaml
atlas_het__node_classification__graphatlas_free_transition__split0__seed9__d68969a86571,d68969a86571,0e672c999c335af7,atlas_het,node_classification,graphatlas_free_transition,graphatlas_free_transition,9,0,1,outputs\.work\runs\atlas_het\graphatlas_free_transition\split-0\seed-9\config-d68969a8,outputs\.work\runs\atlas_het\graphatlas_free_transition\split-0\seed-9\config-d68969a8\job_config.yaml
atlas_het__node_classification__graphatlas_no_transport__split0__seed0__be90a72f12e3,be90a72f12e3,0e672c999c335af7,atlas_het,node_classification,graphatlas_no_transport,graphatlas_no_transport,0,0,1,outputs\.work\runs\atlas_het\graphatlas_no_transport\split-0\seed-0\config-be90a72f,outputs\.work\runs\atlas_het\graphatlas_no_transport\split-0\seed-0\config-be90a72f\job_config.yaml
atlas_het__node_classification__graphatlas_no_transport__split0__seed1__34d80029808d,34d80029808d,0e672c999c335af7,atlas_het,node_classification,graphatlas_no_transport,graphatlas_no_transport,1,0,1,outputs\.work\runs\atlas_het\graphatlas_no_transport\split-0\seed-1\config-34d80029,outputs\.work\runs\atlas_het\graphatlas_no_transport\split-0\seed-1\config-34d80029\job_config.yaml
atlas_het__node_classification__graphatlas_no_transport__split0__seed2__b53c637df93f,b53c637df93f,0e672c999c335af7,atlas_het,node_classification,graphatlas_no_transport,graphatlas_no_transport,2,0,1,outputs\.work\runs\atlas_het\graphatlas_no_transport\split-0\seed-2\config-b53c637d,outputs\.work\runs\atlas_het\graphatlas_no_transport\split-0\seed-2\config-b53c637d\job_config.yaml
atlas_het__node_classification__graphatlas_no_transport__split0__seed3__96f3a278195b,96f3a278195b,0e672c999c335af7,atlas_het,node_classification,graphatlas_no_transport,graphatlas_no_transport,3,0,1,outputs\.work\runs\atlas_het\graphatlas_no_transport\split-0\seed-3\config-96f3a278,outputs\.work\runs\atlas_het\graphatlas_no_transport\split-0\seed-3\config-96f3a278\job_config.yaml
atlas_het__node_classification__graphatlas_no_transport__split0__seed4__bf6b46d5f4b0,bf6b46d5f4b0,0e672c999c335af7,atlas_het,node_classification,graphatlas_no_transport,graphatlas_no_transport,4,0,1,outputs\.work\runs\atlas_het\graphatlas_no_transport\split-0\seed-4\config-bf6b46d5,outputs\.work\runs\atlas_het\graphatlas_no_transport\split-0\seed-4\config-bf6b46d5\job_config.yaml
atlas_het__node_classification__graphatlas_no_transport__split0__seed5__4617e9623e59,4617e9623e59,0e672c999c335af7,atlas_het,node_classification,graphatlas_no_transport,graphatlas_no_transport,5,0,1,outputs\.work\runs\atlas_het\graphatlas_no_transport\split-0\seed-5\config-4617e962,outputs\.work\runs\atlas_het\graphatlas_no_transport\split-0\seed-5\config-4617e962\job_config.yaml
atlas_het__node_classification__graphatlas_no_transport__split0__seed6__75a15b311473,75a15b311473,0e672c999c335af7,atlas_het,node_classification,graphatlas_no_transport,graphatlas_no_transport,6,0,1,outputs\.work\runs\atlas_het\graphatlas_no_transport\split-0\seed-6\config-75a15b31,outputs\.work\runs\atlas_het\graphatlas_no_transport\split-0\seed-6\config-75a15b31\job_config.yaml
atlas_het__node_classification__graphatlas_no_transport__split0__seed7__b00384d4a83b,b00384d4a83b,0e672c999c335af7,atlas_het,node_classification,graphatlas_no_transport,graphatlas_no_transport,7,0,1,outputs\.work\runs\atlas_het\graphatlas_no_transport\split-0\seed-7\config-b00384d4,outputs\.work\runs\atlas_het\graphatlas_no_transport\split-0\seed-7\config-b00384d4\job_config.yaml
atlas_het__node_classification__graphatlas_no_transport__split0__seed8__8b0fae69a248,8b0fae69a248,0e672c999c335af7,atlas_het,node_classification,graphatlas_no_transport,graphatlas_no_transport,8,0,1,outputs\.work\runs\atlas_het\graphatlas_no_transport\split-0\seed-8\config-8b0fae69,outputs\.work\runs\atlas_het\graphatlas_no_transport\split-0\seed-8\config-8b0fae69\job_config.yaml
atlas_het__node_classification__graphatlas_no_transport__split0__seed9__403cd007cecf,403cd007cecf,0e672c999c335af7,atlas_het,node_classification,graphatlas_no_transport,graphatlas_no_transport,9,0,1,outputs\.work\runs\atlas_het\graphatlas_no_transport\split-0\seed-9\config-403cd007,outputs\.work\runs\atlas_het\graphatlas_no_transport\split-0\seed-9\config-403cd007\job_config.yaml
atlas_het__node_classification__graphatlas_c_oracle__split0__seed0__ca6deffa4cd5,ca6deffa4cd5,0e672c999c335af7,atlas_het,node_classification,graphatlas_c_oracle,graphatlas_certified,0,0,1,outputs\.work\runs\atlas_het\graphatlas_c_oracle\split-0\seed-0\config-ca6deffa,outputs\.work\runs\atlas_het\graphatlas_c_oracle\split-0\seed-0\config-ca6deffa\job_config.yaml
atlas_het__node_classification__graphatlas_c_oracle__split0__seed1__cb16c2c7e5a4,cb16c2c7e5a4,0e672c999c335af7,atlas_het,node_classification,graphatlas_c_oracle,graphatlas_certified,1,0,1,outputs\.work\runs\atlas_het\graphatlas_c_oracle\split-0\seed-1\config-cb16c2c7,outputs\.work\runs\atlas_het\graphatlas_c_oracle\split-0\seed-1\config-cb16c2c7\job_config.yaml
atlas_het__node_classification__graphatlas_c_oracle__split0__seed2__e41ee4dc26c3,e41ee4dc26c3,0e672c999c335af7,atlas_het,node_classification,graphatlas_c_oracle,graphatlas_certified,2,0,1,outputs\.work\runs\atlas_het\graphatlas_c_oracle\split-0\seed-2\config-e41ee4dc,outputs\.work\runs\atlas_het\graphatlas_c_oracle\split-0\seed-2\config-e41ee4dc\job_config.yaml
atlas_het__node_classification__graphatlas_c_oracle__split0__seed3__926a970722b8,926a970722b8,0e672c999c335af7,atlas_het,node_classification,graphatlas_c_oracle,graphatlas_certified,3,0,1,outputs\.work\runs\atlas_het\graphatlas_c_oracle\split-0\seed-3\config-926a9707,outputs\.work\runs\atlas_het\graphatlas_c_oracle\split-0\seed-3\config-926a9707\job_config.yaml
atlas_het__node_classification__graphatlas_c_oracle__split0__seed4__8059e08b8528,8059e08b8528,0e672c999c335af7,atlas_het,node_classification,graphatlas_c_oracle,graphatlas_certified,4,0,1,outputs\.work\runs\atlas_het\graphatlas_c_oracle\split-0\seed-4\config-8059e08b,outputs\.work\runs\atlas_het\graphatlas_c_oracle\split-0\seed-4\config-8059e08b\job_config.yaml
atlas_het__node_classification__graphatlas_c_oracle__split0__seed5__f34481cf0050,f34481cf0050,0e672c999c335af7,atlas_het,node_classification,graphatlas_c_oracle,graphatlas_certified,5,0,1,outputs\.work\runs\atlas_het\graphatlas_c_oracle\split-0\seed-5\config-f34481cf,outputs\.work\runs\atlas_het\graphatlas_c_oracle\split-0\seed-5\config-f34481cf\job_config.yaml
atlas_het__node_classification__graphatlas_c_oracle__split0__seed6__7cfebba6c76c,7cfebba6c76c,0e672c999c335af7,atlas_het,node_classification,graphatlas_c_oracle,graphatlas_certified,6,0,1,outputs\.work\runs\atlas_het\graphatlas_c_oracle\split-0\seed-6\config-7cfebba6,outputs\.work\runs\atlas_het\graphatlas_c_oracle\split-0\seed-6\config-7cfebba6\job_config.yaml
atlas_het__node_classification__graphatlas_c_oracle__split0__seed7__eb3ea9e6dcb9,eb3ea9e6dcb9,0e672c999c335af7,atlas_het,node_classification,graphatlas_c_oracle,graphatlas_certified,7,0,1,outputs\.work\runs\atlas_het\graphatlas_c_oracle\split-0\seed-7\config-eb3ea9e6,outputs\.work\runs\atlas_het\graphatlas_c_oracle\split-0\seed-7\config-eb3ea9e6\job_config.yaml
atlas_het__node_classification__graphatlas_c_oracle__split0__seed8__c82896e9d7e3,c82896e9d7e3,0e672c999c335af7,atlas_het,node_classification,graphatlas_c_oracle,graphatlas_certified,8,0,1,outputs\.work\runs\atlas_het\graphatlas_c_oracle\split-0\seed-8\config-c82896e9,outputs\.work\runs\atlas_het\graphatlas_c_oracle\split-0\seed-8\config-c82896e9\job_config.yaml
atlas_het__node_classification__graphatlas_c_oracle__split0__seed9__fab0dcaafe19,fab0dcaafe19,0e672c999c335af7,atlas_het,node_classification,graphatlas_c_oracle,graphatlas_certified,9,0,1,outputs\.work\runs\atlas_het\graphatlas_c_oracle\split-0\seed-9\config-fab0dcaa,outputs\.work\runs\atlas_het\graphatlas_c_oracle\split-0\seed-9\config-fab0dcaa\job_config.yaml
atlas_het__node_classification__graphatlas_c__split0__seed0__ef0471c73311,ef0471c73311,0e672c999c335af7,atlas_het,node_classification,graphatlas_c,graphatlas_certified,0,0,1,outputs\.work\runs\atlas_het\graphatlas_c\split-0\seed-0\config-ef0471c7,outputs\.work\runs\atlas_het\graphatlas_c\split-0\seed-0\config-ef0471c7\job_config.yaml
atlas_het__node_classification__graphatlas_c__split0__seed1__9259e073b4c9,9259e073b4c9,0e672c999c335af7,atlas_het,node_classification,graphatlas_c,graphatlas_certified,1,0,1,outputs\.work\runs\atlas_het\graphatlas_c\split-0\seed-1\config-9259e073,outputs\.work\runs\atlas_het\graphatlas_c\split-0\seed-1\config-9259e073\job_config.yaml
atlas_het__node_classification__graphatlas_c__split0__seed2__e4bbe15405e5,e4bbe15405e5,0e672c999c335af7,atlas_het,node_classification,graphatlas_c,graphatlas_certified,2,0,1,outputs\.work\runs\atlas_het\graphatlas_c\split-0\seed-2\config-e4bbe154,outputs\.work\runs\atlas_het\graphatlas_c\split-0\seed-2\config-e4bbe154\job_config.yaml
atlas_het__node_classification__graphatlas_c__split0__seed3__4d97ddd162a8,4d97ddd162a8,0e672c999c335af7,atlas_het,node_classification,graphatlas_c,graphatlas_certified,3,0,1,outputs\.work\runs\atlas_het\graphatlas_c\split-0\seed-3\config-4d97ddd1,outputs\.work\runs\atlas_het\graphatlas_c\split-0\seed-3\config-4d97ddd1\job_config.yaml
atlas_het__node_classification__graphatlas_c__split0__seed4__26a8ec0cbfd1,26a8ec0cbfd1,0e672c999c335af7,atlas_het,node_classification,graphatlas_c,graphatlas_certified,4,0,1,outputs\.work\runs\atlas_het\graphatlas_c\split-0\seed-4\config-26a8ec0c,outputs\.work\runs\atlas_het\graphatlas_c\split-0\seed-4\config-26a8ec0c\job_config.yaml
atlas_het__node_classification__graphatlas_c__split0__seed5__4388ac22e2c7,4388ac22e2c7,0e672c999c335af7,atlas_het,node_classification,graphatlas_c,graphatlas_certified,5,0,1,outputs\.work\runs\atlas_het\graphatlas_c\split-0\seed-5\config-4388ac22,outputs\.work\runs\atlas_het\graphatlas_c\split-0\seed-5\config-4388ac22\job_config.yaml
atlas_het__node_classification__graphatlas_c__split0__seed6__c08d6687d7dd,c08d6687d7dd,0e672c999c335af7,atlas_het,node_classification,graphatlas_c,graphatlas_certified,6,0,1,outputs\.work\runs\atlas_het\graphatlas_c\split-0\seed-6\config-c08d6687,outputs\.work\runs\atlas_het\graphatlas_c\split-0\seed-6\config-c08d6687\job_config.yaml
atlas_het__node_classification__graphatlas_c__split0__seed7__ba903b831dbf,ba903b831dbf,0e672c999c335af7,atlas_het,node_classification,graphatlas_c,graphatlas_certified,7,0,1,outputs\.work\runs\atlas_het\graphatlas_c\split-0\seed-7\config-ba903b83,outputs\.work\runs\atlas_het\graphatlas_c\split-0\seed-7\config-ba903b83\job_config.yaml
atlas_het__node_classification__graphatlas_c__split0__seed8__291842f58bcf,291842f58bcf,0e672c999c335af7,atlas_het,node_classification,graphatlas_c,graphatlas_certified,8,0,1,outputs\.work\runs\atlas_het\graphatlas_c\split-0\seed-8\config-291842f5,outputs\.work\runs\atlas_het\graphatlas_c\split-0\seed-8\config-291842f5\job_config.yaml
atlas_het__node_classification__graphatlas_c__split0__seed9__0f802ee5bcd4,0f802ee5bcd4,0e672c999c335af7,atlas_het,node_classification,graphatlas_c,graphatlas_certified,9,0,1,outputs\.work\runs\atlas_het\graphatlas_c\split-0\seed-9\config-0f802ee5,outputs\.work\runs\atlas_het\graphatlas_c\split-0\seed-9\config-0f802ee5\job_config.yaml
atlas_het__node_classification__graphatlas_original__split0__seed0__70e7bad80f0a,70e7bad80f0a,0e672c999c335af7,atlas_het,node_classification,graphatlas_original,graphatlas,0,0,1,outputs\.work\runs\atlas_het\graphatlas_original\split-0\seed-0\config-70e7bad8,outputs\.work\runs\atlas_het\graphatlas_original\split-0\seed-0\config-70e7bad8\job_config.yaml
atlas_het__node_classification__graphatlas_original__split0__seed1__7543099e896f,7543099e896f,0e672c999c335af7,atlas_het,node_classification,graphatlas_original,graphatlas,1,0,1,outputs\.work\runs\atlas_het\graphatlas_original\split-0\seed-1\config-7543099e,outputs\.work\runs\atlas_het\graphatlas_original\split-0\seed-1\config-7543099e\job_config.yaml
atlas_het__node_classification__graphatlas_original__split0__seed2__fae74c2a2b32,fae74c2a2b32,0e672c999c335af7,atlas_het,node_classification,graphatlas_original,graphatlas,2,0,1,outputs\.work\runs\atlas_het\graphatlas_original\split-0\seed-2\config-fae74c2a,outputs\.work\runs\atlas_het\graphatlas_original\split-0\seed-2\config-fae74c2a\job_config.yaml
atlas_het__node_classification__graphatlas_original__split0__seed3__ff8ec21f75bf,ff8ec21f75bf,0e672c999c335af7,atlas_het,node_classification,graphatlas_original,graphatlas,3,0,1,outputs\.work\runs\atlas_het\graphatlas_original\split-0\seed-3\config-ff8ec21f,outputs\.work\runs\atlas_het\graphatlas_original\split-0\seed-3\config-ff8ec21f\job_config.yaml
atlas_het__node_classification__graphatlas_original__split0__seed4__5c0d7bd20eb9,5c0d7bd20eb9,0e672c999c335af7,atlas_het,node_classification,graphatlas_original,graphatlas,4,0,1,outputs\.work\runs\atlas_het\graphatlas_original\split-0\seed-4\config-5c0d7bd2,outputs\.work\runs\atlas_het\graphatlas_original\split-0\seed-4\config-5c0d7bd2\job_config.yaml
atlas_het__node_classification__graphatlas_original__split0__seed5__b3e9af7c405c,b3e9af7c405c,0e672c999c335af7,atlas_het,node_classification,graphatlas_original,graphatlas,5,0,1,outputs\.work\runs\atlas_het\graphatlas_original\split-0\seed-5\config-b3e9af7c,outputs\.work\runs\atlas_het\graphatlas_original\split-0\seed-5\config-b3e9af7c\job_config.yaml
atlas_het__node_classification__graphatlas_original__split0__seed6__3816caf2ff45,3816caf2ff45,0e672c999c335af7,atlas_het,node_classification,graphatlas_original,graphatlas,6,0,1,outputs\.work\runs\atlas_het\graphatlas_original\split-0\seed-6\config-3816caf2,outputs\.work\runs\atlas_het\graphatlas_original\split-0\seed-6\config-3816caf2\job_config.yaml
atlas_het__node_classification__graphatlas_original__split0__seed7__271d3d8d25e6,271d3d8d25e6,0e672c999c335af7,atlas_het,node_classification,graphatlas_original,graphatlas,7,0,1,outputs\.work\runs\atlas_het\graphatlas_original\split-0\seed-7\config-271d3d8d,outputs\.work\runs\atlas_het\graphatlas_original\split-0\seed-7\config-271d3d8d\job_config.yaml
atlas_het__node_classification__graphatlas_original__split0__seed8__f267196b8756,f267196b8756,0e672c999c335af7,atlas_het,node_classification,graphatlas_original,graphatlas,8,0,1,outputs\.work\runs\atlas_het\graphatlas_original\split-0\seed-8\config-f267196b,outputs\.work\runs\atlas_het\graphatlas_original\split-0\seed-8\config-f267196b\job_config.yaml
atlas_het__node_classification__graphatlas_original__split0__seed9__f452a75ea60e,f452a75ea60e,0e672c999c335af7,atlas_het,node_classification,graphatlas_original,graphatlas,9,0,1,outputs\.work\runs\atlas_het\graphatlas_original\split-0\seed-9\config-f452a75e,outputs\.work\runs\atlas_het\graphatlas_original\split-0\seed-9\config-f452a75e\job_config.yaml
atlas_het__node_classification__graphatlas_free_transition__split0__seed0__0bac538d8baf,0bac538d8baf,0e672c999c335af7,atlas_het,node_classification,graphatlas_free_transition,graphatlas_free_transition,0,0,1,outputs\.work\runs\atlas_het\graphatlas_free_transition\split-0\seed-0\config-0bac538d,outputs\.work\runs\atlas_het\graphatlas_free_transition\split-0\seed-0\config-0bac538d\job_config.yaml
atlas_het__node_classification__graphatlas_free_transition__split0__seed1__9c654e719008,9c654e719008,0e672c999c335af7,atlas_het,node_classification,graphatlas_free_transition,graphatlas_free_transition,1,0,1,outputs\.work\runs\atlas_het\graphatlas_free_transition\split-0\seed-1\config-9c654e71,outputs\.work\runs\atlas_het\graphatlas_free_transition\split-0\seed-1\config-9c654e71\job_config.yaml
atlas_het__node_classification__graphatlas_free_transition__split0__seed2__f2eec4b3f3ec,f2eec4b3f3ec,0e672c999c335af7,atlas_het,node_classification,graphatlas_free_transition,graphatlas_free_transition,2,0,1,outputs\.work\runs\atlas_het\graphatlas_free_transition\split-0\seed-2\config-f2eec4b3,outputs\.work\runs\atlas_het\graphatlas_free_transition\split-0\seed-2\config-f2eec4b3\job_config.yaml
atlas_het__node_classification__graphatlas_free_transition__split0__seed3__60581b2f88a3,60581b2f88a3,0e672c999c335af7,atlas_het,node_classification,graphatlas_free_transition,graphatlas_free_transition,3,0,1,outputs\.work\runs\atlas_het\graphatlas_free_transition\split-0\seed-3\config-60581b2f,outputs\.work\runs\atlas_het\graphatlas_free_transition\split-0\seed-3\config-60581b2f\job_config.yaml
atlas_het__node_classification__graphatlas_free_transition__split0__seed4__a8823ff05bbd,a8823ff05bbd,0e672c999c335af7,atlas_het,node_classification,graphatlas_free_transition,graphatlas_free_transition,4,0,1,outputs\.work\runs\atlas_het\graphatlas_free_transition\split-0\seed-4\config-a8823ff0,outputs\.work\runs\atlas_het\graphatlas_free_transition\split-0\seed-4\config-a8823ff0\job_config.yaml
atlas_het__node_classification__graphatlas_free_transition__split0__seed5__6194375c56e5,6194375c56e5,0e672c999c335af7,atlas_het,node_classification,graphatlas_free_transition,graphatlas_free_transition,5,0,1,outputs\.work\runs\atlas_het\graphatlas_free_transition\split-0\seed-5\config-6194375c,outputs\.work\runs\atlas_het\graphatlas_free_transition\split-0\seed-5\config-6194375c\job_config.yaml
atlas_het__node_classification__graphatlas_free_transition__split0__seed6__64b322cd7426,64b322cd7426,0e672c999c335af7,atlas_het,node_classification,graphatlas_free_transition,graphatlas_free_transition,6,0,1,outputs\.work\runs\atlas_het\graphatlas_free_transition\split-0\seed-6\config-64b322cd,outputs\.work\runs\atlas_het\graphatlas_free_transition\split-0\seed-6\config-64b322cd\job_config.yaml
atlas_het__node_classification__graphatlas_free_transition__split0__seed7__20f2940ad0d4,20f2940ad0d4,0e672c999c335af7,atlas_het,node_classification,graphatlas_free_transition,graphatlas_free_transition,7,0,1,outputs\.work\runs\atlas_het\graphatlas_free_transition\split-0\seed-7\config-20f2940a,outputs\.work\runs\atlas_het\graphatlas_free_transition\split-0\seed-7\config-20f2940a\job_config.yaml
atlas_het__node_classification__graphatlas_free_transition__split0__seed8__6dcf66844e5a,6dcf66844e5a,0e672c999c335af7,atlas_het,node_classification,graphatlas_free_transition,graphatlas_free_transition,8,0,1,outputs\.work\runs\atlas_het\graphatlas_free_transition\split-0\seed-8\config-6dcf6684,outputs\.work\runs\atlas_het\graphatlas_free_transition\split-0\seed-8\config-6dcf6684\job_config.yaml
atlas_het__node_classification__graphatlas_free_transition__split0__seed9__24238c37c156,24238c37c156,0e672c999c335af7,atlas_het,node_classification,graphatlas_free_transition,graphatlas_free_transition,9,0,1,outputs\.work\runs\atlas_het\graphatlas_free_transition\split-0\seed-9\config-24238c37,outputs\.work\runs\atlas_het\graphatlas_free_transition\split-0\seed-9\config-24238c37\job_config.yaml
atlas_het__node_classification__graphatlas_no_transport__split0__seed0__e13f53de4629,e13f53de4629,0e672c999c335af7,atlas_het,node_classification,graphatlas_no_transport,graphatlas_no_transport,0,0,1,outputs\.work\runs\atlas_het\graphatlas_no_transport\split-0\seed-0\config-e13f53de,outputs\.work\runs\atlas_het\graphatlas_no_transport\split-0\seed-0\config-e13f53de\job_config.yaml
atlas_het__node_classification__graphatlas_no_transport__split0__seed1__c9bef3f161c7,c9bef3f161c7,0e672c999c335af7,atlas_het,node_classification,graphatlas_no_transport,graphatlas_no_transport,1,0,1,outputs\.work\runs\atlas_het\graphatlas_no_transport\split-0\seed-1\config-c9bef3f1,outputs\.work\runs\atlas_het\graphatlas_no_transport\split-0\seed-1\config-c9bef3f1\job_config.yaml
atlas_het__node_classification__graphatlas_no_transport__split0__seed2__278b833dd80c,278b833dd80c,0e672c999c335af7,atlas_het,node_classification,graphatlas_no_transport,graphatlas_no_transport,2,0,1,outputs\.work\runs\atlas_het\graphatlas_no_transport\split-0\seed-2\config-278b833d,outputs\.work\runs\atlas_het\graphatlas_no_transport\split-0\seed-2\config-278b833d\job_config.yaml
atlas_het__node_classification__graphatlas_no_transport__split0__seed3__705702c119bc,705702c119bc,0e672c999c335af7,atlas_het,node_classification,graphatlas_no_transport,graphatlas_no_transport,3,0,1,outputs\.work\runs\atlas_het\graphatlas_no_transport\split-0\seed-3\config-705702c1,outputs\.work\runs\atlas_het\graphatlas_no_transport\split-0\seed-3\config-705702c1\job_config.yaml
atlas_het__node_classification__graphatlas_no_transport__split0__seed4__b47a5b0fc378,b47a5b0fc378,0e672c999c335af7,atlas_het,node_classification,graphatlas_no_transport,graphatlas_no_transport,4,0,1,outputs\.work\runs\atlas_het\graphatlas_no_transport\split-0\seed-4\config-b47a5b0f,outputs\.work\runs\atlas_het\graphatlas_no_transport\split-0\seed-4\config-b47a5b0f\job_config.yaml
atlas_het__node_classification__graphatlas_no_transport__split0__seed5__36c58404b740,36c58404b740,0e672c999c335af7,atlas_het,node_classification,graphatlas_no_transport,graphatlas_no_transport,5,0,1,outputs\.work\runs\atlas_het\graphatlas_no_transport\split-0\seed-5\config-36c58404,outputs\.work\runs\atlas_het\graphatlas_no_transport\split-0\seed-5\config-36c58404\job_config.yaml
atlas_het__node_classification__graphatlas_no_transport__split0__seed6__9b6942af5161,9b6942af5161,0e672c999c335af7,atlas_het,node_classification,graphatlas_no_transport,graphatlas_no_transport,6,0,1,outputs\.work\runs\atlas_het\graphatlas_no_transport\split-0\seed-6\config-9b6942af,outputs\.work\runs\atlas_het\graphatlas_no_transport\split-0\seed-6\config-9b6942af\job_config.yaml
atlas_het__node_classification__graphatlas_no_transport__split0__seed7__7bd78615fbc6,7bd78615fbc6,0e672c999c335af7,atlas_het,node_classification,graphatlas_no_transport,graphatlas_no_transport,7,0,1,outputs\.work\runs\atlas_het\graphatlas_no_transport\split-0\seed-7\config-7bd78615,outputs\.work\runs\atlas_het\graphatlas_no_transport\split-0\seed-7\config-7bd78615\job_config.yaml
atlas_het__node_classification__graphatlas_no_transport__split0__seed8__33af19bee169,33af19bee169,0e672c999c335af7,atlas_het,node_classification,graphatlas_no_transport,graphatlas_no_transport,8,0,1,outputs\.work\runs\atlas_het\graphatlas_no_transport\split-0\seed-8\config-33af19be,outputs\.work\runs\atlas_het\graphatlas_no_transport\split-0\seed-8\config-33af19be\job_config.yaml
atlas_het__node_classification__graphatlas_no_transport__split0__seed9__400c6101f7dc,400c6101f7dc,0e672c999c335af7,atlas_het,node_classification,graphatlas_no_transport,graphatlas_no_transport,9,0,1,outputs\.work\runs\atlas_het\graphatlas_no_transport\split-0\seed-9\config-400c6101,outputs\.work\runs\atlas_het\graphatlas_no_transport\split-0\seed-9\config-400c6101\job_config.yaml
atlas_het__node_classification__graphatlas_c_oracle__split0__seed0__5047e1fee088,5047e1fee088,0e672c999c335af7,atlas_het,node_classification,graphatlas_c_oracle,graphatlas_certified,0,0,1,outputs\.work\runs\atlas_het\graphatlas_c_oracle\split-0\seed-0\config-5047e1fe,outputs\.work\runs\atlas_het\graphatlas_c_oracle\split-0\seed-0\config-5047e1fe\job_config.yaml
atlas_het__node_classification__graphatlas_c_oracle__split0__seed1__ca339efea971,ca339efea971,0e672c999c335af7,atlas_het,node_classification,graphatlas_c_oracle,graphatlas_certified,1,0,1,outputs\.work\runs\atlas_het\graphatlas_c_oracle\split-0\seed-1\config-ca339efe,outputs\.work\runs\atlas_het\graphatlas_c_oracle\split-0\seed-1\config-ca339efe\job_config.yaml
atlas_het__node_classification__graphatlas_c_oracle__split0__seed2__5d7b6c576a34,5d7b6c576a34,0e672c999c335af7,atlas_het,node_classification,graphatlas_c_oracle,graphatlas_certified,2,0,1,outputs\.work\runs\atlas_het\graphatlas_c_oracle\split-0\seed-2\config-5d7b6c57,outputs\.work\runs\atlas_het\graphatlas_c_oracle\split-0\seed-2\config-5d7b6c57\job_config.yaml
atlas_het__node_classification__graphatlas_c_oracle__split0__seed3__ddf52e8720cf,ddf52e8720cf,0e672c999c335af7,atlas_het,node_classification,graphatlas_c_oracle,graphatlas_certified,3,0,1,outputs\.work\runs\atlas_het\graphatlas_c_oracle\split-0\seed-3\config-ddf52e87,outputs\.work\runs\atlas_het\graphatlas_c_oracle\split-0\seed-3\config-ddf52e87\job_config.yaml
atlas_het__node_classification__graphatlas_c_oracle__split0__seed4__f7d4f90b53e9,f7d4f90b53e9,0e672c999c335af7,atlas_het,node_classification,graphatlas_c_oracle,graphatlas_certified,4,0,1,outputs\.work\runs\atlas_het\graphatlas_c_oracle\split-0\seed-4\config-f7d4f90b,outputs\.work\runs\atlas_het\graphatlas_c_oracle\split-0\seed-4\config-f7d4f90b\job_config.yaml
atlas_het__node_classification__graphatlas_c_oracle__split0__seed5__49f61d9d6650,49f61d9d6650,0e672c999c335af7,atlas_het,node_classification,graphatlas_c_oracle,graphatlas_certified,5,0,1,outputs\.work\runs\atlas_het\graphatlas_c_oracle\split-0\seed-5\config-49f61d9d,outputs\.work\runs\atlas_het\graphatlas_c_oracle\split-0\seed-5\config-49f61d9d\job_config.yaml
atlas_het__node_classification__graphatlas_c_oracle__split0__seed6__45a2f37b316f,45a2f37b316f,0e672c999c335af7,atlas_het,node_classification,graphatlas_c_oracle,graphatlas_certified,6,0,1,outputs\.work\runs\atlas_het\graphatlas_c_oracle\split-0\seed-6\config-45a2f37b,outputs\.work\runs\atlas_het\graphatlas_c_oracle\split-0\seed-6\config-45a2f37b\job_config.yaml
atlas_het__node_classification__graphatlas_c_oracle__split0__seed7__f6f9227e6288,f6f9227e6288,0e672c999c335af7,atlas_het,node_classification,graphatlas_c_oracle,graphatlas_certified,7,0,1,outputs\.work\runs\atlas_het\graphatlas_c_oracle\split-0\seed-7\config-f6f9227e,outputs\.work\runs\atlas_het\graphatlas_c_oracle\split-0\seed-7\config-f6f9227e\job_config.yaml
atlas_het__node_classification__graphatlas_c_oracle__split0__seed8__63aecb81a608,63aecb81a608,0e672c999c335af7,atlas_het,node_classification,graphatlas_c_oracle,graphatlas_certified,8,0,1,outputs\.work\runs\atlas_het\graphatlas_c_oracle\split-0\seed-8\config-63aecb81,outputs\.work\runs\atlas_het\graphatlas_c_oracle\split-0\seed-8\config-63aecb81\job_config.yaml
atlas_het__node_classification__graphatlas_c_oracle__split0__seed9__30a08c8d1196,30a08c8d1196,0e672c999c335af7,atlas_het,node_classification,graphatlas_c_oracle,graphatlas_certified,9,0,1,outputs\.work\runs\atlas_het\graphatlas_c_oracle\split-0\seed-9\config-30a08c8d,outputs\.work\runs\atlas_het\graphatlas_c_oracle\split-0\seed-9\config-30a08c8d\job_config.yaml
atlas_het__node_classification__graphatlas_c__split0__seed0__240888a4725d,240888a4725d,0e672c999c335af7,atlas_het,node_classification,graphatlas_c,graphatlas_certified,0,0,1,outputs\.work\runs\atlas_het\graphatlas_c\split-0\seed-0\config-240888a4,outputs\.work\runs\atlas_het\graphatlas_c\split-0\seed-0\config-240888a4\job_config.yaml
atlas_het__node_classification__graphatlas_c__split0__seed1__e6f7156b3353,e6f7156b3353,0e672c999c335af7,atlas_het,node_classification,graphatlas_c,graphatlas_certified,1,0,1,outputs\.work\runs\atlas_het\graphatlas_c\split-0\seed-1\config-e6f7156b,outputs\.work\runs\atlas_het\graphatlas_c\split-0\seed-1\config-e6f7156b\job_config.yaml
atlas_het__node_classification__graphatlas_c__split0__seed2__6f281c727da8,6f281c727da8,0e672c999c335af7,atlas_het,node_classification,graphatlas_c,graphatlas_certified,2,0,1,outputs\.work\runs\atlas_het\graphatlas_c\split-0\seed-2\config-6f281c72,outputs\.work\runs\atlas_het\graphatlas_c\split-0\seed-2\config-6f281c72\job_config.yaml
atlas_het__node_classification__graphatlas_c__split0__seed3__6d1a4c7df35c,6d1a4c7df35c,0e672c999c335af7,atlas_het,node_classification,graphatlas_c,graphatlas_certified,3,0,1,outputs\.work\runs\atlas_het\graphatlas_c\split-0\seed-3\config-6d1a4c7d,outputs\.work\runs\atlas_het\graphatlas_c\split-0\seed-3\config-6d1a4c7d\job_config.yaml
atlas_het__node_classification__graphatlas_c__split0__seed4__05c7a37962ab,05c7a37962ab,0e672c999c335af7,atlas_het,node_classification,graphatlas_c,graphatlas_certified,4,0,1,outputs\.work\runs\atlas_het\graphatlas_c\split-0\seed-4\config-05c7a379,outputs\.work\runs\atlas_het\graphatlas_c\split-0\seed-4\config-05c7a379\job_config.yaml
atlas_het__node_classification__graphatlas_c__split0__seed5__ab4674be0067,ab4674be0067,0e672c999c335af7,atlas_het,node_classification,graphatlas_c,graphatlas_certified,5,0,1,outputs\.work\runs\atlas_het\graphatlas_c\split-0\seed-5\config-ab4674be,outputs\.work\runs\atlas_het\graphatlas_c\split-0\seed-5\config-ab4674be\job_config.yaml
atlas_het__node_classification__graphatlas_c__split0__seed6__287626c3fe14,287626c3fe14,0e672c999c335af7,atlas_het,node_classification,graphatlas_c,graphatlas_certified,6,0,1,outputs\.work\runs\atlas_het\graphatlas_c\split-0\seed-6\config-287626c3,outputs\.work\runs\atlas_het\graphatlas_c\split-0\seed-6\config-287626c3\job_config.yaml
atlas_het__node_classification__graphatlas_c__split0__seed7__82cce4a808bf,82cce4a808bf,0e672c999c335af7,atlas_het,node_classification,graphatlas_c,graphatlas_certified,7,0,1,outputs\.work\runs\atlas_het\graphatlas_c\split-0\seed-7\config-82cce4a8,outputs\.work\runs\atlas_het\graphatlas_c\split-0\seed-7\config-82cce4a8\job_config.yaml
atlas_het__node_classification__graphatlas_c__split0__seed8__cab51db52b67,cab51db52b67,0e672c999c335af7,atlas_het,node_classification,graphatlas_c,graphatlas_certified,8,0,1,outputs\.work\runs\atlas_het\graphatlas_c\split-0\seed-8\config-cab51db5,outputs\.work\runs\atlas_het\graphatlas_c\split-0\seed-8\config-cab51db5\job_config.yaml
atlas_het__node_classification__graphatlas_c__split0__seed9__0ae58199e227,0ae58199e227,0e672c999c335af7,atlas_het,node_classification,graphatlas_c,graphatlas_certified,9,0,1,outputs\.work\runs\atlas_het\graphatlas_c\split-0\seed-9\config-0ae58199,outputs\.work\runs\atlas_het\graphatlas_c\split-0\seed-9\config-0ae58199\job_config.yaml
atlas_het__node_classification__graphatlas_original__split0__seed0__f4b4700d3865,f4b4700d3865,0e672c999c335af7,atlas_het,node_classification,graphatlas_original,graphatlas,0,0,1,outputs\.work\runs\atlas_het\graphatlas_original\split-0\seed-0\config-f4b4700d,outputs\.work\runs\atlas_het\graphatlas_original\split-0\seed-0\config-f4b4700d\job_config.yaml
atlas_het__node_classification__graphatlas_original__split0__seed1__c059b7f8d110,c059b7f8d110,0e672c999c335af7,atlas_het,node_classification,graphatlas_original,graphatlas,1,0,1,outputs\.work\runs\atlas_het\graphatlas_original\split-0\seed-1\config-c059b7f8,outputs\.work\runs\atlas_het\graphatlas_original\split-0\seed-1\config-c059b7f8\job_config.yaml
atlas_het__node_classification__graphatlas_original__split0__seed2__c36efdc17c65,c36efdc17c65,0e672c999c335af7,atlas_het,node_classification,graphatlas_original,graphatlas,2,0,1,outputs\.work\runs\atlas_het\graphatlas_original\split-0\seed-2\config-c36efdc1,outputs\.work\runs\atlas_het\graphatlas_original\split-0\seed-2\config-c36efdc1\job_config.yaml
atlas_het__node_classification__graphatlas_original__split0__seed3__ab01d66ba390,ab01d66ba390,0e672c999c335af7,atlas_het,node_classification,graphatlas_original,graphatlas,3,0,1,outputs\.work\runs\atlas_het\graphatlas_original\split-0\seed-3\config-ab01d66b,outputs\.work\runs\atlas_het\graphatlas_original\split-0\seed-3\config-ab01d66b\job_config.yaml
atlas_het__node_classification__graphatlas_original__split0__seed4__2332d73a9421,2332d73a9421,0e672c999c335af7,atlas_het,node_classification,graphatlas_original,graphatlas,4,0,1,outputs\.work\runs\atlas_het\graphatlas_original\split-0\seed-4\config-2332d73a,outputs\.work\runs\atlas_het\graphatlas_original\split-0\seed-4\config-2332d73a\job_config.yaml
atlas_het__node_classification__graphatlas_original__split0__seed5__fdbc8856c55b,fdbc8856c55b,0e672c999c335af7,atlas_het,node_classification,graphatlas_original,graphatlas,5,0,1,outputs\.work\runs\atlas_het\graphatlas_original\split-0\seed-5\config-fdbc8856,outputs\.work\runs\atlas_het\graphatlas_original\split-0\seed-5\config-fdbc8856\job_config.yaml
atlas_het__node_classification__graphatlas_original__split0__seed6__fab527f8d3cd,fab527f8d3cd,0e672c999c335af7,atlas_het,node_classification,graphatlas_original,graphatlas,6,0,1,outputs\.work\runs\atlas_het\graphatlas_original\split-0\seed-6\config-fab527f8,outputs\.work\runs\atlas_het\graphatlas_original\split-0\seed-6\config-fab527f8\job_config.yaml
atlas_het__node_classification__graphatlas_original__split0__seed7__620003d422e1,620003d422e1,0e672c999c335af7,atlas_het,node_classification,graphatlas_original,graphatlas,7,0,1,outputs\.work\runs\atlas_het\graphatlas_original\split-0\seed-7\config-620003d4,outputs\.work\runs\atlas_het\graphatlas_original\split-0\seed-7\config-620003d4\job_config.yaml
atlas_het__node_classification__graphatlas_original__split0__seed8__e4f42ff5ff04,e4f42ff5ff04,0e672c999c335af7,atlas_het,node_classification,graphatlas_original,graphatlas,8,0,1,outputs\.work\runs\atlas_het\graphatlas_original\split-0\seed-8\config-e4f42ff5,outputs\.work\runs\atlas_het\graphatlas_original\split-0\seed-8\config-e4f42ff5\job_config.yaml
atlas_het__node_classification__graphatlas_original__split0__seed9__46b23c2208e0,46b23c2208e0,0e672c999c335af7,atlas_het,node_classification,graphatlas_original,graphatlas,9,0,1,outputs\.work\runs\atlas_het\graphatlas_original\split-0\seed-9\config-46b23c22,outputs\.work\runs\atlas_het\graphatlas_original\split-0\seed-9\config-46b23c22\job_config.yaml
atlas_het__node_classification__graphatlas_free_transition__split0__seed0__e16dd5cde46d,e16dd5cde46d,0e672c999c335af7,atlas_het,node_classification,graphatlas_free_transition,graphatlas_free_transition,0,0,1,outputs\.work\runs\atlas_het\graphatlas_free_transition\split-0\seed-0\config-e16dd5cd,outputs\.work\runs\atlas_het\graphatlas_free_transition\split-0\seed-0\config-e16dd5cd\job_config.yaml
atlas_het__node_classification__graphatlas_free_transition__split0__seed1__9b4df51612f5,9b4df51612f5,0e672c999c335af7,atlas_het,node_classification,graphatlas_free_transition,graphatlas_free_transition,1,0,1,outputs\.work\runs\atlas_het\graphatlas_free_transition\split-0\seed-1\config-9b4df516,outputs\.work\runs\atlas_het\graphatlas_free_transition\split-0\seed-1\config-9b4df516\job_config.yaml
atlas_het__node_classification__graphatlas_free_transition__split0__seed2__53834520318c,53834520318c,0e672c999c335af7,atlas_het,node_classification,graphatlas_free_transition,graphatlas_free_transition,2,0,1,outputs\.work\runs\atlas_het\graphatlas_free_transition\split-0\seed-2\config-53834520,outputs\.work\runs\atlas_het\graphatlas_free_transition\split-0\seed-2\config-53834520\job_config.yaml
atlas_het__node_classification__graphatlas_free_transition__split0__seed3__6a5ac0d8d932,6a5ac0d8d932,0e672c999c335af7,atlas_het,node_classification,graphatlas_free_transition,graphatlas_free_transition,3,0,1,outputs\.work\runs\atlas_het\graphatlas_free_transition\split-0\seed-3\config-6a5ac0d8,outputs\.work\runs\atlas_het\graphatlas_free_transition\split-0\seed-3\config-6a5ac0d8\job_config.yaml
atlas_het__node_classification__graphatlas_free_transition__split0__seed4__813c24e56f64,813c24e56f64,0e672c999c335af7,atlas_het,node_classification,graphatlas_free_transition,graphatlas_free_transition,4,0,1,outputs\.work\runs\atlas_het\graphatlas_free_transition\split-0\seed-4\config-813c24e5,outputs\.work\runs\atlas_het\graphatlas_free_transition\split-0\seed-4\config-813c24e5\job_config.yaml
atlas_het__node_classification__graphatlas_free_transition__split0__seed5__8d4735849452,8d4735849452,0e672c999c335af7,atlas_het,node_classification,graphatlas_free_transition,graphatlas_free_transition,5,0,1,outputs\.work\runs\atlas_het\graphatlas_free_transition\split-0\seed-5\config-8d473584,outputs\.work\runs\atlas_het\graphatlas_free_transition\split-0\seed-5\config-8d473584\job_config.yaml
atlas_het__node_classification__graphatlas_free_transition__split0__seed6__b9a0d2e39149,b9a0d2e39149,0e672c999c335af7,atlas_het,node_classification,graphatlas_free_transition,graphatlas_free_transition,6,0,1,outputs\.work\runs\atlas_het\graphatlas_free_transition\split-0\seed-6\config-b9a0d2e3,outputs\.work\runs\atlas_het\graphatlas_free_transition\split-0\seed-6\config-b9a0d2e3\job_config.yaml
atlas_het__node_classification__graphatlas_free_transition__split0__seed7__6b70486fa173,6b70486fa173,0e672c999c335af7,atlas_het,node_classification,graphatlas_free_transition,graphatlas_free_transition,7,0,1,outputs\.work\runs\atlas_het\graphatlas_free_transition\split-0\seed-7\config-6b70486f,outputs\.work\runs\atlas_het\graphatlas_free_transition\split-0\seed-7\config-6b70486f\job_config.yaml
atlas_het__node_classification__graphatlas_free_transition__split0__seed8__116f7365c761,116f7365c761,0e672c999c335af7,atlas_het,node_classification,graphatlas_free_transition,graphatlas_free_transition,8,0,1,outputs\.work\runs\atlas_het\graphatlas_free_transition\split-0\seed-8\config-116f7365,outputs\.work\runs\atlas_het\graphatlas_free_transition\split-0\seed-8\config-116f7365\job_config.yaml
atlas_het__node_classification__graphatlas_free_transition__split0__seed9__074979c9edc4,074979c9edc4,0e672c999c335af7,atlas_het,node_classification,graphatlas_free_transition,graphatlas_free_transition,9,0,1,outputs\.work\runs\atlas_het\graphatlas_free_transition\split-0\seed-9\config-074979c9,outputs\.work\runs\atlas_het\graphatlas_free_transition\split-0\seed-9\config-074979c9\job_config.yaml
atlas_het__node_classification__graphatlas_no_transport__split0__seed0__d3ec66e29375,d3ec66e29375,0e672c999c335af7,atlas_het,node_classification,graphatlas_no_transport,graphatlas_no_transport,0,0,1,outputs\.work\runs\atlas_het\graphatlas_no_transport\split-0\seed-0\config-d3ec66e2,outputs\.work\runs\atlas_het\graphatlas_no_transport\split-0\seed-0\config-d3ec66e2\job_config.yaml
atlas_het__node_classification__graphatlas_no_transport__split0__seed1__fe21d324b808,fe21d324b808,0e672c999c335af7,atlas_het,node_classification,graphatlas_no_transport,graphatlas_no_transport,1,0,1,outputs\.work\runs\atlas_het\graphatlas_no_transport\split-0\seed-1\config-fe21d324,outputs\.work\runs\atlas_het\graphatlas_no_transport\split-0\seed-1\config-fe21d324\job_config.yaml
atlas_het__node_classification__graphatlas_no_transport__split0__seed2__7ff2e1e3fd44,7ff2e1e3fd44,0e672c999c335af7,atlas_het,node_classification,graphatlas_no_transport,graphatlas_no_transport,2,0,1,outputs\.work\runs\atlas_het\graphatlas_no_transport\split-0\seed-2\config-7ff2e1e3,outputs\.work\runs\atlas_het\graphatlas_no_transport\split-0\seed-2\config-7ff2e1e3\job_config.yaml
atlas_het__node_classification__graphatlas_no_transport__split0__seed3__1f9354d15f98,1f9354d15f98,0e672c999c335af7,atlas_het,node_classification,graphatlas_no_transport,graphatlas_no_transport,3,0,1,outputs\.work\runs\atlas_het\graphatlas_no_transport\split-0\seed-3\config-1f9354d1,outputs\.work\runs\atlas_het\graphatlas_no_transport\split-0\seed-3\config-1f9354d1\job_config.yaml
atlas_het__node_classification__graphatlas_no_transport__split0__seed4__de55f165b077,de55f165b077,0e672c999c335af7,atlas_het,node_classification,graphatlas_no_transport,graphatlas_no_transport,4,0,1,outputs\.work\runs\atlas_het\graphatlas_no_transport\split-0\seed-4\config-de55f165,outputs\.work\runs\atlas_het\graphatlas_no_transport\split-0\seed-4\config-de55f165\job_config.yaml
atlas_het__node_classification__graphatlas_no_transport__split0__seed5__29371b6ff6d7,29371b6ff6d7,0e672c999c335af7,atlas_het,node_classification,graphatlas_no_transport,graphatlas_no_transport,5,0,1,outputs\.work\runs\atlas_het\graphatlas_no_transport\split-0\seed-5\config-29371b6f,outputs\.work\runs\atlas_het\graphatlas_no_transport\split-0\seed-5\config-29371b6f\job_config.yaml
atlas_het__node_classification__graphatlas_no_transport__split0__seed6__28f12170ef67,28f12170ef67,0e672c999c335af7,atlas_het,node_classification,graphatlas_no_transport,graphatlas_no_transport,6,0,1,outputs\.work\runs\atlas_het\graphatlas_no_transport\split-0\seed-6\config-28f12170,outputs\.work\runs\atlas_het\graphatlas_no_transport\split-0\seed-6\config-28f12170\job_config.yaml
atlas_het__node_classification__graphatlas_no_transport__split0__seed7__cc23d7d74cbc,cc23d7d74cbc,0e672c999c335af7,atlas_het,node_classification,graphatlas_no_transport,graphatlas_no_transport,7,0,1,outputs\.work\runs\atlas_het\graphatlas_no_transport\split-0\seed-7\config-cc23d7d7,outputs\.work\runs\atlas_het\graphatlas_no_transport\split-0\seed-7\config-cc23d7d7\job_config.yaml
atlas_het__node_classification__graphatlas_no_transport__split0__seed8__b0697f904141,b0697f904141,0e672c999c335af7,atlas_het,node_classification,graphatlas_no_transport,graphatlas_no_transport,8,0,1,outputs\.work\runs\atlas_het\graphatlas_no_transport\split-0\seed-8\config-b0697f90,outputs\.work\runs\atlas_het\graphatlas_no_transport\split-0\seed-8\config-b0697f90\job_config.yaml
atlas_het__node_classification__graphatlas_no_transport__split0__seed9__7225d15cfa4c,7225d15cfa4c,0e672c999c335af7,atlas_het,node_classification,graphatlas_no_transport,graphatlas_no_transport,9,0,1,outputs\.work\runs\atlas_het\graphatlas_no_transport\split-0\seed-9\config-7225d15c,outputs\.work\runs\atlas_het\graphatlas_no_transport\split-0\seed-9\config-7225d15c\job_config.yaml
atlas_het__node_classification__graphatlas_c_oracle__split0__seed0__6c8c7fcf0032,6c8c7fcf0032,0e672c999c335af7,atlas_het,node_classification,graphatlas_c_oracle,graphatlas_certified,0,0,1,outputs\.work\runs\atlas_het\graphatlas_c_oracle\split-0\seed-0\config-6c8c7fcf,outputs\.work\runs\atlas_het\graphatlas_c_oracle\split-0\seed-0\config-6c8c7fcf\job_config.yaml
atlas_het__node_classification__graphatlas_c_oracle__split0__seed1__cd450ea2452e,cd450ea2452e,0e672c999c335af7,atlas_het,node_classification,graphatlas_c_oracle,graphatlas_certified,1,0,1,outputs\.work\runs\atlas_het\graphatlas_c_oracle\split-0\seed-1\config-cd450ea2,outputs\.work\runs\atlas_het\graphatlas_c_oracle\split-0\seed-1\config-cd450ea2\job_config.yaml
atlas_het__node_classification__graphatlas_c_oracle__split0__seed2__90e1a8093677,90e1a8093677,0e672c999c335af7,atlas_het,node_classification,graphatlas_c_oracle,graphatlas_certified,2,0,1,outputs\.work\runs\atlas_het\graphatlas_c_oracle\split-0\seed-2\config-90e1a809,outputs\.work\runs\atlas_het\graphatlas_c_oracle\split-0\seed-2\config-90e1a809\job_config.yaml
atlas_het__node_classification__graphatlas_c_oracle__split0__seed3__842f6bde2b2b,842f6bde2b2b,0e672c999c335af7,atlas_het,node_classification,graphatlas_c_oracle,graphatlas_certified,3,0,1,outputs\.work\runs\atlas_het\graphatlas_c_oracle\split-0\seed-3\config-842f6bde,outputs\.work\runs\atlas_het\graphatlas_c_oracle\split-0\seed-3\config-842f6bde\job_config.yaml
atlas_het__node_classification__graphatlas_c_oracle__split0__seed4__476b23f68576,476b23f68576,0e672c999c335af7,atlas_het,node_classification,graphatlas_c_oracle,graphatlas_certified,4,0,1,outputs\.work\runs\atlas_het\graphatlas_c_oracle\split-0\seed-4\config-476b23f6,outputs\.work\runs\atlas_het\graphatlas_c_oracle\split-0\seed-4\config-476b23f6\job_config.yaml
atlas_het__node_classification__graphatlas_c_oracle__split0__seed5__4fd5676bd482,4fd5676bd482,0e672c999c335af7,atlas_het,node_classification,graphatlas_c_oracle,graphatlas_certified,5,0,1,outputs\.work\runs\atlas_het\graphatlas_c_oracle\split-0\seed-5\config-4fd5676b,outputs\.work\runs\atlas_het\graphatlas_c_oracle\split-0\seed-5\config-4fd5676b\job_config.yaml
atlas_het__node_classification__graphatlas_c_oracle__split0__seed6__023b4305d899,023b4305d899,0e672c999c335af7,atlas_het,node_classification,graphatlas_c_oracle,graphatlas_certified,6,0,1,outputs\.work\runs\atlas_het\graphatlas_c_oracle\split-0\seed-6\config-023b4305,outputs\.work\runs\atlas_het\graphatlas_c_oracle\split-0\seed-6\config-023b4305\job_config.yaml
atlas_het__node_classification__graphatlas_c_oracle__split0__seed7__efdbeb717374,efdbeb717374,0e672c999c335af7,atlas_het,node_classification,graphatlas_c_oracle,graphatlas_certified,7,0,1,outputs\.work\runs\atlas_het\graphatlas_c_oracle\split-0\seed-7\config-efdbeb71,outputs\.work\runs\atlas_het\graphatlas_c_oracle\split-0\seed-7\config-efdbeb71\job_config.yaml
atlas_het__node_classification__graphatlas_c_oracle__split0__seed8__b378bd95614b,b378bd95614b,0e672c999c335af7,atlas_het,node_classification,graphatlas_c_oracle,graphatlas_certified,8,0,1,outputs\.work\runs\atlas_het\graphatlas_c_oracle\split-0\seed-8\config-b378bd95,outputs\.work\runs\atlas_het\graphatlas_c_oracle\split-0\seed-8\config-b378bd95\job_config.yaml
atlas_het__node_classification__graphatlas_c_oracle__split0__seed9__f3fbc9f02c2f,f3fbc9f02c2f,0e672c999c335af7,atlas_het,node_classification,graphatlas_c_oracle,graphatlas_certified,9,0,1,outputs\.work\runs\atlas_het\graphatlas_c_oracle\split-0\seed-9\config-f3fbc9f0,outputs\.work\runs\atlas_het\graphatlas_c_oracle\split-0\seed-9\config-f3fbc9f0\job_config.yaml
atlas_het__node_classification__graphatlas_c__split0__seed0__106b23466842,106b23466842,0e672c999c335af7,atlas_het,node_classification,graphatlas_c,graphatlas_certified,0,0,1,outputs\.work\runs\atlas_het\graphatlas_c\split-0\seed-0\config-106b2346,outputs\.work\runs\atlas_het\graphatlas_c\split-0\seed-0\config-106b2346\job_config.yaml
atlas_het__node_classification__graphatlas_c__split0__seed1__c6a00f2daa21,c6a00f2daa21,0e672c999c335af7,atlas_het,node_classification,graphatlas_c,graphatlas_certified,1,0,1,outputs\.work\runs\atlas_het\graphatlas_c\split-0\seed-1\config-c6a00f2d,outputs\.work\runs\atlas_het\graphatlas_c\split-0\seed-1\config-c6a00f2d\job_config.yaml
atlas_het__node_classification__graphatlas_c__split0__seed2__a20deb5743ff,a20deb5743ff,0e672c999c335af7,atlas_het,node_classification,graphatlas_c,graphatlas_certified,2,0,1,outputs\.work\runs\atlas_het\graphatlas_c\split-0\seed-2\config-a20deb57,outputs\.work\runs\atlas_het\graphatlas_c\split-0\seed-2\config-a20deb57\job_config.yaml
atlas_het__node_classification__graphatlas_c__split0__seed3__4e378464c52e,4e378464c52e,0e672c999c335af7,atlas_het,node_classification,graphatlas_c,graphatlas_certified,3,0,1,outputs\.work\runs\atlas_het\graphatlas_c\split-0\seed-3\config-4e378464,outputs\.work\runs\atlas_het\graphatlas_c\split-0\seed-3\config-4e378464\job_config.yaml
atlas_het__node_classification__graphatlas_c__split0__seed4__a6b0c50a9a84,a6b0c50a9a84,0e672c999c335af7,atlas_het,node_classification,graphatlas_c,graphatlas_certified,4,0,1,outputs\.work\runs\atlas_het\graphatlas_c\split-0\seed-4\config-a6b0c50a,outputs\.work\runs\atlas_het\graphatlas_c\split-0\seed-4\config-a6b0c50a\job_config.yaml
atlas_het__node_classification__graphatlas_c__split0__seed5__8d6d34ffbed1,8d6d34ffbed1,0e672c999c335af7,atlas_het,node_classification,graphatlas_c,graphatlas_certified,5,0,1,outputs\.work\runs\atlas_het\graphatlas_c\split-0\seed-5\config-8d6d34ff,outputs\.work\runs\atlas_het\graphatlas_c\split-0\seed-5\config-8d6d34ff\job_config.yaml
atlas_het__node_classification__graphatlas_c__split0__seed6__a3e66464d9bf,a3e66464d9bf,0e672c999c335af7,atlas_het,node_classification,graphatlas_c,graphatlas_certified,6,0,1,outputs\.work\runs\atlas_het\graphatlas_c\split-0\seed-6\config-a3e66464,outputs\.work\runs\atlas_het\graphatlas_c\split-0\seed-6\config-a3e66464\job_config.yaml
atlas_het__node_classification__graphatlas_c__split0__seed7__0cb8f4820412,0cb8f4820412,0e672c999c335af7,atlas_het,node_classification,graphatlas_c,graphatlas_certified,7,0,1,outputs\.work\runs\atlas_het\graphatlas_c\split-0\seed-7\config-0cb8f482,outputs\.work\runs\atlas_het\graphatlas_c\split-0\seed-7\config-0cb8f482\job_config.yaml
atlas_het__node_classification__graphatlas_c__split0__seed8__019204b2518d,019204b2518d,0e672c999c335af7,atlas_het,node_classification,graphatlas_c,graphatlas_certified,8,0,1,outputs\.work\runs\atlas_het\graphatlas_c\split-0\seed-8\config-019204b2,outputs\.work\runs\atlas_het\graphatlas_c\split-0\seed-8\config-019204b2\job_config.yaml
atlas_het__node_classification__graphatlas_c__split0__seed9__5e9e06387d2f,5e9e06387d2f,0e672c999c335af7,atlas_het,node_classification,graphatlas_c,graphatlas_certified,9,0,1,outputs\.work\runs\atlas_het\graphatlas_c\split-0\seed-9\config-5e9e0638,outputs\.work\runs\atlas_het\graphatlas_c\split-0\seed-9\config-5e9e0638\job_config.yaml
atlas_het__node_classification__graphatlas_original__split0__seed0__78691c15ec25,78691c15ec25,0e672c999c335af7,atlas_het,node_classification,graphatlas_original,graphatlas,0,0,1,outputs\.work\runs\atlas_het\graphatlas_original\split-0\seed-0\config-78691c15,outputs\.work\runs\atlas_het\graphatlas_original\split-0\seed-0\config-78691c15\job_config.yaml
atlas_het__node_classification__graphatlas_original__split0__seed1__235fea94c646,235fea94c646,0e672c999c335af7,atlas_het,node_classification,graphatlas_original,graphatlas,1,0,1,outputs\.work\runs\atlas_het\graphatlas_original\split-0\seed-1\config-235fea94,outputs\.work\runs\atlas_het\graphatlas_original\split-0\seed-1\config-235fea94\job_config.yaml
atlas_het__node_classification__graphatlas_original__split0__seed2__471975ab431f,471975ab431f,0e672c999c335af7,atlas_het,node_classification,graphatlas_original,graphatlas,2,0,1,outputs\.work\runs\atlas_het\graphatlas_original\split-0\seed-2\config-471975ab,outputs\.work\runs\atlas_het\graphatlas_original\split-0\seed-2\config-471975ab\job_config.yaml
atlas_het__node_classification__graphatlas_original__split0__seed3__388045a4b642,388045a4b642,0e672c999c335af7,atlas_het,node_classification,graphatlas_original,graphatlas,3,0,1,outputs\.work\runs\atlas_het\graphatlas_original\split-0\seed-3\config-388045a4,outputs\.work\runs\atlas_het\graphatlas_original\split-0\seed-3\config-388045a4\job_config.yaml
atlas_het__node_classification__graphatlas_original__split0__seed4__73af6cf68049,73af6cf68049,0e672c999c335af7,atlas_het,node_classification,graphatlas_original,graphatlas,4,0,1,outputs\.work\runs\atlas_het\graphatlas_original\split-0\seed-4\config-73af6cf6,outputs\.work\runs\atlas_het\graphatlas_original\split-0\seed-4\config-73af6cf6\job_config.yaml
atlas_het__node_classification__graphatlas_original__split0__seed5__2cc1faea3aef,2cc1faea3aef,0e672c999c335af7,atlas_het,node_classification,graphatlas_original,graphatlas,5,0,1,outputs\.work\runs\atlas_het\graphatlas_original\split-0\seed-5\config-2cc1faea,outputs\.work\runs\atlas_het\graphatlas_original\split-0\seed-5\config-2cc1faea\job_config.yaml
atlas_het__node_classification__graphatlas_original__split0__seed6__06bd7813938b,06bd7813938b,0e672c999c335af7,atlas_het,node_classification,graphatlas_original,graphatlas,6,0,1,outputs\.work\runs\atlas_het\graphatlas_original\split-0\seed-6\config-06bd7813,outputs\.work\runs\atlas_het\graphatlas_original\split-0\seed-6\config-06bd7813\job_config.yaml
atlas_het__node_classification__graphatlas_original__split0__seed7__685020e4ffe3,685020e4ffe3,0e672c999c335af7,atlas_het,node_classification,graphatlas_original,graphatlas,7,0,1,outputs\.work\runs\atlas_het\graphatlas_original\split-0\seed-7\config-685020e4,outputs\.work\runs\atlas_het\graphatlas_original\split-0\seed-7\config-685020e4\job_config.yaml
atlas_het__node_classification__graphatlas_original__split0__seed8__dbdf4bcf38e1,dbdf4bcf38e1,0e672c999c335af7,atlas_het,node_classification,graphatlas_original,graphatlas,8,0,1,outputs\.work\runs\atlas_het\graphatlas_original\split-0\seed-8\config-dbdf4bcf,outputs\.work\runs\atlas_het\graphatlas_original\split-0\seed-8\config-dbdf4bcf\job_config.yaml
atlas_het__node_classification__graphatlas_original__split0__seed9__5b77a1368aae,5b77a1368aae,0e672c999c335af7,atlas_het,node_classification,graphatlas_original,graphatlas,9,0,1,outputs\.work\runs\atlas_het\graphatlas_original\split-0\seed-9\config-5b77a136,outputs\.work\runs\atlas_het\graphatlas_original\split-0\seed-9\config-5b77a136\job_config.yaml
atlas_het__node_classification__graphatlas_free_transition__split0__seed0__79f068f468d7,79f068f468d7,0e672c999c335af7,atlas_het,node_classification,graphatlas_free_transition,graphatlas_free_transition,0,0,1,outputs\.work\runs\atlas_het\graphatlas_free_transition\split-0\seed-0\config-79f068f4,outputs\.work\runs\atlas_het\graphatlas_free_transition\split-0\seed-0\config-79f068f4\job_config.yaml
atlas_het__node_classification__graphatlas_free_transition__split0__seed1__f73cc9a7b96e,f73cc9a7b96e,0e672c999c335af7,atlas_het,node_classification,graphatlas_free_transition,graphatlas_free_transition,1,0,1,outputs\.work\runs\atlas_het\graphatlas_free_transition\split-0\seed-1\config-f73cc9a7,outputs\.work\runs\atlas_het\graphatlas_free_transition\split-0\seed-1\config-f73cc9a7\job_config.yaml
atlas_het__node_classification__graphatlas_free_transition__split0__seed2__4e8ddc1331eb,4e8ddc1331eb,0e672c999c335af7,atlas_het,node_classification,graphatlas_free_transition,graphatlas_free_transition,2,0,1,outputs\.work\runs\atlas_het\graphatlas_free_transition\split-0\seed-2\config-4e8ddc13,outputs\.work\runs\atlas_het\graphatlas_free_transition\split-0\seed-2\config-4e8ddc13\job_config.yaml
atlas_het__node_classification__graphatlas_free_transition__split0__seed3__e39dc04e9798,e39dc04e9798,0e672c999c335af7,atlas_het,node_classification,graphatlas_free_transition,graphatlas_free_transition,3,0,1,outputs\.work\runs\atlas_het\graphatlas_free_transition\split-0\seed-3\config-e39dc04e,outputs\.work\runs\atlas_het\graphatlas_free_transition\split-0\seed-3\config-e39dc04e\job_config.yaml
atlas_het__node_classification__graphatlas_free_transition__split0__seed4__b97518d6bf1f,b97518d6bf1f,0e672c999c335af7,atlas_het,node_classification,graphatlas_free_transition,graphatlas_free_transition,4,0,1,outputs\.work\runs\atlas_het\graphatlas_free_transition\split-0\seed-4\config-b97518d6,outputs\.work\runs\atlas_het\graphatlas_free_transition\split-0\seed-4\config-b97518d6\job_config.yaml
atlas_het__node_classification__graphatlas_free_transition__split0__seed5__569a7b332232,569a7b332232,0e672c999c335af7,atlas_het,node_classification,graphatlas_free_transition,graphatlas_free_transition,5,0,1,outputs\.work\runs\atlas_het\graphatlas_free_transition\split-0\seed-5\config-569a7b33,outputs\.work\runs\atlas_het\graphatlas_free_transition\split-0\seed-5\config-569a7b33\job_config.yaml
atlas_het__node_classification__graphatlas_free_transition__split0__seed6__db261ec166d8,db261ec166d8,0e672c999c335af7,atlas_het,node_classification,graphatlas_free_transition,graphatlas_free_transition,6,0,1,outputs\.work\runs\atlas_het\graphatlas_free_transition\split-0\seed-6\config-db261ec1,outputs\.work\runs\atlas_het\graphatlas_free_transition\split-0\seed-6\config-db261ec1\job_config.yaml
atlas_het__node_classification__graphatlas_free_transition__split0__seed7__b76260aeb411,b76260aeb411,0e672c999c335af7,atlas_het,node_classification,graphatlas_free_transition,graphatlas_free_transition,7,0,1,outputs\.work\runs\atlas_het\graphatlas_free_transition\split-0\seed-7\config-b76260ae,outputs\.work\runs\atlas_het\graphatlas_free_transition\split-0\seed-7\config-b76260ae\job_config.yaml
atlas_het__node_classification__graphatlas_free_transition__split0__seed8__025272971181,025272971181,0e672c999c335af7,atlas_het,node_classification,graphatlas_free_transition,graphatlas_free_transition,8,0,1,outputs\.work\runs\atlas_het\graphatlas_free_transition\split-0\seed-8\config-02527297,outputs\.work\runs\atlas_het\graphatlas_free_transition\split-0\seed-8\config-02527297\job_config.yaml
atlas_het__node_classification__graphatlas_free_transition__split0__seed9__41842e8edd9d,41842e8edd9d,0e672c999c335af7,atlas_het,node_classification,graphatlas_free_transition,graphatlas_free_transition,9,0,1,outputs\.work\runs\atlas_het\graphatlas_free_transition\split-0\seed-9\config-41842e8e,outputs\.work\runs\atlas_het\graphatlas_free_transition\split-0\seed-9\config-41842e8e\job_config.yaml
atlas_het__node_classification__graphatlas_no_transport__split0__seed0__087b2d24b1fa,087b2d24b1fa,0e672c999c335af7,atlas_het,node_classification,graphatlas_no_transport,graphatlas_no_transport,0,0,1,outputs\.work\runs\atlas_het\graphatlas_no_transport\split-0\seed-0\config-087b2d24,outputs\.work\runs\atlas_het\graphatlas_no_transport\split-0\seed-0\config-087b2d24\job_config.yaml
atlas_het__node_classification__graphatlas_no_transport__split0__seed1__b85abbab4f96,b85abbab4f96,0e672c999c335af7,atlas_het,node_classification,graphatlas_no_transport,graphatlas_no_transport,1,0,1,outputs\.work\runs\atlas_het\graphatlas_no_transport\split-0\seed-1\config-b85abbab,outputs\.work\runs\atlas_het\graphatlas_no_transport\split-0\seed-1\config-b85abbab\job_config.yaml
atlas_het__node_classification__graphatlas_no_transport__split0__seed2__f28d0990de4b,f28d0990de4b,0e672c999c335af7,atlas_het,node_classification,graphatlas_no_transport,graphatlas_no_transport,2,0,1,outputs\.work\runs\atlas_het\graphatlas_no_transport\split-0\seed-2\config-f28d0990,outputs\.work\runs\atlas_het\graphatlas_no_transport\split-0\seed-2\config-f28d0990\job_config.yaml
atlas_het__node_classification__graphatlas_no_transport__split0__seed3__a85cc441e2c8,a85cc441e2c8,0e672c999c335af7,atlas_het,node_classification,graphatlas_no_transport,graphatlas_no_transport,3,0,1,outputs\.work\runs\atlas_het\graphatlas_no_transport\split-0\seed-3\config-a85cc441,outputs\.work\runs\atlas_het\graphatlas_no_transport\split-0\seed-3\config-a85cc441\job_config.yaml
atlas_het__node_classification__graphatlas_no_transport__split0__seed4__7f44c76d5f90,7f44c76d5f90,0e672c999c335af7,atlas_het,node_classification,graphatlas_no_transport,graphatlas_no_transport,4,0,1,outputs\.work\runs\atlas_het\graphatlas_no_transport\split-0\seed-4\config-7f44c76d,outputs\.work\runs\atlas_het\graphatlas_no_transport\split-0\seed-4\config-7f44c76d\job_config.yaml
atlas_het__node_classification__graphatlas_no_transport__split0__seed5__bf063c2259ab,bf063c2259ab,0e672c999c335af7,atlas_het,node_classification,graphatlas_no_transport,graphatlas_no_transport,5,0,1,outputs\.work\runs\atlas_het\graphatlas_no_transport\split-0\seed-5\config-bf063c22,outputs\.work\runs\atlas_het\graphatlas_no_transport\split-0\seed-5\config-bf063c22\job_config.yaml
atlas_het__node_classification__graphatlas_no_transport__split0__seed6__881f3165e824,881f3165e824,0e672c999c335af7,atlas_het,node_classification,graphatlas_no_transport,graphatlas_no_transport,6,0,1,outputs\.work\runs\atlas_het\graphatlas_no_transport\split-0\seed-6\config-881f3165,outputs\.work\runs\atlas_het\graphatlas_no_transport\split-0\seed-6\config-881f3165\job_config.yaml
atlas_het__node_classification__graphatlas_no_transport__split0__seed7__7e37af0e4fde,7e37af0e4fde,0e672c999c335af7,atlas_het,node_classification,graphatlas_no_transport,graphatlas_no_transport,7,0,1,outputs\.work\runs\atlas_het\graphatlas_no_transport\split-0\seed-7\config-7e37af0e,outputs\.work\runs\atlas_het\graphatlas_no_transport\split-0\seed-7\config-7e37af0e\job_config.yaml
atlas_het__node_classification__graphatlas_no_transport__split0__seed8__d846d543b49c,d846d543b49c,0e672c999c335af7,atlas_het,node_classification,graphatlas_no_transport,graphatlas_no_transport,8,0,1,outputs\.work\runs\atlas_het\graphatlas_no_transport\split-0\seed-8\config-d846d543,outputs\.work\runs\atlas_het\graphatlas_no_transport\split-0\seed-8\config-d846d543\job_config.yaml
atlas_het__node_classification__graphatlas_no_transport__split0__seed9__5d29deea23c1,5d29deea23c1,0e672c999c335af7,atlas_het,node_classification,graphatlas_no_transport,graphatlas_no_transport,9,0,1,outputs\.work\runs\atlas_het\graphatlas_no_transport\split-0\seed-9\config-5d29deea,outputs\.work\runs\atlas_het\graphatlas_no_transport\split-0\seed-9\config-5d29deea\job_config.yaml
atlas_het__node_classification__graphatlas_c_oracle__split0__seed0__189ac4f03ef1,189ac4f03ef1,0e672c999c335af7,atlas_het,node_classification,graphatlas_c_oracle,graphatlas_certified,0,0,1,outputs\.work\runs\atlas_het\graphatlas_c_oracle\split-0\seed-0\config-189ac4f0,outputs\.work\runs\atlas_het\graphatlas_c_oracle\split-0\seed-0\config-189ac4f0\job_config.yaml
atlas_het__node_classification__graphatlas_c_oracle__split0__seed1__f6a37ae40aeb,f6a37ae40aeb,0e672c999c335af7,atlas_het,node_classification,graphatlas_c_oracle,graphatlas_certified,1,0,1,outputs\.work\runs\atlas_het\graphatlas_c_oracle\split-0\seed-1\config-f6a37ae4,outputs\.work\runs\atlas_het\graphatlas_c_oracle\split-0\seed-1\config-f6a37ae4\job_config.yaml
atlas_het__node_classification__graphatlas_c_oracle__split0__seed2__f2d827767ded,f2d827767ded,0e672c999c335af7,atlas_het,node_classification,graphatlas_c_oracle,graphatlas_certified,2,0,1,outputs\.work\runs\atlas_het\graphatlas_c_oracle\split-0\seed-2\config-f2d82776,outputs\.work\runs\atlas_het\graphatlas_c_oracle\split-0\seed-2\config-f2d82776\job_config.yaml
atlas_het__node_classification__graphatlas_c_oracle__split0__seed3__d09d6445c606,d09d6445c606,0e672c999c335af7,atlas_het,node_classification,graphatlas_c_oracle,graphatlas_certified,3,0,1,outputs\.work\runs\atlas_het\graphatlas_c_oracle\split-0\seed-3\config-d09d6445,outputs\.work\runs\atlas_het\graphatlas_c_oracle\split-0\seed-3\config-d09d6445\job_config.yaml
atlas_het__node_classification__graphatlas_c_oracle__split0__seed4__b0a97f0f2d59,b0a97f0f2d59,0e672c999c335af7,atlas_het,node_classification,graphatlas_c_oracle,graphatlas_certified,4,0,1,outputs\.work\runs\atlas_het\graphatlas_c_oracle\split-0\seed-4\config-b0a97f0f,outputs\.work\runs\atlas_het\graphatlas_c_oracle\split-0\seed-4\config-b0a97f0f\job_config.yaml
atlas_het__node_classification__graphatlas_c_oracle__split0__seed5__89b8ddc49e38,89b8ddc49e38,0e672c999c335af7,atlas_het,node_classification,graphatlas_c_oracle,graphatlas_certified,5,0,1,outputs\.work\runs\atlas_het\graphatlas_c_oracle\split-0\seed-5\config-89b8ddc4,outputs\.work\runs\atlas_het\graphatlas_c_oracle\split-0\seed-5\config-89b8ddc4\job_config.yaml
atlas_het__node_classification__graphatlas_c_oracle__split0__seed6__f9879c17ece5,f9879c17ece5,0e672c999c335af7,atlas_het,node_classification,graphatlas_c_oracle,graphatlas_certified,6,0,1,outputs\.work\runs\atlas_het\graphatlas_c_oracle\split-0\seed-6\config-f9879c17,outputs\.work\runs\atlas_het\graphatlas_c_oracle\split-0\seed-6\config-f9879c17\job_config.yaml
atlas_het__node_classification__graphatlas_c_oracle__split0__seed7__733358b94896,733358b94896,0e672c999c335af7,atlas_het,node_classification,graphatlas_c_oracle,graphatlas_certified,7,0,1,outputs\.work\runs\atlas_het\graphatlas_c_oracle\split-0\seed-7\config-733358b9,outputs\.work\runs\atlas_het\graphatlas_c_oracle\split-0\seed-7\config-733358b9\job_config.yaml
atlas_het__node_classification__graphatlas_c_oracle__split0__seed8__85f2741ad92c,85f2741ad92c,0e672c999c335af7,atlas_het,node_classification,graphatlas_c_oracle,graphatlas_certified,8,0,1,outputs\.work\runs\atlas_het\graphatlas_c_oracle\split-0\seed-8\config-85f2741a,outputs\.work\runs\atlas_het\graphatlas_c_oracle\split-0\seed-8\config-85f2741a\job_config.yaml
atlas_het__node_classification__graphatlas_c_oracle__split0__seed9__a0d50371c1a6,a0d50371c1a6,0e672c999c335af7,atlas_het,node_classification,graphatlas_c_oracle,graphatlas_certified,9,0,1,outputs\.work\runs\atlas_het\graphatlas_c_oracle\split-0\seed-9\config-a0d50371,outputs\.work\runs\atlas_het\graphatlas_c_oracle\split-0\seed-9\config-a0d50371\job_config.yaml
atlas_het__node_classification__graphatlas_c__split0__seed0__7b138d732248,7b138d732248,0e672c999c335af7,atlas_het,node_classification,graphatlas_c,graphatlas_certified,0,0,1,outputs\.work\runs\atlas_het\graphatlas_c\split-0\seed-0\config-7b138d73,outputs\.work\runs\atlas_het\graphatlas_c\split-0\seed-0\config-7b138d73\job_config.yaml
atlas_het__node_classification__graphatlas_c__split0__seed1__79868b56ad77,79868b56ad77,0e672c999c335af7,atlas_het,node_classification,graphatlas_c,graphatlas_certified,1,0,1,outputs\.work\runs\atlas_het\graphatlas_c\split-0\seed-1\config-79868b56,outputs\.work\runs\atlas_het\graphatlas_c\split-0\seed-1\config-79868b56\job_config.yaml
atlas_het__node_classification__graphatlas_c__split0__seed2__59f921661953,59f921661953,0e672c999c335af7,atlas_het,node_classification,graphatlas_c,graphatlas_certified,2,0,1,outputs\.work\runs\atlas_het\graphatlas_c\split-0\seed-2\config-59f92166,outputs\.work\runs\atlas_het\graphatlas_c\split-0\seed-2\config-59f92166\job_config.yaml
atlas_het__node_classification__graphatlas_c__split0__seed3__643e6941858e,643e6941858e,0e672c999c335af7,atlas_het,node_classification,graphatlas_c,graphatlas_certified,3,0,1,outputs\.work\runs\atlas_het\graphatlas_c\split-0\seed-3\config-643e6941,outputs\.work\runs\atlas_het\graphatlas_c\split-0\seed-3\config-643e6941\job_config.yaml
atlas_het__node_classification__graphatlas_c__split0__seed4__22c7094ade58,22c7094ade58,0e672c999c335af7,atlas_het,node_classification,graphatlas_c,graphatlas_certified,4,0,1,outputs\.work\runs\atlas_het\graphatlas_c\split-0\seed-4\config-22c7094a,outputs\.work\runs\atlas_het\graphatlas_c\split-0\seed-4\config-22c7094a\job_config.yaml
atlas_het__node_classification__graphatlas_c__split0__seed5__b7c4a96b563c,b7c4a96b563c,0e672c999c335af7,atlas_het,node_classification,graphatlas_c,graphatlas_certified,5,0,1,outputs\.work\runs\atlas_het\graphatlas_c\split-0\seed-5\config-b7c4a96b,outputs\.work\runs\atlas_het\graphatlas_c\split-0\seed-5\config-b7c4a96b\job_config.yaml
atlas_het__node_classification__graphatlas_c__split0__seed6__f70678dbff22,f70678dbff22,0e672c999c335af7,atlas_het,node_classification,graphatlas_c,graphatlas_certified,6,0,1,outputs\.work\runs\atlas_het\graphatlas_c\split-0\seed-6\config-f70678db,outputs\.work\runs\atlas_het\graphatlas_c\split-0\seed-6\config-f70678db\job_config.yaml
atlas_het__node_classification__graphatlas_c__split0__seed7__89b6dd2467d1,89b6dd2467d1,0e672c999c335af7,atlas_het,node_classification,graphatlas_c,graphatlas_certified,7,0,1,outputs\.work\runs\atlas_het\graphatlas_c\split-0\seed-7\config-89b6dd24,outputs\.work\runs\atlas_het\graphatlas_c\split-0\seed-7\config-89b6dd24\job_config.yaml
atlas_het__node_classification__graphatlas_c__split0__seed8__78df9a1eae35,78df9a1eae35,0e672c999c335af7,atlas_het,node_classification,graphatlas_c,graphatlas_certified,8,0,1,outputs\.work\runs\atlas_het\graphatlas_c\split-0\seed-8\config-78df9a1e,outputs\.work\runs\atlas_het\graphatlas_c\split-0\seed-8\config-78df9a1e\job_config.yaml
atlas_het__node_classification__graphatlas_c__split0__seed9__954314b580a4,954314b580a4,0e672c999c335af7,atlas_het,node_classification,graphatlas_c,graphatlas_certified,9,0,1,outputs\.work\runs\atlas_het\graphatlas_c\split-0\seed-9\config-954314b5,outputs\.work\runs\atlas_het\graphatlas_c\split-0\seed-9\config-954314b5\job_config.yaml
atlas_het__node_classification__graphatlas_original__split0__seed0__67c5911ad4d3,67c5911ad4d3,0e672c999c335af7,atlas_het,node_classification,graphatlas_original,graphatlas,0,0,1,outputs\.work\runs\atlas_het\graphatlas_original\split-0\seed-0\config-67c5911a,outputs\.work\runs\atlas_het\graphatlas_original\split-0\seed-0\config-67c5911a\job_config.yaml
atlas_het__node_classification__graphatlas_original__split0__seed1__f263538a7147,f263538a7147,0e672c999c335af7,atlas_het,node_classification,graphatlas_original,graphatlas,1,0,1,outputs\.work\runs\atlas_het\graphatlas_original\split-0\seed-1\config-f263538a,outputs\.work\runs\atlas_het\graphatlas_original\split-0\seed-1\config-f263538a\job_config.yaml
atlas_het__node_classification__graphatlas_original__split0__seed2__120df37d17a3,120df37d17a3,0e672c999c335af7,atlas_het,node_classification,graphatlas_original,graphatlas,2,0,1,outputs\.work\runs\atlas_het\graphatlas_original\split-0\seed-2\config-120df37d,outputs\.work\runs\atlas_het\graphatlas_original\split-0\seed-2\config-120df37d\job_config.yaml
atlas_het__node_classification__graphatlas_original__split0__seed3__ede87d87fe52,ede87d87fe52,0e672c999c335af7,atlas_het,node_classification,graphatlas_original,graphatlas,3,0,1,outputs\.work\runs\atlas_het\graphatlas_original\split-0\seed-3\config-ede87d87,outputs\.work\runs\atlas_het\graphatlas_original\split-0\seed-3\config-ede87d87\job_config.yaml
atlas_het__node_classification__graphatlas_original__split0__seed4__aff568fb8590,aff568fb8590,0e672c999c335af7,atlas_het,node_classification,graphatlas_original,graphatlas,4,0,1,outputs\.work\runs\atlas_het\graphatlas_original\split-0\seed-4\config-aff568fb,outputs\.work\runs\atlas_het\graphatlas_original\split-0\seed-4\config-aff568fb\job_config.yaml
atlas_het__node_classification__graphatlas_original__split0__seed5__aac5dd2f9caf,aac5dd2f9caf,0e672c999c335af7,atlas_het,node_classification,graphatlas_original,graphatlas,5,0,1,outputs\.work\runs\atlas_het\graphatlas_original\split-0\seed-5\config-aac5dd2f,outputs\.work\runs\atlas_het\graphatlas_original\split-0\seed-5\config-aac5dd2f\job_config.yaml
atlas_het__node_classification__graphatlas_original__split0__seed6__c989f7a90386,c989f7a90386,0e672c999c335af7,atlas_het,node_classification,graphatlas_original,graphatlas,6,0,1,outputs\.work\runs\atlas_het\graphatlas_original\split-0\seed-6\config-c989f7a9,outputs\.work\runs\atlas_het\graphatlas_original\split-0\seed-6\config-c989f7a9\job_config.yaml
atlas_het__node_classification__graphatlas_original__split0__seed7__e69588bbd624,e69588bbd624,0e672c999c335af7,atlas_het,node_classification,graphatlas_original,graphatlas,7,0,1,outputs\.work\runs\atlas_het\graphatlas_original\split-0\seed-7\config-e69588bb,outputs\.work\runs\atlas_het\graphatlas_original\split-0\seed-7\config-e69588bb\job_config.yaml
atlas_het__node_classification__graphatlas_original__split0__seed8__43fdae848db1,43fdae848db1,0e672c999c335af7,atlas_het,node_classification,graphatlas_original,graphatlas,8,0,1,outputs\.work\runs\atlas_het\graphatlas_original\split-0\seed-8\config-43fdae84,outputs\.work\runs\atlas_het\graphatlas_original\split-0\seed-8\config-43fdae84\job_config.yaml
atlas_het__node_classification__graphatlas_original__split0__seed9__da24d8e84c8e,da24d8e84c8e,0e672c999c335af7,atlas_het,node_classification,graphatlas_original,graphatlas,9,0,1,outputs\.work\runs\atlas_het\graphatlas_original\split-0\seed-9\config-da24d8e8,outputs\.work\runs\atlas_het\graphatlas_original\split-0\seed-9\config-da24d8e8\job_config.yaml
atlas_het__node_classification__graphatlas_free_transition__split0__seed0__bc7e0751fad3,bc7e0751fad3,0e672c999c335af7,atlas_het,node_classification,graphatlas_free_transition,graphatlas_free_transition,0,0,1,outputs\.work\runs\atlas_het\graphatlas_free_transition\split-0\seed-0\config-bc7e0751,outputs\.work\runs\atlas_het\graphatlas_free_transition\split-0\seed-0\config-bc7e0751\job_config.yaml
atlas_het__node_classification__graphatlas_free_transition__split0__seed1__febe4d9a710e,febe4d9a710e,0e672c999c335af7,atlas_het,node_classification,graphatlas_free_transition,graphatlas_free_transition,1,0,1,outputs\.work\runs\atlas_het\graphatlas_free_transition\split-0\seed-1\config-febe4d9a,outputs\.work\runs\atlas_het\graphatlas_free_transition\split-0\seed-1\config-febe4d9a\job_config.yaml
atlas_het__node_classification__graphatlas_free_transition__split0__seed2__0b132dabc653,0b132dabc653,0e672c999c335af7,atlas_het,node_classification,graphatlas_free_transition,graphatlas_free_transition,2,0,1,outputs\.work\runs\atlas_het\graphatlas_free_transition\split-0\seed-2\config-0b132dab,outputs\.work\runs\atlas_het\graphatlas_free_transition\split-0\seed-2\config-0b132dab\job_config.yaml
atlas_het__node_classification__graphatlas_free_transition__split0__seed3__6bbb42be7b83,6bbb42be7b83,0e672c999c335af7,atlas_het,node_classification,graphatlas_free_transition,graphatlas_free_transition,3,0,1,outputs\.work\runs\atlas_het\graphatlas_free_transition\split-0\seed-3\config-6bbb42be,outputs\.work\runs\atlas_het\graphatlas_free_transition\split-0\seed-3\config-6bbb42be\job_config.yaml
atlas_het__node_classification__graphatlas_free_transition__split0__seed4__633f8f258cf5,633f8f258cf5,0e672c999c335af7,atlas_het,node_classification,graphatlas_free_transition,graphatlas_free_transition,4,0,1,outputs\.work\runs\atlas_het\graphatlas_free_transition\split-0\seed-4\config-633f8f25,outputs\.work\runs\atlas_het\graphatlas_free_transition\split-0\seed-4\config-633f8f25\job_config.yaml
atlas_het__node_classification__graphatlas_free_transition__split0__seed5__b3ac90d0319e,b3ac90d0319e,0e672c999c335af7,atlas_het,node_classification,graphatlas_free_transition,graphatlas_free_transition,5,0,1,outputs\.work\runs\atlas_het\graphatlas_free_transition\split-0\seed-5\config-b3ac90d0,outputs\.work\runs\atlas_het\graphatlas_free_transition\split-0\seed-5\config-b3ac90d0\job_config.yaml
atlas_het__node_classification__graphatlas_free_transition__split0__seed6__d807ef853dee,d807ef853dee,0e672c999c335af7,atlas_het,node_classification,graphatlas_free_transition,graphatlas_free_transition,6,0,1,outputs\.work\runs\atlas_het\graphatlas_free_transition\split-0\seed-6\config-d807ef85,outputs\.work\runs\atlas_het\graphatlas_free_transition\split-0\seed-6\config-d807ef85\job_config.yaml
atlas_het__node_classification__graphatlas_free_transition__split0__seed7__9a39b81287f1,9a39b81287f1,0e672c999c335af7,atlas_het,node_classification,graphatlas_free_transition,graphatlas_free_transition,7,0,1,outputs\.work\runs\atlas_het\graphatlas_free_transition\split-0\seed-7\config-9a39b812,outputs\.work\runs\atlas_het\graphatlas_free_transition\split-0\seed-7\config-9a39b812\job_config.yaml
atlas_het__node_classification__graphatlas_free_transition__split0__seed8__3c2d00c625f7,3c2d00c625f7,0e672c999c335af7,atlas_het,node_classification,graphatlas_free_transition,graphatlas_free_transition,8,0,1,outputs\.work\runs\atlas_het\graphatlas_free_transition\split-0\seed-8\config-3c2d00c6,outputs\.work\runs\atlas_het\graphatlas_free_transition\split-0\seed-8\config-3c2d00c6\job_config.yaml
atlas_het__node_classification__graphatlas_free_transition__split0__seed9__2598d0735039,2598d0735039,0e672c999c335af7,atlas_het,node_classification,graphatlas_free_transition,graphatlas_free_transition,9,0,1,outputs\.work\runs\atlas_het\graphatlas_free_transition\split-0\seed-9\config-2598d073,outputs\.work\runs\atlas_het\graphatlas_free_transition\split-0\seed-9\config-2598d073\job_config.yaml
atlas_het__node_classification__graphatlas_no_transport__split0__seed0__09ad3f733f1e,09ad3f733f1e,0e672c999c335af7,atlas_het,node_classification,graphatlas_no_transport,graphatlas_no_transport,0,0,1,outputs\.work\runs\atlas_het\graphatlas_no_transport\split-0\seed-0\config-09ad3f73,outputs\.work\runs\atlas_het\graphatlas_no_transport\split-0\seed-0\config-09ad3f73\job_config.yaml
atlas_het__node_classification__graphatlas_no_transport__split0__seed1__a71a072452d8,a71a072452d8,0e672c999c335af7,atlas_het,node_classification,graphatlas_no_transport,graphatlas_no_transport,1,0,1,outputs\.work\runs\atlas_het\graphatlas_no_transport\split-0\seed-1\config-a71a0724,outputs\.work\runs\atlas_het\graphatlas_no_transport\split-0\seed-1\config-a71a0724\job_config.yaml
atlas_het__node_classification__graphatlas_no_transport__split0__seed2__d237ad2d2871,d237ad2d2871,0e672c999c335af7,atlas_het,node_classification,graphatlas_no_transport,graphatlas_no_transport,2,0,1,outputs\.work\runs\atlas_het\graphatlas_no_transport\split-0\seed-2\config-d237ad2d,outputs\.work\runs\atlas_het\graphatlas_no_transport\split-0\seed-2\config-d237ad2d\job_config.yaml
atlas_het__node_classification__graphatlas_no_transport__split0__seed3__0f1ca35274a6,0f1ca35274a6,0e672c999c335af7,atlas_het,node_classification,graphatlas_no_transport,graphatlas_no_transport,3,0,1,outputs\.work\runs\atlas_het\graphatlas_no_transport\split-0\seed-3\config-0f1ca352,outputs\.work\runs\atlas_het\graphatlas_no_transport\split-0\seed-3\config-0f1ca352\job_config.yaml
atlas_het__node_classification__graphatlas_no_transport__split0__seed4__ace6870df6d3,ace6870df6d3,0e672c999c335af7,atlas_het,node_classification,graphatlas_no_transport,graphatlas_no_transport,4,0,1,outputs\.work\runs\atlas_het\graphatlas_no_transport\split-0\seed-4\config-ace6870d,outputs\.work\runs\atlas_het\graphatlas_no_transport\split-0\seed-4\config-ace6870d\job_config.yaml
atlas_het__node_classification__graphatlas_no_transport__split0__seed5__394ee74886d4,394ee74886d4,0e672c999c335af7,atlas_het,node_classification,graphatlas_no_transport,graphatlas_no_transport,5,0,1,outputs\.work\runs\atlas_het\graphatlas_no_transport\split-0\seed-5\config-394ee748,outputs\.work\runs\atlas_het\graphatlas_no_transport\split-0\seed-5\config-394ee748\job_config.yaml
atlas_het__node_classification__graphatlas_no_transport__split0__seed6__93ab82c55b1e,93ab82c55b1e,0e672c999c335af7,atlas_het,node_classification,graphatlas_no_transport,graphatlas_no_transport,6,0,1,outputs\.work\runs\atlas_het\graphatlas_no_transport\split-0\seed-6\config-93ab82c5,outputs\.work\runs\atlas_het\graphatlas_no_transport\split-0\seed-6\config-93ab82c5\job_config.yaml
atlas_het__node_classification__graphatlas_no_transport__split0__seed7__0d0782a74cac,0d0782a74cac,0e672c999c335af7,atlas_het,node_classification,graphatlas_no_transport,graphatlas_no_transport,7,0,1,outputs\.work\runs\atlas_het\graphatlas_no_transport\split-0\seed-7\config-0d0782a7,outputs\.work\runs\atlas_het\graphatlas_no_transport\split-0\seed-7\config-0d0782a7\job_config.yaml
atlas_het__node_classification__graphatlas_no_transport__split0__seed8__caaf84b86867,caaf84b86867,0e672c999c335af7,atlas_het,node_classification,graphatlas_no_transport,graphatlas_no_transport,8,0,1,outputs\.work\runs\atlas_het\graphatlas_no_transport\split-0\seed-8\config-caaf84b8,outputs\.work\runs\atlas_het\graphatlas_no_transport\split-0\seed-8\config-caaf84b8\job_config.yaml
atlas_het__node_classification__graphatlas_no_transport__split0__seed9__9881fad7be44,9881fad7be44,0e672c999c335af7,atlas_het,node_classification,graphatlas_no_transport,graphatlas_no_transport,9,0,1,outputs\.work\runs\atlas_het\graphatlas_no_transport\split-0\seed-9\config-9881fad7,outputs\.work\runs\atlas_het\graphatlas_no_transport\split-0\seed-9\config-9881fad7\job_config.yaml
atlas_het__node_classification__graphatlas_c_oracle__split0__seed0__4b56f50f94cd,4b56f50f94cd,0e672c999c335af7,atlas_het,node_classification,graphatlas_c_oracle,graphatlas_certified,0,0,1,outputs\.work\runs\atlas_het\graphatlas_c_oracle\split-0\seed-0\config-4b56f50f,outputs\.work\runs\atlas_het\graphatlas_c_oracle\split-0\seed-0\config-4b56f50f\job_config.yaml
atlas_het__node_classification__graphatlas_c_oracle__split0__seed1__08384698f768,08384698f768,0e672c999c335af7,atlas_het,node_classification,graphatlas_c_oracle,graphatlas_certified,1,0,1,outputs\.work\runs\atlas_het\graphatlas_c_oracle\split-0\seed-1\config-08384698,outputs\.work\runs\atlas_het\graphatlas_c_oracle\split-0\seed-1\config-08384698\job_config.yaml
atlas_het__node_classification__graphatlas_c_oracle__split0__seed2__50dad228c00f,50dad228c00f,0e672c999c335af7,atlas_het,node_classification,graphatlas_c_oracle,graphatlas_certified,2,0,1,outputs\.work\runs\atlas_het\graphatlas_c_oracle\split-0\seed-2\config-50dad228,outputs\.work\runs\atlas_het\graphatlas_c_oracle\split-0\seed-2\config-50dad228\job_config.yaml
atlas_het__node_classification__graphatlas_c_oracle__split0__seed3__eae98fe3e58e,eae98fe3e58e,0e672c999c335af7,atlas_het,node_classification,graphatlas_c_oracle,graphatlas_certified,3,0,1,outputs\.work\runs\atlas_het\graphatlas_c_oracle\split-0\seed-3\config-eae98fe3,outputs\.work\runs\atlas_het\graphatlas_c_oracle\split-0\seed-3\config-eae98fe3\job_config.yaml
atlas_het__node_classification__graphatlas_c_oracle__split0__seed4__172814c654dd,172814c654dd,0e672c999c335af7,atlas_het,node_classification,graphatlas_c_oracle,graphatlas_certified,4,0,1,outputs\.work\runs\atlas_het\graphatlas_c_oracle\split-0\seed-4\config-172814c6,outputs\.work\runs\atlas_het\graphatlas_c_oracle\split-0\seed-4\config-172814c6\job_config.yaml
atlas_het__node_classification__graphatlas_c_oracle__split0__seed5__0ec115ca7231,0ec115ca7231,0e672c999c335af7,atlas_het,node_classification,graphatlas_c_oracle,graphatlas_certified,5,0,1,outputs\.work\runs\atlas_het\graphatlas_c_oracle\split-0\seed-5\config-0ec115ca,outputs\.work\runs\atlas_het\graphatlas_c_oracle\split-0\seed-5\config-0ec115ca\job_config.yaml
atlas_het__node_classification__graphatlas_c_oracle__split0__seed6__7713303a11d2,7713303a11d2,0e672c999c335af7,atlas_het,node_classification,graphatlas_c_oracle,graphatlas_certified,6,0,1,outputs\.work\runs\atlas_het\graphatlas_c_oracle\split-0\seed-6\config-7713303a,outputs\.work\runs\atlas_het\graphatlas_c_oracle\split-0\seed-6\config-7713303a\job_config.yaml
atlas_het__node_classification__graphatlas_c_oracle__split0__seed7__416a9182b867,416a9182b867,0e672c999c335af7,atlas_het,node_classification,graphatlas_c_oracle,graphatlas_certified,7,0,1,outputs\.work\runs\atlas_het\graphatlas_c_oracle\split-0\seed-7\config-416a9182,outputs\.work\runs\atlas_het\graphatlas_c_oracle\split-0\seed-7\config-416a9182\job_config.yaml
atlas_het__node_classification__graphatlas_c_oracle__split0__seed8__36fa3e47ccb8,36fa3e47ccb8,0e672c999c335af7,atlas_het,node_classification,graphatlas_c_oracle,graphatlas_certified,8,0,1,outputs\.work\runs\atlas_het\graphatlas_c_oracle\split-0\seed-8\config-36fa3e47,outputs\.work\runs\atlas_het\graphatlas_c_oracle\split-0\seed-8\config-36fa3e47\job_config.yaml
atlas_het__node_classification__graphatlas_c_oracle__split0__seed9__7ff354551084,7ff354551084,0e672c999c335af7,atlas_het,node_classification,graphatlas_c_oracle,graphatlas_certified,9,0,1,outputs\.work\runs\atlas_het\graphatlas_c_oracle\split-0\seed-9\config-7ff35455,outputs\.work\runs\atlas_het\graphatlas_c_oracle\split-0\seed-9\config-7ff35455\job_config.yaml
atlas_het__node_classification__graphatlas_c__split0__seed0__3dd2deb90c3f,3dd2deb90c3f,0e672c999c335af7,atlas_het,node_classification,graphatlas_c,graphatlas_certified,0,0,1,outputs\.work\runs\atlas_het\graphatlas_c\split-0\seed-0\config-3dd2deb9,outputs\.work\runs\atlas_het\graphatlas_c\split-0\seed-0\config-3dd2deb9\job_config.yaml
atlas_het__node_classification__graphatlas_c__split0__seed1__b37fd15f35b0,b37fd15f35b0,0e672c999c335af7,atlas_het,node_classification,graphatlas_c,graphatlas_certified,1,0,1,outputs\.work\runs\atlas_het\graphatlas_c\split-0\seed-1\config-b37fd15f,outputs\.work\runs\atlas_het\graphatlas_c\split-0\seed-1\config-b37fd15f\job_config.yaml
atlas_het__node_classification__graphatlas_c__split0__seed2__e08eb11f7f03,e08eb11f7f03,0e672c999c335af7,atlas_het,node_classification,graphatlas_c,graphatlas_certified,2,0,1,outputs\.work\runs\atlas_het\graphatlas_c\split-0\seed-2\config-e08eb11f,outputs\.work\runs\atlas_het\graphatlas_c\split-0\seed-2\config-e08eb11f\job_config.yaml
atlas_het__node_classification__graphatlas_c__split0__seed3__89e508f1765a,89e508f1765a,0e672c999c335af7,atlas_het,node_classification,graphatlas_c,graphatlas_certified,3,0,1,outputs\.work\runs\atlas_het\graphatlas_c\split-0\seed-3\config-89e508f1,outputs\.work\runs\atlas_het\graphatlas_c\split-0\seed-3\config-89e508f1\job_config.yaml
atlas_het__node_classification__graphatlas_c__split0__seed4__e26dab64152c,e26dab64152c,0e672c999c335af7,atlas_het,node_classification,graphatlas_c,graphatlas_certified,4,0,1,outputs\.work\runs\atlas_het\graphatlas_c\split-0\seed-4\config-e26dab64,outputs\.work\runs\atlas_het\graphatlas_c\split-0\seed-4\config-e26dab64\job_config.yaml
atlas_het__node_classification__graphatlas_c__split0__seed5__cfabefce9a4d,cfabefce9a4d,0e672c999c335af7,atlas_het,node_classification,graphatlas_c,graphatlas_certified,5,0,1,outputs\.work\runs\atlas_het\graphatlas_c\split-0\seed-5\config-cfabefce,outputs\.work\runs\atlas_het\graphatlas_c\split-0\seed-5\config-cfabefce\job_config.yaml
atlas_het__node_classification__graphatlas_c__split0__seed6__f9b20218add9,f9b20218add9,0e672c999c335af7,atlas_het,node_classification,graphatlas_c,graphatlas_certified,6,0,1,outputs\.work\runs\atlas_het\graphatlas_c\split-0\seed-6\config-f9b20218,outputs\.work\runs\atlas_het\graphatlas_c\split-0\seed-6\config-f9b20218\job_config.yaml
atlas_het__node_classification__graphatlas_c__split0__seed7__1de7b5eabddc,1de7b5eabddc,0e672c999c335af7,atlas_het,node_classification,graphatlas_c,graphatlas_certified,7,0,1,outputs\.work\runs\atlas_het\graphatlas_c\split-0\seed-7\config-1de7b5ea,outputs\.work\runs\atlas_het\graphatlas_c\split-0\seed-7\config-1de7b5ea\job_config.yaml
atlas_het__node_classification__graphatlas_c__split0__seed8__d600ab29c060,d600ab29c060,0e672c999c335af7,atlas_het,node_classification,graphatlas_c,graphatlas_certified,8,0,1,outputs\.work\runs\atlas_het\graphatlas_c\split-0\seed-8\config-d600ab29,outputs\.work\runs\atlas_het\graphatlas_c\split-0\seed-8\config-d600ab29\job_config.yaml
atlas_het__node_classification__graphatlas_c__split0__seed9__0c659b6466ef,0c659b6466ef,0e672c999c335af7,atlas_het,node_classification,graphatlas_c,graphatlas_certified,9,0,1,outputs\.work\runs\atlas_het\graphatlas_c\split-0\seed-9\config-0c659b64,outputs\.work\runs\atlas_het\graphatlas_c\split-0\seed-9\config-0c659b64\job_config.yaml
atlas_het__node_classification__graphatlas_original__split0__seed0__52c4750359a5,52c4750359a5,0e672c999c335af7,atlas_het,node_classification,graphatlas_original,graphatlas,0,0,1,outputs\.work\runs\atlas_het\graphatlas_original\split-0\seed-0\config-52c47503,outputs\.work\runs\atlas_het\graphatlas_original\split-0\seed-0\config-52c47503\job_config.yaml
atlas_het__node_classification__graphatlas_original__split0__seed1__5fda57e2b554,5fda57e2b554,0e672c999c335af7,atlas_het,node_classification,graphatlas_original,graphatlas,1,0,1,outputs\.work\runs\atlas_het\graphatlas_original\split-0\seed-1\config-5fda57e2,outputs\.work\runs\atlas_het\graphatlas_original\split-0\seed-1\config-5fda57e2\job_config.yaml
atlas_het__node_classification__graphatlas_original__split0__seed2__1868d53ede12,1868d53ede12,0e672c999c335af7,atlas_het,node_classification,graphatlas_original,graphatlas,2,0,1,outputs\.work\runs\atlas_het\graphatlas_original\split-0\seed-2\config-1868d53e,outputs\.work\runs\atlas_het\graphatlas_original\split-0\seed-2\config-1868d53e\job_config.yaml
atlas_het__node_classification__graphatlas_original__split0__seed3__7a1894b1db06,7a1894b1db06,0e672c999c335af7,atlas_het,node_classification,graphatlas_original,graphatlas,3,0,1,outputs\.work\runs\atlas_het\graphatlas_original\split-0\seed-3\config-7a1894b1,outputs\.work\runs\atlas_het\graphatlas_original\split-0\seed-3\config-7a1894b1\job_config.yaml
atlas_het__node_classification__graphatlas_original__split0__seed4__7a7a4128e0e4,7a7a4128e0e4,0e672c999c335af7,atlas_het,node_classification,graphatlas_original,graphatlas,4,0,1,outputs\.work\runs\atlas_het\graphatlas_original\split-0\seed-4\config-7a7a4128,outputs\.work\runs\atlas_het\graphatlas_original\split-0\seed-4\config-7a7a4128\job_config.yaml
atlas_het__node_classification__graphatlas_original__split0__seed5__257d10c65ce9,257d10c65ce9,0e672c999c335af7,atlas_het,node_classification,graphatlas_original,graphatlas,5,0,1,outputs\.work\runs\atlas_het\graphatlas_original\split-0\seed-5\config-257d10c6,outputs\.work\runs\atlas_het\graphatlas_original\split-0\seed-5\config-257d10c6\job_config.yaml
atlas_het__node_classification__graphatlas_original__split0__seed6__8006979ef5d0,8006979ef5d0,0e672c999c335af7,atlas_het,node_classification,graphatlas_original,graphatlas,6,0,1,outputs\.work\runs\atlas_het\graphatlas_original\split-0\seed-6\config-8006979e,outputs\.work\runs\atlas_het\graphatlas_original\split-0\seed-6\config-8006979e\job_config.yaml
atlas_het__node_classification__graphatlas_original__split0__seed7__cb19ede62e52,cb19ede62e52,0e672c999c335af7,atlas_het,node_classification,graphatlas_original,graphatlas,7,0,1,outputs\.work\runs\atlas_het\graphatlas_original\split-0\seed-7\config-cb19ede6,outputs\.work\runs\atlas_het\graphatlas_original\split-0\seed-7\config-cb19ede6\job_config.yaml
atlas_het__node_classification__graphatlas_original__split0__seed8__f215d4203077,f215d4203077,0e672c999c335af7,atlas_het,node_classification,graphatlas_original,graphatlas,8,0,1,outputs\.work\runs\atlas_het\graphatlas_original\split-0\seed-8\config-f215d420,outputs\.work\runs\atlas_het\graphatlas_original\split-0\seed-8\config-f215d420\job_config.yaml
atlas_het__node_classification__graphatlas_original__split0__seed9__0b2b6b8fc885,0b2b6b8fc885,0e672c999c335af7,atlas_het,node_classification,graphatlas_original,graphatlas,9,0,1,outputs\.work\runs\atlas_het\graphatlas_original\split-0\seed-9\config-0b2b6b8f,outputs\.work\runs\atlas_het\graphatlas_original\split-0\seed-9\config-0b2b6b8f\job_config.yaml
atlas_het__node_classification__graphatlas_free_transition__split0__seed0__10abde45221f,10abde45221f,0e672c999c335af7,atlas_het,node_classification,graphatlas_free_transition,graphatlas_free_transition,0,0,1,outputs\.work\runs\atlas_het\graphatlas_free_transition\split-0\seed-0\config-10abde45,outputs\.work\runs\atlas_het\graphatlas_free_transition\split-0\seed-0\config-10abde45\job_config.yaml
atlas_het__node_classification__graphatlas_free_transition__split0__seed1__f9c6ba3b180c,f9c6ba3b180c,0e672c999c335af7,atlas_het,node_classification,graphatlas_free_transition,graphatlas_free_transition,1,0,1,outputs\.work\runs\atlas_het\graphatlas_free_transition\split-0\seed-1\config-f9c6ba3b,outputs\.work\runs\atlas_het\graphatlas_free_transition\split-0\seed-1\config-f9c6ba3b\job_config.yaml
atlas_het__node_classification__graphatlas_free_transition__split0__seed2__efb429475660,efb429475660,0e672c999c335af7,atlas_het,node_classification,graphatlas_free_transition,graphatlas_free_transition,2,0,1,outputs\.work\runs\atlas_het\graphatlas_free_transition\split-0\seed-2\config-efb42947,outputs\.work\runs\atlas_het\graphatlas_free_transition\split-0\seed-2\config-efb42947\job_config.yaml
atlas_het__node_classification__graphatlas_free_transition__split0__seed3__2fd16c94e1c8,2fd16c94e1c8,0e672c999c335af7,atlas_het,node_classification,graphatlas_free_transition,graphatlas_free_transition,3,0,1,outputs\.work\runs\atlas_het\graphatlas_free_transition\split-0\seed-3\config-2fd16c94,outputs\.work\runs\atlas_het\graphatlas_free_transition\split-0\seed-3\config-2fd16c94\job_config.yaml
atlas_het__node_classification__graphatlas_free_transition__split0__seed4__ab33523651a3,ab33523651a3,0e672c999c335af7,atlas_het,node_classification,graphatlas_free_transition,graphatlas_free_transition,4,0,1,outputs\.work\runs\atlas_het\graphatlas_free_transition\split-0\seed-4\config-ab335236,outputs\.work\runs\atlas_het\graphatlas_free_transition\split-0\seed-4\config-ab335236\job_config.yaml
atlas_het__node_classification__graphatlas_free_transition__split0__seed5__195fbb5d1d9e,195fbb5d1d9e,0e672c999c335af7,atlas_het,node_classification,graphatlas_free_transition,graphatlas_free_transition,5,0,1,outputs\.work\runs\atlas_het\graphatlas_free_transition\split-0\seed-5\config-195fbb5d,outputs\.work\runs\atlas_het\graphatlas_free_transition\split-0\seed-5\config-195fbb5d\job_config.yaml
atlas_het__node_classification__graphatlas_free_transition__split0__seed6__76c2c4c784ab,76c2c4c784ab,0e672c999c335af7,atlas_het,node_classification,graphatlas_free_transition,graphatlas_free_transition,6,0,1,outputs\.work\runs\atlas_het\graphatlas_free_transition\split-0\seed-6\config-76c2c4c7,outputs\.work\runs\atlas_het\graphatlas_free_transition\split-0\seed-6\config-76c2c4c7\job_config.yaml
atlas_het__node_classification__graphatlas_free_transition__split0__seed7__08d517eac3c3,08d517eac3c3,0e672c999c335af7,atlas_het,node_classification,graphatlas_free_transition,graphatlas_free_transition,7,0,1,outputs\.work\runs\atlas_het\graphatlas_free_transition\split-0\seed-7\config-08d517ea,outputs\.work\runs\atlas_het\graphatlas_free_transition\split-0\seed-7\config-08d517ea\job_config.yaml
atlas_het__node_classification__graphatlas_free_transition__split0__seed8__3deb6c5667fc,3deb6c5667fc,0e672c999c335af7,atlas_het,node_classification,graphatlas_free_transition,graphatlas_free_transition,8,0,1,outputs\.work\runs\atlas_het\graphatlas_free_transition\split-0\seed-8\config-3deb6c56,outputs\.work\runs\atlas_het\graphatlas_free_transition\split-0\seed-8\config-3deb6c56\job_config.yaml
atlas_het__node_classification__graphatlas_free_transition__split0__seed9__fd7e43ac0492,fd7e43ac0492,0e672c999c335af7,atlas_het,node_classification,graphatlas_free_transition,graphatlas_free_transition,9,0,1,outputs\.work\runs\atlas_het\graphatlas_free_transition\split-0\seed-9\config-fd7e43ac,outputs\.work\runs\atlas_het\graphatlas_free_transition\split-0\seed-9\config-fd7e43ac\job_config.yaml
atlas_het__node_classification__graphatlas_no_transport__split0__seed0__90e2b76338bf,90e2b76338bf,0e672c999c335af7,atlas_het,node_classification,graphatlas_no_transport,graphatlas_no_transport,0,0,1,outputs\.work\runs\atlas_het\graphatlas_no_transport\split-0\seed-0\config-90e2b763,outputs\.work\runs\atlas_het\graphatlas_no_transport\split-0\seed-0\config-90e2b763\job_config.yaml
atlas_het__node_classification__graphatlas_no_transport__split0__seed1__63869d79ea1d,63869d79ea1d,0e672c999c335af7,atlas_het,node_classification,graphatlas_no_transport,graphatlas_no_transport,1,0,1,outputs\.work\runs\atlas_het\graphatlas_no_transport\split-0\seed-1\config-63869d79,outputs\.work\runs\atlas_het\graphatlas_no_transport\split-0\seed-1\config-63869d79\job_config.yaml
atlas_het__node_classification__graphatlas_no_transport__split0__seed2__2c79a565334d,2c79a565334d,0e672c999c335af7,atlas_het,node_classification,graphatlas_no_transport,graphatlas_no_transport,2,0,1,outputs\.work\runs\atlas_het\graphatlas_no_transport\split-0\seed-2\config-2c79a565,outputs\.work\runs\atlas_het\graphatlas_no_transport\split-0\seed-2\config-2c79a565\job_config.yaml
atlas_het__node_classification__graphatlas_no_transport__split0__seed3__7a18a4cfa0b4,7a18a4cfa0b4,0e672c999c335af7,atlas_het,node_classification,graphatlas_no_transport,graphatlas_no_transport,3,0,1,outputs\.work\runs\atlas_het\graphatlas_no_transport\split-0\seed-3\config-7a18a4cf,outputs\.work\runs\atlas_het\graphatlas_no_transport\split-0\seed-3\config-7a18a4cf\job_config.yaml
atlas_het__node_classification__graphatlas_no_transport__split0__seed4__9270019a90cd,9270019a90cd,0e672c999c335af7,atlas_het,node_classification,graphatlas_no_transport,graphatlas_no_transport,4,0,1,outputs\.work\runs\atlas_het\graphatlas_no_transport\split-0\seed-4\config-9270019a,outputs\.work\runs\atlas_het\graphatlas_no_transport\split-0\seed-4\config-9270019a\job_config.yaml
atlas_het__node_classification__graphatlas_no_transport__split0__seed5__aeebc410f7ac,aeebc410f7ac,0e672c999c335af7,atlas_het,node_classification,graphatlas_no_transport,graphatlas_no_transport,5,0,1,outputs\.work\runs\atlas_het\graphatlas_no_transport\split-0\seed-5\config-aeebc410,outputs\.work\runs\atlas_het\graphatlas_no_transport\split-0\seed-5\config-aeebc410\job_config.yaml
atlas_het__node_classification__graphatlas_no_transport__split0__seed6__afee353b9925,afee353b9925,0e672c999c335af7,atlas_het,node_classification,graphatlas_no_transport,graphatlas_no_transport,6,0,1,outputs\.work\runs\atlas_het\graphatlas_no_transport\split-0\seed-6\config-afee353b,outputs\.work\runs\atlas_het\graphatlas_no_transport\split-0\seed-6\config-afee353b\job_config.yaml
atlas_het__node_classification__graphatlas_no_transport__split0__seed7__67901583e459,67901583e459,0e672c999c335af7,atlas_het,node_classification,graphatlas_no_transport,graphatlas_no_transport,7,0,1,outputs\.work\runs\atlas_het\graphatlas_no_transport\split-0\seed-7\config-67901583,outputs\.work\runs\atlas_het\graphatlas_no_transport\split-0\seed-7\config-67901583\job_config.yaml
atlas_het__node_classification__graphatlas_no_transport__split0__seed8__1046726fbdca,1046726fbdca,0e672c999c335af7,atlas_het,node_classification,graphatlas_no_transport,graphatlas_no_transport,8,0,1,outputs\.work\runs\atlas_het\graphatlas_no_transport\split-0\seed-8\config-1046726f,outputs\.work\runs\atlas_het\graphatlas_no_transport\split-0\seed-8\config-1046726f\job_config.yaml
atlas_het__node_classification__graphatlas_no_transport__split0__seed9__7d9d6580c098,7d9d6580c098,0e672c999c335af7,atlas_het,node_classification,graphatlas_no_transport,graphatlas_no_transport,9,0,1,outputs\.work\runs\atlas_het\graphatlas_no_transport\split-0\seed-9\config-7d9d6580,outputs\.work\runs\atlas_het\graphatlas_no_transport\split-0\seed-9\config-7d9d6580\job_config.yaml
atlas_het__node_classification__graphatlas_c_oracle__split0__seed0__206f0f4364ae,206f0f4364ae,0e672c999c335af7,atlas_het,node_classification,graphatlas_c_oracle,graphatlas_certified,0,0,1,outputs\.work\runs\atlas_het\graphatlas_c_oracle\split-0\seed-0\config-206f0f43,outputs\.work\runs\atlas_het\graphatlas_c_oracle\split-0\seed-0\config-206f0f43\job_config.yaml
atlas_het__node_classification__graphatlas_c_oracle__split0__seed1__d6cce6233788,d6cce6233788,0e672c999c335af7,atlas_het,node_classification,graphatlas_c_oracle,graphatlas_certified,1,0,1,outputs\.work\runs\atlas_het\graphatlas_c_oracle\split-0\seed-1\config-d6cce623,outputs\.work\runs\atlas_het\graphatlas_c_oracle\split-0\seed-1\config-d6cce623\job_config.yaml
atlas_het__node_classification__graphatlas_c_oracle__split0__seed2__cbe4ae516164,cbe4ae516164,0e672c999c335af7,atlas_het,node_classification,graphatlas_c_oracle,graphatlas_certified,2,0,1,outputs\.work\runs\atlas_het\graphatlas_c_oracle\split-0\seed-2\config-cbe4ae51,outputs\.work\runs\atlas_het\graphatlas_c_oracle\split-0\seed-2\config-cbe4ae51\job_config.yaml
atlas_het__node_classification__graphatlas_c_oracle__split0__seed3__13d91c8ee7f8,13d91c8ee7f8,0e672c999c335af7,atlas_het,node_classification,graphatlas_c_oracle,graphatlas_certified,3,0,1,outputs\.work\runs\atlas_het\graphatlas_c_oracle\split-0\seed-3\config-13d91c8e,outputs\.work\runs\atlas_het\graphatlas_c_oracle\split-0\seed-3\config-13d91c8e\job_config.yaml
atlas_het__node_classification__graphatlas_c_oracle__split0__seed4__2b09024d23dc,2b09024d23dc,0e672c999c335af7,atlas_het,node_classification,graphatlas_c_oracle,graphatlas_certified,4,0,1,outputs\.work\runs\atlas_het\graphatlas_c_oracle\split-0\seed-4\config-2b09024d,outputs\.work\runs\atlas_het\graphatlas_c_oracle\split-0\seed-4\config-2b09024d\job_config.yaml
atlas_het__node_classification__graphatlas_c_oracle__split0__seed5__80c6e7ef8d0e,80c6e7ef8d0e,0e672c999c335af7,atlas_het,node_classification,graphatlas_c_oracle,graphatlas_certified,5,0,1,outputs\.work\runs\atlas_het\graphatlas_c_oracle\split-0\seed-5\config-80c6e7ef,outputs\.work\runs\atlas_het\graphatlas_c_oracle\split-0\seed-5\config-80c6e7ef\job_config.yaml
atlas_het__node_classification__graphatlas_c_oracle__split0__seed6__95fddf9962ec,95fddf9962ec,0e672c999c335af7,atlas_het,node_classification,graphatlas_c_oracle,graphatlas_certified,6,0,1,outputs\.work\runs\atlas_het\graphatlas_c_oracle\split-0\seed-6\config-95fddf99,outputs\.work\runs\atlas_het\graphatlas_c_oracle\split-0\seed-6\config-95fddf99\job_config.yaml
atlas_het__node_classification__graphatlas_c_oracle__split0__seed7__0e09c6cb6907,0e09c6cb6907,0e672c999c335af7,atlas_het,node_classification,graphatlas_c_oracle,graphatlas_certified,7,0,1,outputs\.work\runs\atlas_het\graphatlas_c_oracle\split-0\seed-7\config-0e09c6cb,outputs\.work\runs\atlas_het\graphatlas_c_oracle\split-0\seed-7\config-0e09c6cb\job_config.yaml
atlas_het__node_classification__graphatlas_c_oracle__split0__seed8__46b603461538,46b603461538,0e672c999c335af7,atlas_het,node_classification,graphatlas_c_oracle,graphatlas_certified,8,0,1,outputs\.work\runs\atlas_het\graphatlas_c_oracle\split-0\seed-8\config-46b60346,outputs\.work\runs\atlas_het\graphatlas_c_oracle\split-0\seed-8\config-46b60346\job_config.yaml
atlas_het__node_classification__graphatlas_c_oracle__split0__seed9__8d8325c07568,8d8325c07568,0e672c999c335af7,atlas_het,node_classification,graphatlas_c_oracle,graphatlas_certified,9,0,1,outputs\.work\runs\atlas_het\graphatlas_c_oracle\split-0\seed-9\config-8d8325c0,outputs\.work\runs\atlas_het\graphatlas_c_oracle\split-0\seed-9\config-8d8325c0\job_config.yaml
atlas_het__node_classification__graphatlas_c__split0__seed0__46edf6cd8e87,46edf6cd8e87,0e672c999c335af7,atlas_het,node_classification,graphatlas_c,graphatlas_certified,0,0,1,outputs\.work\runs\atlas_het\graphatlas_c\split-0\seed-0\config-46edf6cd,outputs\.work\runs\atlas_het\graphatlas_c\split-0\seed-0\config-46edf6cd\job_config.yaml
atlas_het__node_classification__graphatlas_c__split0__seed1__7eea2365b607,7eea2365b607,0e672c999c335af7,atlas_het,node_classification,graphatlas_c,graphatlas_certified,1,0,1,outputs\.work\runs\atlas_het\graphatlas_c\split-0\seed-1\config-7eea2365,outputs\.work\runs\atlas_het\graphatlas_c\split-0\seed-1\config-7eea2365\job_config.yaml
atlas_het__node_classification__graphatlas_c__split0__seed2__22c9b4345d19,22c9b4345d19,0e672c999c335af7,atlas_het,node_classification,graphatlas_c,graphatlas_certified,2,0,1,outputs\.work\runs\atlas_het\graphatlas_c\split-0\seed-2\config-22c9b434,outputs\.work\runs\atlas_het\graphatlas_c\split-0\seed-2\config-22c9b434\job_config.yaml
atlas_het__node_classification__graphatlas_c__split0__seed3__b5b045c69e82,b5b045c69e82,0e672c999c335af7,atlas_het,node_classification,graphatlas_c,graphatlas_certified,3,0,1,outputs\.work\runs\atlas_het\graphatlas_c\split-0\seed-3\config-b5b045c6,outputs\.work\runs\atlas_het\graphatlas_c\split-0\seed-3\config-b5b045c6\job_config.yaml
atlas_het__node_classification__graphatlas_c__split0__seed4__74a255c6ea6b,74a255c6ea6b,0e672c999c335af7,atlas_het,node_classification,graphatlas_c,graphatlas_certified,4,0,1,outputs\.work\runs\atlas_het\graphatlas_c\split-0\seed-4\config-74a255c6,outputs\.work\runs\atlas_het\graphatlas_c\split-0\seed-4\config-74a255c6\job_config.yaml
atlas_het__node_classification__graphatlas_c__split0__seed5__99301ca28e86,99301ca28e86,0e672c999c335af7,atlas_het,node_classification,graphatlas_c,graphatlas_certified,5,0,1,outputs\.work\runs\atlas_het\graphatlas_c\split-0\seed-5\config-99301ca2,outputs\.work\runs\atlas_het\graphatlas_c\split-0\seed-5\config-99301ca2\job_config.yaml
atlas_het__node_classification__graphatlas_c__split0__seed6__be5dea7c551a,be5dea7c551a,0e672c999c335af7,atlas_het,node_classification,graphatlas_c,graphatlas_certified,6,0,1,outputs\.work\runs\atlas_het\graphatlas_c\split-0\seed-6\config-be5dea7c,outputs\.work\runs\atlas_het\graphatlas_c\split-0\seed-6\config-be5dea7c\job_config.yaml
atlas_het__node_classification__graphatlas_c__split0__seed7__cc2e2d16b35c,cc2e2d16b35c,0e672c999c335af7,atlas_het,node_classification,graphatlas_c,graphatlas_certified,7,0,1,outputs\.work\runs\atlas_het\graphatlas_c\split-0\seed-7\config-cc2e2d16,outputs\.work\runs\atlas_het\graphatlas_c\split-0\seed-7\config-cc2e2d16\job_config.yaml
atlas_het__node_classification__graphatlas_c__split0__seed8__741217ebb670,741217ebb670,0e672c999c335af7,atlas_het,node_classification,graphatlas_c,graphatlas_certified,8,0,1,outputs\.work\runs\atlas_het\graphatlas_c\split-0\seed-8\config-741217eb,outputs\.work\runs\atlas_het\graphatlas_c\split-0\seed-8\config-741217eb\job_config.yaml
atlas_het__node_classification__graphatlas_c__split0__seed9__cd4856cbce28,cd4856cbce28,0e672c999c335af7,atlas_het,node_classification,graphatlas_c,graphatlas_certified,9,0,1,outputs\.work\runs\atlas_het\graphatlas_c\split-0\seed-9\config-cd4856cb,outputs\.work\runs\atlas_het\graphatlas_c\split-0\seed-9\config-cd4856cb\job_config.yaml
atlas_het__node_classification__graphatlas_original__split0__seed0__162e76b081ca,162e76b081ca,0e672c999c335af7,atlas_het,node_classification,graphatlas_original,graphatlas,0,0,1,outputs\.work\runs\atlas_het\graphatlas_original\split-0\seed-0\config-162e76b0,outputs\.work\runs\atlas_het\graphatlas_original\split-0\seed-0\config-162e76b0\job_config.yaml
atlas_het__node_classification__graphatlas_original__split0__seed1__5be6969cb8ac,5be6969cb8ac,0e672c999c335af7,atlas_het,node_classification,graphatlas_original,graphatlas,1,0,1,outputs\.work\runs\atlas_het\graphatlas_original\split-0\seed-1\config-5be6969c,outputs\.work\runs\atlas_het\graphatlas_original\split-0\seed-1\config-5be6969c\job_config.yaml
atlas_het__node_classification__graphatlas_original__split0__seed2__c4aa465286ea,c4aa465286ea,0e672c999c335af7,atlas_het,node_classification,graphatlas_original,graphatlas,2,0,1,outputs\.work\runs\atlas_het\graphatlas_original\split-0\seed-2\config-c4aa4652,outputs\.work\runs\atlas_het\graphatlas_original\split-0\seed-2\config-c4aa4652\job_config.yaml
atlas_het__node_classification__graphatlas_original__split0__seed3__9c64d8658e5b,9c64d8658e5b,0e672c999c335af7,atlas_het,node_classification,graphatlas_original,graphatlas,3,0,1,outputs\.work\runs\atlas_het\graphatlas_original\split-0\seed-3\config-9c64d865,outputs\.work\runs\atlas_het\graphatlas_original\split-0\seed-3\config-9c64d865\job_config.yaml
atlas_het__node_classification__graphatlas_original__split0__seed4__65b908b40472,65b908b40472,0e672c999c335af7,atlas_het,node_classification,graphatlas_original,graphatlas,4,0,1,outputs\.work\runs\atlas_het\graphatlas_original\split-0\seed-4\config-65b908b4,outputs\.work\runs\atlas_het\graphatlas_original\split-0\seed-4\config-65b908b4\job_config.yaml
atlas_het__node_classification__graphatlas_original__split0__seed5__afb33569d216,afb33569d216,0e672c999c335af7,atlas_het,node_classification,graphatlas_original,graphatlas,5,0,1,outputs\.work\runs\atlas_het\graphatlas_original\split-0\seed-5\config-afb33569,outputs\.work\runs\atlas_het\graphatlas_original\split-0\seed-5\config-afb33569\job_config.yaml
atlas_het__node_classification__graphatlas_original__split0__seed6__79e64c2af8ee,79e64c2af8ee,0e672c999c335af7,atlas_het,node_classification,graphatlas_original,graphatlas,6,0,1,outputs\.work\runs\atlas_het\graphatlas_original\split-0\seed-6\config-79e64c2a,outputs\.work\runs\atlas_het\graphatlas_original\split-0\seed-6\config-79e64c2a\job_config.yaml
atlas_het__node_classification__graphatlas_original__split0__seed7__242fd79a6328,242fd79a6328,0e672c999c335af7,atlas_het,node_classification,graphatlas_original,graphatlas,7,0,1,outputs\.work\runs\atlas_het\graphatlas_original\split-0\seed-7\config-242fd79a,outputs\.work\runs\atlas_het\graphatlas_original\split-0\seed-7\config-242fd79a\job_config.yaml
atlas_het__node_classification__graphatlas_original__split0__seed8__7aa74ef33e99,7aa74ef33e99,0e672c999c335af7,atlas_het,node_classification,graphatlas_original,graphatlas,8,0,1,outputs\.work\runs\atlas_het\graphatlas_original\split-0\seed-8\config-7aa74ef3,outputs\.work\runs\atlas_het\graphatlas_original\split-0\seed-8\config-7aa74ef3\job_config.yaml
atlas_het__node_classification__graphatlas_original__split0__seed9__f85d1616648d,f85d1616648d,0e672c999c335af7,atlas_het,node_classification,graphatlas_original,graphatlas,9,0,1,outputs\.work\runs\atlas_het\graphatlas_original\split-0\seed-9\config-f85d1616,outputs\.work\runs\atlas_het\graphatlas_original\split-0\seed-9\config-f85d1616\job_config.yaml
atlas_het__node_classification__graphatlas_free_transition__split0__seed0__d2a4b4db151f,d2a4b4db151f,0e672c999c335af7,atlas_het,node_classification,graphatlas_free_transition,graphatlas_free_transition,0,0,1,outputs\.work\runs\atlas_het\graphatlas_free_transition\split-0\seed-0\config-d2a4b4db,outputs\.work\runs\atlas_het\graphatlas_free_transition\split-0\seed-0\config-d2a4b4db\job_config.yaml
atlas_het__node_classification__graphatlas_free_transition__split0__seed1__e20f06e3a407,e20f06e3a407,0e672c999c335af7,atlas_het,node_classification,graphatlas_free_transition,graphatlas_free_transition,1,0,1,outputs\.work\runs\atlas_het\graphatlas_free_transition\split-0\seed-1\config-e20f06e3,outputs\.work\runs\atlas_het\graphatlas_free_transition\split-0\seed-1\config-e20f06e3\job_config.yaml
atlas_het__node_classification__graphatlas_free_transition__split0__seed2__a48304f78f3e,a48304f78f3e,0e672c999c335af7,atlas_het,node_classification,graphatlas_free_transition,graphatlas_free_transition,2,0,1,outputs\.work\runs\atlas_het\graphatlas_free_transition\split-0\seed-2\config-a48304f7,outputs\.work\runs\atlas_het\graphatlas_free_transition\split-0\seed-2\config-a48304f7\job_config.yaml
atlas_het__node_classification__graphatlas_free_transition__split0__seed3__d97af191d219,d97af191d219,0e672c999c335af7,atlas_het,node_classification,graphatlas_free_transition,graphatlas_free_transition,3,0,1,outputs\.work\runs\atlas_het\graphatlas_free_transition\split-0\seed-3\config-d97af191,outputs\.work\runs\atlas_het\graphatlas_free_transition\split-0\seed-3\config-d97af191\job_config.yaml
atlas_het__node_classification__graphatlas_free_transition__split0__seed4__933db24a617d,933db24a617d,0e672c999c335af7,atlas_het,node_classification,graphatlas_free_transition,graphatlas_free_transition,4,0,1,outputs\.work\runs\atlas_het\graphatlas_free_transition\split-0\seed-4\config-933db24a,outputs\.work\runs\atlas_het\graphatlas_free_transition\split-0\seed-4\config-933db24a\job_config.yaml
atlas_het__node_classification__graphatlas_free_transition__split0__seed5__f1a9aa5b8aa6,f1a9aa5b8aa6,0e672c999c335af7,atlas_het,node_classification,graphatlas_free_transition,graphatlas_free_transition,5,0,1,outputs\.work\runs\atlas_het\graphatlas_free_transition\split-0\seed-5\config-f1a9aa5b,outputs\.work\runs\atlas_het\graphatlas_free_transition\split-0\seed-5\config-f1a9aa5b\job_config.yaml
atlas_het__node_classification__graphatlas_free_transition__split0__seed6__482b08e121fb,482b08e121fb,0e672c999c335af7,atlas_het,node_classification,graphatlas_free_transition,graphatlas_free_transition,6,0,1,outputs\.work\runs\atlas_het\graphatlas_free_transition\split-0\seed-6\config-482b08e1,outputs\.work\runs\atlas_het\graphatlas_free_transition\split-0\seed-6\config-482b08e1\job_config.yaml
atlas_het__node_classification__graphatlas_free_transition__split0__seed7__2b785ec106d1,2b785ec106d1,0e672c999c335af7,atlas_het,node_classification,graphatlas_free_transition,graphatlas_free_transition,7,0,1,outputs\.work\runs\atlas_het\graphatlas_free_transition\split-0\seed-7\config-2b785ec1,outputs\.work\runs\atlas_het\graphatlas_free_transition\split-0\seed-7\config-2b785ec1\job_config.yaml
atlas_het__node_classification__graphatlas_free_transition__split0__seed8__e3ee6e52a208,e3ee6e52a208,0e672c999c335af7,atlas_het,node_classification,graphatlas_free_transition,graphatlas_free_transition,8,0,1,outputs\.work\runs\atlas_het\graphatlas_free_transition\split-0\seed-8\config-e3ee6e52,outputs\.work\runs\atlas_het\graphatlas_free_transition\split-0\seed-8\config-e3ee6e52\job_config.yaml
atlas_het__node_classification__graphatlas_free_transition__split0__seed9__f565d0554c12,f565d0554c12,0e672c999c335af7,atlas_het,node_classification,graphatlas_free_transition,graphatlas_free_transition,9,0,1,outputs\.work\runs\atlas_het\graphatlas_free_transition\split-0\seed-9\config-f565d055,outputs\.work\runs\atlas_het\graphatlas_free_transition\split-0\seed-9\config-f565d055\job_config.yaml
atlas_het__node_classification__graphatlas_no_transport__split0__seed0__568a4470a41f,568a4470a41f,0e672c999c335af7,atlas_het,node_classification,graphatlas_no_transport,graphatlas_no_transport,0,0,1,outputs\.work\runs\atlas_het\graphatlas_no_transport\split-0\seed-0\config-568a4470,outputs\.work\runs\atlas_het\graphatlas_no_transport\split-0\seed-0\config-568a4470\job_config.yaml
atlas_het__node_classification__graphatlas_no_transport__split0__seed1__93977feb349f,93977feb349f,0e672c999c335af7,atlas_het,node_classification,graphatlas_no_transport,graphatlas_no_transport,1,0,1,outputs\.work\runs\atlas_het\graphatlas_no_transport\split-0\seed-1\config-93977feb,outputs\.work\runs\atlas_het\graphatlas_no_transport\split-0\seed-1\config-93977feb\job_config.yaml
atlas_het__node_classification__graphatlas_no_transport__split0__seed2__c510350cf394,c510350cf394,0e672c999c335af7,atlas_het,node_classification,graphatlas_no_transport,graphatlas_no_transport,2,0,1,outputs\.work\runs\atlas_het\graphatlas_no_transport\split-0\seed-2\config-c510350c,outputs\.work\runs\atlas_het\graphatlas_no_transport\split-0\seed-2\config-c510350c\job_config.yaml
atlas_het__node_classification__graphatlas_no_transport__split0__seed3__523914beea79,523914beea79,0e672c999c335af7,atlas_het,node_classification,graphatlas_no_transport,graphatlas_no_transport,3,0,1,outputs\.work\runs\atlas_het\graphatlas_no_transport\split-0\seed-3\config-523914be,outputs\.work\runs\atlas_het\graphatlas_no_transport\split-0\seed-3\config-523914be\job_config.yaml
atlas_het__node_classification__graphatlas_no_transport__split0__seed4__ee1fd9fc37e8,ee1fd9fc37e8,0e672c999c335af7,atlas_het,node_classification,graphatlas_no_transport,graphatlas_no_transport,4,0,1,outputs\.work\runs\atlas_het\graphatlas_no_transport\split-0\seed-4\config-ee1fd9fc,outputs\.work\runs\atlas_het\graphatlas_no_transport\split-0\seed-4\config-ee1fd9fc\job_config.yaml
atlas_het__node_classification__graphatlas_no_transport__split0__seed5__53d7bc7885f2,53d7bc7885f2,0e672c999c335af7,atlas_het,node_classification,graphatlas_no_transport,graphatlas_no_transport,5,0,1,outputs\.work\runs\atlas_het\graphatlas_no_transport\split-0\seed-5\config-53d7bc78,outputs\.work\runs\atlas_het\graphatlas_no_transport\split-0\seed-5\config-53d7bc78\job_config.yaml
atlas_het__node_classification__graphatlas_no_transport__split0__seed6__b0be785246dc,b0be785246dc,0e672c999c335af7,atlas_het,node_classification,graphatlas_no_transport,graphatlas_no_transport,6,0,1,outputs\.work\runs\atlas_het\graphatlas_no_transport\split-0\seed-6\config-b0be7852,outputs\.work\runs\atlas_het\graphatlas_no_transport\split-0\seed-6\config-b0be7852\job_config.yaml
atlas_het__node_classification__graphatlas_no_transport__split0__seed7__e7f38bf48331,e7f38bf48331,0e672c999c335af7,atlas_het,node_classification,graphatlas_no_transport,graphatlas_no_transport,7,0,1,outputs\.work\runs\atlas_het\graphatlas_no_transport\split-0\seed-7\config-e7f38bf4,outputs\.work\runs\atlas_het\graphatlas_no_transport\split-0\seed-7\config-e7f38bf4\job_config.yaml
atlas_het__node_classification__graphatlas_no_transport__split0__seed8__dfb95d54ecaa,dfb95d54ecaa,0e672c999c335af7,atlas_het,node_classification,graphatlas_no_transport,graphatlas_no_transport,8,0,1,outputs\.work\runs\atlas_het\graphatlas_no_transport\split-0\seed-8\config-dfb95d54,outputs\.work\runs\atlas_het\graphatlas_no_transport\split-0\seed-8\config-dfb95d54\job_config.yaml
atlas_het__node_classification__graphatlas_no_transport__split0__seed9__bcbaf20cac4a,bcbaf20cac4a,0e672c999c335af7,atlas_het,node_classification,graphatlas_no_transport,graphatlas_no_transport,9,0,1,outputs\.work\runs\atlas_het\graphatlas_no_transport\split-0\seed-9\config-bcbaf20c,outputs\.work\runs\atlas_het\graphatlas_no_transport\split-0\seed-9\config-bcbaf20c\job_config.yaml
atlas_het__node_classification__graphatlas_c_oracle__split0__seed0__a86b8ec7c5d4,a86b8ec7c5d4,0e672c999c335af7,atlas_het,node_classification,graphatlas_c_oracle,graphatlas_certified,0,0,1,outputs\.work\runs\atlas_het\graphatlas_c_oracle\split-0\seed-0\config-a86b8ec7,outputs\.work\runs\atlas_het\graphatlas_c_oracle\split-0\seed-0\config-a86b8ec7\job_config.yaml
atlas_het__node_classification__graphatlas_c_oracle__split0__seed1__4be0d7094197,4be0d7094197,0e672c999c335af7,atlas_het,node_classification,graphatlas_c_oracle,graphatlas_certified,1,0,1,outputs\.work\runs\atlas_het\graphatlas_c_oracle\split-0\seed-1\config-4be0d709,outputs\.work\runs\atlas_het\graphatlas_c_oracle\split-0\seed-1\config-4be0d709\job_config.yaml
atlas_het__node_classification__graphatlas_c_oracle__split0__seed2__8634f5a75d66,8634f5a75d66,0e672c999c335af7,atlas_het,node_classification,graphatlas_c_oracle,graphatlas_certified,2,0,1,outputs\.work\runs\atlas_het\graphatlas_c_oracle\split-0\seed-2\config-8634f5a7,outputs\.work\runs\atlas_het\graphatlas_c_oracle\split-0\seed-2\config-8634f5a7\job_config.yaml
atlas_het__node_classification__graphatlas_c_oracle__split0__seed3__4319a9611808,4319a9611808,0e672c999c335af7,atlas_het,node_classification,graphatlas_c_oracle,graphatlas_certified,3,0,1,outputs\.work\runs\atlas_het\graphatlas_c_oracle\split-0\seed-3\config-4319a961,outputs\.work\runs\atlas_het\graphatlas_c_oracle\split-0\seed-3\config-4319a961\job_config.yaml
atlas_het__node_classification__graphatlas_c_oracle__split0__seed4__23024cb23eac,23024cb23eac,0e672c999c335af7,atlas_het,node_classification,graphatlas_c_oracle,graphatlas_certified,4,0,1,outputs\.work\runs\atlas_het\graphatlas_c_oracle\split-0\seed-4\config-23024cb2,outputs\.work\runs\atlas_het\graphatlas_c_oracle\split-0\seed-4\config-23024cb2\job_config.yaml
atlas_het__node_classification__graphatlas_c_oracle__split0__seed5__4e10c7f4564f,4e10c7f4564f,0e672c999c335af7,atlas_het,node_classification,graphatlas_c_oracle,graphatlas_certified,5,0,1,outputs\.work\runs\atlas_het\graphatlas_c_oracle\split-0\seed-5\config-4e10c7f4,outputs\.work\runs\atlas_het\graphatlas_c_oracle\split-0\seed-5\config-4e10c7f4\job_config.yaml
atlas_het__node_classification__graphatlas_c_oracle__split0__seed6__70da25cf1cf3,70da25cf1cf3,0e672c999c335af7,atlas_het,node_classification,graphatlas_c_oracle,graphatlas_certified,6,0,1,outputs\.work\runs\atlas_het\graphatlas_c_oracle\split-0\seed-6\config-70da25cf,outputs\.work\runs\atlas_het\graphatlas_c_oracle\split-0\seed-6\config-70da25cf\job_config.yaml
atlas_het__node_classification__graphatlas_c_oracle__split0__seed7__a00d833e6e83,a00d833e6e83,0e672c999c335af7,atlas_het,node_classification,graphatlas_c_oracle,graphatlas_certified,7,0,1,outputs\.work\runs\atlas_het\graphatlas_c_oracle\split-0\seed-7\config-a00d833e,outputs\.work\runs\atlas_het\graphatlas_c_oracle\split-0\seed-7\config-a00d833e\job_config.yaml
atlas_het__node_classification__graphatlas_c_oracle__split0__seed8__a0a29aeb0c4c,a0a29aeb0c4c,0e672c999c335af7,atlas_het,node_classification,graphatlas_c_oracle,graphatlas_certified,8,0,1,outputs\.work\runs\atlas_het\graphatlas_c_oracle\split-0\seed-8\config-a0a29aeb,outputs\.work\runs\atlas_het\graphatlas_c_oracle\split-0\seed-8\config-a0a29aeb\job_config.yaml
atlas_het__node_classification__graphatlas_c_oracle__split0__seed9__eccb3cfdcf95,eccb3cfdcf95,0e672c999c335af7,atlas_het,node_classification,graphatlas_c_oracle,graphatlas_certified,9,0,1,outputs\.work\runs\atlas_het\graphatlas_c_oracle\split-0\seed-9\config-eccb3cfd,outputs\.work\runs\atlas_het\graphatlas_c_oracle\split-0\seed-9\config-eccb3cfd\job_config.yaml
atlas_het__node_classification__graphatlas_c__split0__seed0__ed287280590a,ed287280590a,0e672c999c335af7,atlas_het,node_classification,graphatlas_c,graphatlas_certified,0,0,1,outputs\.work\runs\atlas_het\graphatlas_c\split-0\seed-0\config-ed287280,outputs\.work\runs\atlas_het\graphatlas_c\split-0\seed-0\config-ed287280\job_config.yaml
atlas_het__node_classification__graphatlas_c__split0__seed1__291511290b7d,291511290b7d,0e672c999c335af7,atlas_het,node_classification,graphatlas_c,graphatlas_certified,1,0,1,outputs\.work\runs\atlas_het\graphatlas_c\split-0\seed-1\config-29151129,outputs\.work\runs\atlas_het\graphatlas_c\split-0\seed-1\config-29151129\job_config.yaml
atlas_het__node_classification__graphatlas_c__split0__seed2__16aae42aa030,16aae42aa030,0e672c999c335af7,atlas_het,node_classification,graphatlas_c,graphatlas_certified,2,0,1,outputs\.work\runs\atlas_het\graphatlas_c\split-0\seed-2\config-16aae42a,outputs\.work\runs\atlas_het\graphatlas_c\split-0\seed-2\config-16aae42a\job_config.yaml
atlas_het__node_classification__graphatlas_c__split0__seed3__91a93cc1502a,91a93cc1502a,0e672c999c335af7,atlas_het,node_classification,graphatlas_c,graphatlas_certified,3,0,1,outputs\.work\runs\atlas_het\graphatlas_c\split-0\seed-3\config-91a93cc1,outputs\.work\runs\atlas_het\graphatlas_c\split-0\seed-3\config-91a93cc1\job_config.yaml
atlas_het__node_classification__graphatlas_c__split0__seed4__bf550324ecbe,bf550324ecbe,0e672c999c335af7,atlas_het,node_classification,graphatlas_c,graphatlas_certified,4,0,1,outputs\.work\runs\atlas_het\graphatlas_c\split-0\seed-4\config-bf550324,outputs\.work\runs\atlas_het\graphatlas_c\split-0\seed-4\config-bf550324\job_config.yaml
atlas_het__node_classification__graphatlas_c__split0__seed5__8882936969bd,8882936969bd,0e672c999c335af7,atlas_het,node_classification,graphatlas_c,graphatlas_certified,5,0,1,outputs\.work\runs\atlas_het\graphatlas_c\split-0\seed-5\config-88829369,outputs\.work\runs\atlas_het\graphatlas_c\split-0\seed-5\config-88829369\job_config.yaml
atlas_het__node_classification__graphatlas_c__split0__seed6__acf1ec51b179,acf1ec51b179,0e672c999c335af7,atlas_het,node_classification,graphatlas_c,graphatlas_certified,6,0,1,outputs\.work\runs\atlas_het\graphatlas_c\split-0\seed-6\config-acf1ec51,outputs\.work\runs\atlas_het\graphatlas_c\split-0\seed-6\config-acf1ec51\job_config.yaml
atlas_het__node_classification__graphatlas_c__split0__seed7__35460669b5f6,35460669b5f6,0e672c999c335af7,atlas_het,node_classification,graphatlas_c,graphatlas_certified,7,0,1,outputs\.work\runs\atlas_het\graphatlas_c\split-0\seed-7\config-35460669,outputs\.work\runs\atlas_het\graphatlas_c\split-0\seed-7\config-35460669\job_config.yaml
atlas_het__node_classification__graphatlas_c__split0__seed8__deefc7fc2c8d,deefc7fc2c8d,0e672c999c335af7,atlas_het,node_classification,graphatlas_c,graphatlas_certified,8,0,1,outputs\.work\runs\atlas_het\graphatlas_c\split-0\seed-8\config-deefc7fc,outputs\.work\runs\atlas_het\graphatlas_c\split-0\seed-8\config-deefc7fc\job_config.yaml
atlas_het__node_classification__graphatlas_c__split0__seed9__f9787cb68448,f9787cb68448,0e672c999c335af7,atlas_het,node_classification,graphatlas_c,graphatlas_certified,9,0,1,outputs\.work\runs\atlas_het\graphatlas_c\split-0\seed-9\config-f9787cb6,outputs\.work\runs\atlas_het\graphatlas_c\split-0\seed-9\config-f9787cb6\job_config.yaml
atlas_het__node_classification__graphatlas_original__split0__seed0__c023d93aad8a,c023d93aad8a,0e672c999c335af7,atlas_het,node_classification,graphatlas_original,graphatlas,0,0,1,outputs\.work\runs\atlas_het\graphatlas_original\split-0\seed-0\config-c023d93a,outputs\.work\runs\atlas_het\graphatlas_original\split-0\seed-0\config-c023d93a\job_config.yaml
atlas_het__node_classification__graphatlas_original__split0__seed1__5e8e729c000f,5e8e729c000f,0e672c999c335af7,atlas_het,node_classification,graphatlas_original,graphatlas,1,0,1,outputs\.work\runs\atlas_het\graphatlas_original\split-0\seed-1\config-5e8e729c,outputs\.work\runs\atlas_het\graphatlas_original\split-0\seed-1\config-5e8e729c\job_config.yaml
atlas_het__node_classification__graphatlas_original__split0__seed2__4662a3413f2c,4662a3413f2c,0e672c999c335af7,atlas_het,node_classification,graphatlas_original,graphatlas,2,0,1,outputs\.work\runs\atlas_het\graphatlas_original\split-0\seed-2\config-4662a341,outputs\.work\runs\atlas_het\graphatlas_original\split-0\seed-2\config-4662a341\job_config.yaml
atlas_het__node_classification__graphatlas_original__split0__seed3__d287913b06c3,d287913b06c3,0e672c999c335af7,atlas_het,node_classification,graphatlas_original,graphatlas,3,0,1,outputs\.work\runs\atlas_het\graphatlas_original\split-0\seed-3\config-d287913b,outputs\.work\runs\atlas_het\graphatlas_original\split-0\seed-3\config-d287913b\job_config.yaml
atlas_het__node_classification__graphatlas_original__split0__seed4__5f91fb56ab8e,5f91fb56ab8e,0e672c999c335af7,atlas_het,node_classification,graphatlas_original,graphatlas,4,0,1,outputs\.work\runs\atlas_het\graphatlas_original\split-0\seed-4\config-5f91fb56,outputs\.work\runs\atlas_het\graphatlas_original\split-0\seed-4\config-5f91fb56\job_config.yaml
atlas_het__node_classification__graphatlas_original__split0__seed5__31062df23fd5,31062df23fd5,0e672c999c335af7,atlas_het,node_classification,graphatlas_original,graphatlas,5,0,1,outputs\.work\runs\atlas_het\graphatlas_original\split-0\seed-5\config-31062df2,outputs\.work\runs\atlas_het\graphatlas_original\split-0\seed-5\config-31062df2\job_config.yaml
atlas_het__node_classification__graphatlas_original__split0__seed6__80d88ad7842d,80d88ad7842d,0e672c999c335af7,atlas_het,node_classification,graphatlas_original,graphatlas,6,0,1,outputs\.work\runs\atlas_het\graphatlas_original\split-0\seed-6\config-80d88ad7,outputs\.work\runs\atlas_het\graphatlas_original\split-0\seed-6\config-80d88ad7\job_config.yaml
atlas_het__node_classification__graphatlas_original__split0__seed7__428cd2a568b5,428cd2a568b5,0e672c999c335af7,atlas_het,node_classification,graphatlas_original,graphatlas,7,0,1,outputs\.work\runs\atlas_het\graphatlas_original\split-0\seed-7\config-428cd2a5,outputs\.work\runs\atlas_het\graphatlas_original\split-0\seed-7\config-428cd2a5\job_config.yaml
atlas_het__node_classification__graphatlas_original__split0__seed8__a9b833c190b0,a9b833c190b0,0e672c999c335af7,atlas_het,node_classification,graphatlas_original,graphatlas,8,0,1,outputs\.work\runs\atlas_het\graphatlas_original\split-0\seed-8\config-a9b833c1,outputs\.work\runs\atlas_het\graphatlas_original\split-0\seed-8\config-a9b833c1\job_config.yaml
atlas_het__node_classification__graphatlas_original__split0__seed9__6153e550d1be,6153e550d1be,0e672c999c335af7,atlas_het,node_classification,graphatlas_original,graphatlas,9,0,1,outputs\.work\runs\atlas_het\graphatlas_original\split-0\seed-9\config-6153e550,outputs\.work\runs\atlas_het\graphatlas_original\split-0\seed-9\config-6153e550\job_config.yaml
atlas_het__node_classification__graphatlas_free_transition__split0__seed0__189638289019,189638289019,0e672c999c335af7,atlas_het,node_classification,graphatlas_free_transition,graphatlas_free_transition,0,0,1,outputs\.work\runs\atlas_het\graphatlas_free_transition\split-0\seed-0\config-18963828,outputs\.work\runs\atlas_het\graphatlas_free_transition\split-0\seed-0\config-18963828\job_config.yaml
atlas_het__node_classification__graphatlas_free_transition__split0__seed1__d5fae0523db0,d5fae0523db0,0e672c999c335af7,atlas_het,node_classification,graphatlas_free_transition,graphatlas_free_transition,1,0,1,outputs\.work\runs\atlas_het\graphatlas_free_transition\split-0\seed-1\config-d5fae052,outputs\.work\runs\atlas_het\graphatlas_free_transition\split-0\seed-1\config-d5fae052\job_config.yaml
atlas_het__node_classification__graphatlas_free_transition__split0__seed2__dd4947706a09,dd4947706a09,0e672c999c335af7,atlas_het,node_classification,graphatlas_free_transition,graphatlas_free_transition,2,0,1,outputs\.work\runs\atlas_het\graphatlas_free_transition\split-0\seed-2\config-dd494770,outputs\.work\runs\atlas_het\graphatlas_free_transition\split-0\seed-2\config-dd494770\job_config.yaml
atlas_het__node_classification__graphatlas_free_transition__split0__seed3__19977b74faf3,19977b74faf3,0e672c999c335af7,atlas_het,node_classification,graphatlas_free_transition,graphatlas_free_transition,3,0,1,outputs\.work\runs\atlas_het\graphatlas_free_transition\split-0\seed-3\config-19977b74,outputs\.work\runs\atlas_het\graphatlas_free_transition\split-0\seed-3\config-19977b74\job_config.yaml
atlas_het__node_classification__graphatlas_free_transition__split0__seed4__43aeb73eede4,43aeb73eede4,0e672c999c335af7,atlas_het,node_classification,graphatlas_free_transition,graphatlas_free_transition,4,0,1,outputs\.work\runs\atlas_het\graphatlas_free_transition\split-0\seed-4\config-43aeb73e,outputs\.work\runs\atlas_het\graphatlas_free_transition\split-0\seed-4\config-43aeb73e\job_config.yaml
atlas_het__node_classification__graphatlas_free_transition__split0__seed5__bd8fcdbae815,bd8fcdbae815,0e672c999c335af7,atlas_het,node_classification,graphatlas_free_transition,graphatlas_free_transition,5,0,1,outputs\.work\runs\atlas_het\graphatlas_free_transition\split-0\seed-5\config-bd8fcdba,outputs\.work\runs\atlas_het\graphatlas_free_transition\split-0\seed-5\config-bd8fcdba\job_config.yaml
atlas_het__node_classification__graphatlas_free_transition__split0__seed6__37a78c842f94,37a78c842f94,0e672c999c335af7,atlas_het,node_classification,graphatlas_free_transition,graphatlas_free_transition,6,0,1,outputs\.work\runs\atlas_het\graphatlas_free_transition\split-0\seed-6\config-37a78c84,outputs\.work\runs\atlas_het\graphatlas_free_transition\split-0\seed-6\config-37a78c84\job_config.yaml
atlas_het__node_classification__graphatlas_free_transition__split0__seed7__75e58d64115b,75e58d64115b,0e672c999c335af7,atlas_het,node_classification,graphatlas_free_transition,graphatlas_free_transition,7,0,1,outputs\.work\runs\atlas_het\graphatlas_free_transition\split-0\seed-7\config-75e58d64,outputs\.work\runs\atlas_het\graphatlas_free_transition\split-0\seed-7\config-75e58d64\job_config.yaml
atlas_het__node_classification__graphatlas_free_transition__split0__seed8__8dcbe56fe62a,8dcbe56fe62a,0e672c999c335af7,atlas_het,node_classification,graphatlas_free_transition,graphatlas_free_transition,8,0,1,outputs\.work\runs\atlas_het\graphatlas_free_transition\split-0\seed-8\config-8dcbe56f,outputs\.work\runs\atlas_het\graphatlas_free_transition\split-0\seed-8\config-8dcbe56f\job_config.yaml
atlas_het__node_classification__graphatlas_free_transition__split0__seed9__1cc1b384c4d0,1cc1b384c4d0,0e672c999c335af7,atlas_het,node_classification,graphatlas_free_transition,graphatlas_free_transition,9,0,1,outputs\.work\runs\atlas_het\graphatlas_free_transition\split-0\seed-9\config-1cc1b384,outputs\.work\runs\atlas_het\graphatlas_free_transition\split-0\seed-9\config-1cc1b384\job_config.yaml
atlas_het__node_classification__graphatlas_no_transport__split0__seed0__db2bbfbdbe4c,db2bbfbdbe4c,0e672c999c335af7,atlas_het,node_classification,graphatlas_no_transport,graphatlas_no_transport,0,0,1,outputs\.work\runs\atlas_het\graphatlas_no_transport\split-0\seed-0\config-db2bbfbd,outputs\.work\runs\atlas_het\graphatlas_no_transport\split-0\seed-0\config-db2bbfbd\job_config.yaml
atlas_het__node_classification__graphatlas_no_transport__split0__seed1__5df4a669f83b,5df4a669f83b,0e672c999c335af7,atlas_het,node_classification,graphatlas_no_transport,graphatlas_no_transport,1,0,1,outputs\.work\runs\atlas_het\graphatlas_no_transport\split-0\seed-1\config-5df4a669,outputs\.work\runs\atlas_het\graphatlas_no_transport\split-0\seed-1\config-5df4a669\job_config.yaml
atlas_het__node_classification__graphatlas_no_transport__split0__seed2__48448a5dae37,48448a5dae37,0e672c999c335af7,atlas_het,node_classification,graphatlas_no_transport,graphatlas_no_transport,2,0,1,outputs\.work\runs\atlas_het\graphatlas_no_transport\split-0\seed-2\config-48448a5d,outputs\.work\runs\atlas_het\graphatlas_no_transport\split-0\seed-2\config-48448a5d\job_config.yaml
atlas_het__node_classification__graphatlas_no_transport__split0__seed3__b0be95564d77,b0be95564d77,0e672c999c335af7,atlas_het,node_classification,graphatlas_no_transport,graphatlas_no_transport,3,0,1,outputs\.work\runs\atlas_het\graphatlas_no_transport\split-0\seed-3\config-b0be9556,outputs\.work\runs\atlas_het\graphatlas_no_transport\split-0\seed-3\config-b0be9556\job_config.yaml
atlas_het__node_classification__graphatlas_no_transport__split0__seed4__02165712a1b3,02165712a1b3,0e672c999c335af7,atlas_het,node_classification,graphatlas_no_transport,graphatlas_no_transport,4,0,1,outputs\.work\runs\atlas_het\graphatlas_no_transport\split-0\seed-4\config-02165712,outputs\.work\runs\atlas_het\graphatlas_no_transport\split-0\seed-4\config-02165712\job_config.yaml
atlas_het__node_classification__graphatlas_no_transport__split0__seed5__96cdef11b180,96cdef11b180,0e672c999c335af7,atlas_het,node_classification,graphatlas_no_transport,graphatlas_no_transport,5,0,1,outputs\.work\runs\atlas_het\graphatlas_no_transport\split-0\seed-5\config-96cdef11,outputs\.work\runs\atlas_het\graphatlas_no_transport\split-0\seed-5\config-96cdef11\job_config.yaml
atlas_het__node_classification__graphatlas_no_transport__split0__seed6__81e89c29e587,81e89c29e587,0e672c999c335af7,atlas_het,node_classification,graphatlas_no_transport,graphatlas_no_transport,6,0,1,outputs\.work\runs\atlas_het\graphatlas_no_transport\split-0\seed-6\config-81e89c29,outputs\.work\runs\atlas_het\graphatlas_no_transport\split-0\seed-6\config-81e89c29\job_config.yaml
atlas_het__node_classification__graphatlas_no_transport__split0__seed7__cdc21a0f3564,cdc21a0f3564,0e672c999c335af7,atlas_het,node_classification,graphatlas_no_transport,graphatlas_no_transport,7,0,1,outputs\.work\runs\atlas_het\graphatlas_no_transport\split-0\seed-7\config-cdc21a0f,outputs\.work\runs\atlas_het\graphatlas_no_transport\split-0\seed-7\config-cdc21a0f\job_config.yaml
atlas_het__node_classification__graphatlas_no_transport__split0__seed8__9ad5f0bede19,9ad5f0bede19,0e672c999c335af7,atlas_het,node_classification,graphatlas_no_transport,graphatlas_no_transport,8,0,1,outputs\.work\runs\atlas_het\graphatlas_no_transport\split-0\seed-8\config-9ad5f0be,outputs\.work\runs\atlas_het\graphatlas_no_transport\split-0\seed-8\config-9ad5f0be\job_config.yaml
atlas_het__node_classification__graphatlas_no_transport__split0__seed9__21d518f86f52,21d518f86f52,0e672c999c335af7,atlas_het,node_classification,graphatlas_no_transport,graphatlas_no_transport,9,0,1,outputs\.work\runs\atlas_het\graphatlas_no_transport\split-0\seed-9\config-21d518f8,outputs\.work\runs\atlas_het\graphatlas_no_transport\split-0\seed-9\config-21d518f8\job_config.yaml
atlas_het__node_classification__graphatlas_c_oracle__split0__seed0__3a43695afb29,3a43695afb29,0e672c999c335af7,atlas_het,node_classification,graphatlas_c_oracle,graphatlas_certified,0,0,1,outputs\.work\runs\atlas_het\graphatlas_c_oracle\split-0\seed-0\config-3a43695a,outputs\.work\runs\atlas_het\graphatlas_c_oracle\split-0\seed-0\config-3a43695a\job_config.yaml
atlas_het__node_classification__graphatlas_c_oracle__split0__seed1__1a8e919b1adc,1a8e919b1adc,0e672c999c335af7,atlas_het,node_classification,graphatlas_c_oracle,graphatlas_certified,1,0,1,outputs\.work\runs\atlas_het\graphatlas_c_oracle\split-0\seed-1\config-1a8e919b,outputs\.work\runs\atlas_het\graphatlas_c_oracle\split-0\seed-1\config-1a8e919b\job_config.yaml
atlas_het__node_classification__graphatlas_c_oracle__split0__seed2__35f8b0ef77e6,35f8b0ef77e6,0e672c999c335af7,atlas_het,node_classification,graphatlas_c_oracle,graphatlas_certified,2,0,1,outputs\.work\runs\atlas_het\graphatlas_c_oracle\split-0\seed-2\config-35f8b0ef,outputs\.work\runs\atlas_het\graphatlas_c_oracle\split-0\seed-2\config-35f8b0ef\job_config.yaml
atlas_het__node_classification__graphatlas_c_oracle__split0__seed3__14abaaea081e,14abaaea081e,0e672c999c335af7,atlas_het,node_classification,graphatlas_c_oracle,graphatlas_certified,3,0,1,outputs\.work\runs\atlas_het\graphatlas_c_oracle\split-0\seed-3\config-14abaaea,outputs\.work\runs\atlas_het\graphatlas_c_oracle\split-0\seed-3\config-14abaaea\job_config.yaml
atlas_het__node_classification__graphatlas_c_oracle__split0__seed4__bac5641876af,bac5641876af,0e672c999c335af7,atlas_het,node_classification,graphatlas_c_oracle,graphatlas_certified,4,0,1,outputs\.work\runs\atlas_het\graphatlas_c_oracle\split-0\seed-4\config-bac56418,outputs\.work\runs\atlas_het\graphatlas_c_oracle\split-0\seed-4\config-bac56418\job_config.yaml
atlas_het__node_classification__graphatlas_c_oracle__split0__seed5__8e36bea1a88c,8e36bea1a88c,0e672c999c335af7,atlas_het,node_classification,graphatlas_c_oracle,graphatlas_certified,5,0,1,outputs\.work\runs\atlas_het\graphatlas_c_oracle\split-0\seed-5\config-8e36bea1,outputs\.work\runs\atlas_het\graphatlas_c_oracle\split-0\seed-5\config-8e36bea1\job_config.yaml
atlas_het__node_classification__graphatlas_c_oracle__split0__seed6__e2a61cbae21d,e2a61cbae21d,0e672c999c335af7,atlas_het,node_classification,graphatlas_c_oracle,graphatlas_certified,6,0,1,outputs\.work\runs\atlas_het\graphatlas_c_oracle\split-0\seed-6\config-e2a61cba,outputs\.work\runs\atlas_het\graphatlas_c_oracle\split-0\seed-6\config-e2a61cba\job_config.yaml
atlas_het__node_classification__graphatlas_c_oracle__split0__seed7__0e722577bc8e,0e722577bc8e,0e672c999c335af7,atlas_het,node_classification,graphatlas_c_oracle,graphatlas_certified,7,0,1,outputs\.work\runs\atlas_het\graphatlas_c_oracle\split-0\seed-7\config-0e722577,outputs\.work\runs\atlas_het\graphatlas_c_oracle\split-0\seed-7\config-0e722577\job_config.yaml
atlas_het__node_classification__graphatlas_c_oracle__split0__seed8__2a1ff3658b0a,2a1ff3658b0a,0e672c999c335af7,atlas_het,node_classification,graphatlas_c_oracle,graphatlas_certified,8,0,1,outputs\.work\runs\atlas_het\graphatlas_c_oracle\split-0\seed-8\config-2a1ff365,outputs\.work\runs\atlas_het\graphatlas_c_oracle\split-0\seed-8\config-2a1ff365\job_config.yaml
atlas_het__node_classification__graphatlas_c_oracle__split0__seed9__1fa9e9da55e8,1fa9e9da55e8,0e672c999c335af7,atlas_het,node_classification,graphatlas_c_oracle,graphatlas_certified,9,0,1,outputs\.work\runs\atlas_het\graphatlas_c_oracle\split-0\seed-9\config-1fa9e9da,outputs\.work\runs\atlas_het\graphatlas_c_oracle\split-0\seed-9\config-1fa9e9da\job_config.yaml
atlas_het__node_classification__graphatlas_c__split0__seed0__3f1b4624ebb3,3f1b4624ebb3,0e672c999c335af7,atlas_het,node_classification,graphatlas_c,graphatlas_certified,0,0,1,outputs\.work\runs\atlas_het\graphatlas_c\split-0\seed-0\config-3f1b4624,outputs\.work\runs\atlas_het\graphatlas_c\split-0\seed-0\config-3f1b4624\job_config.yaml
atlas_het__node_classification__graphatlas_c__split0__seed1__ddc4510b18ae,ddc4510b18ae,0e672c999c335af7,atlas_het,node_classification,graphatlas_c,graphatlas_certified,1,0,1,outputs\.work\runs\atlas_het\graphatlas_c\split-0\seed-1\config-ddc4510b,outputs\.work\runs\atlas_het\graphatlas_c\split-0\seed-1\config-ddc4510b\job_config.yaml
atlas_het__node_classification__graphatlas_c__split0__seed2__c80de8df2b84,c80de8df2b84,0e672c999c335af7,atlas_het,node_classification,graphatlas_c,graphatlas_certified,2,0,1,outputs\.work\runs\atlas_het\graphatlas_c\split-0\seed-2\config-c80de8df,outputs\.work\runs\atlas_het\graphatlas_c\split-0\seed-2\config-c80de8df\job_config.yaml
atlas_het__node_classification__graphatlas_c__split0__seed3__536c98d69e9f,536c98d69e9f,0e672c999c335af7,atlas_het,node_classification,graphatlas_c,graphatlas_certified,3,0,1,outputs\.work\runs\atlas_het\graphatlas_c\split-0\seed-3\config-536c98d6,outputs\.work\runs\atlas_het\graphatlas_c\split-0\seed-3\config-536c98d6\job_config.yaml
atlas_het__node_classification__graphatlas_c__split0__seed4__8e84391d846a,8e84391d846a,0e672c999c335af7,atlas_het,node_classification,graphatlas_c,graphatlas_certified,4,0,1,outputs\.work\runs\atlas_het\graphatlas_c\split-0\seed-4\config-8e84391d,outputs\.work\runs\atlas_het\graphatlas_c\split-0\seed-4\config-8e84391d\job_config.yaml
atlas_het__node_classification__graphatlas_c__split0__seed5__e2f59c789b70,e2f59c789b70,0e672c999c335af7,atlas_het,node_classification,graphatlas_c,graphatlas_certified,5,0,1,outputs\.work\runs\atlas_het\graphatlas_c\split-0\seed-5\config-e2f59c78,outputs\.work\runs\atlas_het\graphatlas_c\split-0\seed-5\config-e2f59c78\job_config.yaml
atlas_het__node_classification__graphatlas_c__split0__seed6__5ad6ff3d04d5,5ad6ff3d04d5,0e672c999c335af7,atlas_het,node_classification,graphatlas_c,graphatlas_certified,6,0,1,outputs\.work\runs\atlas_het\graphatlas_c\split-0\seed-6\config-5ad6ff3d,outputs\.work\runs\atlas_het\graphatlas_c\split-0\seed-6\config-5ad6ff3d\job_config.yaml
atlas_het__node_classification__graphatlas_c__split0__seed7__acb6d1267f15,acb6d1267f15,0e672c999c335af7,atlas_het,node_classification,graphatlas_c,graphatlas_certified,7,0,1,outputs\.work\runs\atlas_het\graphatlas_c\split-0\seed-7\config-acb6d126,outputs\.work\runs\atlas_het\graphatlas_c\split-0\seed-7\config-acb6d126\job_config.yaml
atlas_het__node_classification__graphatlas_c__split0__seed8__9f866a66d23a,9f866a66d23a,0e672c999c335af7,atlas_het,node_classification,graphatlas_c,graphatlas_certified,8,0,1,outputs\.work\runs\atlas_het\graphatlas_c\split-0\seed-8\config-9f866a66,outputs\.work\runs\atlas_het\graphatlas_c\split-0\seed-8\config-9f866a66\job_config.yaml
atlas_het__node_classification__graphatlas_c__split0__seed9__61a30c619020,61a30c619020,0e672c999c335af7,atlas_het,node_classification,graphatlas_c,graphatlas_certified,9,0,1,outputs\.work\runs\atlas_het\graphatlas_c\split-0\seed-9\config-61a30c61,outputs\.work\runs\atlas_het\graphatlas_c\split-0\seed-9\config-61a30c61\job_config.yaml
atlas_het__node_classification__graphatlas_original__split0__seed0__a9d42fddee24,a9d42fddee24,0e672c999c335af7,atlas_het,node_classification,graphatlas_original,graphatlas,0,0,1,outputs\.work\runs\atlas_het\graphatlas_original\split-0\seed-0\config-a9d42fdd,outputs\.work\runs\atlas_het\graphatlas_original\split-0\seed-0\config-a9d42fdd\job_config.yaml
atlas_het__node_classification__graphatlas_original__split0__seed1__88b3e7e43ed9,88b3e7e43ed9,0e672c999c335af7,atlas_het,node_classification,graphatlas_original,graphatlas,1,0,1,outputs\.work\runs\atlas_het\graphatlas_original\split-0\seed-1\config-88b3e7e4,outputs\.work\runs\atlas_het\graphatlas_original\split-0\seed-1\config-88b3e7e4\job_config.yaml
atlas_het__node_classification__graphatlas_original__split0__seed2__d29225a32789,d29225a32789,0e672c999c335af7,atlas_het,node_classification,graphatlas_original,graphatlas,2,0,1,outputs\.work\runs\atlas_het\graphatlas_original\split-0\seed-2\config-d29225a3,outputs\.work\runs\atlas_het\graphatlas_original\split-0\seed-2\config-d29225a3\job_config.yaml
atlas_het__node_classification__graphatlas_original__split0__seed3__d8fc67b0e4be,d8fc67b0e4be,0e672c999c335af7,atlas_het,node_classification,graphatlas_original,graphatlas,3,0,1,outputs\.work\runs\atlas_het\graphatlas_original\split-0\seed-3\config-d8fc67b0,outputs\.work\runs\atlas_het\graphatlas_original\split-0\seed-3\config-d8fc67b0\job_config.yaml
atlas_het__node_classification__graphatlas_original__split0__seed4__9a81a5ffe4fc,9a81a5ffe4fc,0e672c999c335af7,atlas_het,node_classification,graphatlas_original,graphatlas,4,0,1,outputs\.work\runs\atlas_het\graphatlas_original\split-0\seed-4\config-9a81a5ff,outputs\.work\runs\atlas_het\graphatlas_original\split-0\seed-4\config-9a81a5ff\job_config.yaml
atlas_het__node_classification__graphatlas_original__split0__seed5__5a611f6ace16,5a611f6ace16,0e672c999c335af7,atlas_het,node_classification,graphatlas_original,graphatlas,5,0,1,outputs\.work\runs\atlas_het\graphatlas_original\split-0\seed-5\config-5a611f6a,outputs\.work\runs\atlas_het\graphatlas_original\split-0\seed-5\config-5a611f6a\job_config.yaml
atlas_het__node_classification__graphatlas_original__split0__seed6__2c186a488d54,2c186a488d54,0e672c999c335af7,atlas_het,node_classification,graphatlas_original,graphatlas,6,0,1,outputs\.work\runs\atlas_het\graphatlas_original\split-0\seed-6\config-2c186a48,outputs\.work\runs\atlas_het\graphatlas_original\split-0\seed-6\config-2c186a48\job_config.yaml
atlas_het__node_classification__graphatlas_original__split0__seed7__56e3b180970f,56e3b180970f,0e672c999c335af7,atlas_het,node_classification,graphatlas_original,graphatlas,7,0,1,outputs\.work\runs\atlas_het\graphatlas_original\split-0\seed-7\config-56e3b180,outputs\.work\runs\atlas_het\graphatlas_original\split-0\seed-7\config-56e3b180\job_config.yaml
atlas_het__node_classification__graphatlas_original__split0__seed8__051f75fc39e6,051f75fc39e6,0e672c999c335af7,atlas_het,node_classification,graphatlas_original,graphatlas,8,0,1,outputs\.work\runs\atlas_het\graphatlas_original\split-0\seed-8\config-051f75fc,outputs\.work\runs\atlas_het\graphatlas_original\split-0\seed-8\config-051f75fc\job_config.yaml
atlas_het__node_classification__graphatlas_original__split0__seed9__2d14721e0e3f,2d14721e0e3f,0e672c999c335af7,atlas_het,node_classification,graphatlas_original,graphatlas,9,0,1,outputs\.work\runs\atlas_het\graphatlas_original\split-0\seed-9\config-2d14721e,outputs\.work\runs\atlas_het\graphatlas_original\split-0\seed-9\config-2d14721e\job_config.yaml
atlas_het__node_classification__graphatlas_free_transition__split0__seed0__25db93396773,25db93396773,0e672c999c335af7,atlas_het,node_classification,graphatlas_free_transition,graphatlas_free_transition,0,0,1,outputs\.work\runs\atlas_het\graphatlas_free_transition\split-0\seed-0\config-25db9339,outputs\.work\runs\atlas_het\graphatlas_free_transition\split-0\seed-0\config-25db9339\job_config.yaml
atlas_het__node_classification__graphatlas_free_transition__split0__seed1__ce287d8ef2cb,ce287d8ef2cb,0e672c999c335af7,atlas_het,node_classification,graphatlas_free_transition,graphatlas_free_transition,1,0,1,outputs\.work\runs\atlas_het\graphatlas_free_transition\split-0\seed-1\config-ce287d8e,outputs\.work\runs\atlas_het\graphatlas_free_transition\split-0\seed-1\config-ce287d8e\job_config.yaml
atlas_het__node_classification__graphatlas_free_transition__split0__seed2__f8d071295b0e,f8d071295b0e,0e672c999c335af7,atlas_het,node_classification,graphatlas_free_transition,graphatlas_free_transition,2,0,1,outputs\.work\runs\atlas_het\graphatlas_free_transition\split-0\seed-2\config-f8d07129,outputs\.work\runs\atlas_het\graphatlas_free_transition\split-0\seed-2\config-f8d07129\job_config.yaml
atlas_het__node_classification__graphatlas_free_transition__split0__seed3__b7902b8bd547,b7902b8bd547,0e672c999c335af7,atlas_het,node_classification,graphatlas_free_transition,graphatlas_free_transition,3,0,1,outputs\.work\runs\atlas_het\graphatlas_free_transition\split-0\seed-3\config-b7902b8b,outputs\.work\runs\atlas_het\graphatlas_free_transition\split-0\seed-3\config-b7902b8b\job_config.yaml
atlas_het__node_classification__graphatlas_free_transition__split0__seed4__ec5faa547067,ec5faa547067,0e672c999c335af7,atlas_het,node_classification,graphatlas_free_transition,graphatlas_free_transition,4,0,1,outputs\.work\runs\atlas_het\graphatlas_free_transition\split-0\seed-4\config-ec5faa54,outputs\.work\runs\atlas_het\graphatlas_free_transition\split-0\seed-4\config-ec5faa54\job_config.yaml
atlas_het__node_classification__graphatlas_free_transition__split0__seed5__28d2e25ce817,28d2e25ce817,0e672c999c335af7,atlas_het,node_classification,graphatlas_free_transition,graphatlas_free_transition,5,0,1,outputs\.work\runs\atlas_het\graphatlas_free_transition\split-0\seed-5\config-28d2e25c,outputs\.work\runs\atlas_het\graphatlas_free_transition\split-0\seed-5\config-28d2e25c\job_config.yaml
atlas_het__node_classification__graphatlas_free_transition__split0__seed6__530763c6d60a,530763c6d60a,0e672c999c335af7,atlas_het,node_classification,graphatlas_free_transition,graphatlas_free_transition,6,0,1,outputs\.work\runs\atlas_het\graphatlas_free_transition\split-0\seed-6\config-530763c6,outputs\.work\runs\atlas_het\graphatlas_free_transition\split-0\seed-6\config-530763c6\job_config.yaml
atlas_het__node_classification__graphatlas_free_transition__split0__seed7__fba2df5a0eeb,fba2df5a0eeb,0e672c999c335af7,atlas_het,node_classification,graphatlas_free_transition,graphatlas_free_transition,7,0,1,outputs\.work\runs\atlas_het\graphatlas_free_transition\split-0\seed-7\config-fba2df5a,outputs\.work\runs\atlas_het\graphatlas_free_transition\split-0\seed-7\config-fba2df5a\job_config.yaml
atlas_het__node_classification__graphatlas_free_transition__split0__seed8__83e518727a50,83e518727a50,0e672c999c335af7,atlas_het,node_classification,graphatlas_free_transition,graphatlas_free_transition,8,0,1,outputs\.work\runs\atlas_het\graphatlas_free_transition\split-0\seed-8\config-83e51872,outputs\.work\runs\atlas_het\graphatlas_free_transition\split-0\seed-8\config-83e51872\job_config.yaml
atlas_het__node_classification__graphatlas_free_transition__split0__seed9__7fc29abba6f9,7fc29abba6f9,0e672c999c335af7,atlas_het,node_classification,graphatlas_free_transition,graphatlas_free_transition,9,0,1,outputs\.work\runs\atlas_het\graphatlas_free_transition\split-0\seed-9\config-7fc29abb,outputs\.work\runs\atlas_het\graphatlas_free_transition\split-0\seed-9\config-7fc29abb\job_config.yaml
atlas_het__node_classification__graphatlas_no_transport__split0__seed0__f0864ff9c316,f0864ff9c316,0e672c999c335af7,atlas_het,node_classification,graphatlas_no_transport,graphatlas_no_transport,0,0,1,outputs\.work\runs\atlas_het\graphatlas_no_transport\split-0\seed-0\config-f0864ff9,outputs\.work\runs\atlas_het\graphatlas_no_transport\split-0\seed-0\config-f0864ff9\job_config.yaml
atlas_het__node_classification__graphatlas_no_transport__split0__seed1__0880410e93f3,0880410e93f3,0e672c999c335af7,atlas_het,node_classification,graphatlas_no_transport,graphatlas_no_transport,1,0,1,outputs\.work\runs\atlas_het\graphatlas_no_transport\split-0\seed-1\config-0880410e,outputs\.work\runs\atlas_het\graphatlas_no_transport\split-0\seed-1\config-0880410e\job_config.yaml
atlas_het__node_classification__graphatlas_no_transport__split0__seed2__8e4f25f7b3d8,8e4f25f7b3d8,0e672c999c335af7,atlas_het,node_classification,graphatlas_no_transport,graphatlas_no_transport,2,0,1,outputs\.work\runs\atlas_het\graphatlas_no_transport\split-0\seed-2\config-8e4f25f7,outputs\.work\runs\atlas_het\graphatlas_no_transport\split-0\seed-2\config-8e4f25f7\job_config.yaml
atlas_het__node_classification__graphatlas_no_transport__split0__seed3__e814ff44912c,e814ff44912c,0e672c999c335af7,atlas_het,node_classification,graphatlas_no_transport,graphatlas_no_transport,3,0,1,outputs\.work\runs\atlas_het\graphatlas_no_transport\split-0\seed-3\config-e814ff44,outputs\.work\runs\atlas_het\graphatlas_no_transport\split-0\seed-3\config-e814ff44\job_config.yaml
atlas_het__node_classification__graphatlas_no_transport__split0__seed4__f29e2bb76b22,f29e2bb76b22,0e672c999c335af7,atlas_het,node_classification,graphatlas_no_transport,graphatlas_no_transport,4,0,1,outputs\.work\runs\atlas_het\graphatlas_no_transport\split-0\seed-4\config-f29e2bb7,outputs\.work\runs\atlas_het\graphatlas_no_transport\split-0\seed-4\config-f29e2bb7\job_config.yaml
atlas_het__node_classification__graphatlas_no_transport__split0__seed5__3ff2ef6e966f,3ff2ef6e966f,0e672c999c335af7,atlas_het,node_classification,graphatlas_no_transport,graphatlas_no_transport,5,0,1,outputs\.work\runs\atlas_het\graphatlas_no_transport\split-0\seed-5\config-3ff2ef6e,outputs\.work\runs\atlas_het\graphatlas_no_transport\split-0\seed-5\config-3ff2ef6e\job_config.yaml
atlas_het__node_classification__graphatlas_no_transport__split0__seed6__dfc7e2fca9f8,dfc7e2fca9f8,0e672c999c335af7,atlas_het,node_classification,graphatlas_no_transport,graphatlas_no_transport,6,0,1,outputs\.work\runs\atlas_het\graphatlas_no_transport\split-0\seed-6\config-dfc7e2fc,outputs\.work\runs\atlas_het\graphatlas_no_transport\split-0\seed-6\config-dfc7e2fc\job_config.yaml
atlas_het__node_classification__graphatlas_no_transport__split0__seed7__111e4c723d02,111e4c723d02,0e672c999c335af7,atlas_het,node_classification,graphatlas_no_transport,graphatlas_no_transport,7,0,1,outputs\.work\runs\atlas_het\graphatlas_no_transport\split-0\seed-7\config-111e4c72,outputs\.work\runs\atlas_het\graphatlas_no_transport\split-0\seed-7\config-111e4c72\job_config.yaml
atlas_het__node_classification__graphatlas_no_transport__split0__seed8__887dbb1d3903,887dbb1d3903,0e672c999c335af7,atlas_het,node_classification,graphatlas_no_transport,graphatlas_no_transport,8,0,1,outputs\.work\runs\atlas_het\graphatlas_no_transport\split-0\seed-8\config-887dbb1d,outputs\.work\runs\atlas_het\graphatlas_no_transport\split-0\seed-8\config-887dbb1d\job_config.yaml
atlas_het__node_classification__graphatlas_no_transport__split0__seed9__f8d30ae8122a,f8d30ae8122a,0e672c999c335af7,atlas_het,node_classification,graphatlas_no_transport,graphatlas_no_transport,9,0,1,outputs\.work\runs\atlas_het\graphatlas_no_transport\split-0\seed-9\config-f8d30ae8,outputs\.work\runs\atlas_het\graphatlas_no_transport\split-0\seed-9\config-f8d30ae8\job_config.yaml
atlas_het__node_classification__graphatlas_c_oracle__split0__seed0__6f15316a6842,6f15316a6842,0e672c999c335af7,atlas_het,node_classification,graphatlas_c_oracle,graphatlas_certified,0,0,1,outputs\.work\runs\atlas_het\graphatlas_c_oracle\split-0\seed-0\config-6f15316a,outputs\.work\runs\atlas_het\graphatlas_c_oracle\split-0\seed-0\config-6f15316a\job_config.yaml
atlas_het__node_classification__graphatlas_c_oracle__split0__seed1__ebbb53294fb6,ebbb53294fb6,0e672c999c335af7,atlas_het,node_classification,graphatlas_c_oracle,graphatlas_certified,1,0,1,outputs\.work\runs\atlas_het\graphatlas_c_oracle\split-0\seed-1\config-ebbb5329,outputs\.work\runs\atlas_het\graphatlas_c_oracle\split-0\seed-1\config-ebbb5329\job_config.yaml
atlas_het__node_classification__graphatlas_c_oracle__split0__seed2__d956ad78cb76,d956ad78cb76,0e672c999c335af7,atlas_het,node_classification,graphatlas_c_oracle,graphatlas_certified,2,0,1,outputs\.work\runs\atlas_het\graphatlas_c_oracle\split-0\seed-2\config-d956ad78,outputs\.work\runs\atlas_het\graphatlas_c_oracle\split-0\seed-2\config-d956ad78\job_config.yaml
atlas_het__node_classification__graphatlas_c_oracle__split0__seed3__5d165fc07ed3,5d165fc07ed3,0e672c999c335af7,atlas_het,node_classification,graphatlas_c_oracle,graphatlas_certified,3,0,1,outputs\.work\runs\atlas_het\graphatlas_c_oracle\split-0\seed-3\config-5d165fc0,outputs\.work\runs\atlas_het\graphatlas_c_oracle\split-0\seed-3\config-5d165fc0\job_config.yaml
atlas_het__node_classification__graphatlas_c_oracle__split0__seed4__991ba9a04cdf,991ba9a04cdf,0e672c999c335af7,atlas_het,node_classification,graphatlas_c_oracle,graphatlas_certified,4,0,1,outputs\.work\runs\atlas_het\graphatlas_c_oracle\split-0\seed-4\config-991ba9a0,outputs\.work\runs\atlas_het\graphatlas_c_oracle\split-0\seed-4\config-991ba9a0\job_config.yaml
atlas_het__node_classification__graphatlas_c_oracle__split0__seed5__7eda7a06d620,7eda7a06d620,0e672c999c335af7,atlas_het,node_classification,graphatlas_c_oracle,graphatlas_certified,5,0,1,outputs\.work\runs\atlas_het\graphatlas_c_oracle\split-0\seed-5\config-7eda7a06,outputs\.work\runs\atlas_het\graphatlas_c_oracle\split-0\seed-5\config-7eda7a06\job_config.yaml
atlas_het__node_classification__graphatlas_c_oracle__split0__seed6__a226d32a5d2e,a226d32a5d2e,0e672c999c335af7,atlas_het,node_classification,graphatlas_c_oracle,graphatlas_certified,6,0,1,outputs\.work\runs\atlas_het\graphatlas_c_oracle\split-0\seed-6\config-a226d32a,outputs\.work\runs\atlas_het\graphatlas_c_oracle\split-0\seed-6\config-a226d32a\job_config.yaml
atlas_het__node_classification__graphatlas_c_oracle__split0__seed7__16f20e2f52e4,16f20e2f52e4,0e672c999c335af7,atlas_het,node_classification,graphatlas_c_oracle,graphatlas_certified,7,0,1,outputs\.work\runs\atlas_het\graphatlas_c_oracle\split-0\seed-7\config-16f20e2f,outputs\.work\runs\atlas_het\graphatlas_c_oracle\split-0\seed-7\config-16f20e2f\job_config.yaml
atlas_het__node_classification__graphatlas_c_oracle__split0__seed8__a3a9ea78641e,a3a9ea78641e,0e672c999c335af7,atlas_het,node_classification,graphatlas_c_oracle,graphatlas_certified,8,0,1,outputs\.work\runs\atlas_het\graphatlas_c_oracle\split-0\seed-8\config-a3a9ea78,outputs\.work\runs\atlas_het\graphatlas_c_oracle\split-0\seed-8\config-a3a9ea78\job_config.yaml
atlas_het__node_classification__graphatlas_c_oracle__split0__seed9__9088af9a3085,9088af9a3085,0e672c999c335af7,atlas_het,node_classification,graphatlas_c_oracle,graphatlas_certified,9,0,1,outputs\.work\runs\atlas_het\graphatlas_c_oracle\split-0\seed-9\config-9088af9a,outputs\.work\runs\atlas_het\graphatlas_c_oracle\split-0\seed-9\config-9088af9a\job_config.yaml
atlas_het__node_classification__graphatlas_c__split0__seed0__6ec114c11e90,6ec114c11e90,0e672c999c335af7,atlas_het,node_classification,graphatlas_c,graphatlas_certified,0,0,1,outputs\.work\runs\atlas_het\graphatlas_c\split-0\seed-0\config-6ec114c1,outputs\.work\runs\atlas_het\graphatlas_c\split-0\seed-0\config-6ec114c1\job_config.yaml
atlas_het__node_classification__graphatlas_c__split0__seed1__9c3bd6d80682,9c3bd6d80682,0e672c999c335af7,atlas_het,node_classification,graphatlas_c,graphatlas_certified,1,0,1,outputs\.work\runs\atlas_het\graphatlas_c\split-0\seed-1\config-9c3bd6d8,outputs\.work\runs\atlas_het\graphatlas_c\split-0\seed-1\config-9c3bd6d8\job_config.yaml
atlas_het__node_classification__graphatlas_c__split0__seed2__ee148a7fc01c,ee148a7fc01c,0e672c999c335af7,atlas_het,node_classification,graphatlas_c,graphatlas_certified,2,0,1,outputs\.work\runs\atlas_het\graphatlas_c\split-0\seed-2\config-ee148a7f,outputs\.work\runs\atlas_het\graphatlas_c\split-0\seed-2\config-ee148a7f\job_config.yaml
atlas_het__node_classification__graphatlas_c__split0__seed3__a8a2976acab6,a8a2976acab6,0e672c999c335af7,atlas_het,node_classification,graphatlas_c,graphatlas_certified,3,0,1,outputs\.work\runs\atlas_het\graphatlas_c\split-0\seed-3\config-a8a2976a,outputs\.work\runs\atlas_het\graphatlas_c\split-0\seed-3\config-a8a2976a\job_config.yaml
atlas_het__node_classification__graphatlas_c__split0__seed4__ae52fce496d8,ae52fce496d8,0e672c999c335af7,atlas_het,node_classification,graphatlas_c,graphatlas_certified,4,0,1,outputs\.work\runs\atlas_het\graphatlas_c\split-0\seed-4\config-ae52fce4,outputs\.work\runs\atlas_het\graphatlas_c\split-0\seed-4\config-ae52fce4\job_config.yaml
atlas_het__node_classification__graphatlas_c__split0__seed5__c1e4c48bd724,c1e4c48bd724,0e672c999c335af7,atlas_het,node_classification,graphatlas_c,graphatlas_certified,5,0,1,outputs\.work\runs\atlas_het\graphatlas_c\split-0\seed-5\config-c1e4c48b,outputs\.work\runs\atlas_het\graphatlas_c\split-0\seed-5\config-c1e4c48b\job_config.yaml
atlas_het__node_classification__graphatlas_c__split0__seed6__5a2880c18737,5a2880c18737,0e672c999c335af7,atlas_het,node_classification,graphatlas_c,graphatlas_certified,6,0,1,outputs\.work\runs\atlas_het\graphatlas_c\split-0\seed-6\config-5a2880c1,outputs\.work\runs\atlas_het\graphatlas_c\split-0\seed-6\config-5a2880c1\job_config.yaml
atlas_het__node_classification__graphatlas_c__split0__seed7__422e47e99b75,422e47e99b75,0e672c999c335af7,atlas_het,node_classification,graphatlas_c,graphatlas_certified,7,0,1,outputs\.work\runs\atlas_het\graphatlas_c\split-0\seed-7\config-422e47e9,outputs\.work\runs\atlas_het\graphatlas_c\split-0\seed-7\config-422e47e9\job_config.yaml
atlas_het__node_classification__graphatlas_c__split0__seed8__14df72683a16,14df72683a16,0e672c999c335af7,atlas_het,node_classification,graphatlas_c,graphatlas_certified,8,0,1,outputs\.work\runs\atlas_het\graphatlas_c\split-0\seed-8\config-14df7268,outputs\.work\runs\atlas_het\graphatlas_c\split-0\seed-8\config-14df7268\job_config.yaml
atlas_het__node_classification__graphatlas_c__split0__seed9__bb8708381249,bb8708381249,0e672c999c335af7,atlas_het,node_classification,graphatlas_c,graphatlas_certified,9,0,1,outputs\.work\runs\atlas_het\graphatlas_c\split-0\seed-9\config-bb870838,outputs\.work\runs\atlas_het\graphatlas_c\split-0\seed-9\config-bb870838\job_config.yaml
atlas_het__node_classification__graphatlas_original__split0__seed0__17a43dfef6d7,17a43dfef6d7,0e672c999c335af7,atlas_het,node_classification,graphatlas_original,graphatlas,0,0,1,outputs\.work\runs\atlas_het\graphatlas_original\split-0\seed-0\config-17a43dfe,outputs\.work\runs\atlas_het\graphatlas_original\split-0\seed-0\config-17a43dfe\job_config.yaml
atlas_het__node_classification__graphatlas_original__split0__seed1__76fa0ab594e8,76fa0ab594e8,0e672c999c335af7,atlas_het,node_classification,graphatlas_original,graphatlas,1,0,1,outputs\.work\runs\atlas_het\graphatlas_original\split-0\seed-1\config-76fa0ab5,outputs\.work\runs\atlas_het\graphatlas_original\split-0\seed-1\config-76fa0ab5\job_config.yaml
atlas_het__node_classification__graphatlas_original__split0__seed2__52d6578d766f,52d6578d766f,0e672c999c335af7,atlas_het,node_classification,graphatlas_original,graphatlas,2,0,1,outputs\.work\runs\atlas_het\graphatlas_original\split-0\seed-2\config-52d6578d,outputs\.work\runs\atlas_het\graphatlas_original\split-0\seed-2\config-52d6578d\job_config.yaml
atlas_het__node_classification__graphatlas_original__split0__seed3__61cdee8a1260,61cdee8a1260,0e672c999c335af7,atlas_het,node_classification,graphatlas_original,graphatlas,3,0,1,outputs\.work\runs\atlas_het\graphatlas_original\split-0\seed-3\config-61cdee8a,outputs\.work\runs\atlas_het\graphatlas_original\split-0\seed-3\config-61cdee8a\job_config.yaml
atlas_het__node_classification__graphatlas_original__split0__seed4__5deb250879f9,5deb250879f9,0e672c999c335af7,atlas_het,node_classification,graphatlas_original,graphatlas,4,0,1,outputs\.work\runs\atlas_het\graphatlas_original\split-0\seed-4\config-5deb2508,outputs\.work\runs\atlas_het\graphatlas_original\split-0\seed-4\config-5deb2508\job_config.yaml
atlas_het__node_classification__graphatlas_original__split0__seed5__d5c5028e687a,d5c5028e687a,0e672c999c335af7,atlas_het,node_classification,graphatlas_original,graphatlas,5,0,1,outputs\.work\runs\atlas_het\graphatlas_original\split-0\seed-5\config-d5c5028e,outputs\.work\runs\atlas_het\graphatlas_original\split-0\seed-5\config-d5c5028e\job_config.yaml
atlas_het__node_classification__graphatlas_original__split0__seed6__44cc36dfde34,44cc36dfde34,0e672c999c335af7,atlas_het,node_classification,graphatlas_original,graphatlas,6,0,1,outputs\.work\runs\atlas_het\graphatlas_original\split-0\seed-6\config-44cc36df,outputs\.work\runs\atlas_het\graphatlas_original\split-0\seed-6\config-44cc36df\job_config.yaml
atlas_het__node_classification__graphatlas_original__split0__seed7__c07b9acb7e67,c07b9acb7e67,0e672c999c335af7,atlas_het,node_classification,graphatlas_original,graphatlas,7,0,1,outputs\.work\runs\atlas_het\graphatlas_original\split-0\seed-7\config-c07b9acb,outputs\.work\runs\atlas_het\graphatlas_original\split-0\seed-7\config-c07b9acb\job_config.yaml
atlas_het__node_classification__graphatlas_original__split0__seed8__17a2b8d841fc,17a2b8d841fc,0e672c999c335af7,atlas_het,node_classification,graphatlas_original,graphatlas,8,0,1,outputs\.work\runs\atlas_het\graphatlas_original\split-0\seed-8\config-17a2b8d8,outputs\.work\runs\atlas_het\graphatlas_original\split-0\seed-8\config-17a2b8d8\job_config.yaml
atlas_het__node_classification__graphatlas_original__split0__seed9__d06665f36994,d06665f36994,0e672c999c335af7,atlas_het,node_classification,graphatlas_original,graphatlas,9,0,1,outputs\.work\runs\atlas_het\graphatlas_original\split-0\seed-9\config-d06665f3,outputs\.work\runs\atlas_het\graphatlas_original\split-0\seed-9\config-d06665f3\job_config.yaml
atlas_het__node_classification__graphatlas_free_transition__split0__seed0__81d41b0fec04,81d41b0fec04,0e672c999c335af7,atlas_het,node_classification,graphatlas_free_transition,graphatlas_free_transition,0,0,1,outputs\.work\runs\atlas_het\graphatlas_free_transition\split-0\seed-0\config-81d41b0f,outputs\.work\runs\atlas_het\graphatlas_free_transition\split-0\seed-0\config-81d41b0f\job_config.yaml
atlas_het__node_classification__graphatlas_free_transition__split0__seed1__84558e07e33f,84558e07e33f,0e672c999c335af7,atlas_het,node_classification,graphatlas_free_transition,graphatlas_free_transition,1,0,1,outputs\.work\runs\atlas_het\graphatlas_free_transition\split-0\seed-1\config-84558e07,outputs\.work\runs\atlas_het\graphatlas_free_transition\split-0\seed-1\config-84558e07\job_config.yaml
atlas_het__node_classification__graphatlas_free_transition__split0__seed2__9b8bbc00ad5d,9b8bbc00ad5d,0e672c999c335af7,atlas_het,node_classification,graphatlas_free_transition,graphatlas_free_transition,2,0,1,outputs\.work\runs\atlas_het\graphatlas_free_transition\split-0\seed-2\config-9b8bbc00,outputs\.work\runs\atlas_het\graphatlas_free_transition\split-0\seed-2\config-9b8bbc00\job_config.yaml
atlas_het__node_classification__graphatlas_free_transition__split0__seed3__5cb5c6b23553,5cb5c6b23553,0e672c999c335af7,atlas_het,node_classification,graphatlas_free_transition,graphatlas_free_transition,3,0,1,outputs\.work\runs\atlas_het\graphatlas_free_transition\split-0\seed-3\config-5cb5c6b2,outputs\.work\runs\atlas_het\graphatlas_free_transition\split-0\seed-3\config-5cb5c6b2\job_config.yaml
atlas_het__node_classification__graphatlas_free_transition__split0__seed4__a235bd219d76,a235bd219d76,0e672c999c335af7,atlas_het,node_classification,graphatlas_free_transition,graphatlas_free_transition,4,0,1,outputs\.work\runs\atlas_het\graphatlas_free_transition\split-0\seed-4\config-a235bd21,outputs\.work\runs\atlas_het\graphatlas_free_transition\split-0\seed-4\config-a235bd21\job_config.yaml
atlas_het__node_classification__graphatlas_free_transition__split0__seed5__cc5a5a372911,cc5a5a372911,0e672c999c335af7,atlas_het,node_classification,graphatlas_free_transition,graphatlas_free_transition,5,0,1,outputs\.work\runs\atlas_het\graphatlas_free_transition\split-0\seed-5\config-cc5a5a37,outputs\.work\runs\atlas_het\graphatlas_free_transition\split-0\seed-5\config-cc5a5a37\job_config.yaml
atlas_het__node_classification__graphatlas_free_transition__split0__seed6__6ff420a25ce8,6ff420a25ce8,0e672c999c335af7,atlas_het,node_classification,graphatlas_free_transition,graphatlas_free_transition,6,0,1,outputs\.work\runs\atlas_het\graphatlas_free_transition\split-0\seed-6\config-6ff420a2,outputs\.work\runs\atlas_het\graphatlas_free_transition\split-0\seed-6\config-6ff420a2\job_config.yaml
atlas_het__node_classification__graphatlas_free_transition__split0__seed7__20a8d355788e,20a8d355788e,0e672c999c335af7,atlas_het,node_classification,graphatlas_free_transition,graphatlas_free_transition,7,0,1,outputs\.work\runs\atlas_het\graphatlas_free_transition\split-0\seed-7\config-20a8d355,outputs\.work\runs\atlas_het\graphatlas_free_transition\split-0\seed-7\config-20a8d355\job_config.yaml
atlas_het__node_classification__graphatlas_free_transition__split0__seed8__cc3164bdefe4,cc3164bdefe4,0e672c999c335af7,atlas_het,node_classification,graphatlas_free_transition,graphatlas_free_transition,8,0,1,outputs\.work\runs\atlas_het\graphatlas_free_transition\split-0\seed-8\config-cc3164bd,outputs\.work\runs\atlas_het\graphatlas_free_transition\split-0\seed-8\config-cc3164bd\job_config.yaml
atlas_het__node_classification__graphatlas_free_transition__split0__seed9__d919f0292c5e,d919f0292c5e,0e672c999c335af7,atlas_het,node_classification,graphatlas_free_transition,graphatlas_free_transition,9,0,1,outputs\.work\runs\atlas_het\graphatlas_free_transition\split-0\seed-9\config-d919f029,outputs\.work\runs\atlas_het\graphatlas_free_transition\split-0\seed-9\config-d919f029\job_config.yaml
atlas_het__node_classification__graphatlas_no_transport__split0__seed0__5d90ebf24601,5d90ebf24601,0e672c999c335af7,atlas_het,node_classification,graphatlas_no_transport,graphatlas_no_transport,0,0,1,outputs\.work\runs\atlas_het\graphatlas_no_transport\split-0\seed-0\config-5d90ebf2,outputs\.work\runs\atlas_het\graphatlas_no_transport\split-0\seed-0\config-5d90ebf2\job_config.yaml
atlas_het__node_classification__graphatlas_no_transport__split0__seed1__547f1f4f5760,547f1f4f5760,0e672c999c335af7,atlas_het,node_classification,graphatlas_no_transport,graphatlas_no_transport,1,0,1,outputs\.work\runs\atlas_het\graphatlas_no_transport\split-0\seed-1\config-547f1f4f,outputs\.work\runs\atlas_het\graphatlas_no_transport\split-0\seed-1\config-547f1f4f\job_config.yaml
atlas_het__node_classification__graphatlas_no_transport__split0__seed2__daf0305e86b5,daf0305e86b5,0e672c999c335af7,atlas_het,node_classification,graphatlas_no_transport,graphatlas_no_transport,2,0,1,outputs\.work\runs\atlas_het\graphatlas_no_transport\split-0\seed-2\config-daf0305e,outputs\.work\runs\atlas_het\graphatlas_no_transport\split-0\seed-2\config-daf0305e\job_config.yaml
atlas_het__node_classification__graphatlas_no_transport__split0__seed3__8ccf73703352,8ccf73703352,0e672c999c335af7,atlas_het,node_classification,graphatlas_no_transport,graphatlas_no_transport,3,0,1,outputs\.work\runs\atlas_het\graphatlas_no_transport\split-0\seed-3\config-8ccf7370,outputs\.work\runs\atlas_het\graphatlas_no_transport\split-0\seed-3\config-8ccf7370\job_config.yaml
atlas_het__node_classification__graphatlas_no_transport__split0__seed4__4834b4b89f50,4834b4b89f50,0e672c999c335af7,atlas_het,node_classification,graphatlas_no_transport,graphatlas_no_transport,4,0,1,outputs\.work\runs\atlas_het\graphatlas_no_transport\split-0\seed-4\config-4834b4b8,outputs\.work\runs\atlas_het\graphatlas_no_transport\split-0\seed-4\config-4834b4b8\job_config.yaml
atlas_het__node_classification__graphatlas_no_transport__split0__seed5__f4bbeeb655e7,f4bbeeb655e7,0e672c999c335af7,atlas_het,node_classification,graphatlas_no_transport,graphatlas_no_transport,5,0,1,outputs\.work\runs\atlas_het\graphatlas_no_transport\split-0\seed-5\config-f4bbeeb6,outputs\.work\runs\atlas_het\graphatlas_no_transport\split-0\seed-5\config-f4bbeeb6\job_config.yaml
atlas_het__node_classification__graphatlas_no_transport__split0__seed6__5b7342d3a838,5b7342d3a838,0e672c999c335af7,atlas_het,node_classification,graphatlas_no_transport,graphatlas_no_transport,6,0,1,outputs\.work\runs\atlas_het\graphatlas_no_transport\split-0\seed-6\config-5b7342d3,outputs\.work\runs\atlas_het\graphatlas_no_transport\split-0\seed-6\config-5b7342d3\job_config.yaml
atlas_het__node_classification__graphatlas_no_transport__split0__seed7__97a3771e7885,97a3771e7885,0e672c999c335af7,atlas_het,node_classification,graphatlas_no_transport,graphatlas_no_transport,7,0,1,outputs\.work\runs\atlas_het\graphatlas_no_transport\split-0\seed-7\config-97a3771e,outputs\.work\runs\atlas_het\graphatlas_no_transport\split-0\seed-7\config-97a3771e\job_config.yaml
atlas_het__node_classification__graphatlas_no_transport__split0__seed8__9c3c559d7107,9c3c559d7107,0e672c999c335af7,atlas_het,node_classification,graphatlas_no_transport,graphatlas_no_transport,8,0,1,outputs\.work\runs\atlas_het\graphatlas_no_transport\split-0\seed-8\config-9c3c559d,outputs\.work\runs\atlas_het\graphatlas_no_transport\split-0\seed-8\config-9c3c559d\job_config.yaml
atlas_het__node_classification__graphatlas_no_transport__split0__seed9__0d164532c4c7,0d164532c4c7,0e672c999c335af7,atlas_het,node_classification,graphatlas_no_transport,graphatlas_no_transport,9,0,1,outputs\.work\runs\atlas_het\graphatlas_no_transport\split-0\seed-9\config-0d164532,outputs\.work\runs\atlas_het\graphatlas_no_transport\split-0\seed-9\config-0d164532\job_config.yaml
atlas_het__node_classification__graphatlas_c_oracle__split0__seed0__e8861ad8f154,e8861ad8f154,0e672c999c335af7,atlas_het,node_classification,graphatlas_c_oracle,graphatlas_certified,0,0,1,outputs\.work\runs\atlas_het\graphatlas_c_oracle\split-0\seed-0\config-e8861ad8,outputs\.work\runs\atlas_het\graphatlas_c_oracle\split-0\seed-0\config-e8861ad8\job_config.yaml
atlas_het__node_classification__graphatlas_c_oracle__split0__seed1__ad2cc99ab098,ad2cc99ab098,0e672c999c335af7,atlas_het,node_classification,graphatlas_c_oracle,graphatlas_certified,1,0,1,outputs\.work\runs\atlas_het\graphatlas_c_oracle\split-0\seed-1\config-ad2cc99a,outputs\.work\runs\atlas_het\graphatlas_c_oracle\split-0\seed-1\config-ad2cc99a\job_config.yaml
atlas_het__node_classification__graphatlas_c_oracle__split0__seed2__d6abab34722d,d6abab34722d,0e672c999c335af7,atlas_het,node_classification,graphatlas_c_oracle,graphatlas_certified,2,0,1,outputs\.work\runs\atlas_het\graphatlas_c_oracle\split-0\seed-2\config-d6abab34,outputs\.work\runs\atlas_het\graphatlas_c_oracle\split-0\seed-2\config-d6abab34\job_config.yaml
atlas_het__node_classification__graphatlas_c_oracle__split0__seed3__383291fd6401,383291fd6401,0e672c999c335af7,atlas_het,node_classification,graphatlas_c_oracle,graphatlas_certified,3,0,1,outputs\.work\runs\atlas_het\graphatlas_c_oracle\split-0\seed-3\config-383291fd,outputs\.work\runs\atlas_het\graphatlas_c_oracle\split-0\seed-3\config-383291fd\job_config.yaml
atlas_het__node_classification__graphatlas_c_oracle__split0__seed4__cdb0c2eac7c8,cdb0c2eac7c8,0e672c999c335af7,atlas_het,node_classification,graphatlas_c_oracle,graphatlas_certified,4,0,1,outputs\.work\runs\atlas_het\graphatlas_c_oracle\split-0\seed-4\config-cdb0c2ea,outputs\.work\runs\atlas_het\graphatlas_c_oracle\split-0\seed-4\config-cdb0c2ea\job_config.yaml
atlas_het__node_classification__graphatlas_c_oracle__split0__seed5__06bc9b02b0e0,06bc9b02b0e0,0e672c999c335af7,atlas_het,node_classification,graphatlas_c_oracle,graphatlas_certified,5,0,1,outputs\.work\runs\atlas_het\graphatlas_c_oracle\split-0\seed-5\config-06bc9b02,outputs\.work\runs\atlas_het\graphatlas_c_oracle\split-0\seed-5\config-06bc9b02\job_config.yaml
atlas_het__node_classification__graphatlas_c_oracle__split0__seed6__03498cef7079,03498cef7079,0e672c999c335af7,atlas_het,node_classification,graphatlas_c_oracle,graphatlas_certified,6,0,1,outputs\.work\runs\atlas_het\graphatlas_c_oracle\split-0\seed-6\config-03498cef,outputs\.work\runs\atlas_het\graphatlas_c_oracle\split-0\seed-6\config-03498cef\job_config.yaml
atlas_het__node_classification__graphatlas_c_oracle__split0__seed7__f5a55dfef5d5,f5a55dfef5d5,0e672c999c335af7,atlas_het,node_classification,graphatlas_c_oracle,graphatlas_certified,7,0,1,outputs\.work\runs\atlas_het\graphatlas_c_oracle\split-0\seed-7\config-f5a55dfe,outputs\.work\runs\atlas_het\graphatlas_c_oracle\split-0\seed-7\config-f5a55dfe\job_config.yaml
atlas_het__node_classification__graphatlas_c_oracle__split0__seed8__512cddf41b7a,512cddf41b7a,0e672c999c335af7,atlas_het,node_classification,graphatlas_c_oracle,graphatlas_certified,8,0,1,outputs\.work\runs\atlas_het\graphatlas_c_oracle\split-0\seed-8\config-512cddf4,outputs\.work\runs\atlas_het\graphatlas_c_oracle\split-0\seed-8\config-512cddf4\job_config.yaml
atlas_het__node_classification__graphatlas_c_oracle__split0__seed9__f250b66aaa7d,f250b66aaa7d,0e672c999c335af7,atlas_het,node_classification,graphatlas_c_oracle,graphatlas_certified,9,0,1,outputs\.work\runs\atlas_het\graphatlas_c_oracle\split-0\seed-9\config-f250b66a,outputs\.work\runs\atlas_het\graphatlas_c_oracle\split-0\seed-9\config-f250b66a\job_config.yaml
atlas_het__node_classification__graphatlas_c__split0__seed0__910c845203dd,910c845203dd,0e672c999c335af7,atlas_het,node_classification,graphatlas_c,graphatlas_certified,0,0,1,outputs\.work\runs\atlas_het\graphatlas_c\split-0\seed-0\config-910c8452,outputs\.work\runs\atlas_het\graphatlas_c\split-0\seed-0\config-910c8452\job_config.yaml
atlas_het__node_classification__graphatlas_c__split0__seed1__2a405f014795,2a405f014795,0e672c999c335af7,atlas_het,node_classification,graphatlas_c,graphatlas_certified,1,0,1,outputs\.work\runs\atlas_het\graphatlas_c\split-0\seed-1\config-2a405f01,outputs\.work\runs\atlas_het\graphatlas_c\split-0\seed-1\config-2a405f01\job_config.yaml
atlas_het__node_classification__graphatlas_c__split0__seed2__0c6571d2778a,0c6571d2778a,0e672c999c335af7,atlas_het,node_classification,graphatlas_c,graphatlas_certified,2,0,1,outputs\.work\runs\atlas_het\graphatlas_c\split-0\seed-2\config-0c6571d2,outputs\.work\runs\atlas_het\graphatlas_c\split-0\seed-2\config-0c6571d2\job_config.yaml
atlas_het__node_classification__graphatlas_c__split0__seed3__33c0ca43526e,33c0ca43526e,0e672c999c335af7,atlas_het,node_classification,graphatlas_c,graphatlas_certified,3,0,1,outputs\.work\runs\atlas_het\graphatlas_c\split-0\seed-3\config-33c0ca43,outputs\.work\runs\atlas_het\graphatlas_c\split-0\seed-3\config-33c0ca43\job_config.yaml
atlas_het__node_classification__graphatlas_c__split0__seed4__833f7106b85c,833f7106b85c,0e672c999c335af7,atlas_het,node_classification,graphatlas_c,graphatlas_certified,4,0,1,outputs\.work\runs\atlas_het\graphatlas_c\split-0\seed-4\config-833f7106,outputs\.work\runs\atlas_het\graphatlas_c\split-0\seed-4\config-833f7106\job_config.yaml
atlas_het__node_classification__graphatlas_c__split0__seed5__f92e2a3094a9,f92e2a3094a9,0e672c999c335af7,atlas_het,node_classification,graphatlas_c,graphatlas_certified,5,0,1,outputs\.work\runs\atlas_het\graphatlas_c\split-0\seed-5\config-f92e2a30,outputs\.work\runs\atlas_het\graphatlas_c\split-0\seed-5\config-f92e2a30\job_config.yaml
atlas_het__node_classification__graphatlas_c__split0__seed6__fd5ae5b0c1d0,fd5ae5b0c1d0,0e672c999c335af7,atlas_het,node_classification,graphatlas_c,graphatlas_certified,6,0,1,outputs\.work\runs\atlas_het\graphatlas_c\split-0\seed-6\config-fd5ae5b0,outputs\.work\runs\atlas_het\graphatlas_c\split-0\seed-6\config-fd5ae5b0\job_config.yaml
atlas_het__node_classification__graphatlas_c__split0__seed7__6e07e2791036,6e07e2791036,0e672c999c335af7,atlas_het,node_classification,graphatlas_c,graphatlas_certified,7,0,1,outputs\.work\runs\atlas_het\graphatlas_c\split-0\seed-7\config-6e07e279,outputs\.work\runs\atlas_het\graphatlas_c\split-0\seed-7\config-6e07e279\job_config.yaml
atlas_het__node_classification__graphatlas_c__split0__seed8__08aa86efdef7,08aa86efdef7,0e672c999c335af7,atlas_het,node_classification,graphatlas_c,graphatlas_certified,8,0,1,outputs\.work\runs\atlas_het\graphatlas_c\split-0\seed-8\config-08aa86ef,outputs\.work\runs\atlas_het\graphatlas_c\split-0\seed-8\config-08aa86ef\job_config.yaml
atlas_het__node_classification__graphatlas_c__split0__seed9__239c4057f3ba,239c4057f3ba,0e672c999c335af7,atlas_het,node_classification,graphatlas_c,graphatlas_certified,9,0,1,outputs\.work\runs\atlas_het\graphatlas_c\split-0\seed-9\config-239c4057,outputs\.work\runs\atlas_het\graphatlas_c\split-0\seed-9\config-239c4057\job_config.yaml
atlas_het__node_classification__graphatlas_original__split0__seed0__bb20180461e1,bb20180461e1,0e672c999c335af7,atlas_het,node_classification,graphatlas_original,graphatlas,0,0,1,outputs\.work\runs\atlas_het\graphatlas_original\split-0\seed-0\config-bb201804,outputs\.work\runs\atlas_het\graphatlas_original\split-0\seed-0\config-bb201804\job_config.yaml
atlas_het__node_classification__graphatlas_original__split0__seed1__c2dd6456ee9d,c2dd6456ee9d,0e672c999c335af7,atlas_het,node_classification,graphatlas_original,graphatlas,1,0,1,outputs\.work\runs\atlas_het\graphatlas_original\split-0\seed-1\config-c2dd6456,outputs\.work\runs\atlas_het\graphatlas_original\split-0\seed-1\config-c2dd6456\job_config.yaml
atlas_het__node_classification__graphatlas_original__split0__seed2__bd7a76431bb8,bd7a76431bb8,0e672c999c335af7,atlas_het,node_classification,graphatlas_original,graphatlas,2,0,1,outputs\.work\runs\atlas_het\graphatlas_original\split-0\seed-2\config-bd7a7643,outputs\.work\runs\atlas_het\graphatlas_original\split-0\seed-2\config-bd7a7643\job_config.yaml
atlas_het__node_classification__graphatlas_original__split0__seed3__26b8eff93e97,26b8eff93e97,0e672c999c335af7,atlas_het,node_classification,graphatlas_original,graphatlas,3,0,1,outputs\.work\runs\atlas_het\graphatlas_original\split-0\seed-3\config-26b8eff9,outputs\.work\runs\atlas_het\graphatlas_original\split-0\seed-3\config-26b8eff9\job_config.yaml
atlas_het__node_classification__graphatlas_original__split0__seed4__0eac098b505b,0eac098b505b,0e672c999c335af7,atlas_het,node_classification,graphatlas_original,graphatlas,4,0,1,outputs\.work\runs\atlas_het\graphatlas_original\split-0\seed-4\config-0eac098b,outputs\.work\runs\atlas_het\graphatlas_original\split-0\seed-4\config-0eac098b\job_config.yaml
atlas_het__node_classification__graphatlas_original__split0__seed5__cf7dc523dedd,cf7dc523dedd,0e672c999c335af7,atlas_het,node_classification,graphatlas_original,graphatlas,5,0,1,outputs\.work\runs\atlas_het\graphatlas_original\split-0\seed-5\config-cf7dc523,outputs\.work\runs\atlas_het\graphatlas_original\split-0\seed-5\config-cf7dc523\job_config.yaml
atlas_het__node_classification__graphatlas_original__split0__seed6__b9c69da3601b,b9c69da3601b,0e672c999c335af7,atlas_het,node_classification,graphatlas_original,graphatlas,6,0,1,outputs\.work\runs\atlas_het\graphatlas_original\split-0\seed-6\config-b9c69da3,outputs\.work\runs\atlas_het\graphatlas_original\split-0\seed-6\config-b9c69da3\job_config.yaml
atlas_het__node_classification__graphatlas_original__split0__seed7__7e790455304b,7e790455304b,0e672c999c335af7,atlas_het,node_classification,graphatlas_original,graphatlas,7,0,1,outputs\.work\runs\atlas_het\graphatlas_original\split-0\seed-7\config-7e790455,outputs\.work\runs\atlas_het\graphatlas_original\split-0\seed-7\config-7e790455\job_config.yaml
atlas_het__node_classification__graphatlas_original__split0__seed8__e9fbfe89adf0,e9fbfe89adf0,0e672c999c335af7,atlas_het,node_classification,graphatlas_original,graphatlas,8,0,1,outputs\.work\runs\atlas_het\graphatlas_original\split-0\seed-8\config-e9fbfe89,outputs\.work\runs\atlas_het\graphatlas_original\split-0\seed-8\config-e9fbfe89\job_config.yaml
atlas_het__node_classification__graphatlas_original__split0__seed9__55e783378af9,55e783378af9,0e672c999c335af7,atlas_het,node_classification,graphatlas_original,graphatlas,9,0,1,outputs\.work\runs\atlas_het\graphatlas_original\split-0\seed-9\config-55e78337,outputs\.work\runs\atlas_het\graphatlas_original\split-0\seed-9\config-55e78337\job_config.yaml
atlas_het__node_classification__graphatlas_free_transition__split0__seed0__4a49bc5e3c79,4a49bc5e3c79,0e672c999c335af7,atlas_het,node_classification,graphatlas_free_transition,graphatlas_free_transition,0,0,1,outputs\.work\runs\atlas_het\graphatlas_free_transition\split-0\seed-0\config-4a49bc5e,outputs\.work\runs\atlas_het\graphatlas_free_transition\split-0\seed-0\config-4a49bc5e\job_config.yaml
atlas_het__node_classification__graphatlas_free_transition__split0__seed1__3088e5dce8ee,3088e5dce8ee,0e672c999c335af7,atlas_het,node_classification,graphatlas_free_transition,graphatlas_free_transition,1,0,1,outputs\.work\runs\atlas_het\graphatlas_free_transition\split-0\seed-1\config-3088e5dc,outputs\.work\runs\atlas_het\graphatlas_free_transition\split-0\seed-1\config-3088e5dc\job_config.yaml
atlas_het__node_classification__graphatlas_free_transition__split0__seed2__bbbc170889f4,bbbc170889f4,0e672c999c335af7,atlas_het,node_classification,graphatlas_free_transition,graphatlas_free_transition,2,0,1,outputs\.work\runs\atlas_het\graphatlas_free_transition\split-0\seed-2\config-bbbc1708,outputs\.work\runs\atlas_het\graphatlas_free_transition\split-0\seed-2\config-bbbc1708\job_config.yaml
atlas_het__node_classification__graphatlas_free_transition__split0__seed3__171726537ed6,171726537ed6,0e672c999c335af7,atlas_het,node_classification,graphatlas_free_transition,graphatlas_free_transition,3,0,1,outputs\.work\runs\atlas_het\graphatlas_free_transition\split-0\seed-3\config-17172653,outputs\.work\runs\atlas_het\graphatlas_free_transition\split-0\seed-3\config-17172653\job_config.yaml
atlas_het__node_classification__graphatlas_free_transition__split0__seed4__9de8b51d9a09,9de8b51d9a09,0e672c999c335af7,atlas_het,node_classification,graphatlas_free_transition,graphatlas_free_transition,4,0,1,outputs\.work\runs\atlas_het\graphatlas_free_transition\split-0\seed-4\config-9de8b51d,outputs\.work\runs\atlas_het\graphatlas_free_transition\split-0\seed-4\config-9de8b51d\job_config.yaml
atlas_het__node_classification__graphatlas_free_transition__split0__seed5__59c44f267ee1,59c44f267ee1,0e672c999c335af7,atlas_het,node_classification,graphatlas_free_transition,graphatlas_free_transition,5,0,1,outputs\.work\runs\atlas_het\graphatlas_free_transition\split-0\seed-5\config-59c44f26,outputs\.work\runs\atlas_het\graphatlas_free_transition\split-0\seed-5\config-59c44f26\job_config.yaml
atlas_het__node_classification__graphatlas_free_transition__split0__seed6__7ba4621feaf0,7ba4621feaf0,0e672c999c335af7,atlas_het,node_classification,graphatlas_free_transition,graphatlas_free_transition,6,0,1,outputs\.work\runs\atlas_het\graphatlas_free_transition\split-0\seed-6\config-7ba4621f,outputs\.work\runs\atlas_het\graphatlas_free_transition\split-0\seed-6\config-7ba4621f\job_config.yaml
atlas_het__node_classification__graphatlas_free_transition__split0__seed7__2e7e5ffe0181,2e7e5ffe0181,0e672c999c335af7,atlas_het,node_classification,graphatlas_free_transition,graphatlas_free_transition,7,0,1,outputs\.work\runs\atlas_het\graphatlas_free_transition\split-0\seed-7\config-2e7e5ffe,outputs\.work\runs\atlas_het\graphatlas_free_transition\split-0\seed-7\config-2e7e5ffe\job_config.yaml
atlas_het__node_classification__graphatlas_free_transition__split0__seed8__e082c27d6a2a,e082c27d6a2a,0e672c999c335af7,atlas_het,node_classification,graphatlas_free_transition,graphatlas_free_transition,8,0,1,outputs\.work\runs\atlas_het\graphatlas_free_transition\split-0\seed-8\config-e082c27d,outputs\.work\runs\atlas_het\graphatlas_free_transition\split-0\seed-8\config-e082c27d\job_config.yaml
atlas_het__node_classification__graphatlas_free_transition__split0__seed9__808ed15d26ec,808ed15d26ec,0e672c999c335af7,atlas_het,node_classification,graphatlas_free_transition,graphatlas_free_transition,9,0,1,outputs\.work\runs\atlas_het\graphatlas_free_transition\split-0\seed-9\config-808ed15d,outputs\.work\runs\atlas_het\graphatlas_free_transition\split-0\seed-9\config-808ed15d\job_config.yaml
atlas_het__node_classification__graphatlas_no_transport__split0__seed0__312b1062ddc7,312b1062ddc7,0e672c999c335af7,atlas_het,node_classification,graphatlas_no_transport,graphatlas_no_transport,0,0,1,outputs\.work\runs\atlas_het\graphatlas_no_transport\split-0\seed-0\config-312b1062,outputs\.work\runs\atlas_het\graphatlas_no_transport\split-0\seed-0\config-312b1062\job_config.yaml
atlas_het__node_classification__graphatlas_no_transport__split0__seed1__1602b03ea77c,1602b03ea77c,0e672c999c335af7,atlas_het,node_classification,graphatlas_no_transport,graphatlas_no_transport,1,0,1,outputs\.work\runs\atlas_het\graphatlas_no_transport\split-0\seed-1\config-1602b03e,outputs\.work\runs\atlas_het\graphatlas_no_transport\split-0\seed-1\config-1602b03e\job_config.yaml
atlas_het__node_classification__graphatlas_no_transport__split0__seed2__3076a93e490d,3076a93e490d,0e672c999c335af7,atlas_het,node_classification,graphatlas_no_transport,graphatlas_no_transport,2,0,1,outputs\.work\runs\atlas_het\graphatlas_no_transport\split-0\seed-2\config-3076a93e,outputs\.work\runs\atlas_het\graphatlas_no_transport\split-0\seed-2\config-3076a93e\job_config.yaml
atlas_het__node_classification__graphatlas_no_transport__split0__seed3__1088eda18cd0,1088eda18cd0,0e672c999c335af7,atlas_het,node_classification,graphatlas_no_transport,graphatlas_no_transport,3,0,1,outputs\.work\runs\atlas_het\graphatlas_no_transport\split-0\seed-3\config-1088eda1,outputs\.work\runs\atlas_het\graphatlas_no_transport\split-0\seed-3\config-1088eda1\job_config.yaml
atlas_het__node_classification__graphatlas_no_transport__split0__seed4__6810ee368ddf,6810ee368ddf,0e672c999c335af7,atlas_het,node_classification,graphatlas_no_transport,graphatlas_no_transport,4,0,1,outputs\.work\runs\atlas_het\graphatlas_no_transport\split-0\seed-4\config-6810ee36,outputs\.work\runs\atlas_het\graphatlas_no_transport\split-0\seed-4\config-6810ee36\job_config.yaml
atlas_het__node_classification__graphatlas_no_transport__split0__seed5__cd5bd2e047f5,cd5bd2e047f5,0e672c999c335af7,atlas_het,node_classification,graphatlas_no_transport,graphatlas_no_transport,5,0,1,outputs\.work\runs\atlas_het\graphatlas_no_transport\split-0\seed-5\config-cd5bd2e0,outputs\.work\runs\atlas_het\graphatlas_no_transport\split-0\seed-5\config-cd5bd2e0\job_config.yaml
atlas_het__node_classification__graphatlas_no_transport__split0__seed6__65f47b01be59,65f47b01be59,0e672c999c335af7,atlas_het,node_classification,graphatlas_no_transport,graphatlas_no_transport,6,0,1,outputs\.work\runs\atlas_het\graphatlas_no_transport\split-0\seed-6\config-65f47b01,outputs\.work\runs\atlas_het\graphatlas_no_transport\split-0\seed-6\config-65f47b01\job_config.yaml
atlas_het__node_classification__graphatlas_no_transport__split0__seed7__18a63fa576f5,18a63fa576f5,0e672c999c335af7,atlas_het,node_classification,graphatlas_no_transport,graphatlas_no_transport,7,0,1,outputs\.work\runs\atlas_het\graphatlas_no_transport\split-0\seed-7\config-18a63fa5,outputs\.work\runs\atlas_het\graphatlas_no_transport\split-0\seed-7\config-18a63fa5\job_config.yaml
atlas_het__node_classification__graphatlas_no_transport__split0__seed8__7b6fd3618fce,7b6fd3618fce,0e672c999c335af7,atlas_het,node_classification,graphatlas_no_transport,graphatlas_no_transport,8,0,1,outputs\.work\runs\atlas_het\graphatlas_no_transport\split-0\seed-8\config-7b6fd361,outputs\.work\runs\atlas_het\graphatlas_no_transport\split-0\seed-8\config-7b6fd361\job_config.yaml
atlas_het__node_classification__graphatlas_no_transport__split0__seed9__5e731f69bd6f,5e731f69bd6f,0e672c999c335af7,atlas_het,node_classification,graphatlas_no_transport,graphatlas_no_transport,9,0,1,outputs\.work\runs\atlas_het\graphatlas_no_transport\split-0\seed-9\config-5e731f69,outputs\.work\runs\atlas_het\graphatlas_no_transport\split-0\seed-9\config-5e731f69\job_config.yaml
atlas_het__node_classification__graphatlas_c_oracle__split0__seed0__821d19f21c8b,821d19f21c8b,0e672c999c335af7,atlas_het,node_classification,graphatlas_c_oracle,graphatlas_certified,0,0,1,outputs\.work\runs\atlas_het\graphatlas_c_oracle\split-0\seed-0\config-821d19f2,outputs\.work\runs\atlas_het\graphatlas_c_oracle\split-0\seed-0\config-821d19f2\job_config.yaml
atlas_het__node_classification__graphatlas_c_oracle__split0__seed1__00d1bd4258ba,00d1bd4258ba,0e672c999c335af7,atlas_het,node_classification,graphatlas_c_oracle,graphatlas_certified,1,0,1,outputs\.work\runs\atlas_het\graphatlas_c_oracle\split-0\seed-1\config-00d1bd42,outputs\.work\runs\atlas_het\graphatlas_c_oracle\split-0\seed-1\config-00d1bd42\job_config.yaml
atlas_het__node_classification__graphatlas_c_oracle__split0__seed2__133b02643004,133b02643004,0e672c999c335af7,atlas_het,node_classification,graphatlas_c_oracle,graphatlas_certified,2,0,1,outputs\.work\runs\atlas_het\graphatlas_c_oracle\split-0\seed-2\config-133b0264,outputs\.work\runs\atlas_het\graphatlas_c_oracle\split-0\seed-2\config-133b0264\job_config.yaml
atlas_het__node_classification__graphatlas_c_oracle__split0__seed3__9742d791807d,9742d791807d,0e672c999c335af7,atlas_het,node_classification,graphatlas_c_oracle,graphatlas_certified,3,0,1,outputs\.work\runs\atlas_het\graphatlas_c_oracle\split-0\seed-3\config-9742d791,outputs\.work\runs\atlas_het\graphatlas_c_oracle\split-0\seed-3\config-9742d791\job_config.yaml
atlas_het__node_classification__graphatlas_c_oracle__split0__seed4__a997952be9ec,a997952be9ec,0e672c999c335af7,atlas_het,node_classification,graphatlas_c_oracle,graphatlas_certified,4,0,1,outputs\.work\runs\atlas_het\graphatlas_c_oracle\split-0\seed-4\config-a997952b,outputs\.work\runs\atlas_het\graphatlas_c_oracle\split-0\seed-4\config-a997952b\job_config.yaml
atlas_het__node_classification__graphatlas_c_oracle__split0__seed5__f59a9b549c4b,f59a9b549c4b,0e672c999c335af7,atlas_het,node_classification,graphatlas_c_oracle,graphatlas_certified,5,0,1,outputs\.work\runs\atlas_het\graphatlas_c_oracle\split-0\seed-5\config-f59a9b54,outputs\.work\runs\atlas_het\graphatlas_c_oracle\split-0\seed-5\config-f59a9b54\job_config.yaml
atlas_het__node_classification__graphatlas_c_oracle__split0__seed6__fd9d2b4baf4a,fd9d2b4baf4a,0e672c999c335af7,atlas_het,node_classification,graphatlas_c_oracle,graphatlas_certified,6,0,1,outputs\.work\runs\atlas_het\graphatlas_c_oracle\split-0\seed-6\config-fd9d2b4b,outputs\.work\runs\atlas_het\graphatlas_c_oracle\split-0\seed-6\config-fd9d2b4b\job_config.yaml
atlas_het__node_classification__graphatlas_c_oracle__split0__seed7__fe1aa2e1a1f0,fe1aa2e1a1f0,0e672c999c335af7,atlas_het,node_classification,graphatlas_c_oracle,graphatlas_certified,7,0,1,outputs\.work\runs\atlas_het\graphatlas_c_oracle\split-0\seed-7\config-fe1aa2e1,outputs\.work\runs\atlas_het\graphatlas_c_oracle\split-0\seed-7\config-fe1aa2e1\job_config.yaml
atlas_het__node_classification__graphatlas_c_oracle__split0__seed8__e8fd98084979,e8fd98084979,0e672c999c335af7,atlas_het,node_classification,graphatlas_c_oracle,graphatlas_certified,8,0,1,outputs\.work\runs\atlas_het\graphatlas_c_oracle\split-0\seed-8\config-e8fd9808,outputs\.work\runs\atlas_het\graphatlas_c_oracle\split-0\seed-8\config-e8fd9808\job_config.yaml
atlas_het__node_classification__graphatlas_c_oracle__split0__seed9__91205a1c2fbf,91205a1c2fbf,0e672c999c335af7,atlas_het,node_classification,graphatlas_c_oracle,graphatlas_certified,9,0,1,outputs\.work\runs\atlas_het\graphatlas_c_oracle\split-0\seed-9\config-91205a1c,outputs\.work\runs\atlas_het\graphatlas_c_oracle\split-0\seed-9\config-91205a1c\job_config.yaml
atlas_het__node_classification__graphatlas_c__split0__seed0__eb41f7678919,eb41f7678919,0e672c999c335af7,atlas_het,node_classification,graphatlas_c,graphatlas_certified,0,0,1,outputs\.work\runs\atlas_het\graphatlas_c\split-0\seed-0\config-eb41f767,outputs\.work\runs\atlas_het\graphatlas_c\split-0\seed-0\config-eb41f767\job_config.yaml
atlas_het__node_classification__graphatlas_c__split0__seed1__5bf7059dea51,5bf7059dea51,0e672c999c335af7,atlas_het,node_classification,graphatlas_c,graphatlas_certified,1,0,1,outputs\.work\runs\atlas_het\graphatlas_c\split-0\seed-1\config-5bf7059d,outputs\.work\runs\atlas_het\graphatlas_c\split-0\seed-1\config-5bf7059d\job_config.yaml
atlas_het__node_classification__graphatlas_c__split0__seed2__055589ccd13a,055589ccd13a,0e672c999c335af7,atlas_het,node_classification,graphatlas_c,graphatlas_certified,2,0,1,outputs\.work\runs\atlas_het\graphatlas_c\split-0\seed-2\config-055589cc,outputs\.work\runs\atlas_het\graphatlas_c\split-0\seed-2\config-055589cc\job_config.yaml
atlas_het__node_classification__graphatlas_c__split0__seed3__27ef3071906d,27ef3071906d,0e672c999c335af7,atlas_het,node_classification,graphatlas_c,graphatlas_certified,3,0,1,outputs\.work\runs\atlas_het\graphatlas_c\split-0\seed-3\config-27ef3071,outputs\.work\runs\atlas_het\graphatlas_c\split-0\seed-3\config-27ef3071\job_config.yaml
atlas_het__node_classification__graphatlas_c__split0__seed4__8877eb20e9bc,8877eb20e9bc,0e672c999c335af7,atlas_het,node_classification,graphatlas_c,graphatlas_certified,4,0,1,outputs\.work\runs\atlas_het\graphatlas_c\split-0\seed-4\config-8877eb20,outputs\.work\runs\atlas_het\graphatlas_c\split-0\seed-4\config-8877eb20\job_config.yaml
atlas_het__node_classification__graphatlas_c__split0__seed5__faf0725d81fa,faf0725d81fa,0e672c999c335af7,atlas_het,node_classification,graphatlas_c,graphatlas_certified,5,0,1,outputs\.work\runs\atlas_het\graphatlas_c\split-0\seed-5\config-faf0725d,outputs\.work\runs\atlas_het\graphatlas_c\split-0\seed-5\config-faf0725d\job_config.yaml
atlas_het__node_classification__graphatlas_c__split0__seed6__e0a54e541e29,e0a54e541e29,0e672c999c335af7,atlas_het,node_classification,graphatlas_c,graphatlas_certified,6,0,1,outputs\.work\runs\atlas_het\graphatlas_c\split-0\seed-6\config-e0a54e54,outputs\.work\runs\atlas_het\graphatlas_c\split-0\seed-6\config-e0a54e54\job_config.yaml
atlas_het__node_classification__graphatlas_c__split0__seed7__bdc6d0cd299f,bdc6d0cd299f,0e672c999c335af7,atlas_het,node_classification,graphatlas_c,graphatlas_certified,7,0,1,outputs\.work\runs\atlas_het\graphatlas_c\split-0\seed-7\config-bdc6d0cd,outputs\.work\runs\atlas_het\graphatlas_c\split-0\seed-7\config-bdc6d0cd\job_config.yaml
atlas_het__node_classification__graphatlas_c__split0__seed8__6eff1aaf95c7,6eff1aaf95c7,0e672c999c335af7,atlas_het,node_classification,graphatlas_c,graphatlas_certified,8,0,1,outputs\.work\runs\atlas_het\graphatlas_c\split-0\seed-8\config-6eff1aaf,outputs\.work\runs\atlas_het\graphatlas_c\split-0\seed-8\config-6eff1aaf\job_config.yaml
atlas_het__node_classification__graphatlas_c__split0__seed9__4c9e59d3db01,4c9e59d3db01,0e672c999c335af7,atlas_het,node_classification,graphatlas_c,graphatlas_certified,9,0,1,outputs\.work\runs\atlas_het\graphatlas_c\split-0\seed-9\config-4c9e59d3,outputs\.work\runs\atlas_het\graphatlas_c\split-0\seed-9\config-4c9e59d3\job_config.yaml
atlas_het__node_classification__graphatlas_original__split0__seed0__ba6985d51135,ba6985d51135,0e672c999c335af7,atlas_het,node_classification,graphatlas_original,graphatlas,0,0,1,outputs\.work\runs\atlas_het\graphatlas_original\split-0\seed-0\config-ba6985d5,outputs\.work\runs\atlas_het\graphatlas_original\split-0\seed-0\config-ba6985d5\job_config.yaml
atlas_het__node_classification__graphatlas_original__split0__seed1__603c382020b9,603c382020b9,0e672c999c335af7,atlas_het,node_classification,graphatlas_original,graphatlas,1,0,1,outputs\.work\runs\atlas_het\graphatlas_original\split-0\seed-1\config-603c3820,outputs\.work\runs\atlas_het\graphatlas_original\split-0\seed-1\config-603c3820\job_config.yaml
atlas_het__node_classification__graphatlas_original__split0__seed2__aa1ecacbb715,aa1ecacbb715,0e672c999c335af7,atlas_het,node_classification,graphatlas_original,graphatlas,2,0,1,outputs\.work\runs\atlas_het\graphatlas_original\split-0\seed-2\config-aa1ecacb,outputs\.work\runs\atlas_het\graphatlas_original\split-0\seed-2\config-aa1ecacb\job_config.yaml
atlas_het__node_classification__graphatlas_original__split0__seed3__183502a554c2,183502a554c2,0e672c999c335af7,atlas_het,node_classification,graphatlas_original,graphatlas,3,0,1,outputs\.work\runs\atlas_het\graphatlas_original\split-0\seed-3\config-183502a5,outputs\.work\runs\atlas_het\graphatlas_original\split-0\seed-3\config-183502a5\job_config.yaml
atlas_het__node_classification__graphatlas_original__split0__seed4__3a490bc3b2da,3a490bc3b2da,0e672c999c335af7,atlas_het,node_classification,graphatlas_original,graphatlas,4,0,1,outputs\.work\runs\atlas_het\graphatlas_original\split-0\seed-4\config-3a490bc3,outputs\.work\runs\atlas_het\graphatlas_original\split-0\seed-4\config-3a490bc3\job_config.yaml
atlas_het__node_classification__graphatlas_original__split0__seed5__91b0331a8c29,91b0331a8c29,0e672c999c335af7,atlas_het,node_classification,graphatlas_original,graphatlas,5,0,1,outputs\.work\runs\atlas_het\graphatlas_original\split-0\seed-5\config-91b0331a,outputs\.work\runs\atlas_het\graphatlas_original\split-0\seed-5\config-91b0331a\job_config.yaml
atlas_het__node_classification__graphatlas_original__split0__seed6__79b79201d030,79b79201d030,0e672c999c335af7,atlas_het,node_classification,graphatlas_original,graphatlas,6,0,1,outputs\.work\runs\atlas_het\graphatlas_original\split-0\seed-6\config-79b79201,outputs\.work\runs\atlas_het\graphatlas_original\split-0\seed-6\config-79b79201\job_config.yaml
atlas_het__node_classification__graphatlas_original__split0__seed7__7b1347ce9649,7b1347ce9649,0e672c999c335af7,atlas_het,node_classification,graphatlas_original,graphatlas,7,0,1,outputs\.work\runs\atlas_het\graphatlas_original\split-0\seed-7\config-7b1347ce,outputs\.work\runs\atlas_het\graphatlas_original\split-0\seed-7\config-7b1347ce\job_config.yaml
atlas_het__node_classification__graphatlas_original__split0__seed8__8500ef91f43e,8500ef91f43e,0e672c999c335af7,atlas_het,node_classification,graphatlas_original,graphatlas,8,0,1,outputs\.work\runs\atlas_het\graphatlas_original\split-0\seed-8\config-8500ef91,outputs\.work\runs\atlas_het\graphatlas_original\split-0\seed-8\config-8500ef91\job_config.yaml
atlas_het__node_classification__graphatlas_original__split0__seed9__dbd6b443d0d5,dbd6b443d0d5,0e672c999c335af7,atlas_het,node_classification,graphatlas_original,graphatlas,9,0,1,outputs\.work\runs\atlas_het\graphatlas_original\split-0\seed-9\config-dbd6b443,outputs\.work\runs\atlas_het\graphatlas_original\split-0\seed-9\config-dbd6b443\job_config.yaml
atlas_het__node_classification__graphatlas_free_transition__split0__seed0__292504c6d350,292504c6d350,0e672c999c335af7,atlas_het,node_classification,graphatlas_free_transition,graphatlas_free_transition,0,0,1,outputs\.work\runs\atlas_het\graphatlas_free_transition\split-0\seed-0\config-292504c6,outputs\.work\runs\atlas_het\graphatlas_free_transition\split-0\seed-0\config-292504c6\job_config.yaml
atlas_het__node_classification__graphatlas_free_transition__split0__seed1__f69205a07187,f69205a07187,0e672c999c335af7,atlas_het,node_classification,graphatlas_free_transition,graphatlas_free_transition,1,0,1,outputs\.work\runs\atlas_het\graphatlas_free_transition\split-0\seed-1\config-f69205a0,outputs\.work\runs\atlas_het\graphatlas_free_transition\split-0\seed-1\config-f69205a0\job_config.yaml
atlas_het__node_classification__graphatlas_free_transition__split0__seed2__7595bcd1b04e,7595bcd1b04e,0e672c999c335af7,atlas_het,node_classification,graphatlas_free_transition,graphatlas_free_transition,2,0,1,outputs\.work\runs\atlas_het\graphatlas_free_transition\split-0\seed-2\config-7595bcd1,outputs\.work\runs\atlas_het\graphatlas_free_transition\split-0\seed-2\config-7595bcd1\job_config.yaml
atlas_het__node_classification__graphatlas_free_transition__split0__seed3__fdbb8d636a87,fdbb8d636a87,0e672c999c335af7,atlas_het,node_classification,graphatlas_free_transition,graphatlas_free_transition,3,0,1,outputs\.work\runs\atlas_het\graphatlas_free_transition\split-0\seed-3\config-fdbb8d63,outputs\.work\runs\atlas_het\graphatlas_free_transition\split-0\seed-3\config-fdbb8d63\job_config.yaml
atlas_het__node_classification__graphatlas_free_transition__split0__seed4__0b95e9cf8371,0b95e9cf8371,0e672c999c335af7,atlas_het,node_classification,graphatlas_free_transition,graphatlas_free_transition,4,0,1,outputs\.work\runs\atlas_het\graphatlas_free_transition\split-0\seed-4\config-0b95e9cf,outputs\.work\runs\atlas_het\graphatlas_free_transition\split-0\seed-4\config-0b95e9cf\job_config.yaml
atlas_het__node_classification__graphatlas_free_transition__split0__seed5__ace0248b1f16,ace0248b1f16,0e672c999c335af7,atlas_het,node_classification,graphatlas_free_transition,graphatlas_free_transition,5,0,1,outputs\.work\runs\atlas_het\graphatlas_free_transition\split-0\seed-5\config-ace0248b,outputs\.work\runs\atlas_het\graphatlas_free_transition\split-0\seed-5\config-ace0248b\job_config.yaml
atlas_het__node_classification__graphatlas_free_transition__split0__seed6__a631bc293329,a631bc293329,0e672c999c335af7,atlas_het,node_classification,graphatlas_free_transition,graphatlas_free_transition,6,0,1,outputs\.work\runs\atlas_het\graphatlas_free_transition\split-0\seed-6\config-a631bc29,outputs\.work\runs\atlas_het\graphatlas_free_transition\split-0\seed-6\config-a631bc29\job_config.yaml
atlas_het__node_classification__graphatlas_free_transition__split0__seed7__42453d685575,42453d685575,0e672c999c335af7,atlas_het,node_classification,graphatlas_free_transition,graphatlas_free_transition,7,0,1,outputs\.work\runs\atlas_het\graphatlas_free_transition\split-0\seed-7\config-42453d68,outputs\.work\runs\atlas_het\graphatlas_free_transition\split-0\seed-7\config-42453d68\job_config.yaml
atlas_het__node_classification__graphatlas_free_transition__split0__seed8__82a1e35c170d,82a1e35c170d,0e672c999c335af7,atlas_het,node_classification,graphatlas_free_transition,graphatlas_free_transition,8,0,1,outputs\.work\runs\atlas_het\graphatlas_free_transition\split-0\seed-8\config-82a1e35c,outputs\.work\runs\atlas_het\graphatlas_free_transition\split-0\seed-8\config-82a1e35c\job_config.yaml
atlas_het__node_classification__graphatlas_free_transition__split0__seed9__571e9fa07cce,571e9fa07cce,0e672c999c335af7,atlas_het,node_classification,graphatlas_free_transition,graphatlas_free_transition,9,0,1,outputs\.work\runs\atlas_het\graphatlas_free_transition\split-0\seed-9\config-571e9fa0,outputs\.work\runs\atlas_het\graphatlas_free_transition\split-0\seed-9\config-571e9fa0\job_config.yaml
atlas_het__node_classification__graphatlas_no_transport__split0__seed0__09c02726144d,09c02726144d,0e672c999c335af7,atlas_het,node_classification,graphatlas_no_transport,graphatlas_no_transport,0,0,1,outputs\.work\runs\atlas_het\graphatlas_no_transport\split-0\seed-0\config-09c02726,outputs\.work\runs\atlas_het\graphatlas_no_transport\split-0\seed-0\config-09c02726\job_config.yaml
atlas_het__node_classification__graphatlas_no_transport__split0__seed1__2175390ad4da,2175390ad4da,0e672c999c335af7,atlas_het,node_classification,graphatlas_no_transport,graphatlas_no_transport,1,0,1,outputs\.work\runs\atlas_het\graphatlas_no_transport\split-0\seed-1\config-2175390a,outputs\.work\runs\atlas_het\graphatlas_no_transport\split-0\seed-1\config-2175390a\job_config.yaml
atlas_het__node_classification__graphatlas_no_transport__split0__seed2__a859f7b54128,a859f7b54128,0e672c999c335af7,atlas_het,node_classification,graphatlas_no_transport,graphatlas_no_transport,2,0,1,outputs\.work\runs\atlas_het\graphatlas_no_transport\split-0\seed-2\config-a859f7b5,outputs\.work\runs\atlas_het\graphatlas_no_transport\split-0\seed-2\config-a859f7b5\job_config.yaml
atlas_het__node_classification__graphatlas_no_transport__split0__seed3__5b4703d1439a,5b4703d1439a,0e672c999c335af7,atlas_het,node_classification,graphatlas_no_transport,graphatlas_no_transport,3,0,1,outputs\.work\runs\atlas_het\graphatlas_no_transport\split-0\seed-3\config-5b4703d1,outputs\.work\runs\atlas_het\graphatlas_no_transport\split-0\seed-3\config-5b4703d1\job_config.yaml
atlas_het__node_classification__graphatlas_no_transport__split0__seed4__76ff342bcdd4,76ff342bcdd4,0e672c999c335af7,atlas_het,node_classification,graphatlas_no_transport,graphatlas_no_transport,4,0,1,outputs\.work\runs\atlas_het\graphatlas_no_transport\split-0\seed-4\config-76ff342b,outputs\.work\runs\atlas_het\graphatlas_no_transport\split-0\seed-4\config-76ff342b\job_config.yaml
atlas_het__node_classification__graphatlas_no_transport__split0__seed5__f8245227d0ea,f8245227d0ea,0e672c999c335af7,atlas_het,node_classification,graphatlas_no_transport,graphatlas_no_transport,5,0,1,outputs\.work\runs\atlas_het\graphatlas_no_transport\split-0\seed-5\config-f8245227,outputs\.work\runs\atlas_het\graphatlas_no_transport\split-0\seed-5\config-f8245227\job_config.yaml
atlas_het__node_classification__graphatlas_no_transport__split0__seed6__226062efa823,226062efa823,0e672c999c335af7,atlas_het,node_classification,graphatlas_no_transport,graphatlas_no_transport,6,0,1,outputs\.work\runs\atlas_het\graphatlas_no_transport\split-0\seed-6\config-226062ef,outputs\.work\runs\atlas_het\graphatlas_no_transport\split-0\seed-6\config-226062ef\job_config.yaml
atlas_het__node_classification__graphatlas_no_transport__split0__seed7__f8f026ff08ee,f8f026ff08ee,0e672c999c335af7,atlas_het,node_classification,graphatlas_no_transport,graphatlas_no_transport,7,0,1,outputs\.work\runs\atlas_het\graphatlas_no_transport\split-0\seed-7\config-f8f026ff,outputs\.work\runs\atlas_het\graphatlas_no_transport\split-0\seed-7\config-f8f026ff\job_config.yaml
atlas_het__node_classification__graphatlas_no_transport__split0__seed8__cbb08d8d7276,cbb08d8d7276,0e672c999c335af7,atlas_het,node_classification,graphatlas_no_transport,graphatlas_no_transport,8,0,1,outputs\.work\runs\atlas_het\graphatlas_no_transport\split-0\seed-8\config-cbb08d8d,outputs\.work\runs\atlas_het\graphatlas_no_transport\split-0\seed-8\config-cbb08d8d\job_config.yaml
atlas_het__node_classification__graphatlas_no_transport__split0__seed9__59eb029cde53,59eb029cde53,0e672c999c335af7,atlas_het,node_classification,graphatlas_no_transport,graphatlas_no_transport,9,0,1,outputs\.work\runs\atlas_het\graphatlas_no_transport\split-0\seed-9\config-59eb029c,outputs\.work\runs\atlas_het\graphatlas_no_transport\split-0\seed-9\config-59eb029c\job_config.yaml
atlas_het__node_classification__graphatlas_c_oracle__split0__seed0__3b3ec9ad6491,3b3ec9ad6491,0e672c999c335af7,atlas_het,node_classification,graphatlas_c_oracle,graphatlas_certified,0,0,1,outputs\.work\runs\atlas_het\graphatlas_c_oracle\split-0\seed-0\config-3b3ec9ad,outputs\.work\runs\atlas_het\graphatlas_c_oracle\split-0\seed-0\config-3b3ec9ad\job_config.yaml
atlas_het__node_classification__graphatlas_c_oracle__split0__seed1__7bb11ac35c85,7bb11ac35c85,0e672c999c335af7,atlas_het,node_classification,graphatlas_c_oracle,graphatlas_certified,1,0,1,outputs\.work\runs\atlas_het\graphatlas_c_oracle\split-0\seed-1\config-7bb11ac3,outputs\.work\runs\atlas_het\graphatlas_c_oracle\split-0\seed-1\config-7bb11ac3\job_config.yaml
atlas_het__node_classification__graphatlas_c_oracle__split0__seed2__079a27bd0c31,079a27bd0c31,0e672c999c335af7,atlas_het,node_classification,graphatlas_c_oracle,graphatlas_certified,2,0,1,outputs\.work\runs\atlas_het\graphatlas_c_oracle\split-0\seed-2\config-079a27bd,outputs\.work\runs\atlas_het\graphatlas_c_oracle\split-0\seed-2\config-079a27bd\job_config.yaml
atlas_het__node_classification__graphatlas_c_oracle__split0__seed3__9eb0dfa63bf2,9eb0dfa63bf2,0e672c999c335af7,atlas_het,node_classification,graphatlas_c_oracle,graphatlas_certified,3,0,1,outputs\.work\runs\atlas_het\graphatlas_c_oracle\split-0\seed-3\config-9eb0dfa6,outputs\.work\runs\atlas_het\graphatlas_c_oracle\split-0\seed-3\config-9eb0dfa6\job_config.yaml
atlas_het__node_classification__graphatlas_c_oracle__split0__seed4__b80d1bb9a822,b80d1bb9a822,0e672c999c335af7,atlas_het,node_classification,graphatlas_c_oracle,graphatlas_certified,4,0,1,outputs\.work\runs\atlas_het\graphatlas_c_oracle\split-0\seed-4\config-b80d1bb9,outputs\.work\runs\atlas_het\graphatlas_c_oracle\split-0\seed-4\config-b80d1bb9\job_config.yaml
atlas_het__node_classification__graphatlas_c_oracle__split0__seed5__fef44bcb03a9,fef44bcb03a9,0e672c999c335af7,atlas_het,node_classification,graphatlas_c_oracle,graphatlas_certified,5,0,1,outputs\.work\runs\atlas_het\graphatlas_c_oracle\split-0\seed-5\config-fef44bcb,outputs\.work\runs\atlas_het\graphatlas_c_oracle\split-0\seed-5\config-fef44bcb\job_config.yaml
atlas_het__node_classification__graphatlas_c_oracle__split0__seed6__7c088e89365b,7c088e89365b,0e672c999c335af7,atlas_het,node_classification,graphatlas_c_oracle,graphatlas_certified,6,0,1,outputs\.work\runs\atlas_het\graphatlas_c_oracle\split-0\seed-6\config-7c088e89,outputs\.work\runs\atlas_het\graphatlas_c_oracle\split-0\seed-6\config-7c088e89\job_config.yaml
atlas_het__node_classification__graphatlas_c_oracle__split0__seed7__66065a6dbe77,66065a6dbe77,0e672c999c335af7,atlas_het,node_classification,graphatlas_c_oracle,graphatlas_certified,7,0,1,outputs\.work\runs\atlas_het\graphatlas_c_oracle\split-0\seed-7\config-66065a6d,outputs\.work\runs\atlas_het\graphatlas_c_oracle\split-0\seed-7\config-66065a6d\job_config.yaml
atlas_het__node_classification__graphatlas_c_oracle__split0__seed8__70abc6d20f90,70abc6d20f90,0e672c999c335af7,atlas_het,node_classification,graphatlas_c_oracle,graphatlas_certified,8,0,1,outputs\.work\runs\atlas_het\graphatlas_c_oracle\split-0\seed-8\config-70abc6d2,outputs\.work\runs\atlas_het\graphatlas_c_oracle\split-0\seed-8\config-70abc6d2\job_config.yaml
atlas_het__node_classification__graphatlas_c_oracle__split0__seed9__419a9dd0ca20,419a9dd0ca20,0e672c999c335af7,atlas_het,node_classification,graphatlas_c_oracle,graphatlas_certified,9,0,1,outputs\.work\runs\atlas_het\graphatlas_c_oracle\split-0\seed-9\config-419a9dd0,outputs\.work\runs\atlas_het\graphatlas_c_oracle\split-0\seed-9\config-419a9dd0\job_config.yaml
atlas_het__node_classification__graphatlas_c__split0__seed0__94e22c894254,94e22c894254,0e672c999c335af7,atlas_het,node_classification,graphatlas_c,graphatlas_certified,0,0,1,outputs\.work\runs\atlas_het\graphatlas_c\split-0\seed-0\config-94e22c89,outputs\.work\runs\atlas_het\graphatlas_c\split-0\seed-0\config-94e22c89\job_config.yaml
atlas_het__node_classification__graphatlas_c__split0__seed1__49667c18f9fb,49667c18f9fb,0e672c999c335af7,atlas_het,node_classification,graphatlas_c,graphatlas_certified,1,0,1,outputs\.work\runs\atlas_het\graphatlas_c\split-0\seed-1\config-49667c18,outputs\.work\runs\atlas_het\graphatlas_c\split-0\seed-1\config-49667c18\job_config.yaml
atlas_het__node_classification__graphatlas_c__split0__seed2__8327552f43c0,8327552f43c0,0e672c999c335af7,atlas_het,node_classification,graphatlas_c,graphatlas_certified,2,0,1,outputs\.work\runs\atlas_het\graphatlas_c\split-0\seed-2\config-8327552f,outputs\.work\runs\atlas_het\graphatlas_c\split-0\seed-2\config-8327552f\job_config.yaml
atlas_het__node_classification__graphatlas_c__split0__seed3__fd3ee63ab05a,fd3ee63ab05a,0e672c999c335af7,atlas_het,node_classification,graphatlas_c,graphatlas_certified,3,0,1,outputs\.work\runs\atlas_het\graphatlas_c\split-0\seed-3\config-fd3ee63a,outputs\.work\runs\atlas_het\graphatlas_c\split-0\seed-3\config-fd3ee63a\job_config.yaml
atlas_het__node_classification__graphatlas_c__split0__seed4__e4cd335731d9,e4cd335731d9,0e672c999c335af7,atlas_het,node_classification,graphatlas_c,graphatlas_certified,4,0,1,outputs\.work\runs\atlas_het\graphatlas_c\split-0\seed-4\config-e4cd3357,outputs\.work\runs\atlas_het\graphatlas_c\split-0\seed-4\config-e4cd3357\job_config.yaml
atlas_het__node_classification__graphatlas_c__split0__seed5__8b9f6f7ff6f6,8b9f6f7ff6f6,0e672c999c335af7,atlas_het,node_classification,graphatlas_c,graphatlas_certified,5,0,1,outputs\.work\runs\atlas_het\graphatlas_c\split-0\seed-5\config-8b9f6f7f,outputs\.work\runs\atlas_het\graphatlas_c\split-0\seed-5\config-8b9f6f7f\job_config.yaml
atlas_het__node_classification__graphatlas_c__split0__seed6__a46176c6b259,a46176c6b259,0e672c999c335af7,atlas_het,node_classification,graphatlas_c,graphatlas_certified,6,0,1,outputs\.work\runs\atlas_het\graphatlas_c\split-0\seed-6\config-a46176c6,outputs\.work\runs\atlas_het\graphatlas_c\split-0\seed-6\config-a46176c6\job_config.yaml
atlas_het__node_classification__graphatlas_c__split0__seed7__dbbba6b3ffe6,dbbba6b3ffe6,0e672c999c335af7,atlas_het,node_classification,graphatlas_c,graphatlas_certified,7,0,1,outputs\.work\runs\atlas_het\graphatlas_c\split-0\seed-7\config-dbbba6b3,outputs\.work\runs\atlas_het\graphatlas_c\split-0\seed-7\config-dbbba6b3\job_config.yaml
atlas_het__node_classification__graphatlas_c__split0__seed8__afc1d38731ea,afc1d38731ea,0e672c999c335af7,atlas_het,node_classification,graphatlas_c,graphatlas_certified,8,0,1,outputs\.work\runs\atlas_het\graphatlas_c\split-0\seed-8\config-afc1d387,outputs\.work\runs\atlas_het\graphatlas_c\split-0\seed-8\config-afc1d387\job_config.yaml
atlas_het__node_classification__graphatlas_c__split0__seed9__dab37a41642e,dab37a41642e,0e672c999c335af7,atlas_het,node_classification,graphatlas_c,graphatlas_certified,9,0,1,outputs\.work\runs\atlas_het\graphatlas_c\split-0\seed-9\config-dab37a41,outputs\.work\runs\atlas_het\graphatlas_c\split-0\seed-9\config-dab37a41\job_config.yaml
atlas_het__node_classification__graphatlas_original__split0__seed0__68e8085f031b,68e8085f031b,0e672c999c335af7,atlas_het,node_classification,graphatlas_original,graphatlas,0,0,1,outputs\.work\runs\atlas_het\graphatlas_original\split-0\seed-0\config-68e8085f,outputs\.work\runs\atlas_het\graphatlas_original\split-0\seed-0\config-68e8085f\job_config.yaml
atlas_het__node_classification__graphatlas_original__split0__seed1__21497686a163,21497686a163,0e672c999c335af7,atlas_het,node_classification,graphatlas_original,graphatlas,1,0,1,outputs\.work\runs\atlas_het\graphatlas_original\split-0\seed-1\config-21497686,outputs\.work\runs\atlas_het\graphatlas_original\split-0\seed-1\config-21497686\job_config.yaml
atlas_het__node_classification__graphatlas_original__split0__seed2__f737d7a7819e,f737d7a7819e,0e672c999c335af7,atlas_het,node_classification,graphatlas_original,graphatlas,2,0,1,outputs\.work\runs\atlas_het\graphatlas_original\split-0\seed-2\config-f737d7a7,outputs\.work\runs\atlas_het\graphatlas_original\split-0\seed-2\config-f737d7a7\job_config.yaml
atlas_het__node_classification__graphatlas_original__split0__seed3__b30428d572be,b30428d572be,0e672c999c335af7,atlas_het,node_classification,graphatlas_original,graphatlas,3,0,1,outputs\.work\runs\atlas_het\graphatlas_original\split-0\seed-3\config-b30428d5,outputs\.work\runs\atlas_het\graphatlas_original\split-0\seed-3\config-b30428d5\job_config.yaml
atlas_het__node_classification__graphatlas_original__split0__seed4__f415c1eee54b,f415c1eee54b,0e672c999c335af7,atlas_het,node_classification,graphatlas_original,graphatlas,4,0,1,outputs\.work\runs\atlas_het\graphatlas_original\split-0\seed-4\config-f415c1ee,outputs\.work\runs\atlas_het\graphatlas_original\split-0\seed-4\config-f415c1ee\job_config.yaml
atlas_het__node_classification__graphatlas_original__split0__seed5__ec6acc8fa7a4,ec6acc8fa7a4,0e672c999c335af7,atlas_het,node_classification,graphatlas_original,graphatlas,5,0,1,outputs\.work\runs\atlas_het\graphatlas_original\split-0\seed-5\config-ec6acc8f,outputs\.work\runs\atlas_het\graphatlas_original\split-0\seed-5\config-ec6acc8f\job_config.yaml
atlas_het__node_classification__graphatlas_original__split0__seed6__1c03ae02a96c,1c03ae02a96c,0e672c999c335af7,atlas_het,node_classification,graphatlas_original,graphatlas,6,0,1,outputs\.work\runs\atlas_het\graphatlas_original\split-0\seed-6\config-1c03ae02,outputs\.work\runs\atlas_het\graphatlas_original\split-0\seed-6\config-1c03ae02\job_config.yaml
atlas_het__node_classification__graphatlas_original__split0__seed7__ef5e92741af2,ef5e92741af2,0e672c999c335af7,atlas_het,node_classification,graphatlas_original,graphatlas,7,0,1,outputs\.work\runs\atlas_het\graphatlas_original\split-0\seed-7\config-ef5e9274,outputs\.work\runs\atlas_het\graphatlas_original\split-0\seed-7\config-ef5e9274\job_config.yaml
atlas_het__node_classification__graphatlas_original__split0__seed8__c986db7577d0,c986db7577d0,0e672c999c335af7,atlas_het,node_classification,graphatlas_original,graphatlas,8,0,1,outputs\.work\runs\atlas_het\graphatlas_original\split-0\seed-8\config-c986db75,outputs\.work\runs\atlas_het\graphatlas_original\split-0\seed-8\config-c986db75\job_config.yaml
atlas_het__node_classification__graphatlas_original__split0__seed9__257593ff3cb2,257593ff3cb2,0e672c999c335af7,atlas_het,node_classification,graphatlas_original,graphatlas,9,0,1,outputs\.work\runs\atlas_het\graphatlas_original\split-0\seed-9\config-257593ff,outputs\.work\runs\atlas_het\graphatlas_original\split-0\seed-9\config-257593ff\job_config.yaml
atlas_het__node_classification__graphatlas_free_transition__split0__seed0__4da273a4eae7,4da273a4eae7,0e672c999c335af7,atlas_het,node_classification,graphatlas_free_transition,graphatlas_free_transition,0,0,1,outputs\.work\runs\atlas_het\graphatlas_free_transition\split-0\seed-0\config-4da273a4,outputs\.work\runs\atlas_het\graphatlas_free_transition\split-0\seed-0\config-4da273a4\job_config.yaml
atlas_het__node_classification__graphatlas_free_transition__split0__seed1__a787a4c0a0aa,a787a4c0a0aa,0e672c999c335af7,atlas_het,node_classification,graphatlas_free_transition,graphatlas_free_transition,1,0,1,outputs\.work\runs\atlas_het\graphatlas_free_transition\split-0\seed-1\config-a787a4c0,outputs\.work\runs\atlas_het\graphatlas_free_transition\split-0\seed-1\config-a787a4c0\job_config.yaml
atlas_het__node_classification__graphatlas_free_transition__split0__seed2__357db27cff79,357db27cff79,0e672c999c335af7,atlas_het,node_classification,graphatlas_free_transition,graphatlas_free_transition,2,0,1,outputs\.work\runs\atlas_het\graphatlas_free_transition\split-0\seed-2\config-357db27c,outputs\.work\runs\atlas_het\graphatlas_free_transition\split-0\seed-2\config-357db27c\job_config.yaml
atlas_het__node_classification__graphatlas_free_transition__split0__seed3__2824ef33b0fc,2824ef33b0fc,0e672c999c335af7,atlas_het,node_classification,graphatlas_free_transition,graphatlas_free_transition,3,0,1,outputs\.work\runs\atlas_het\graphatlas_free_transition\split-0\seed-3\config-2824ef33,outputs\.work\runs\atlas_het\graphatlas_free_transition\split-0\seed-3\config-2824ef33\job_config.yaml
atlas_het__node_classification__graphatlas_free_transition__split0__seed4__f72658f943a3,f72658f943a3,0e672c999c335af7,atlas_het,node_classification,graphatlas_free_transition,graphatlas_free_transition,4,0,1,outputs\.work\runs\atlas_het\graphatlas_free_transition\split-0\seed-4\config-f72658f9,outputs\.work\runs\atlas_het\graphatlas_free_transition\split-0\seed-4\config-f72658f9\job_config.yaml
atlas_het__node_classification__graphatlas_free_transition__split0__seed5__4f1341f5b337,4f1341f5b337,0e672c999c335af7,atlas_het,node_classification,graphatlas_free_transition,graphatlas_free_transition,5,0,1,outputs\.work\runs\atlas_het\graphatlas_free_transition\split-0\seed-5\config-4f1341f5,outputs\.work\runs\atlas_het\graphatlas_free_transition\split-0\seed-5\config-4f1341f5\job_config.yaml
atlas_het__node_classification__graphatlas_free_transition__split0__seed6__e459e6f550a5,e459e6f550a5,0e672c999c335af7,atlas_het,node_classification,graphatlas_free_transition,graphatlas_free_transition,6,0,1,outputs\.work\runs\atlas_het\graphatlas_free_transition\split-0\seed-6\config-e459e6f5,outputs\.work\runs\atlas_het\graphatlas_free_transition\split-0\seed-6\config-e459e6f5\job_config.yaml
atlas_het__node_classification__graphatlas_free_transition__split0__seed7__f0acd6149dd8,f0acd6149dd8,0e672c999c335af7,atlas_het,node_classification,graphatlas_free_transition,graphatlas_free_transition,7,0,1,outputs\.work\runs\atlas_het\graphatlas_free_transition\split-0\seed-7\config-f0acd614,outputs\.work\runs\atlas_het\graphatlas_free_transition\split-0\seed-7\config-f0acd614\job_config.yaml
atlas_het__node_classification__graphatlas_free_transition__split0__seed8__42cfc4684a7f,42cfc4684a7f,0e672c999c335af7,atlas_het,node_classification,graphatlas_free_transition,graphatlas_free_transition,8,0,1,outputs\.work\runs\atlas_het\graphatlas_free_transition\split-0\seed-8\config-42cfc468,outputs\.work\runs\atlas_het\graphatlas_free_transition\split-0\seed-8\config-42cfc468\job_config.yaml
atlas_het__node_classification__graphatlas_free_transition__split0__seed9__088c44196af7,088c44196af7,0e672c999c335af7,atlas_het,node_classification,graphatlas_free_transition,graphatlas_free_transition,9,0,1,outputs\.work\runs\atlas_het\graphatlas_free_transition\split-0\seed-9\config-088c4419,outputs\.work\runs\atlas_het\graphatlas_free_transition\split-0\seed-9\config-088c4419\job_config.yaml
atlas_het__node_classification__graphatlas_no_transport__split0__seed0__6a0d580624ac,6a0d580624ac,0e672c999c335af7,atlas_het,node_classification,graphatlas_no_transport,graphatlas_no_transport,0,0,1,outputs\.work\runs\atlas_het\graphatlas_no_transport\split-0\seed-0\config-6a0d5806,outputs\.work\runs\atlas_het\graphatlas_no_transport\split-0\seed-0\config-6a0d5806\job_config.yaml
atlas_het__node_classification__graphatlas_no_transport__split0__seed1__0de95e5fff6b,0de95e5fff6b,0e672c999c335af7,atlas_het,node_classification,graphatlas_no_transport,graphatlas_no_transport,1,0,1,outputs\.work\runs\atlas_het\graphatlas_no_transport\split-0\seed-1\config-0de95e5f,outputs\.work\runs\atlas_het\graphatlas_no_transport\split-0\seed-1\config-0de95e5f\job_config.yaml
atlas_het__node_classification__graphatlas_no_transport__split0__seed2__76d59d6270af,76d59d6270af,0e672c999c335af7,atlas_het,node_classification,graphatlas_no_transport,graphatlas_no_transport,2,0,1,outputs\.work\runs\atlas_het\graphatlas_no_transport\split-0\seed-2\config-76d59d62,outputs\.work\runs\atlas_het\graphatlas_no_transport\split-0\seed-2\config-76d59d62\job_config.yaml
atlas_het__node_classification__graphatlas_no_transport__split0__seed3__893ef997bf82,893ef997bf82,0e672c999c335af7,atlas_het,node_classification,graphatlas_no_transport,graphatlas_no_transport,3,0,1,outputs\.work\runs\atlas_het\graphatlas_no_transport\split-0\seed-3\config-893ef997,outputs\.work\runs\atlas_het\graphatlas_no_transport\split-0\seed-3\config-893ef997\job_config.yaml
atlas_het__node_classification__graphatlas_no_transport__split0__seed4__a666fa06e0be,a666fa06e0be,0e672c999c335af7,atlas_het,node_classification,graphatlas_no_transport,graphatlas_no_transport,4,0,1,outputs\.work\runs\atlas_het\graphatlas_no_transport\split-0\seed-4\config-a666fa06,outputs\.work\runs\atlas_het\graphatlas_no_transport\split-0\seed-4\config-a666fa06\job_config.yaml
atlas_het__node_classification__graphatlas_no_transport__split0__seed5__f075d6fce352,f075d6fce352,0e672c999c335af7,atlas_het,node_classification,graphatlas_no_transport,graphatlas_no_transport,5,0,1,outputs\.work\runs\atlas_het\graphatlas_no_transport\split-0\seed-5\config-f075d6fc,outputs\.work\runs\atlas_het\graphatlas_no_transport\split-0\seed-5\config-f075d6fc\job_config.yaml
atlas_het__node_classification__graphatlas_no_transport__split0__seed6__7315d68e6e6f,7315d68e6e6f,0e672c999c335af7,atlas_het,node_classification,graphatlas_no_transport,graphatlas_no_transport,6,0,1,outputs\.work\runs\atlas_het\graphatlas_no_transport\split-0\seed-6\config-7315d68e,outputs\.work\runs\atlas_het\graphatlas_no_transport\split-0\seed-6\config-7315d68e\job_config.yaml
atlas_het__node_classification__graphatlas_no_transport__split0__seed7__3dc5cffea759,3dc5cffea759,0e672c999c335af7,atlas_het,node_classification,graphatlas_no_transport,graphatlas_no_transport,7,0,1,outputs\.work\runs\atlas_het\graphatlas_no_transport\split-0\seed-7\config-3dc5cffe,outputs\.work\runs\atlas_het\graphatlas_no_transport\split-0\seed-7\config-3dc5cffe\job_config.yaml
atlas_het__node_classification__graphatlas_no_transport__split0__seed8__e0e29decfca1,e0e29decfca1,0e672c999c335af7,atlas_het,node_classification,graphatlas_no_transport,graphatlas_no_transport,8,0,1,outputs\.work\runs\atlas_het\graphatlas_no_transport\split-0\seed-8\config-e0e29dec,outputs\.work\runs\atlas_het\graphatlas_no_transport\split-0\seed-8\config-e0e29dec\job_config.yaml
atlas_het__node_classification__graphatlas_no_transport__split0__seed9__46fb2faa7b1e,46fb2faa7b1e,0e672c999c335af7,atlas_het,node_classification,graphatlas_no_transport,graphatlas_no_transport,9,0,1,outputs\.work\runs\atlas_het\graphatlas_no_transport\split-0\seed-9\config-46fb2faa,outputs\.work\runs\atlas_het\graphatlas_no_transport\split-0\seed-9\config-46fb2faa\job_config.yaml
atlas_het__node_classification__graphatlas_c_oracle__split0__seed0__71a8d38f75f8,71a8d38f75f8,0e672c999c335af7,atlas_het,node_classification,graphatlas_c_oracle,graphatlas_certified,0,0,1,outputs\.work\runs\atlas_het\graphatlas_c_oracle\split-0\seed-0\config-71a8d38f,outputs\.work\runs\atlas_het\graphatlas_c_oracle\split-0\seed-0\config-71a8d38f\job_config.yaml
atlas_het__node_classification__graphatlas_c_oracle__split0__seed1__4f449e997f2f,4f449e997f2f,0e672c999c335af7,atlas_het,node_classification,graphatlas_c_oracle,graphatlas_certified,1,0,1,outputs\.work\runs\atlas_het\graphatlas_c_oracle\split-0\seed-1\config-4f449e99,outputs\.work\runs\atlas_het\graphatlas_c_oracle\split-0\seed-1\config-4f449e99\job_config.yaml
atlas_het__node_classification__graphatlas_c_oracle__split0__seed2__edf529a2518f,edf529a2518f,0e672c999c335af7,atlas_het,node_classification,graphatlas_c_oracle,graphatlas_certified,2,0,1,outputs\.work\runs\atlas_het\graphatlas_c_oracle\split-0\seed-2\config-edf529a2,outputs\.work\runs\atlas_het\graphatlas_c_oracle\split-0\seed-2\config-edf529a2\job_config.yaml
atlas_het__node_classification__graphatlas_c_oracle__split0__seed3__0334252ad5f9,0334252ad5f9,0e672c999c335af7,atlas_het,node_classification,graphatlas_c_oracle,graphatlas_certified,3,0,1,outputs\.work\runs\atlas_het\graphatlas_c_oracle\split-0\seed-3\config-0334252a,outputs\.work\runs\atlas_het\graphatlas_c_oracle\split-0\seed-3\config-0334252a\job_config.yaml
atlas_het__node_classification__graphatlas_c_oracle__split0__seed4__d13441c0c74f,d13441c0c74f,0e672c999c335af7,atlas_het,node_classification,graphatlas_c_oracle,graphatlas_certified,4,0,1,outputs\.work\runs\atlas_het\graphatlas_c_oracle\split-0\seed-4\config-d13441c0,outputs\.work\runs\atlas_het\graphatlas_c_oracle\split-0\seed-4\config-d13441c0\job_config.yaml
atlas_het__node_classification__graphatlas_c_oracle__split0__seed5__751d04cb6ff4,751d04cb6ff4,0e672c999c335af7,atlas_het,node_classification,graphatlas_c_oracle,graphatlas_certified,5,0,1,outputs\.work\runs\atlas_het\graphatlas_c_oracle\split-0\seed-5\config-751d04cb,outputs\.work\runs\atlas_het\graphatlas_c_oracle\split-0\seed-5\config-751d04cb\job_config.yaml
atlas_het__node_classification__graphatlas_c_oracle__split0__seed6__80b68d468328,80b68d468328,0e672c999c335af7,atlas_het,node_classification,graphatlas_c_oracle,graphatlas_certified,6,0,1,outputs\.work\runs\atlas_het\graphatlas_c_oracle\split-0\seed-6\config-80b68d46,outputs\.work\runs\atlas_het\graphatlas_c_oracle\split-0\seed-6\config-80b68d46\job_config.yaml
atlas_het__node_classification__graphatlas_c_oracle__split0__seed7__034ab9af5d46,034ab9af5d46,0e672c999c335af7,atlas_het,node_classification,graphatlas_c_oracle,graphatlas_certified,7,0,1,outputs\.work\runs\atlas_het\graphatlas_c_oracle\split-0\seed-7\config-034ab9af,outputs\.work\runs\atlas_het\graphatlas_c_oracle\split-0\seed-7\config-034ab9af\job_config.yaml
atlas_het__node_classification__graphatlas_c_oracle__split0__seed8__18eecf0c6920,18eecf0c6920,0e672c999c335af7,atlas_het,node_classification,graphatlas_c_oracle,graphatlas_certified,8,0,1,outputs\.work\runs\atlas_het\graphatlas_c_oracle\split-0\seed-8\config-18eecf0c,outputs\.work\runs\atlas_het\graphatlas_c_oracle\split-0\seed-8\config-18eecf0c\job_config.yaml
atlas_het__node_classification__graphatlas_c_oracle__split0__seed9__7584770d2982,7584770d2982,0e672c999c335af7,atlas_het,node_classification,graphatlas_c_oracle,graphatlas_certified,9,0,1,outputs\.work\runs\atlas_het\graphatlas_c_oracle\split-0\seed-9\config-7584770d,outputs\.work\runs\atlas_het\graphatlas_c_oracle\split-0\seed-9\config-7584770d\job_config.yaml
atlas_het__node_classification__graphatlas_c__split0__seed0__7591fbd814ae,7591fbd814ae,0e672c999c335af7,atlas_het,node_classification,graphatlas_c,graphatlas_certified,0,0,1,outputs\.work\runs\atlas_het\graphatlas_c\split-0\seed-0\config-7591fbd8,outputs\.work\runs\atlas_het\graphatlas_c\split-0\seed-0\config-7591fbd8\job_config.yaml
atlas_het__node_classification__graphatlas_c__split0__seed1__666896154863,666896154863,0e672c999c335af7,atlas_het,node_classification,graphatlas_c,graphatlas_certified,1,0,1,outputs\.work\runs\atlas_het\graphatlas_c\split-0\seed-1\config-66689615,outputs\.work\runs\atlas_het\graphatlas_c\split-0\seed-1\config-66689615\job_config.yaml
atlas_het__node_classification__graphatlas_c__split0__seed2__00a09e713276,00a09e713276,0e672c999c335af7,atlas_het,node_classification,graphatlas_c,graphatlas_certified,2,0,1,outputs\.work\runs\atlas_het\graphatlas_c\split-0\seed-2\config-00a09e71,outputs\.work\runs\atlas_het\graphatlas_c\split-0\seed-2\config-00a09e71\job_config.yaml
atlas_het__node_classification__graphatlas_c__split0__seed3__523739150d0f,523739150d0f,0e672c999c335af7,atlas_het,node_classification,graphatlas_c,graphatlas_certified,3,0,1,outputs\.work\runs\atlas_het\graphatlas_c\split-0\seed-3\config-52373915,outputs\.work\runs\atlas_het\graphatlas_c\split-0\seed-3\config-52373915\job_config.yaml
atlas_het__node_classification__graphatlas_c__split0__seed4__76b41739f11a,76b41739f11a,0e672c999c335af7,atlas_het,node_classification,graphatlas_c,graphatlas_certified,4,0,1,outputs\.work\runs\atlas_het\graphatlas_c\split-0\seed-4\config-76b41739,outputs\.work\runs\atlas_het\graphatlas_c\split-0\seed-4\config-76b41739\job_config.yaml
atlas_het__node_classification__graphatlas_c__split0__seed5__fc75fdc410ff,fc75fdc410ff,0e672c999c335af7,atlas_het,node_classification,graphatlas_c,graphatlas_certified,5,0,1,outputs\.work\runs\atlas_het\graphatlas_c\split-0\seed-5\config-fc75fdc4,outputs\.work\runs\atlas_het\graphatlas_c\split-0\seed-5\config-fc75fdc4\job_config.yaml
atlas_het__node_classification__graphatlas_c__split0__seed6__92af33cbca49,92af33cbca49,0e672c999c335af7,atlas_het,node_classification,graphatlas_c,graphatlas_certified,6,0,1,outputs\.work\runs\atlas_het\graphatlas_c\split-0\seed-6\config-92af33cb,outputs\.work\runs\atlas_het\graphatlas_c\split-0\seed-6\config-92af33cb\job_config.yaml
atlas_het__node_classification__graphatlas_c__split0__seed7__393331637711,393331637711,0e672c999c335af7,atlas_het,node_classification,graphatlas_c,graphatlas_certified,7,0,1,outputs\.work\runs\atlas_het\graphatlas_c\split-0\seed-7\config-39333163,outputs\.work\runs\atlas_het\graphatlas_c\split-0\seed-7\config-39333163\job_config.yaml
atlas_het__node_classification__graphatlas_c__split0__seed8__854a07fd5bb9,854a07fd5bb9,0e672c999c335af7,atlas_het,node_classification,graphatlas_c,graphatlas_certified,8,0,1,outputs\.work\runs\atlas_het\graphatlas_c\split-0\seed-8\config-854a07fd,outputs\.work\runs\atlas_het\graphatlas_c\split-0\seed-8\config-854a07fd\job_config.yaml
atlas_het__node_classification__graphatlas_c__split0__seed9__214dcc0c6bc4,214dcc0c6bc4,0e672c999c335af7,atlas_het,node_classification,graphatlas_c,graphatlas_certified,9,0,1,outputs\.work\runs\atlas_het\graphatlas_c\split-0\seed-9\config-214dcc0c,outputs\.work\runs\atlas_het\graphatlas_c\split-0\seed-9\config-214dcc0c\job_config.yaml
atlas_het__node_classification__graphatlas_original__split0__seed0__c59e6a0c0f10,c59e6a0c0f10,0e672c999c335af7,atlas_het,node_classification,graphatlas_original,graphatlas,0,0,1,outputs\.work\runs\atlas_het\graphatlas_original\split-0\seed-0\config-c59e6a0c,outputs\.work\runs\atlas_het\graphatlas_original\split-0\seed-0\config-c59e6a0c\job_config.yaml
atlas_het__node_classification__graphatlas_original__split0__seed1__7f49448ef52d,7f49448ef52d,0e672c999c335af7,atlas_het,node_classification,graphatlas_original,graphatlas,1,0,1,outputs\.work\runs\atlas_het\graphatlas_original\split-0\seed-1\config-7f49448e,outputs\.work\runs\atlas_het\graphatlas_original\split-0\seed-1\config-7f49448e\job_config.yaml
atlas_het__node_classification__graphatlas_original__split0__seed2__285c3569be5f,285c3569be5f,0e672c999c335af7,atlas_het,node_classification,graphatlas_original,graphatlas,2,0,1,outputs\.work\runs\atlas_het\graphatlas_original\split-0\seed-2\config-285c3569,outputs\.work\runs\atlas_het\graphatlas_original\split-0\seed-2\config-285c3569\job_config.yaml
atlas_het__node_classification__graphatlas_original__split0__seed3__a27518e98594,a27518e98594,0e672c999c335af7,atlas_het,node_classification,graphatlas_original,graphatlas,3,0,1,outputs\.work\runs\atlas_het\graphatlas_original\split-0\seed-3\config-a27518e9,outputs\.work\runs\atlas_het\graphatlas_original\split-0\seed-3\config-a27518e9\job_config.yaml
atlas_het__node_classification__graphatlas_original__split0__seed4__e0f5a0fc52fa,e0f5a0fc52fa,0e672c999c335af7,atlas_het,node_classification,graphatlas_original,graphatlas,4,0,1,outputs\.work\runs\atlas_het\graphatlas_original\split-0\seed-4\config-e0f5a0fc,outputs\.work\runs\atlas_het\graphatlas_original\split-0\seed-4\config-e0f5a0fc\job_config.yaml
atlas_het__node_classification__graphatlas_original__split0__seed5__7075cdbc2cca,7075cdbc2cca,0e672c999c335af7,atlas_het,node_classification,graphatlas_original,graphatlas,5,0,1,outputs\.work\runs\atlas_het\graphatlas_original\split-0\seed-5\config-7075cdbc,outputs\.work\runs\atlas_het\graphatlas_original\split-0\seed-5\config-7075cdbc\job_config.yaml
atlas_het__node_classification__graphatlas_original__split0__seed6__a5568379bfb4,a5568379bfb4,0e672c999c335af7,atlas_het,node_classification,graphatlas_original,graphatlas,6,0,1,outputs\.work\runs\atlas_het\graphatlas_original\split-0\seed-6\config-a5568379,outputs\.work\runs\atlas_het\graphatlas_original\split-0\seed-6\config-a5568379\job_config.yaml
atlas_het__node_classification__graphatlas_original__split0__seed7__e19138bc4e2f,e19138bc4e2f,0e672c999c335af7,atlas_het,node_classification,graphatlas_original,graphatlas,7,0,1,outputs\.work\runs\atlas_het\graphatlas_original\split-0\seed-7\config-e19138bc,outputs\.work\runs\atlas_het\graphatlas_original\split-0\seed-7\config-e19138bc\job_config.yaml
atlas_het__node_classification__graphatlas_original__split0__seed8__9d5351c0afd9,9d5351c0afd9,0e672c999c335af7,atlas_het,node_classification,graphatlas_original,graphatlas,8,0,1,outputs\.work\runs\atlas_het\graphatlas_original\split-0\seed-8\config-9d5351c0,outputs\.work\runs\atlas_het\graphatlas_original\split-0\seed-8\config-9d5351c0\job_config.yaml
atlas_het__node_classification__graphatlas_original__split0__seed9__a376a63de95e,a376a63de95e,0e672c999c335af7,atlas_het,node_classification,graphatlas_original,graphatlas,9,0,1,outputs\.work\runs\atlas_het\graphatlas_original\split-0\seed-9\config-a376a63d,outputs\.work\runs\atlas_het\graphatlas_original\split-0\seed-9\config-a376a63d\job_config.yaml
atlas_het__node_classification__graphatlas_free_transition__split0__seed0__fdd28f5c98a1,fdd28f5c98a1,0e672c999c335af7,atlas_het,node_classification,graphatlas_free_transition,graphatlas_free_transition,0,0,1,outputs\.work\runs\atlas_het\graphatlas_free_transition\split-0\seed-0\config-fdd28f5c,outputs\.work\runs\atlas_het\graphatlas_free_transition\split-0\seed-0\config-fdd28f5c\job_config.yaml
atlas_het__node_classification__graphatlas_free_transition__split0__seed1__0246f70df3fd,0246f70df3fd,0e672c999c335af7,atlas_het,node_classification,graphatlas_free_transition,graphatlas_free_transition,1,0,1,outputs\.work\runs\atlas_het\graphatlas_free_transition\split-0\seed-1\config-0246f70d,outputs\.work\runs\atlas_het\graphatlas_free_transition\split-0\seed-1\config-0246f70d\job_config.yaml
atlas_het__node_classification__graphatlas_free_transition__split0__seed2__f4cbb57f5b67,f4cbb57f5b67,0e672c999c335af7,atlas_het,node_classification,graphatlas_free_transition,graphatlas_free_transition,2,0,1,outputs\.work\runs\atlas_het\graphatlas_free_transition\split-0\seed-2\config-f4cbb57f,outputs\.work\runs\atlas_het\graphatlas_free_transition\split-0\seed-2\config-f4cbb57f\job_config.yaml
atlas_het__node_classification__graphatlas_free_transition__split0__seed3__a06e53fa9942,a06e53fa9942,0e672c999c335af7,atlas_het,node_classification,graphatlas_free_transition,graphatlas_free_transition,3,0,1,outputs\.work\runs\atlas_het\graphatlas_free_transition\split-0\seed-3\config-a06e53fa,outputs\.work\runs\atlas_het\graphatlas_free_transition\split-0\seed-3\config-a06e53fa\job_config.yaml
atlas_het__node_classification__graphatlas_free_transition__split0__seed4__2d88efb42fdc,2d88efb42fdc,0e672c999c335af7,atlas_het,node_classification,graphatlas_free_transition,graphatlas_free_transition,4,0,1,outputs\.work\runs\atlas_het\graphatlas_free_transition\split-0\seed-4\config-2d88efb4,outputs\.work\runs\atlas_het\graphatlas_free_transition\split-0\seed-4\config-2d88efb4\job_config.yaml
atlas_het__node_classification__graphatlas_free_transition__split0__seed5__a11e02c15505,a11e02c15505,0e672c999c335af7,atlas_het,node_classification,graphatlas_free_transition,graphatlas_free_transition,5,0,1,outputs\.work\runs\atlas_het\graphatlas_free_transition\split-0\seed-5\config-a11e02c1,outputs\.work\runs\atlas_het\graphatlas_free_transition\split-0\seed-5\config-a11e02c1\job_config.yaml
atlas_het__node_classification__graphatlas_free_transition__split0__seed6__afb076a0174a,afb076a0174a,0e672c999c335af7,atlas_het,node_classification,graphatlas_free_transition,graphatlas_free_transition,6,0,1,outputs\.work\runs\atlas_het\graphatlas_free_transition\split-0\seed-6\config-afb076a0,outputs\.work\runs\atlas_het\graphatlas_free_transition\split-0\seed-6\config-afb076a0\job_config.yaml
atlas_het__node_classification__graphatlas_free_transition__split0__seed7__2d140cde083f,2d140cde083f,0e672c999c335af7,atlas_het,node_classification,graphatlas_free_transition,graphatlas_free_transition,7,0,1,outputs\.work\runs\atlas_het\graphatlas_free_transition\split-0\seed-7\config-2d140cde,outputs\.work\runs\atlas_het\graphatlas_free_transition\split-0\seed-7\config-2d140cde\job_config.yaml
atlas_het__node_classification__graphatlas_free_transition__split0__seed8__86ac5f3c25ce,86ac5f3c25ce,0e672c999c335af7,atlas_het,node_classification,graphatlas_free_transition,graphatlas_free_transition,8,0,1,outputs\.work\runs\atlas_het\graphatlas_free_transition\split-0\seed-8\config-86ac5f3c,outputs\.work\runs\atlas_het\graphatlas_free_transition\split-0\seed-8\config-86ac5f3c\job_config.yaml
atlas_het__node_classification__graphatlas_free_transition__split0__seed9__3b8b662b2b8a,3b8b662b2b8a,0e672c999c335af7,atlas_het,node_classification,graphatlas_free_transition,graphatlas_free_transition,9,0,1,outputs\.work\runs\atlas_het\graphatlas_free_transition\split-0\seed-9\config-3b8b662b,outputs\.work\runs\atlas_het\graphatlas_free_transition\split-0\seed-9\config-3b8b662b\job_config.yaml
atlas_het__node_classification__graphatlas_no_transport__split0__seed0__a29c8c8c754f,a29c8c8c754f,0e672c999c335af7,atlas_het,node_classification,graphatlas_no_transport,graphatlas_no_transport,0,0,1,outputs\.work\runs\atlas_het\graphatlas_no_transport\split-0\seed-0\config-a29c8c8c,outputs\.work\runs\atlas_het\graphatlas_no_transport\split-0\seed-0\config-a29c8c8c\job_config.yaml
atlas_het__node_classification__graphatlas_no_transport__split0__seed1__24124b75a664,24124b75a664,0e672c999c335af7,atlas_het,node_classification,graphatlas_no_transport,graphatlas_no_transport,1,0,1,outputs\.work\runs\atlas_het\graphatlas_no_transport\split-0\seed-1\config-24124b75,outputs\.work\runs\atlas_het\graphatlas_no_transport\split-0\seed-1\config-24124b75\job_config.yaml
atlas_het__node_classification__graphatlas_no_transport__split0__seed2__7d782a6d3e99,7d782a6d3e99,0e672c999c335af7,atlas_het,node_classification,graphatlas_no_transport,graphatlas_no_transport,2,0,1,outputs\.work\runs\atlas_het\graphatlas_no_transport\split-0\seed-2\config-7d782a6d,outputs\.work\runs\atlas_het\graphatlas_no_transport\split-0\seed-2\config-7d782a6d\job_config.yaml
atlas_het__node_classification__graphatlas_no_transport__split0__seed3__dca2e006ad60,dca2e006ad60,0e672c999c335af7,atlas_het,node_classification,graphatlas_no_transport,graphatlas_no_transport,3,0,1,outputs\.work\runs\atlas_het\graphatlas_no_transport\split-0\seed-3\config-dca2e006,outputs\.work\runs\atlas_het\graphatlas_no_transport\split-0\seed-3\config-dca2e006\job_config.yaml
atlas_het__node_classification__graphatlas_no_transport__split0__seed4__5cf05585378a,5cf05585378a,0e672c999c335af7,atlas_het,node_classification,graphatlas_no_transport,graphatlas_no_transport,4,0,1,outputs\.work\runs\atlas_het\graphatlas_no_transport\split-0\seed-4\config-5cf05585,outputs\.work\runs\atlas_het\graphatlas_no_transport\split-0\seed-4\config-5cf05585\job_config.yaml
atlas_het__node_classification__graphatlas_no_transport__split0__seed5__ac90a6d62565,ac90a6d62565,0e672c999c335af7,atlas_het,node_classification,graphatlas_no_transport,graphatlas_no_transport,5,0,1,outputs\.work\runs\atlas_het\graphatlas_no_transport\split-0\seed-5\config-ac90a6d6,outputs\.work\runs\atlas_het\graphatlas_no_transport\split-0\seed-5\config-ac90a6d6\job_config.yaml
atlas_het__node_classification__graphatlas_no_transport__split0__seed6__a8c062d16757,a8c062d16757,0e672c999c335af7,atlas_het,node_classification,graphatlas_no_transport,graphatlas_no_transport,6,0,1,outputs\.work\runs\atlas_het\graphatlas_no_transport\split-0\seed-6\config-a8c062d1,outputs\.work\runs\atlas_het\graphatlas_no_transport\split-0\seed-6\config-a8c062d1\job_config.yaml
atlas_het__node_classification__graphatlas_no_transport__split0__seed7__fdf0f53bfac0,fdf0f53bfac0,0e672c999c335af7,atlas_het,node_classification,graphatlas_no_transport,graphatlas_no_transport,7,0,1,outputs\.work\runs\atlas_het\graphatlas_no_transport\split-0\seed-7\config-fdf0f53b,outputs\.work\runs\atlas_het\graphatlas_no_transport\split-0\seed-7\config-fdf0f53b\job_config.yaml
atlas_het__node_classification__graphatlas_no_transport__split0__seed8__d7a772f29463,d7a772f29463,0e672c999c335af7,atlas_het,node_classification,graphatlas_no_transport,graphatlas_no_transport,8,0,1,outputs\.work\runs\atlas_het\graphatlas_no_transport\split-0\seed-8\config-d7a772f2,outputs\.work\runs\atlas_het\graphatlas_no_transport\split-0\seed-8\config-d7a772f2\job_config.yaml
atlas_het__node_classification__graphatlas_no_transport__split0__seed9__d0fd4a6bbad5,d0fd4a6bbad5,0e672c999c335af7,atlas_het,node_classification,graphatlas_no_transport,graphatlas_no_transport,9,0,1,outputs\.work\runs\atlas_het\graphatlas_no_transport\split-0\seed-9\config-d0fd4a6b,outputs\.work\runs\atlas_het\graphatlas_no_transport\split-0\seed-9\config-d0fd4a6b\job_config.yaml
