run_id,config_hash,source_hash,dataset,task,model,model_family,seed,split,run_dir
atlas_het__node_classification__graphatlas_no_transport__split0__seed0__837422eb738a,837422eb738a,951b15df3076d947,atlas_het,node_classification,graphatlas_no_transport,graphatlas_no_transport,0,0,outputs/runs/atlas_het/node_classification/graphatlas_no_transport/split_0/seed_0/cfg_837422eb738a
atlas_het__node_classification__graphatlas_no_transport__split0__seed1__6feb8b06b5f7,6feb8b06b5f7,951b15df3076d947,atlas_het,node_classification,graphatlas_no_transport,graphatlas_no_transport,1,0,outputs/runs/atlas_het/node_classification/graphatlas_no_transport/split_0/seed_1/cfg_6feb8b06b5f7
atlas_het__node_classification__graphatlas_no_transport__split0__seed2__385d961273c2,385d961273c2,951b15df3076d947,atlas_het,node_classification,graphatlas_no_transport,graphatlas_no_transport,2,0,outputs/runs/atlas_het/node_classification/graphatlas_no_transport/split_0/seed_2/cfg_385d961273c2
atlas_het__node_classification__graphatlas_no_transport__split0__seed3__fd9eec3a8895,fd9eec3a8895,951b15df3076d947,atlas_het,node_classification,graphatlas_no_transport,graphatlas_no_transport,3,0,outputs/runs/atlas_het/node_classification/graphatlas_no_transport/split_0/seed_3/cfg_fd9eec3a8895
atlas_het__node_classification__graphatlas_no_transport__split0__seed4__f65257a73a1f,f65257a73a1f,951b15df3076d947,atlas_het,node_classification,graphatlas_no_transport,graphatlas_no_transport,4,0,outputs/runs/atlas_het/node_classification/graphatlas_no_transport/split_0/seed_4/cfg_f65257a73a1f
atlas_het__node_classification__graphatlas_no_transport__split0__seed5__9642f9350450,9642f9350450,951b15df3076d947,atlas_het,node_classification,graphatlas_no_transport,graphatlas_no_transport,5,0,outputs/runs/atlas_het/node_classification/graphatlas_no_transport/split_0/seed_5/cfg_9642f9350450
atlas_het__node_classification__graphatlas_no_transport__split0__seed6__0e1461168d56,0e1461168d56,951b15df3076d947,atlas_het,node_classification,graphatlas_no_transport,graphatlas_no_transport,6,0,outputs/runs/atlas_het/node_classification/graphatlas_no_transport/split_0/seed_6/cfg_0e1461168d56
atlas_het__node_classification__graphatlas_no_transport__split0__seed7__9b2fb34e6fec,9b2fb34e6fec,951b15df3076d947,atlas_het,node_classification,graphatlas_no_transport,graphatlas_no_transport,7,0,outputs/runs/atlas_het/node_classification/graphatlas_no_transport/split_0/seed_7/cfg_9b2fb34e6fec
atlas_het__node_classification__graphatlas_no_transport__split0__seed8__c998905e6f4b,c998905e6f4b,951b15df3076d947,atlas_het,node_classification,graphatlas_no_transport,graphatlas_no_transport,8,0,outputs/runs/atlas_het/node_classification/graphatlas_no_transport/split_0/seed_8/cfg_c998905e6f4b
atlas_het__node_classification__graphatlas_no_transport__split0__seed9__afd912f48f0a,afd912f48f0a,951b15df3076d947,atlas_het,node_classification,graphatlas_no_transport,graphatlas_no_transport,9,0,outputs/runs/atlas_het/node_classification/graphatlas_no_transport/split_0/seed_9/cfg_afd912f48f0a
atlas_het__node_classification__graphatlas_free_transition__split0__seed0__4e08eb3131eb,4e08eb3131eb,951b15df3076d947,atlas_het,node_classification,graphatlas_free_transition,graphatlas_free_transition,0,0,outputs/runs/atlas_het/node_classification/graphatlas_free_transition/split_0/seed_0/cfg_4e08eb3131eb
atlas_het__node_classification__graphatlas_free_transition__split0__seed1__c4f5aecbd316,c4f5aecbd316,951b15df3076d947,atlas_het,node_classification,graphatlas_free_transition,graphatlas_free_transition,1,0,outputs/runs/atlas_het/node_classification/graphatlas_free_transition/split_0/seed_1/cfg_c4f5aecbd316
atlas_het__node_classification__graphatlas_free_transition__split0__seed2__1981cbbb6f7e,1981cbbb6f7e,951b15df3076d947,atlas_het,node_classification,graphatlas_free_transition,graphatlas_free_transition,2,0,outputs/runs/atlas_het/node_classification/graphatlas_free_transition/split_0/seed_2/cfg_1981cbbb6f7e
atlas_het__node_classification__graphatlas_free_transition__split0__seed3__be1b702e81fa,be1b702e81fa,951b15df3076d947,atlas_het,node_classification,graphatlas_free_transition,graphatlas_free_transition,3,0,outputs/runs/atlas_het/node_classification/graphatlas_free_transition/split_0/seed_3/cfg_be1b702e81fa
atlas_het__node_classification__graphatlas_free_transition__split0__seed4__21042951f768,21042951f768,951b15df3076d947,atlas_het,node_classification,graphatlas_free_transition,graphatlas_free_transition,4,0,outputs/runs/atlas_het/node_classification/graphatlas_free_transition/split_0/seed_4/cfg_21042951f768
atlas_het__node_classification__graphatlas_free_transition__split0__seed5__6ee070047b42,6ee070047b42,951b15df3076d947,atlas_het,node_classification,graphatlas_free_transition,graphatlas_free_transition,5,0,outputs/runs/atlas_het/node_classification/graphatlas_free_transition/split_0/seed_5/cfg_6ee070047b42
atlas_het__node_classification__graphatlas_free_transition__split0__seed6__897b91dc112d,897b91dc112d,951b15df3076d947,atlas_het,node_classification,graphatlas_free_transition,graphatlas_free_transition,6,0,outputs/runs/atlas_het/node_classification/graphatlas_free_transition/split_0/seed_6/cfg_897b91dc112d
atlas_het__node_classification__graphatlas_free_transition__split0__seed7__1bd4cbde9515,1bd4cbde9515,951b15df3076d947,atlas_het,node_classification,graphatlas_free_transition,graphatlas_free_transition,7,0,outputs/runs/atlas_het/node_classification/graphatlas_free_transition/split_0/seed_7/cfg_1bd4cbde9515
atlas_het__node_classification__graphatlas_free_transition__split0__seed8__436ca0cff095,436ca0cff095,951b15df3076d947,atlas_het,node_classification,graphatlas_free_transition,graphatlas_free_transition,8,0,outputs/runs/atlas_het/node_classification/graphatlas_free_transition/split_0/seed_8/cfg_436ca0cff095
atlas_het__node_classification__graphatlas_free_transition__split0__seed9__f17342ebe5ec,f17342ebe5ec,951b15df3076d947,atlas_het,node_classification,graphatlas_free_transition,graphatlas_free_transition,9,0,outputs/runs/atlas_het/node_classification/graphatlas_free_transition/split_0/seed_9/cfg_f17342ebe5ec
atlas_het__node_classification__graphatlas_no_metric__split0__seed0__26a7ee81ffe9,26a7ee81ffe9,951b15df3076d947,atlas_het,node_classification,graphatlas_no_metric,graphatlas_no_metric,0,0,outputs/runs/atlas_het/node_classification/graphatlas_no_metric/split_0/seed_0/cfg_26a7ee81ffe9
atlas_het__node_classification__graphatlas_no_metric__split0__seed1__52d7340eba13,52d7340eba13,951b15df3076d947,atlas_het,node_classification,graphatlas_no_metric,graphatlas_no_metric,1,0,outputs/runs/atlas_het/node_classification/graphatlas_no_metric/split_0/seed_1/cfg_52d7340eba13
atlas_het__node_classification__graphatlas_no_metric__split0__seed2__406bee1b6c49,406bee1b6c49,951b15df3076d947,atlas_het,node_classification,graphatlas_no_metric,graphatlas_no_metric,2,0,outputs/runs/atlas_het/node_classification/graphatlas_no_metric/split_0/seed_2/cfg_406bee1b6c49
atlas_het__node_classification__graphatlas_no_metric__split0__seed3__34f8e17a0420,34f8e17a0420,951b15df3076d947,atlas_het,node_classification,graphatlas_no_metric,graphatlas_no_metric,3,0,outputs/runs/atlas_het/node_classification/graphatlas_no_metric/split_0/seed_3/cfg_34f8e17a0420
atlas_het__node_classification__graphatlas_no_metric__split0__seed4__2661e8b75e27,2661e8b75e27,951b15df3076d947,atlas_het,node_classification,graphatlas_no_metric,graphatlas_no_metric,4,0,outputs/runs/atlas_het/node_classification/graphatlas_no_metric/split_0/seed_4/cfg_2661e8b75e27
atlas_het__node_classification__graphatlas_no_metric__split0__seed5__c2686c4f6028,c2686c4f6028,951b15df3076d947,atlas_het,node_classification,graphatlas_no_metric,graphatlas_no_metric,5,0,outputs/runs/atlas_het/node_classification/graphatlas_no_metric/split_0/seed_5/cfg_c2686c4f6028
atlas_het__node_classification__graphatlas_no_metric__split0__seed6__df84f6e6305f,df84f6e6305f,951b15df3076d947,atlas_het,node_classification,graphatlas_no_metric,graphatlas_no_metric,6,0,outputs/runs/atlas_het/node_classification/graphatlas_no_metric/split_0/seed_6/cfg_df84f6e6305f
atlas_het__node_classification__graphatlas_no_metric__split0__seed7__acad911e6c37,acad911e6c37,951b15df3076d947,atlas_het,node_classification,graphatlas_no_metric,graphatlas_no_metric,7,0,outputs/runs/atlas_het/node_classification/graphatlas_no_metric/split_0/seed_7/cfg_acad911e6c37
atlas_het__node_classification__graphatlas_no_metric__split0__seed8__f080775ea530,f080775ea530,951b15df3076d947,atlas_het,node_classification,graphatlas_no_metric,graphatlas_no_metric,8,0,outputs/runs/atlas_het/node_classification/graphatlas_no_metric/split_0/seed_8/cfg_f080775ea530
atlas_het__node_classification__graphatlas_no_metric__split0__seed9__44452036460b,44452036460b,951b15df3076d947,atlas_het,node_classification,graphatlas_no_metric,graphatlas_no_metric,9,0,outputs/runs/atlas_het/node_classification/graphatlas_no_metric/split_0/seed_9/cfg_44452036460b
atlas_het__node_classification__graphatlas_no_cocycle__split0__seed0__477170168fa7,477170168fa7,951b15df3076d947,atlas_het,node_classification,graphatlas_no_cocycle,graphatlas_no_cocycle,0,0,outputs/runs/atlas_het/node_classification/graphatlas_no_cocycle/split_0/seed_0/cfg_477170168fa7
atlas_het__node_classification__graphatlas_no_cocycle__split0__seed1__2434005869dd,2434005869dd,951b15df3076d947,atlas_het,node_classification,graphatlas_no_cocycle,graphatlas_no_cocycle,1,0,outputs/runs/atlas_het/node_classification/graphatlas_no_cocycle/split_0/seed_1/cfg_2434005869dd
atlas_het__node_classification__graphatlas_no_cocycle__split0__seed2__0884e329a8a6,0884e329a8a6,951b15df3076d947,atlas_het,node_classification,graphatlas_no_cocycle,graphatlas_no_cocycle,2,0,outputs/runs/atlas_het/node_classification/graphatlas_no_cocycle/split_0/seed_2/cfg_0884e329a8a6
atlas_het__node_classification__graphatlas_no_cocycle__split0__seed3__3bc827346704,3bc827346704,951b15df3076d947,atlas_het,node_classification,graphatlas_no_cocycle,graphatlas_no_cocycle,3,0,outputs/runs/atlas_het/node_classification/graphatlas_no_cocycle/split_0/seed_3/cfg_3bc827346704
atlas_het__node_classification__graphatlas_no_cocycle__split0__seed4__644881d47e9b,644881d47e9b,951b15df3076d947,atlas_het,node_classification,graphatlas_no_cocycle,graphatlas_no_cocycle,4,0,outputs/runs/atlas_het/node_classification/graphatlas_no_cocycle/split_0/seed_4/cfg_644881d47e9b
atlas_het__node_classification__graphatlas_no_cocycle__split0__seed5__b7900d8117be,b7900d8117be,951b15df3076d947,atlas_het,node_classification,graphatlas_no_cocycle,graphatlas_no_cocycle,5,0,outputs/runs/atlas_het/node_classification/graphatlas_no_cocycle/split_0/seed_5/cfg_b7900d8117be
atlas_het__node_classification__graphatlas_no_cocycle__split0__seed6__66474c0b58ae,66474c0b58ae,951b15df3076d947,atlas_het,node_classification,graphatlas_no_cocycle,graphatlas_no_cocycle,6,0,outputs/runs/atlas_het/node_classification/graphatlas_no_cocycle/split_0/seed_6/cfg_66474c0b58ae
atlas_het__node_classification__graphatlas_no_cocycle__split0__seed7__bd2359793007,bd2359793007,951b15df3076d947,atlas_het,node_classification,graphatlas_no_cocycle,graphatlas_no_cocycle,7,0,outputs/runs/atlas_het/node_classification/graphatlas_no_cocycle/split_0/seed_7/cfg_bd2359793007
atlas_het__node_classification__graphatlas_no_cocycle__split0__seed8__9cb1d312df3d,9cb1d312df3d,951b15df3076d947,atlas_het,node_classification,graphatlas_no_cocycle,graphatlas_no_cocycle,8,0,outputs/runs/atlas_het/node_classification/graphatlas_no_cocycle/split_0/seed_8/cfg_9cb1d312df3d
atlas_het__node_classification__graphatlas_no_cocycle__split0__seed9__f61c7918be73,f61c7918be73,951b15df3076d947,atlas_het,node_classification,graphatlas_no_cocycle,graphatlas_no_cocycle,9,0,outputs/runs/atlas_het/node_classification/graphatlas_no_cocycle/split_0/seed_9/cfg_f61c7918be73
atlas_het__node_classification__graphatlas_no_overlap__split0__seed0__f7a0386a72b9,f7a0386a72b9,951b15df3076d947,atlas_het,node_classification,graphatlas_no_overlap,graphatlas_no_overlap,0,0,outputs/runs/atlas_het/node_classification/graphatlas_no_overlap/split_0/seed_0/cfg_f7a0386a72b9
atlas_het__node_classification__graphatlas_no_overlap__split0__seed1__409aba5c9be6,409aba5c9be6,951b15df3076d947,atlas_het,node_classification,graphatlas_no_overlap,graphatlas_no_overlap,1,0,outputs/runs/atlas_het/node_classification/graphatlas_no_overlap/split_0/seed_1/cfg_409aba5c9be6
atlas_het__node_classification__graphatlas_no_overlap__split0__seed2__a06e01228d2f,a06e01228d2f,951b15df3076d947,atlas_het,node_classification,graphatlas_no_overlap,graphatlas_no_overlap,2,0,outputs/runs/atlas_het/node_classification/graphatlas_no_overlap/split_0/seed_2/cfg_a06e01228d2f
atlas_het__node_classification__graphatlas_no_overlap__split0__seed3__b15439a41787,b15439a41787,951b15df3076d947,atlas_het,node_classification,graphatlas_no_overlap,graphatlas_no_overlap,3,0,outputs/runs/atlas_het/node_classification/graphatlas_no_overlap/split_0/seed_3/cfg_b15439a41787
atlas_het__node_classification__graphatlas_no_overlap__split0__seed4__03a5d132bd76,03a5d132bd76,951b15df3076d947,atlas_het,node_classification,graphatlas_no_overlap,graphatlas_no_overlap,4,0,outputs/runs/atlas_het/node_classification/graphatlas_no_overlap/split_0/seed_4/cfg_03a5d132bd76
atlas_het__node_classification__graphatlas_no_overlap__split0__seed5__25b1f6bc4db4,25b1f6bc4db4,951b15df3076d947,atlas_het,node_classification,graphatlas_no_overlap,graphatlas_no_overlap,5,0,outputs/runs/atlas_het/node_classification/graphatlas_no_overlap/split_0/seed_5/cfg_25b1f6bc4db4
atlas_het__node_classification__graphatlas_no_overlap__split0__seed6__97bfbd99f058,97bfbd99f058,951b15df3076d947,atlas_het,node_classification,graphatlas_no_overlap,graphatlas_no_overlap,6,0,outputs/runs/atlas_het/node_classification/graphatlas_no_overlap/split_0/seed_6/cfg_97bfbd99f058
atlas_het__node_classification__graphatlas_no_overlap__split0__seed7__3395855f7f17,3395855f7f17,951b15df3076d947,atlas_het,node_classification,graphatlas_no_overlap,graphatlas_no_overlap,7,0,outputs/runs/atlas_het/node_classification/graphatlas_no_overlap/split_0/seed_7/cfg_3395855f7f17
atlas_het__node_classification__graphatlas_no_overlap__split0__seed8__bf277826a9a3,bf277826a9a3,951b15df3076d947,atlas_het,node_classification,graphatlas_no_overlap,graphatlas_no_overlap,8,0,outputs/runs/atlas_het/node_classification/graphatlas_no_overlap/split_0/seed_8/cfg_bf277826a9a3
atlas_het__node_classification__graphatlas_no_overlap__split0__seed9__fc57cf6ff7c1,fc57cf6ff7c1,951b15df3076d947,atlas_het,node_classification,graphatlas_no_overlap,graphatlas_no_overlap,9,0,outputs/runs/atlas_het/node_classification/graphatlas_no_overlap/split_0/seed_9/cfg_fc57cf6ff7c1
atlas_het__node_classification__graphatlas__split0__seed0__151f41980992,151f41980992,951b15df3076d947,atlas_het,node_classification,graphatlas,graphatlas,0,0,outputs/runs/atlas_het/node_classification/graphatlas/split_0/seed_0/cfg_151f41980992
atlas_het__node_classification__graphatlas__split0__seed1__202bde41fc37,202bde41fc37,951b15df3076d947,atlas_het,node_classification,graphatlas,graphatlas,1,0,outputs/runs/atlas_het/node_classification/graphatlas/split_0/seed_1/cfg_202bde41fc37
atlas_het__node_classification__graphatlas__split0__seed2__e8c92796cf01,e8c92796cf01,951b15df3076d947,atlas_het,node_classification,graphatlas,graphatlas,2,0,outputs/runs/atlas_het/node_classification/graphatlas/split_0/seed_2/cfg_e8c92796cf01
atlas_het__node_classification__graphatlas__split0__seed3__9eaef0c42d34,9eaef0c42d34,951b15df3076d947,atlas_het,node_classification,graphatlas,graphatlas,3,0,outputs/runs/atlas_het/node_classification/graphatlas/split_0/seed_3/cfg_9eaef0c42d34
atlas_het__node_classification__graphatlas__split0__seed4__c6179b7551b3,c6179b7551b3,951b15df3076d947,atlas_het,node_classification,graphatlas,graphatlas,4,0,outputs/runs/atlas_het/node_classification/graphatlas/split_0/seed_4/cfg_c6179b7551b3
atlas_het__node_classification__graphatlas__split0__seed5__6a0170c30b7f,6a0170c30b7f,951b15df3076d947,atlas_het,node_classification,graphatlas,graphatlas,5,0,outputs/runs/atlas_het/node_classification/graphatlas/split_0/seed_5/cfg_6a0170c30b7f
atlas_het__node_classification__graphatlas__split0__seed6__75c619b28aef,75c619b28aef,951b15df3076d947,atlas_het,node_classification,graphatlas,graphatlas,6,0,outputs/runs/atlas_het/node_classification/graphatlas/split_0/seed_6/cfg_75c619b28aef
atlas_het__node_classification__graphatlas__split0__seed7__9aaf7131441f,9aaf7131441f,951b15df3076d947,atlas_het,node_classification,graphatlas,graphatlas,7,0,outputs/runs/atlas_het/node_classification/graphatlas/split_0/seed_7/cfg_9aaf7131441f
atlas_het__node_classification__graphatlas__split0__seed8__39b8d4e36774,39b8d4e36774,951b15df3076d947,atlas_het,node_classification,graphatlas,graphatlas,8,0,outputs/runs/atlas_het/node_classification/graphatlas/split_0/seed_8/cfg_39b8d4e36774
atlas_het__node_classification__graphatlas__split0__seed9__d68f6950c324,d68f6950c324,951b15df3076d947,atlas_het,node_classification,graphatlas,graphatlas,9,0,outputs/runs/atlas_het/node_classification/graphatlas/split_0/seed_9/cfg_d68f6950c324
roman_empire__node_classification__graphatlas_no_transport__split0__seed0__fba0e53be2c8,fba0e53be2c8,951b15df3076d947,roman_empire,node_classification,graphatlas_no_transport,graphatlas_no_transport,0,0,outputs/runs/roman_empire/node_classification/graphatlas_no_transport/split_0/seed_0/cfg_fba0e53be2c8
roman_empire__node_classification__graphatlas_no_transport__split1__seed1__e7c1bf82fd09,e7c1bf82fd09,951b15df3076d947,roman_empire,node_classification,graphatlas_no_transport,graphatlas_no_transport,1,1,outputs/runs/roman_empire/node_classification/graphatlas_no_transport/split_1/seed_1/cfg_e7c1bf82fd09
roman_empire__node_classification__graphatlas_no_transport__split2__seed2__c3df378ae8cc,c3df378ae8cc,951b15df3076d947,roman_empire,node_classification,graphatlas_no_transport,graphatlas_no_transport,2,2,outputs/runs/roman_empire/node_classification/graphatlas_no_transport/split_2/seed_2/cfg_c3df378ae8cc
roman_empire__node_classification__graphatlas_no_transport__split3__seed3__31d6fb581f62,31d6fb581f62,951b15df3076d947,roman_empire,node_classification,graphatlas_no_transport,graphatlas_no_transport,3,3,outputs/runs/roman_empire/node_classification/graphatlas_no_transport/split_3/seed_3/cfg_31d6fb581f62
roman_empire__node_classification__graphatlas_no_transport__split4__seed4__4a25ce145184,4a25ce145184,951b15df3076d947,roman_empire,node_classification,graphatlas_no_transport,graphatlas_no_transport,4,4,outputs/runs/roman_empire/node_classification/graphatlas_no_transport/split_4/seed_4/cfg_4a25ce145184
roman_empire__node_classification__graphatlas_no_transport__split5__seed5__72d691318670,72d691318670,951b15df3076d947,roman_empire,node_classification,graphatlas_no_transport,graphatlas_no_transport,5,5,outputs/runs/roman_empire/node_classification/graphatlas_no_transport/split_5/seed_5/cfg_72d691318670
roman_empire__node_classification__graphatlas_no_transport__split6__seed6__5458d44a7de2,5458d44a7de2,951b15df3076d947,roman_empire,node_classification,graphatlas_no_transport,graphatlas_no_transport,6,6,outputs/runs/roman_empire/node_classification/graphatlas_no_transport/split_6/seed_6/cfg_5458d44a7de2
roman_empire__node_classification__graphatlas_no_transport__split7__seed7__b503f3b98c90,b503f3b98c90,951b15df3076d947,roman_empire,node_classification,graphatlas_no_transport,graphatlas_no_transport,7,7,outputs/runs/roman_empire/node_classification/graphatlas_no_transport/split_7/seed_7/cfg_b503f3b98c90
roman_empire__node_classification__graphatlas_no_transport__split8__seed8__2aeb3d6d87ee,2aeb3d6d87ee,951b15df3076d947,roman_empire,node_classification,graphatlas_no_transport,graphatlas_no_transport,8,8,outputs/runs/roman_empire/node_classification/graphatlas_no_transport/split_8/seed_8/cfg_2aeb3d6d87ee
roman_empire__node_classification__graphatlas_no_transport__split9__seed9__397e4da39d8d,397e4da39d8d,951b15df3076d947,roman_empire,node_classification,graphatlas_no_transport,graphatlas_no_transport,9,9,outputs/runs/roman_empire/node_classification/graphatlas_no_transport/split_9/seed_9/cfg_397e4da39d8d
roman_empire__node_classification__graphatlas_free_transition__split0__seed0__d092a9cdefe6,d092a9cdefe6,951b15df3076d947,roman_empire,node_classification,graphatlas_free_transition,graphatlas_free_transition,0,0,outputs/runs/roman_empire/node_classification/graphatlas_free_transition/split_0/seed_0/cfg_d092a9cdefe6
roman_empire__node_classification__graphatlas_free_transition__split1__seed1__bd94ae09b1ad,bd94ae09b1ad,951b15df3076d947,roman_empire,node_classification,graphatlas_free_transition,graphatlas_free_transition,1,1,outputs/runs/roman_empire/node_classification/graphatlas_free_transition/split_1/seed_1/cfg_bd94ae09b1ad
roman_empire__node_classification__graphatlas_free_transition__split2__seed2__478f33d380fb,478f33d380fb,951b15df3076d947,roman_empire,node_classification,graphatlas_free_transition,graphatlas_free_transition,2,2,outputs/runs/roman_empire/node_classification/graphatlas_free_transition/split_2/seed_2/cfg_478f33d380fb
roman_empire__node_classification__graphatlas_free_transition__split3__seed3__3ebce03ca7e5,3ebce03ca7e5,951b15df3076d947,roman_empire,node_classification,graphatlas_free_transition,graphatlas_free_transition,3,3,outputs/runs/roman_empire/node_classification/graphatlas_free_transition/split_3/seed_3/cfg_3ebce03ca7e5
roman_empire__node_classification__graphatlas_free_transition__split4__seed4__9c13ec340365,9c13ec340365,951b15df3076d947,roman_empire,node_classification,graphatlas_free_transition,graphatlas_free_transition,4,4,outputs/runs/roman_empire/node_classification/graphatlas_free_transition/split_4/seed_4/cfg_9c13ec340365
roman_empire__node_classification__graphatlas_free_transition__split5__seed5__1e1604bd8764,1e1604bd8764,951b15df3076d947,roman_empire,node_classification,graphatlas_free_transition,graphatlas_free_transition,5,5,outputs/runs/roman_empire/node_classification/graphatlas_free_transition/split_5/seed_5/cfg_1e1604bd8764
roman_empire__node_classification__graphatlas_free_transition__split6__seed6__d75dd9f6d4e3,d75dd9f6d4e3,951b15df3076d947,roman_empire,node_classification,graphatlas_free_transition,graphatlas_free_transition,6,6,outputs/runs/roman_empire/node_classification/graphatlas_free_transition/split_6/seed_6/cfg_d75dd9f6d4e3
roman_empire__node_classification__graphatlas_free_transition__split7__seed7__ed78b4e3f45a,ed78b4e3f45a,951b15df3076d947,roman_empire,node_classification,graphatlas_free_transition,graphatlas_free_transition,7,7,outputs/runs/roman_empire/node_classification/graphatlas_free_transition/split_7/seed_7/cfg_ed78b4e3f45a
roman_empire__node_classification__graphatlas_free_transition__split8__seed8__715b22dfd12e,715b22dfd12e,951b15df3076d947,roman_empire,node_classification,graphatlas_free_transition,graphatlas_free_transition,8,8,outputs/runs/roman_empire/node_classification/graphatlas_free_transition/split_8/seed_8/cfg_715b22dfd12e
roman_empire__node_classification__graphatlas_free_transition__split9__seed9__54b0c24d4395,54b0c24d4395,951b15df3076d947,roman_empire,node_classification,graphatlas_free_transition,graphatlas_free_transition,9,9,outputs/runs/roman_empire/node_classification/graphatlas_free_transition/split_9/seed_9/cfg_54b0c24d4395
roman_empire__node_classification__graphatlas_no_metric__split0__seed0__d65b540ece97,d65b540ece97,951b15df3076d947,roman_empire,node_classification,graphatlas_no_metric,graphatlas_no_metric,0,0,outputs/runs/roman_empire/node_classification/graphatlas_no_metric/split_0/seed_0/cfg_d65b540ece97
roman_empire__node_classification__graphatlas_no_metric__split1__seed1__036a098ee236,036a098ee236,951b15df3076d947,roman_empire,node_classification,graphatlas_no_metric,graphatlas_no_metric,1,1,outputs/runs/roman_empire/node_classification/graphatlas_no_metric/split_1/seed_1/cfg_036a098ee236
roman_empire__node_classification__graphatlas_no_metric__split2__seed2__168fdfc69404,168fdfc69404,951b15df3076d947,roman_empire,node_classification,graphatlas_no_metric,graphatlas_no_metric,2,2,outputs/runs/roman_empire/node_classification/graphatlas_no_metric/split_2/seed_2/cfg_168fdfc69404
roman_empire__node_classification__graphatlas_no_metric__split3__seed3__17dc863dd8a3,17dc863dd8a3,951b15df3076d947,roman_empire,node_classification,graphatlas_no_metric,graphatlas_no_metric,3,3,outputs/runs/roman_empire/node_classification/graphatlas_no_metric/split_3/seed_3/cfg_17dc863dd8a3
roman_empire__node_classification__graphatlas_no_metric__split4__seed4__8baf9401f9c8,8baf9401f9c8,951b15df3076d947,roman_empire,node_classification,graphatlas_no_metric,graphatlas_no_metric,4,4,outputs/runs/roman_empire/node_classification/graphatlas_no_metric/split_4/seed_4/cfg_8baf9401f9c8
roman_empire__node_classification__graphatlas_no_metric__split5__seed5__21e9949ec278,21e9949ec278,951b15df3076d947,roman_empire,node_classification,graphatlas_no_metric,graphatlas_no_metric,5,5,outputs/runs/roman_empire/node_classification/graphatlas_no_metric/split_5/seed_5/cfg_21e9949ec278
roman_empire__node_classification__graphatlas_no_metric__split6__seed6__86ce0d9d1654,86ce0d9d1654,951b15df3076d947,roman_empire,node_classification,graphatlas_no_metric,graphatlas_no_metric,6,6,outputs/runs/roman_empire/node_classification/graphatlas_no_metric/split_6/seed_6/cfg_86ce0d9d1654
roman_empire__node_classification__graphatlas_no_metric__split7__seed7__97cc056e2b75,97cc056e2b75,951b15df3076d947,roman_empire,node_classification,graphatlas_no_metric,graphatlas_no_metric,7,7,outputs/runs/roman_empire/node_classification/graphatlas_no_metric/split_7/seed_7/cfg_97cc056e2b75
roman_empire__node_classification__graphatlas_no_metric__split8__seed8__17fb5ee8deb7,17fb5ee8deb7,951b15df3076d947,roman_empire,node_classification,graphatlas_no_metric,graphatlas_no_metric,8,8,outputs/runs/roman_empire/node_classification/graphatlas_no_metric/split_8/seed_8/cfg_17fb5ee8deb7
roman_empire__node_classification__graphatlas_no_metric__split9__seed9__e145b930585b,e145b930585b,951b15df3076d947,roman_empire,node_classification,graphatlas_no_metric,graphatlas_no_metric,9,9,outputs/runs/roman_empire/node_classification/graphatlas_no_metric/split_9/seed_9/cfg_e145b930585b
roman_empire__node_classification__graphatlas_no_cocycle__split0__seed0__b0d3794227fb,b0d3794227fb,951b15df3076d947,roman_empire,node_classification,graphatlas_no_cocycle,graphatlas_no_cocycle,0,0,outputs/runs/roman_empire/node_classification/graphatlas_no_cocycle/split_0/seed_0/cfg_b0d3794227fb
roman_empire__node_classification__graphatlas_no_cocycle__split1__seed1__406af02fb05e,406af02fb05e,951b15df3076d947,roman_empire,node_classification,graphatlas_no_cocycle,graphatlas_no_cocycle,1,1,outputs/runs/roman_empire/node_classification/graphatlas_no_cocycle/split_1/seed_1/cfg_406af02fb05e
roman_empire__node_classification__graphatlas_no_cocycle__split2__seed2__4ae350f309b9,4ae350f309b9,951b15df3076d947,roman_empire,node_classification,graphatlas_no_cocycle,graphatlas_no_cocycle,2,2,outputs/runs/roman_empire/node_classification/graphatlas_no_cocycle/split_2/seed_2/cfg_4ae350f309b9
roman_empire__node_classification__graphatlas_no_cocycle__split3__seed3__f983ff6f9fa7,f983ff6f9fa7,951b15df3076d947,roman_empire,node_classification,graphatlas_no_cocycle,graphatlas_no_cocycle,3,3,outputs/runs/roman_empire/node_classification/graphatlas_no_cocycle/split_3/seed_3/cfg_f983ff6f9fa7
roman_empire__node_classification__graphatlas_no_cocycle__split4__seed4__a53de079eb5a,a53de079eb5a,951b15df3076d947,roman_empire,node_classification,graphatlas_no_cocycle,graphatlas_no_cocycle,4,4,outputs/runs/roman_empire/node_classification/graphatlas_no_cocycle/split_4/seed_4/cfg_a53de079eb5a
roman_empire__node_classification__graphatlas_no_cocycle__split5__seed5__fdde6cf4f13e,fdde6cf4f13e,951b15df3076d947,roman_empire,node_classification,graphatlas_no_cocycle,graphatlas_no_cocycle,5,5,outputs/runs/roman_empire/node_classification/graphatlas_no_cocycle/split_5/seed_5/cfg_fdde6cf4f13e
roman_empire__node_classification__graphatlas_no_cocycle__split6__seed6__641bb0bae6ed,641bb0bae6ed,951b15df3076d947,roman_empire,node_classification,graphatlas_no_cocycle,graphatlas_no_cocycle,6,6,outputs/runs/roman_empire/node_classification/graphatlas_no_cocycle/split_6/seed_6/cfg_641bb0bae6ed
roman_empire__node_classification__graphatlas_no_cocycle__split7__seed7__32648f3659da,32648f3659da,951b15df3076d947,roman_empire,node_classification,graphatlas_no_cocycle,graphatlas_no_cocycle,7,7,outputs/runs/roman_empire/node_classification/graphatlas_no_cocycle/split_7/seed_7/cfg_32648f3659da
roman_empire__node_classification__graphatlas_no_cocycle__split8__seed8__b01ba2bc9d7e,b01ba2bc9d7e,951b15df3076d947,roman_empire,node_classification,graphatlas_no_cocycle,graphatlas_no_cocycle,8,8,outputs/runs/roman_empire/node_classification/graphatlas_no_cocycle/split_8/seed_8/cfg_b01ba2bc9d7e
roman_empire__node_classification__graphatlas_no_cocycle__split9__seed9__bb3dd738a4d9,bb3dd738a4d9,951b15df3076d947,roman_empire,node_classification,graphatlas_no_cocycle,graphatlas_no_cocycle,9,9,outputs/runs/roman_empire/node_classification/graphatlas_no_cocycle/split_9/seed_9/cfg_bb3dd738a4d9
roman_empire__node_classification__graphatlas_no_overlap__split0__seed0__b34a2f2158ac,b34a2f2158ac,951b15df3076d947,roman_empire,node_classification,graphatlas_no_overlap,graphatlas_no_overlap,0,0,outputs/runs/roman_empire/node_classification/graphatlas_no_overlap/split_0/seed_0/cfg_b34a2f2158ac
roman_empire__node_classification__graphatlas_no_overlap__split1__seed1__2c7d06f16009,2c7d06f16009,951b15df3076d947,roman_empire,node_classification,graphatlas_no_overlap,graphatlas_no_overlap,1,1,outputs/runs/roman_empire/node_classification/graphatlas_no_overlap/split_1/seed_1/cfg_2c7d06f16009
roman_empire__node_classification__graphatlas_no_overlap__split2__seed2__4f7592cf196b,4f7592cf196b,951b15df3076d947,roman_empire,node_classification,graphatlas_no_overlap,graphatlas_no_overlap,2,2,outputs/runs/roman_empire/node_classification/graphatlas_no_overlap/split_2/seed_2/cfg_4f7592cf196b
roman_empire__node_classification__graphatlas_no_overlap__split3__seed3__8c1f2f1191a1,8c1f2f1191a1,951b15df3076d947,roman_empire,node_classification,graphatlas_no_overlap,graphatlas_no_overlap,3,3,outputs/runs/roman_empire/node_classification/graphatlas_no_overlap/split_3/seed_3/cfg_8c1f2f1191a1
roman_empire__node_classification__graphatlas_no_overlap__split4__seed4__14d5a651eb86,14d5a651eb86,951b15df3076d947,roman_empire,node_classification,graphatlas_no_overlap,graphatlas_no_overlap,4,4,outputs/runs/roman_empire/node_classification/graphatlas_no_overlap/split_4/seed_4/cfg_14d5a651eb86
roman_empire__node_classification__graphatlas_no_overlap__split5__seed5__6af9a4d5b3de,6af9a4d5b3de,951b15df3076d947,roman_empire,node_classification,graphatlas_no_overlap,graphatlas_no_overlap,5,5,outputs/runs/roman_empire/node_classification/graphatlas_no_overlap/split_5/seed_5/cfg_6af9a4d5b3de
roman_empire__node_classification__graphatlas_no_overlap__split6__seed6__62be3fc93427,62be3fc93427,951b15df3076d947,roman_empire,node_classification,graphatlas_no_overlap,graphatlas_no_overlap,6,6,outputs/runs/roman_empire/node_classification/graphatlas_no_overlap/split_6/seed_6/cfg_62be3fc93427
roman_empire__node_classification__graphatlas_no_overlap__split7__seed7__95e2b3b93985,95e2b3b93985,951b15df3076d947,roman_empire,node_classification,graphatlas_no_overlap,graphatlas_no_overlap,7,7,outputs/runs/roman_empire/node_classification/graphatlas_no_overlap/split_7/seed_7/cfg_95e2b3b93985
roman_empire__node_classification__graphatlas_no_overlap__split8__seed8__df4c90ff71fb,df4c90ff71fb,951b15df3076d947,roman_empire,node_classification,graphatlas_no_overlap,graphatlas_no_overlap,8,8,outputs/runs/roman_empire/node_classification/graphatlas_no_overlap/split_8/seed_8/cfg_df4c90ff71fb
roman_empire__node_classification__graphatlas_no_overlap__split9__seed9__4f3b862e2477,4f3b862e2477,951b15df3076d947,roman_empire,node_classification,graphatlas_no_overlap,graphatlas_no_overlap,9,9,outputs/runs/roman_empire/node_classification/graphatlas_no_overlap/split_9/seed_9/cfg_4f3b862e2477
roman_empire__node_classification__graphatlas__split0__seed0__9ddb77086ce3,9ddb77086ce3,951b15df3076d947,roman_empire,node_classification,graphatlas,graphatlas,0,0,outputs/runs/roman_empire/node_classification/graphatlas/split_0/seed_0/cfg_9ddb77086ce3
roman_empire__node_classification__graphatlas__split1__seed1__edea3a89f1a4,edea3a89f1a4,951b15df3076d947,roman_empire,node_classification,graphatlas,graphatlas,1,1,outputs/runs/roman_empire/node_classification/graphatlas/split_1/seed_1/cfg_edea3a89f1a4
roman_empire__node_classification__graphatlas__split2__seed2__488715cd619d,488715cd619d,951b15df3076d947,roman_empire,node_classification,graphatlas,graphatlas,2,2,outputs/runs/roman_empire/node_classification/graphatlas/split_2/seed_2/cfg_488715cd619d
roman_empire__node_classification__graphatlas__split3__seed3__cdb8fa8d24da,cdb8fa8d24da,951b15df3076d947,roman_empire,node_classification,graphatlas,graphatlas,3,3,outputs/runs/roman_empire/node_classification/graphatlas/split_3/seed_3/cfg_cdb8fa8d24da
roman_empire__node_classification__graphatlas__split4__seed4__db1a1914cd79,db1a1914cd79,951b15df3076d947,roman_empire,node_classification,graphatlas,graphatlas,4,4,outputs/runs/roman_empire/node_classification/graphatlas/split_4/seed_4/cfg_db1a1914cd79
roman_empire__node_classification__graphatlas__split5__seed5__ac145ea635b2,ac145ea635b2,951b15df3076d947,roman_empire,node_classification,graphatlas,graphatlas,5,5,outputs/runs/roman_empire/node_classification/graphatlas/split_5/seed_5/cfg_ac145ea635b2
roman_empire__node_classification__graphatlas__split6__seed6__3be0accf0a03,3be0accf0a03,951b15df3076d947,roman_empire,node_classification,graphatlas,graphatlas,6,6,outputs/runs/roman_empire/node_classification/graphatlas/split_6/seed_6/cfg_3be0accf0a03
roman_empire__node_classification__graphatlas__split7__seed7__6493353cb20b,6493353cb20b,951b15df3076d947,roman_empire,node_classification,graphatlas,graphatlas,7,7,outputs/runs/roman_empire/node_classification/graphatlas/split_7/seed_7/cfg_6493353cb20b
roman_empire__node_classification__graphatlas__split8__seed8__557e2100bd1f,557e2100bd1f,951b15df3076d947,roman_empire,node_classification,graphatlas,graphatlas,8,8,outputs/runs/roman_empire/node_classification/graphatlas/split_8/seed_8/cfg_557e2100bd1f
roman_empire__node_classification__graphatlas__split9__seed9__b93171b8e12e,b93171b8e12e,951b15df3076d947,roman_empire,node_classification,graphatlas,graphatlas,9,9,outputs/runs/roman_empire/node_classification/graphatlas/split_9/seed_9/cfg_b93171b8e12e
amazon_ratings__node_classification__graphatlas_no_transport__split0__seed0__6909d189276e,6909d189276e,951b15df3076d947,amazon_ratings,node_classification,graphatlas_no_transport,graphatlas_no_transport,0,0,outputs/runs/amazon_ratings/node_classification/graphatlas_no_transport/split_0/seed_0/cfg_6909d189276e
amazon_ratings__node_classification__graphatlas_no_transport__split1__seed1__e4e508539e73,e4e508539e73,951b15df3076d947,amazon_ratings,node_classification,graphatlas_no_transport,graphatlas_no_transport,1,1,outputs/runs/amazon_ratings/node_classification/graphatlas_no_transport/split_1/seed_1/cfg_e4e508539e73
amazon_ratings__node_classification__graphatlas_no_transport__split2__seed2__713577d716bf,713577d716bf,951b15df3076d947,amazon_ratings,node_classification,graphatlas_no_transport,graphatlas_no_transport,2,2,outputs/runs/amazon_ratings/node_classification/graphatlas_no_transport/split_2/seed_2/cfg_713577d716bf
amazon_ratings__node_classification__graphatlas_no_transport__split3__seed3__a2c427167a0e,a2c427167a0e,951b15df3076d947,amazon_ratings,node_classification,graphatlas_no_transport,graphatlas_no_transport,3,3,outputs/runs/amazon_ratings/node_classification/graphatlas_no_transport/split_3/seed_3/cfg_a2c427167a0e
amazon_ratings__node_classification__graphatlas_no_transport__split4__seed4__03691fe29d54,03691fe29d54,951b15df3076d947,amazon_ratings,node_classification,graphatlas_no_transport,graphatlas_no_transport,4,4,outputs/runs/amazon_ratings/node_classification/graphatlas_no_transport/split_4/seed_4/cfg_03691fe29d54
amazon_ratings__node_classification__graphatlas_no_transport__split5__seed5__695f50397678,695f50397678,951b15df3076d947,amazon_ratings,node_classification,graphatlas_no_transport,graphatlas_no_transport,5,5,outputs/runs/amazon_ratings/node_classification/graphatlas_no_transport/split_5/seed_5/cfg_695f50397678
amazon_ratings__node_classification__graphatlas_no_transport__split6__seed6__db8ab0e0f93f,db8ab0e0f93f,951b15df3076d947,amazon_ratings,node_classification,graphatlas_no_transport,graphatlas_no_transport,6,6,outputs/runs/amazon_ratings/node_classification/graphatlas_no_transport/split_6/seed_6/cfg_db8ab0e0f93f
amazon_ratings__node_classification__graphatlas_no_transport__split7__seed7__4f328ff4d9c7,4f328ff4d9c7,951b15df3076d947,amazon_ratings,node_classification,graphatlas_no_transport,graphatlas_no_transport,7,7,outputs/runs/amazon_ratings/node_classification/graphatlas_no_transport/split_7/seed_7/cfg_4f328ff4d9c7
amazon_ratings__node_classification__graphatlas_no_transport__split8__seed8__eb84311dc2ea,eb84311dc2ea,951b15df3076d947,amazon_ratings,node_classification,graphatlas_no_transport,graphatlas_no_transport,8,8,outputs/runs/amazon_ratings/node_classification/graphatlas_no_transport/split_8/seed_8/cfg_eb84311dc2ea
amazon_ratings__node_classification__graphatlas_no_transport__split9__seed9__0fce025df76e,0fce025df76e,951b15df3076d947,amazon_ratings,node_classification,graphatlas_no_transport,graphatlas_no_transport,9,9,outputs/runs/amazon_ratings/node_classification/graphatlas_no_transport/split_9/seed_9/cfg_0fce025df76e
amazon_ratings__node_classification__graphatlas_free_transition__split0__seed0__3bb376c69339,3bb376c69339,951b15df3076d947,amazon_ratings,node_classification,graphatlas_free_transition,graphatlas_free_transition,0,0,outputs/runs/amazon_ratings/node_classification/graphatlas_free_transition/split_0/seed_0/cfg_3bb376c69339
amazon_ratings__node_classification__graphatlas_free_transition__split1__seed1__36acbd1ee8d0,36acbd1ee8d0,951b15df3076d947,amazon_ratings,node_classification,graphatlas_free_transition,graphatlas_free_transition,1,1,outputs/runs/amazon_ratings/node_classification/graphatlas_free_transition/split_1/seed_1/cfg_36acbd1ee8d0
amazon_ratings__node_classification__graphatlas_free_transition__split2__seed2__e4a95b57af54,e4a95b57af54,951b15df3076d947,amazon_ratings,node_classification,graphatlas_free_transition,graphatlas_free_transition,2,2,outputs/runs/amazon_ratings/node_classification/graphatlas_free_transition/split_2/seed_2/cfg_e4a95b57af54
amazon_ratings__node_classification__graphatlas_free_transition__split3__seed3__3591f3fea3a9,3591f3fea3a9,951b15df3076d947,amazon_ratings,node_classification,graphatlas_free_transition,graphatlas_free_transition,3,3,outputs/runs/amazon_ratings/node_classification/graphatlas_free_transition/split_3/seed_3/cfg_3591f3fea3a9
amazon_ratings__node_classification__graphatlas_free_transition__split4__seed4__b7d6cb43079c,b7d6cb43079c,951b15df3076d947,amazon_ratings,node_classification,graphatlas_free_transition,graphatlas_free_transition,4,4,outputs/runs/amazon_ratings/node_classification/graphatlas_free_transition/split_4/seed_4/cfg_b7d6cb43079c
amazon_ratings__node_classification__graphatlas_free_transition__split5__seed5__7b83d36dca7b,7b83d36dca7b,951b15df3076d947,amazon_ratings,node_classification,graphatlas_free_transition,graphatlas_free_transition,5,5,outputs/runs/amazon_ratings/node_classification/graphatlas_free_transition/split_5/seed_5/cfg_7b83d36dca7b
amazon_ratings__node_classification__graphatlas_free_transition__split6__seed6__ddf25a96ab65,ddf25a96ab65,951b15df3076d947,amazon_ratings,node_classification,graphatlas_free_transition,graphatlas_free_transition,6,6,outputs/runs/amazon_ratings/node_classification/graphatlas_free_transition/split_6/seed_6/cfg_ddf25a96ab65
amazon_ratings__node_classification__graphatlas_free_transition__split7__seed7__f85d7e2e6aff,f85d7e2e6aff,951b15df3076d947,amazon_ratings,node_classification,graphatlas_free_transition,graphatlas_free_transition,7,7,outputs/runs/amazon_ratings/node_classification/graphatlas_free_transition/split_7/seed_7/cfg_f85d7e2e6aff
amazon_ratings__node_classification__graphatlas_free_transition__split8__seed8__5f9d0a14dd28,5f9d0a14dd28,951b15df3076d947,amazon_ratings,node_classification,graphatlas_free_transition,graphatlas_free_transition,8,8,outputs/runs/amazon_ratings/node_classification/graphatlas_free_transition/split_8/seed_8/cfg_5f9d0a14dd28
amazon_ratings__node_classification__graphatlas_free_transition__split9__seed9__2c5630316bf7,2c5630316bf7,951b15df3076d947,amazon_ratings,node_classification,graphatlas_free_transition,graphatlas_free_transition,9,9,outputs/runs/amazon_ratings/node_classification/graphatlas_free_transition/split_9/seed_9/cfg_2c5630316bf7
amazon_ratings__node_classification__graphatlas_no_metric__split0__seed0__4c3f514c266a,4c3f514c266a,951b15df3076d947,amazon_ratings,node_classification,graphatlas_no_metric,graphatlas_no_metric,0,0,outputs/runs/amazon_ratings/node_classification/graphatlas_no_metric/split_0/seed_0/cfg_4c3f514c266a
amazon_ratings__node_classification__graphatlas_no_metric__split1__seed1__c768337664b2,c768337664b2,951b15df3076d947,amazon_ratings,node_classification,graphatlas_no_metric,graphatlas_no_metric,1,1,outputs/runs/amazon_ratings/node_classification/graphatlas_no_metric/split_1/seed_1/cfg_c768337664b2
amazon_ratings__node_classification__graphatlas_no_metric__split2__seed2__0888c9cdcdb6,0888c9cdcdb6,951b15df3076d947,amazon_ratings,node_classification,graphatlas_no_metric,graphatlas_no_metric,2,2,outputs/runs/amazon_ratings/node_classification/graphatlas_no_metric/split_2/seed_2/cfg_0888c9cdcdb6
amazon_ratings__node_classification__graphatlas_no_metric__split3__seed3__608386109ade,608386109ade,951b15df3076d947,amazon_ratings,node_classification,graphatlas_no_metric,graphatlas_no_metric,3,3,outputs/runs/amazon_ratings/node_classification/graphatlas_no_metric/split_3/seed_3/cfg_608386109ade
amazon_ratings__node_classification__graphatlas_no_metric__split4__seed4__74cae807ec7e,74cae807ec7e,951b15df3076d947,amazon_ratings,node_classification,graphatlas_no_metric,graphatlas_no_metric,4,4,outputs/runs/amazon_ratings/node_classification/graphatlas_no_metric/split_4/seed_4/cfg_74cae807ec7e
amazon_ratings__node_classification__graphatlas_no_metric__split5__seed5__c2be1d748990,c2be1d748990,951b15df3076d947,amazon_ratings,node_classification,graphatlas_no_metric,graphatlas_no_metric,5,5,outputs/runs/amazon_ratings/node_classification/graphatlas_no_metric/split_5/seed_5/cfg_c2be1d748990
amazon_ratings__node_classification__graphatlas_no_metric__split6__seed6__41c42cc60261,41c42cc60261,951b15df3076d947,amazon_ratings,node_classification,graphatlas_no_metric,graphatlas_no_metric,6,6,outputs/runs/amazon_ratings/node_classification/graphatlas_no_metric/split_6/seed_6/cfg_41c42cc60261
amazon_ratings__node_classification__graphatlas_no_metric__split7__seed7__a44558d986ac,a44558d986ac,951b15df3076d947,amazon_ratings,node_classification,graphatlas_no_metric,graphatlas_no_metric,7,7,outputs/runs/amazon_ratings/node_classification/graphatlas_no_metric/split_7/seed_7/cfg_a44558d986ac
amazon_ratings__node_classification__graphatlas_no_metric__split8__seed8__7a67b348f8a7,7a67b348f8a7,951b15df3076d947,amazon_ratings,node_classification,graphatlas_no_metric,graphatlas_no_metric,8,8,outputs/runs/amazon_ratings/node_classification/graphatlas_no_metric/split_8/seed_8/cfg_7a67b348f8a7
amazon_ratings__node_classification__graphatlas_no_metric__split9__seed9__bf4384ad24f4,bf4384ad24f4,951b15df3076d947,amazon_ratings,node_classification,graphatlas_no_metric,graphatlas_no_metric,9,9,outputs/runs/amazon_ratings/node_classification/graphatlas_no_metric/split_9/seed_9/cfg_bf4384ad24f4
amazon_ratings__node_classification__graphatlas_no_cocycle__split0__seed0__ad069d034213,ad069d034213,951b15df3076d947,amazon_ratings,node_classification,graphatlas_no_cocycle,graphatlas_no_cocycle,0,0,outputs/runs/amazon_ratings/node_classification/graphatlas_no_cocycle/split_0/seed_0/cfg_ad069d034213
amazon_ratings__node_classification__graphatlas_no_cocycle__split1__seed1__5aa51ea5c44c,5aa51ea5c44c,951b15df3076d947,amazon_ratings,node_classification,graphatlas_no_cocycle,graphatlas_no_cocycle,1,1,outputs/runs/amazon_ratings/node_classification/graphatlas_no_cocycle/split_1/seed_1/cfg_5aa51ea5c44c
amazon_ratings__node_classification__graphatlas_no_cocycle__split2__seed2__deb6e09c3f3d,deb6e09c3f3d,951b15df3076d947,amazon_ratings,node_classification,graphatlas_no_cocycle,graphatlas_no_cocycle,2,2,outputs/runs/amazon_ratings/node_classification/graphatlas_no_cocycle/split_2/seed_2/cfg_deb6e09c3f3d
amazon_ratings__node_classification__graphatlas_no_cocycle__split3__seed3__268679017684,268679017684,951b15df3076d947,amazon_ratings,node_classification,graphatlas_no_cocycle,graphatlas_no_cocycle,3,3,outputs/runs/amazon_ratings/node_classification/graphatlas_no_cocycle/split_3/seed_3/cfg_268679017684
amazon_ratings__node_classification__graphatlas_no_cocycle__split4__seed4__9e6c0db715e5,9e6c0db715e5,951b15df3076d947,amazon_ratings,node_classification,graphatlas_no_cocycle,graphatlas_no_cocycle,4,4,outputs/runs/amazon_ratings/node_classification/graphatlas_no_cocycle/split_4/seed_4/cfg_9e6c0db715e5
amazon_ratings__node_classification__graphatlas_no_cocycle__split5__seed5__a2993350c357,a2993350c357,951b15df3076d947,amazon_ratings,node_classification,graphatlas_no_cocycle,graphatlas_no_cocycle,5,5,outputs/runs/amazon_ratings/node_classification/graphatlas_no_cocycle/split_5/seed_5/cfg_a2993350c357
amazon_ratings__node_classification__graphatlas_no_cocycle__split6__seed6__1379c0adcab4,1379c0adcab4,951b15df3076d947,amazon_ratings,node_classification,graphatlas_no_cocycle,graphatlas_no_cocycle,6,6,outputs/runs/amazon_ratings/node_classification/graphatlas_no_cocycle/split_6/seed_6/cfg_1379c0adcab4
amazon_ratings__node_classification__graphatlas_no_cocycle__split7__seed7__fb622a593d4d,fb622a593d4d,951b15df3076d947,amazon_ratings,node_classification,graphatlas_no_cocycle,graphatlas_no_cocycle,7,7,outputs/runs/amazon_ratings/node_classification/graphatlas_no_cocycle/split_7/seed_7/cfg_fb622a593d4d
amazon_ratings__node_classification__graphatlas_no_cocycle__split8__seed8__8159e444e223,8159e444e223,951b15df3076d947,amazon_ratings,node_classification,graphatlas_no_cocycle,graphatlas_no_cocycle,8,8,outputs/runs/amazon_ratings/node_classification/graphatlas_no_cocycle/split_8/seed_8/cfg_8159e444e223
amazon_ratings__node_classification__graphatlas_no_cocycle__split9__seed9__d0781387b0e4,d0781387b0e4,951b15df3076d947,amazon_ratings,node_classification,graphatlas_no_cocycle,graphatlas_no_cocycle,9,9,outputs/runs/amazon_ratings/node_classification/graphatlas_no_cocycle/split_9/seed_9/cfg_d0781387b0e4
amazon_ratings__node_classification__graphatlas_no_overlap__split0__seed0__e1fec499aa95,e1fec499aa95,951b15df3076d947,amazon_ratings,node_classification,graphatlas_no_overlap,graphatlas_no_overlap,0,0,outputs/runs/amazon_ratings/node_classification/graphatlas_no_overlap/split_0/seed_0/cfg_e1fec499aa95
amazon_ratings__node_classification__graphatlas_no_overlap__split1__seed1__75a534a7921b,75a534a7921b,951b15df3076d947,amazon_ratings,node_classification,graphatlas_no_overlap,graphatlas_no_overlap,1,1,outputs/runs/amazon_ratings/node_classification/graphatlas_no_overlap/split_1/seed_1/cfg_75a534a7921b
amazon_ratings__node_classification__graphatlas_no_overlap__split2__seed2__ce96a14d8a05,ce96a14d8a05,951b15df3076d947,amazon_ratings,node_classification,graphatlas_no_overlap,graphatlas_no_overlap,2,2,outputs/runs/amazon_ratings/node_classification/graphatlas_no_overlap/split_2/seed_2/cfg_ce96a14d8a05
amazon_ratings__node_classification__graphatlas_no_overlap__split3__seed3__a9aa46166450,a9aa46166450,951b15df3076d947,amazon_ratings,node_classification,graphatlas_no_overlap,graphatlas_no_overlap,3,3,outputs/runs/amazon_ratings/node_classification/graphatlas_no_overlap/split_3/seed_3/cfg_a9aa46166450
amazon_ratings__node_classification__graphatlas_no_overlap__split4__seed4__1208a309dd74,1208a309dd74,951b15df3076d947,amazon_ratings,node_classification,graphatlas_no_overlap,graphatlas_no_overlap,4,4,outputs/runs/amazon_ratings/node_classification/graphatlas_no_overlap/split_4/seed_4/cfg_1208a309dd74
amazon_ratings__node_classification__graphatlas_no_overlap__split5__seed5__5c5b1da43e98,5c5b1da43e98,951b15df3076d947,amazon_ratings,node_classification,graphatlas_no_overlap,graphatlas_no_overlap,5,5,outputs/runs/amazon_ratings/node_classification/graphatlas_no_overlap/split_5/seed_5/cfg_5c5b1da43e98
amazon_ratings__node_classification__graphatlas_no_overlap__split6__seed6__2b3981a6d760,2b3981a6d760,951b15df3076d947,amazon_ratings,node_classification,graphatlas_no_overlap,graphatlas_no_overlap,6,6,outputs/runs/amazon_ratings/node_classification/graphatlas_no_overlap/split_6/seed_6/cfg_2b3981a6d760
amazon_ratings__node_classification__graphatlas_no_overlap__split7__seed7__dce7d842956f,dce7d842956f,951b15df3076d947,amazon_ratings,node_classification,graphatlas_no_overlap,graphatlas_no_overlap,7,7,outputs/runs/amazon_ratings/node_classification/graphatlas_no_overlap/split_7/seed_7/cfg_dce7d842956f
amazon_ratings__node_classification__graphatlas_no_overlap__split8__seed8__7017ec5af23e,7017ec5af23e,951b15df3076d947,amazon_ratings,node_classification,graphatlas_no_overlap,graphatlas_no_overlap,8,8,outputs/runs/amazon_ratings/node_classification/graphatlas_no_overlap/split_8/seed_8/cfg_7017ec5af23e
amazon_ratings__node_classification__graphatlas_no_overlap__split9__seed9__3e28cfd71b6b,3e28cfd71b6b,951b15df3076d947,amazon_ratings,node_classification,graphatlas_no_overlap,graphatlas_no_overlap,9,9,outputs/runs/amazon_ratings/node_classification/graphatlas_no_overlap/split_9/seed_9/cfg_3e28cfd71b6b
amazon_ratings__node_classification__graphatlas__split0__seed0__ce7d8e320889,ce7d8e320889,951b15df3076d947,amazon_ratings,node_classification,graphatlas,graphatlas,0,0,outputs/runs/amazon_ratings/node_classification/graphatlas/split_0/seed_0/cfg_ce7d8e320889
amazon_ratings__node_classification__graphatlas__split1__seed1__fdb0e295195c,fdb0e295195c,951b15df3076d947,amazon_ratings,node_classification,graphatlas,graphatlas,1,1,outputs/runs/amazon_ratings/node_classification/graphatlas/split_1/seed_1/cfg_fdb0e295195c
amazon_ratings__node_classification__graphatlas__split2__seed2__d548cb45de24,d548cb45de24,951b15df3076d947,amazon_ratings,node_classification,graphatlas,graphatlas,2,2,outputs/runs/amazon_ratings/node_classification/graphatlas/split_2/seed_2/cfg_d548cb45de24
amazon_ratings__node_classification__graphatlas__split3__seed3__e1588eb4546f,e1588eb4546f,951b15df3076d947,amazon_ratings,node_classification,graphatlas,graphatlas,3,3,outputs/runs/amazon_ratings/node_classification/graphatlas/split_3/seed_3/cfg_e1588eb4546f
amazon_ratings__node_classification__graphatlas__split4__seed4__8903b8f3ebf4,8903b8f3ebf4,951b15df3076d947,amazon_ratings,node_classification,graphatlas,graphatlas,4,4,outputs/runs/amazon_ratings/node_classification/graphatlas/split_4/seed_4/cfg_8903b8f3ebf4
amazon_ratings__node_classification__graphatlas__split5__seed5__0bf4d54772a2,0bf4d54772a2,951b15df3076d947,amazon_ratings,node_classification,graphatlas,graphatlas,5,5,outputs/runs/amazon_ratings/node_classification/graphatlas/split_5/seed_5/cfg_0bf4d54772a2
amazon_ratings__node_classification__graphatlas__split6__seed6__0c80ccde4f14,0c80ccde4f14,951b15df3076d947,amazon_ratings,node_classification,graphatlas,graphatlas,6,6,outputs/runs/amazon_ratings/node_classification/graphatlas/split_6/seed_6/cfg_0c80ccde4f14
amazon_ratings__node_classification__graphatlas__split7__seed7__6757dee743f6,6757dee743f6,951b15df3076d947,amazon_ratings,node_classification,graphatlas,graphatlas,7,7,outputs/runs/amazon_ratings/node_classification/graphatlas/split_7/seed_7/cfg_6757dee743f6
amazon_ratings__node_classification__graphatlas__split8__seed8__a04bd1c6a928,a04bd1c6a928,951b15df3076d947,amazon_ratings,node_classification,graphatlas,graphatlas,8,8,outputs/runs/amazon_ratings/node_classification/graphatlas/split_8/seed_8/cfg_a04bd1c6a928
amazon_ratings__node_classification__graphatlas__split9__seed9__08cb681df479,08cb681df479,951b15df3076d947,amazon_ratings,node_classification,graphatlas,graphatlas,9,9,outputs/runs/amazon_ratings/node_classification/graphatlas/split_9/seed_9/cfg_08cb681df479
minesweeper__node_classification__graphatlas_no_transport__split0__seed0__21b585c70a4c,21b585c70a4c,951b15df3076d947,minesweeper,node_classification,graphatlas_no_transport,graphatlas_no_transport,0,0,outputs/runs/minesweeper/node_classification/graphatlas_no_transport/split_0/seed_0/cfg_21b585c70a4c
minesweeper__node_classification__graphatlas_no_transport__split1__seed1__e47e4b7d960c,e47e4b7d960c,951b15df3076d947,minesweeper,node_classification,graphatlas_no_transport,graphatlas_no_transport,1,1,outputs/runs/minesweeper/node_classification/graphatlas_no_transport/split_1/seed_1/cfg_e47e4b7d960c
minesweeper__node_classification__graphatlas_no_transport__split2__seed2__ed8a9462e69b,ed8a9462e69b,951b15df3076d947,minesweeper,node_classification,graphatlas_no_transport,graphatlas_no_transport,2,2,outputs/runs/minesweeper/node_classification/graphatlas_no_transport/split_2/seed_2/cfg_ed8a9462e69b
minesweeper__node_classification__graphatlas_no_transport__split3__seed3__768227a8483f,768227a8483f,951b15df3076d947,minesweeper,node_classification,graphatlas_no_transport,graphatlas_no_transport,3,3,outputs/runs/minesweeper/node_classification/graphatlas_no_transport/split_3/seed_3/cfg_768227a8483f
minesweeper__node_classification__graphatlas_no_transport__split4__seed4__a9096c627f4a,a9096c627f4a,951b15df3076d947,minesweeper,node_classification,graphatlas_no_transport,graphatlas_no_transport,4,4,outputs/runs/minesweeper/node_classification/graphatlas_no_transport/split_4/seed_4/cfg_a9096c627f4a
minesweeper__node_classification__graphatlas_no_transport__split5__seed5__b9055ce63e4d,b9055ce63e4d,951b15df3076d947,minesweeper,node_classification,graphatlas_no_transport,graphatlas_no_transport,5,5,outputs/runs/minesweeper/node_classification/graphatlas_no_transport/split_5/seed_5/cfg_b9055ce63e4d
minesweeper__node_classification__graphatlas_no_transport__split6__seed6__a92e64abdfda,a92e64abdfda,951b15df3076d947,minesweeper,node_classification,graphatlas_no_transport,graphatlas_no_transport,6,6,outputs/runs/minesweeper/node_classification/graphatlas_no_transport/split_6/seed_6/cfg_a92e64abdfda
minesweeper__node_classification__graphatlas_no_transport__split7__seed7__ef21f1f88ae2,ef21f1f88ae2,951b15df3076d947,minesweeper,node_classification,graphatlas_no_transport,graphatlas_no_transport,7,7,outputs/runs/minesweeper/node_classification/graphatlas_no_transport/split_7/seed_7/cfg_ef21f1f88ae2
minesweeper__node_classification__graphatlas_no_transport__split8__seed8__2efca72c03db,2efca72c03db,951b15df3076d947,minesweeper,node_classification,graphatlas_no_transport,graphatlas_no_transport,8,8,outputs/runs/minesweeper/node_classification/graphatlas_no_transport/split_8/seed_8/cfg_2efca72c03db
minesweeper__node_classification__graphatlas_no_transport__split9__seed9__c2764abc3bd7,c2764abc3bd7,951b15df3076d947,minesweeper,node_classification,graphatlas_no_transport,graphatlas_no_transport,9,9,outputs/runs/minesweeper/node_classification/graphatlas_no_transport/split_9/seed_9/cfg_c2764abc3bd7
minesweeper__node_classification__graphatlas_free_transition__split0__seed0__d2a031cc3484,d2a031cc3484,951b15df3076d947,minesweeper,node_classification,graphatlas_free_transition,graphatlas_free_transition,0,0,outputs/runs/minesweeper/node_classification/graphatlas_free_transition/split_0/seed_0/cfg_d2a031cc3484
minesweeper__node_classification__graphatlas_free_transition__split1__seed1__f345efe31245,f345efe31245,951b15df3076d947,minesweeper,node_classification,graphatlas_free_transition,graphatlas_free_transition,1,1,outputs/runs/minesweeper/node_classification/graphatlas_free_transition/split_1/seed_1/cfg_f345efe31245
minesweeper__node_classification__graphatlas_free_transition__split2__seed2__5dedfab31133,5dedfab31133,951b15df3076d947,minesweeper,node_classification,graphatlas_free_transition,graphatlas_free_transition,2,2,outputs/runs/minesweeper/node_classification/graphatlas_free_transition/split_2/seed_2/cfg_5dedfab31133
minesweeper__node_classification__graphatlas_free_transition__split3__seed3__d67208531a4a,d67208531a4a,951b15df3076d947,minesweeper,node_classification,graphatlas_free_transition,graphatlas_free_transition,3,3,outputs/runs/minesweeper/node_classification/graphatlas_free_transition/split_3/seed_3/cfg_d67208531a4a
minesweeper__node_classification__graphatlas_free_transition__split4__seed4__32dd8f6911f9,32dd8f6911f9,951b15df3076d947,minesweeper,node_classification,graphatlas_free_transition,graphatlas_free_transition,4,4,outputs/runs/minesweeper/node_classification/graphatlas_free_transition/split_4/seed_4/cfg_32dd8f6911f9
minesweeper__node_classification__graphatlas_free_transition__split5__seed5__0bc4e127de18,0bc4e127de18,951b15df3076d947,minesweeper,node_classification,graphatlas_free_transition,graphatlas_free_transition,5,5,outputs/runs/minesweeper/node_classification/graphatlas_free_transition/split_5/seed_5/cfg_0bc4e127de18
minesweeper__node_classification__graphatlas_free_transition__split6__seed6__5e8f0aa4c040,5e8f0aa4c040,951b15df3076d947,minesweeper,node_classification,graphatlas_free_transition,graphatlas_free_transition,6,6,outputs/runs/minesweeper/node_classification/graphatlas_free_transition/split_6/seed_6/cfg_5e8f0aa4c040
minesweeper__node_classification__graphatlas_free_transition__split7__seed7__31cf60b022b1,31cf60b022b1,951b15df3076d947,minesweeper,node_classification,graphatlas_free_transition,graphatlas_free_transition,7,7,outputs/runs/minesweeper/node_classification/graphatlas_free_transition/split_7/seed_7/cfg_31cf60b022b1
minesweeper__node_classification__graphatlas_free_transition__split8__seed8__ae6abefb7b69,ae6abefb7b69,951b15df3076d947,minesweeper,node_classification,graphatlas_free_transition,graphatlas_free_transition,8,8,outputs/runs/minesweeper/node_classification/graphatlas_free_transition/split_8/seed_8/cfg_ae6abefb7b69
minesweeper__node_classification__graphatlas_free_transition__split9__seed9__422276f5e594,422276f5e594,951b15df3076d947,minesweeper,node_classification,graphatlas_free_transition,graphatlas_free_transition,9,9,outputs/runs/minesweeper/node_classification/graphatlas_free_transition/split_9/seed_9/cfg_422276f5e594
minesweeper__node_classification__graphatlas_no_metric__split0__seed0__146137d284ec,146137d284ec,951b15df3076d947,minesweeper,node_classification,graphatlas_no_metric,graphatlas_no_metric,0,0,outputs/runs/minesweeper/node_classification/graphatlas_no_metric/split_0/seed_0/cfg_146137d284ec
minesweeper__node_classification__graphatlas_no_metric__split1__seed1__3fc57c3cc427,3fc57c3cc427,951b15df3076d947,minesweeper,node_classification,graphatlas_no_metric,graphatlas_no_metric,1,1,outputs/runs/minesweeper/node_classification/graphatlas_no_metric/split_1/seed_1/cfg_3fc57c3cc427
minesweeper__node_classification__graphatlas_no_metric__split2__seed2__cb35da243108,cb35da243108,951b15df3076d947,minesweeper,node_classification,graphatlas_no_metric,graphatlas_no_metric,2,2,outputs/runs/minesweeper/node_classification/graphatlas_no_metric/split_2/seed_2/cfg_cb35da243108
minesweeper__node_classification__graphatlas_no_metric__split3__seed3__5b05664488ac,5b05664488ac,951b15df3076d947,minesweeper,node_classification,graphatlas_no_metric,graphatlas_no_metric,3,3,outputs/runs/minesweeper/node_classification/graphatlas_no_metric/split_3/seed_3/cfg_5b05664488ac
minesweeper__node_classification__graphatlas_no_metric__split4__seed4__083e6ac5fcd2,083e6ac5fcd2,951b15df3076d947,minesweeper,node_classification,graphatlas_no_metric,graphatlas_no_metric,4,4,outputs/runs/minesweeper/node_classification/graphatlas_no_metric/split_4/seed_4/cfg_083e6ac5fcd2
minesweeper__node_classification__graphatlas_no_metric__split5__seed5__3d35965d06ba,3d35965d06ba,951b15df3076d947,minesweeper,node_classification,graphatlas_no_metric,graphatlas_no_metric,5,5,outputs/runs/minesweeper/node_classification/graphatlas_no_metric/split_5/seed_5/cfg_3d35965d06ba
minesweeper__node_classification__graphatlas_no_metric__split6__seed6__1dda5e0bb340,1dda5e0bb340,951b15df3076d947,minesweeper,node_classification,graphatlas_no_metric,graphatlas_no_metric,6,6,outputs/runs/minesweeper/node_classification/graphatlas_no_metric/split_6/seed_6/cfg_1dda5e0bb340
minesweeper__node_classification__graphatlas_no_metric__split7__seed7__95990a5eafe1,95990a5eafe1,951b15df3076d947,minesweeper,node_classification,graphatlas_no_metric,graphatlas_no_metric,7,7,outputs/runs/minesweeper/node_classification/graphatlas_no_metric/split_7/seed_7/cfg_95990a5eafe1
minesweeper__node_classification__graphatlas_no_metric__split8__seed8__5262f65e1dda,5262f65e1dda,951b15df3076d947,minesweeper,node_classification,graphatlas_no_metric,graphatlas_no_metric,8,8,outputs/runs/minesweeper/node_classification/graphatlas_no_metric/split_8/seed_8/cfg_5262f65e1dda
minesweeper__node_classification__graphatlas_no_metric__split9__seed9__9525140cd521,9525140cd521,951b15df3076d947,minesweeper,node_classification,graphatlas_no_metric,graphatlas_no_metric,9,9,outputs/runs/minesweeper/node_classification/graphatlas_no_metric/split_9/seed_9/cfg_9525140cd521
minesweeper__node_classification__graphatlas_no_cocycle__split0__seed0__944b7fee0235,944b7fee0235,951b15df3076d947,minesweeper,node_classification,graphatlas_no_cocycle,graphatlas_no_cocycle,0,0,outputs/runs/minesweeper/node_classification/graphatlas_no_cocycle/split_0/seed_0/cfg_944b7fee0235
minesweeper__node_classification__graphatlas_no_cocycle__split1__seed1__3f27e7ed8de5,3f27e7ed8de5,951b15df3076d947,minesweeper,node_classification,graphatlas_no_cocycle,graphatlas_no_cocycle,1,1,outputs/runs/minesweeper/node_classification/graphatlas_no_cocycle/split_1/seed_1/cfg_3f27e7ed8de5
minesweeper__node_classification__graphatlas_no_cocycle__split2__seed2__ef6728593363,ef6728593363,951b15df3076d947,minesweeper,node_classification,graphatlas_no_cocycle,graphatlas_no_cocycle,2,2,outputs/runs/minesweeper/node_classification/graphatlas_no_cocycle/split_2/seed_2/cfg_ef6728593363
minesweeper__node_classification__graphatlas_no_cocycle__split3__seed3__d83ff9dee5f3,d83ff9dee5f3,951b15df3076d947,minesweeper,node_classification,graphatlas_no_cocycle,graphatlas_no_cocycle,3,3,outputs/runs/minesweeper/node_classification/graphatlas_no_cocycle/split_3/seed_3/cfg_d83ff9dee5f3
minesweeper__node_classification__graphatlas_no_cocycle__split4__seed4__87e21fd865be,87e21fd865be,951b15df3076d947,minesweeper,node_classification,graphatlas_no_cocycle,graphatlas_no_cocycle,4,4,outputs/runs/minesweeper/node_classification/graphatlas_no_cocycle/split_4/seed_4/cfg_87e21fd865be
minesweeper__node_classification__graphatlas_no_cocycle__split5__seed5__150f16d3ee65,150f16d3ee65,951b15df3076d947,minesweeper,node_classification,graphatlas_no_cocycle,graphatlas_no_cocycle,5,5,outputs/runs/minesweeper/node_classification/graphatlas_no_cocycle/split_5/seed_5/cfg_150f16d3ee65
minesweeper__node_classification__graphatlas_no_cocycle__split6__seed6__8e5894bc2074,8e5894bc2074,951b15df3076d947,minesweeper,node_classification,graphatlas_no_cocycle,graphatlas_no_cocycle,6,6,outputs/runs/minesweeper/node_classification/graphatlas_no_cocycle/split_6/seed_6/cfg_8e5894bc2074
minesweeper__node_classification__graphatlas_no_cocycle__split7__seed7__d717aa9ad13b,d717aa9ad13b,951b15df3076d947,minesweeper,node_classification,graphatlas_no_cocycle,graphatlas_no_cocycle,7,7,outputs/runs/minesweeper/node_classification/graphatlas_no_cocycle/split_7/seed_7/cfg_d717aa9ad13b
minesweeper__node_classification__graphatlas_no_cocycle__split8__seed8__875be58c0da9,875be58c0da9,951b15df3076d947,minesweeper,node_classification,graphatlas_no_cocycle,graphatlas_no_cocycle,8,8,outputs/runs/minesweeper/node_classification/graphatlas_no_cocycle/split_8/seed_8/cfg_875be58c0da9
minesweeper__node_classification__graphatlas_no_cocycle__split9__seed9__514b68de8be6,514b68de8be6,951b15df3076d947,minesweeper,node_classification,graphatlas_no_cocycle,graphatlas_no_cocycle,9,9,outputs/runs/minesweeper/node_classification/graphatlas_no_cocycle/split_9/seed_9/cfg_514b68de8be6
minesweeper__node_classification__graphatlas_no_overlap__split0__seed0__ee148ebd5f5c,ee148ebd5f5c,951b15df3076d947,minesweeper,node_classification,graphatlas_no_overlap,graphatlas_no_overlap,0,0,outputs/runs/minesweeper/node_classification/graphatlas_no_overlap/split_0/seed_0/cfg_ee148ebd5f5c
minesweeper__node_classification__graphatlas_no_overlap__split1__seed1__5074cd12570e,5074cd12570e,951b15df3076d947,minesweeper,node_classification,graphatlas_no_overlap,graphatlas_no_overlap,1,1,outputs/runs/minesweeper/node_classification/graphatlas_no_overlap/split_1/seed_1/cfg_5074cd12570e
minesweeper__node_classification__graphatlas_no_overlap__split2__seed2__36b003ac43d2,36b003ac43d2,951b15df3076d947,minesweeper,node_classification,graphatlas_no_overlap,graphatlas_no_overlap,2,2,outputs/runs/minesweeper/node_classification/graphatlas_no_overlap/split_2/seed_2/cfg_36b003ac43d2
minesweeper__node_classification__graphatlas_no_overlap__split3__seed3__2daaa95725f6,2daaa95725f6,951b15df3076d947,minesweeper,node_classification,graphatlas_no_overlap,graphatlas_no_overlap,3,3,outputs/runs/minesweeper/node_classification/graphatlas_no_overlap/split_3/seed_3/cfg_2daaa95725f6
minesweeper__node_classification__graphatlas_no_overlap__split4__seed4__77e3455ebd36,77e3455ebd36,951b15df3076d947,minesweeper,node_classification,graphatlas_no_overlap,graphatlas_no_overlap,4,4,outputs/runs/minesweeper/node_classification/graphatlas_no_overlap/split_4/seed_4/cfg_77e3455ebd36
minesweeper__node_classification__graphatlas_no_overlap__split5__seed5__7b4068e06e66,7b4068e06e66,951b15df3076d947,minesweeper,node_classification,graphatlas_no_overlap,graphatlas_no_overlap,5,5,outputs/runs/minesweeper/node_classification/graphatlas_no_overlap/split_5/seed_5/cfg_7b4068e06e66
minesweeper__node_classification__graphatlas_no_overlap__split6__seed6__0afc5f954466,0afc5f954466,951b15df3076d947,minesweeper,node_classification,graphatlas_no_overlap,graphatlas_no_overlap,6,6,outputs/runs/minesweeper/node_classification/graphatlas_no_overlap/split_6/seed_6/cfg_0afc5f954466
minesweeper__node_classification__graphatlas_no_overlap__split7__seed7__f1718fe0b598,f1718fe0b598,951b15df3076d947,minesweeper,node_classification,graphatlas_no_overlap,graphatlas_no_overlap,7,7,outputs/runs/minesweeper/node_classification/graphatlas_no_overlap/split_7/seed_7/cfg_f1718fe0b598
minesweeper__node_classification__graphatlas_no_overlap__split8__seed8__2bb8a548e55d,2bb8a548e55d,951b15df3076d947,minesweeper,node_classification,graphatlas_no_overlap,graphatlas_no_overlap,8,8,outputs/runs/minesweeper/node_classification/graphatlas_no_overlap/split_8/seed_8/cfg_2bb8a548e55d
minesweeper__node_classification__graphatlas_no_overlap__split9__seed9__cfe12e582ccd,cfe12e582ccd,951b15df3076d947,minesweeper,node_classification,graphatlas_no_overlap,graphatlas_no_overlap,9,9,outputs/runs/minesweeper/node_classification/graphatlas_no_overlap/split_9/seed_9/cfg_cfe12e582ccd
minesweeper__node_classification__graphatlas__split0__seed0__dbec06ee30c5,dbec06ee30c5,951b15df3076d947,minesweeper,node_classification,graphatlas,graphatlas,0,0,outputs/runs/minesweeper/node_classification/graphatlas/split_0/seed_0/cfg_dbec06ee30c5
minesweeper__node_classification__graphatlas__split1__seed1__73545463a657,73545463a657,951b15df3076d947,minesweeper,node_classification,graphatlas,graphatlas,1,1,outputs/runs/minesweeper/node_classification/graphatlas/split_1/seed_1/cfg_73545463a657
minesweeper__node_classification__graphatlas__split2__seed2__05d86f2e9704,05d86f2e9704,951b15df3076d947,minesweeper,node_classification,graphatlas,graphatlas,2,2,outputs/runs/minesweeper/node_classification/graphatlas/split_2/seed_2/cfg_05d86f2e9704
minesweeper__node_classification__graphatlas__split3__seed3__33f0de0f3313,33f0de0f3313,951b15df3076d947,minesweeper,node_classification,graphatlas,graphatlas,3,3,outputs/runs/minesweeper/node_classification/graphatlas/split_3/seed_3/cfg_33f0de0f3313
minesweeper__node_classification__graphatlas__split4__seed4__ff035058b190,ff035058b190,951b15df3076d947,minesweeper,node_classification,graphatlas,graphatlas,4,4,outputs/runs/minesweeper/node_classification/graphatlas/split_4/seed_4/cfg_ff035058b190
minesweeper__node_classification__graphatlas__split5__seed5__e3efd935cfa0,e3efd935cfa0,951b15df3076d947,minesweeper,node_classification,graphatlas,graphatlas,5,5,outputs/runs/minesweeper/node_classification/graphatlas/split_5/seed_5/cfg_e3efd935cfa0
minesweeper__node_classification__graphatlas__split6__seed6__73356c23f93b,73356c23f93b,951b15df3076d947,minesweeper,node_classification,graphatlas,graphatlas,6,6,outputs/runs/minesweeper/node_classification/graphatlas/split_6/seed_6/cfg_73356c23f93b
minesweeper__node_classification__graphatlas__split7__seed7__daece3ded00d,daece3ded00d,951b15df3076d947,minesweeper,node_classification,graphatlas,graphatlas,7,7,outputs/runs/minesweeper/node_classification/graphatlas/split_7/seed_7/cfg_daece3ded00d
minesweeper__node_classification__graphatlas__split8__seed8__5a13679a16e1,5a13679a16e1,951b15df3076d947,minesweeper,node_classification,graphatlas,graphatlas,8,8,outputs/runs/minesweeper/node_classification/graphatlas/split_8/seed_8/cfg_5a13679a16e1
minesweeper__node_classification__graphatlas__split9__seed9__158c6470e206,158c6470e206,951b15df3076d947,minesweeper,node_classification,graphatlas,graphatlas,9,9,outputs/runs/minesweeper/node_classification/graphatlas/split_9/seed_9/cfg_158c6470e206
tolokers__node_classification__graphatlas_no_transport__split0__seed0__296f75f99a15,296f75f99a15,951b15df3076d947,tolokers,node_classification,graphatlas_no_transport,graphatlas_no_transport,0,0,outputs/runs/tolokers/node_classification/graphatlas_no_transport/split_0/seed_0/cfg_296f75f99a15
tolokers__node_classification__graphatlas_no_transport__split1__seed1__2c1459316e14,2c1459316e14,951b15df3076d947,tolokers,node_classification,graphatlas_no_transport,graphatlas_no_transport,1,1,outputs/runs/tolokers/node_classification/graphatlas_no_transport/split_1/seed_1/cfg_2c1459316e14
tolokers__node_classification__graphatlas_no_transport__split2__seed2__7d19bdb28656,7d19bdb28656,951b15df3076d947,tolokers,node_classification,graphatlas_no_transport,graphatlas_no_transport,2,2,outputs/runs/tolokers/node_classification/graphatlas_no_transport/split_2/seed_2/cfg_7d19bdb28656
tolokers__node_classification__graphatlas_no_transport__split3__seed3__971cc06b41ef,971cc06b41ef,951b15df3076d947,tolokers,node_classification,graphatlas_no_transport,graphatlas_no_transport,3,3,outputs/runs/tolokers/node_classification/graphatlas_no_transport/split_3/seed_3/cfg_971cc06b41ef
tolokers__node_classification__graphatlas_no_transport__split4__seed4__892b21894dc5,892b21894dc5,951b15df3076d947,tolokers,node_classification,graphatlas_no_transport,graphatlas_no_transport,4,4,outputs/runs/tolokers/node_classification/graphatlas_no_transport/split_4/seed_4/cfg_892b21894dc5
tolokers__node_classification__graphatlas_no_transport__split5__seed5__91d6c95a478e,91d6c95a478e,951b15df3076d947,tolokers,node_classification,graphatlas_no_transport,graphatlas_no_transport,5,5,outputs/runs/tolokers/node_classification/graphatlas_no_transport/split_5/seed_5/cfg_91d6c95a478e
tolokers__node_classification__graphatlas_no_transport__split6__seed6__88d9b13ff10b,88d9b13ff10b,951b15df3076d947,tolokers,node_classification,graphatlas_no_transport,graphatlas_no_transport,6,6,outputs/runs/tolokers/node_classification/graphatlas_no_transport/split_6/seed_6/cfg_88d9b13ff10b
tolokers__node_classification__graphatlas_no_transport__split7__seed7__23d2e5848fa9,23d2e5848fa9,951b15df3076d947,tolokers,node_classification,graphatlas_no_transport,graphatlas_no_transport,7,7,outputs/runs/tolokers/node_classification/graphatlas_no_transport/split_7/seed_7/cfg_23d2e5848fa9
tolokers__node_classification__graphatlas_no_transport__split8__seed8__6e74b8bc12ab,6e74b8bc12ab,951b15df3076d947,tolokers,node_classification,graphatlas_no_transport,graphatlas_no_transport,8,8,outputs/runs/tolokers/node_classification/graphatlas_no_transport/split_8/seed_8/cfg_6e74b8bc12ab
tolokers__node_classification__graphatlas_no_transport__split9__seed9__430b7130997b,430b7130997b,951b15df3076d947,tolokers,node_classification,graphatlas_no_transport,graphatlas_no_transport,9,9,outputs/runs/tolokers/node_classification/graphatlas_no_transport/split_9/seed_9/cfg_430b7130997b
tolokers__node_classification__graphatlas_free_transition__split0__seed0__2d1d15cee15c,2d1d15cee15c,951b15df3076d947,tolokers,node_classification,graphatlas_free_transition,graphatlas_free_transition,0,0,outputs/runs/tolokers/node_classification/graphatlas_free_transition/split_0/seed_0/cfg_2d1d15cee15c
tolokers__node_classification__graphatlas_free_transition__split1__seed1__ec9325620df0,ec9325620df0,951b15df3076d947,tolokers,node_classification,graphatlas_free_transition,graphatlas_free_transition,1,1,outputs/runs/tolokers/node_classification/graphatlas_free_transition/split_1/seed_1/cfg_ec9325620df0
tolokers__node_classification__graphatlas_free_transition__split2__seed2__a4524cd29393,a4524cd29393,951b15df3076d947,tolokers,node_classification,graphatlas_free_transition,graphatlas_free_transition,2,2,outputs/runs/tolokers/node_classification/graphatlas_free_transition/split_2/seed_2/cfg_a4524cd29393
tolokers__node_classification__graphatlas_free_transition__split3__seed3__9019077257d9,9019077257d9,951b15df3076d947,tolokers,node_classification,graphatlas_free_transition,graphatlas_free_transition,3,3,outputs/runs/tolokers/node_classification/graphatlas_free_transition/split_3/seed_3/cfg_9019077257d9
tolokers__node_classification__graphatlas_free_transition__split4__seed4__2f70d6d43367,2f70d6d43367,951b15df3076d947,tolokers,node_classification,graphatlas_free_transition,graphatlas_free_transition,4,4,outputs/runs/tolokers/node_classification/graphatlas_free_transition/split_4/seed_4/cfg_2f70d6d43367
tolokers__node_classification__graphatlas_free_transition__split5__seed5__376582404f5d,376582404f5d,951b15df3076d947,tolokers,node_classification,graphatlas_free_transition,graphatlas_free_transition,5,5,outputs/runs/tolokers/node_classification/graphatlas_free_transition/split_5/seed_5/cfg_376582404f5d
tolokers__node_classification__graphatlas_free_transition__split6__seed6__6d7ede7ce99b,6d7ede7ce99b,951b15df3076d947,tolokers,node_classification,graphatlas_free_transition,graphatlas_free_transition,6,6,outputs/runs/tolokers/node_classification/graphatlas_free_transition/split_6/seed_6/cfg_6d7ede7ce99b
tolokers__node_classification__graphatlas_free_transition__split7__seed7__e6e1a7ffc166,e6e1a7ffc166,951b15df3076d947,tolokers,node_classification,graphatlas_free_transition,graphatlas_free_transition,7,7,outputs/runs/tolokers/node_classification/graphatlas_free_transition/split_7/seed_7/cfg_e6e1a7ffc166
tolokers__node_classification__graphatlas_free_transition__split8__seed8__5e3dc04ded56,5e3dc04ded56,951b15df3076d947,tolokers,node_classification,graphatlas_free_transition,graphatlas_free_transition,8,8,outputs/runs/tolokers/node_classification/graphatlas_free_transition/split_8/seed_8/cfg_5e3dc04ded56
tolokers__node_classification__graphatlas_free_transition__split9__seed9__88e69af4b8dd,88e69af4b8dd,951b15df3076d947,tolokers,node_classification,graphatlas_free_transition,graphatlas_free_transition,9,9,outputs/runs/tolokers/node_classification/graphatlas_free_transition/split_9/seed_9/cfg_88e69af4b8dd
tolokers__node_classification__graphatlas_no_metric__split0__seed0__c7634108fa36,c7634108fa36,951b15df3076d947,tolokers,node_classification,graphatlas_no_metric,graphatlas_no_metric,0,0,outputs/runs/tolokers/node_classification/graphatlas_no_metric/split_0/seed_0/cfg_c7634108fa36
tolokers__node_classification__graphatlas_no_metric__split1__seed1__ee981351a978,ee981351a978,951b15df3076d947,tolokers,node_classification,graphatlas_no_metric,graphatlas_no_metric,1,1,outputs/runs/tolokers/node_classification/graphatlas_no_metric/split_1/seed_1/cfg_ee981351a978
tolokers__node_classification__graphatlas_no_metric__split2__seed2__0b3f6b9c500f,0b3f6b9c500f,951b15df3076d947,tolokers,node_classification,graphatlas_no_metric,graphatlas_no_metric,2,2,outputs/runs/tolokers/node_classification/graphatlas_no_metric/split_2/seed_2/cfg_0b3f6b9c500f
tolokers__node_classification__graphatlas_no_metric__split3__seed3__42a74b886e4f,42a74b886e4f,951b15df3076d947,tolokers,node_classification,graphatlas_no_metric,graphatlas_no_metric,3,3,outputs/runs/tolokers/node_classification/graphatlas_no_metric/split_3/seed_3/cfg_42a74b886e4f
tolokers__node_classification__graphatlas_no_metric__split4__seed4__57d72e7cce44,57d72e7cce44,951b15df3076d947,tolokers,node_classification,graphatlas_no_metric,graphatlas_no_metric,4,4,outputs/runs/tolokers/node_classification/graphatlas_no_metric/split_4/seed_4/cfg_57d72e7cce44
tolokers__node_classification__graphatlas_no_metric__split5__seed5__124dee4ddd9b,124dee4ddd9b,951b15df3076d947,tolokers,node_classification,graphatlas_no_metric,graphatlas_no_metric,5,5,outputs/runs/tolokers/node_classification/graphatlas_no_metric/split_5/seed_5/cfg_124dee4ddd9b
tolokers__node_classification__graphatlas_no_metric__split6__seed6__d689940c8701,d689940c8701,951b15df3076d947,tolokers,node_classification,graphatlas_no_metric,graphatlas_no_metric,6,6,outputs/runs/tolokers/node_classification/graphatlas_no_metric/split_6/seed_6/cfg_d689940c8701
tolokers__node_classification__graphatlas_no_metric__split7__seed7__adcef4e6f244,adcef4e6f244,951b15df3076d947,tolokers,node_classification,graphatlas_no_metric,graphatlas_no_metric,7,7,outputs/runs/tolokers/node_classification/graphatlas_no_metric/split_7/seed_7/cfg_adcef4e6f244
tolokers__node_classification__graphatlas_no_metric__split8__seed8__b6069df638de,b6069df638de,951b15df3076d947,tolokers,node_classification,graphatlas_no_metric,graphatlas_no_metric,8,8,outputs/runs/tolokers/node_classification/graphatlas_no_metric/split_8/seed_8/cfg_b6069df638de
tolokers__node_classification__graphatlas_no_metric__split9__seed9__8a5cdfde7a9e,8a5cdfde7a9e,951b15df3076d947,tolokers,node_classification,graphatlas_no_metric,graphatlas_no_metric,9,9,outputs/runs/tolokers/node_classification/graphatlas_no_metric/split_9/seed_9/cfg_8a5cdfde7a9e
tolokers__node_classification__graphatlas_no_cocycle__split0__seed0__e26e3f60b99a,e26e3f60b99a,951b15df3076d947,tolokers,node_classification,graphatlas_no_cocycle,graphatlas_no_cocycle,0,0,outputs/runs/tolokers/node_classification/graphatlas_no_cocycle/split_0/seed_0/cfg_e26e3f60b99a
tolokers__node_classification__graphatlas_no_cocycle__split1__seed1__3bb5f6f9bbbb,3bb5f6f9bbbb,951b15df3076d947,tolokers,node_classification,graphatlas_no_cocycle,graphatlas_no_cocycle,1,1,outputs/runs/tolokers/node_classification/graphatlas_no_cocycle/split_1/seed_1/cfg_3bb5f6f9bbbb
tolokers__node_classification__graphatlas_no_cocycle__split2__seed2__313a5dde18f3,313a5dde18f3,951b15df3076d947,tolokers,node_classification,graphatlas_no_cocycle,graphatlas_no_cocycle,2,2,outputs/runs/tolokers/node_classification/graphatlas_no_cocycle/split_2/seed_2/cfg_313a5dde18f3
tolokers__node_classification__graphatlas_no_cocycle__split3__seed3__af2ddb53d255,af2ddb53d255,951b15df3076d947,tolokers,node_classification,graphatlas_no_cocycle,graphatlas_no_cocycle,3,3,outputs/runs/tolokers/node_classification/graphatlas_no_cocycle/split_3/seed_3/cfg_af2ddb53d255
tolokers__node_classification__graphatlas_no_cocycle__split4__seed4__2b4e1f674a81,2b4e1f674a81,951b15df3076d947,tolokers,node_classification,graphatlas_no_cocycle,graphatlas_no_cocycle,4,4,outputs/runs/tolokers/node_classification/graphatlas_no_cocycle/split_4/seed_4/cfg_2b4e1f674a81
tolokers__node_classification__graphatlas_no_cocycle__split5__seed5__8527a9867b42,8527a9867b42,951b15df3076d947,tolokers,node_classification,graphatlas_no_cocycle,graphatlas_no_cocycle,5,5,outputs/runs/tolokers/node_classification/graphatlas_no_cocycle/split_5/seed_5/cfg_8527a9867b42
tolokers__node_classification__graphatlas_no_cocycle__split6__seed6__b17c18413424,b17c18413424,951b15df3076d947,tolokers,node_classification,graphatlas_no_cocycle,graphatlas_no_cocycle,6,6,outputs/runs/tolokers/node_classification/graphatlas_no_cocycle/split_6/seed_6/cfg_b17c18413424
tolokers__node_classification__graphatlas_no_cocycle__split7__seed7__ebf0f491475b,ebf0f491475b,951b15df3076d947,tolokers,node_classification,graphatlas_no_cocycle,graphatlas_no_cocycle,7,7,outputs/runs/tolokers/node_classification/graphatlas_no_cocycle/split_7/seed_7/cfg_ebf0f491475b
tolokers__node_classification__graphatlas_no_cocycle__split8__seed8__e3dbafc214b9,e3dbafc214b9,951b15df3076d947,tolokers,node_classification,graphatlas_no_cocycle,graphatlas_no_cocycle,8,8,outputs/runs/tolokers/node_classification/graphatlas_no_cocycle/split_8/seed_8/cfg_e3dbafc214b9
tolokers__node_classification__graphatlas_no_cocycle__split9__seed9__b3c10ec625bb,b3c10ec625bb,951b15df3076d947,tolokers,node_classification,graphatlas_no_cocycle,graphatlas_no_cocycle,9,9,outputs/runs/tolokers/node_classification/graphatlas_no_cocycle/split_9/seed_9/cfg_b3c10ec625bb
tolokers__node_classification__graphatlas_no_overlap__split0__seed0__4d8edb50a51d,4d8edb50a51d,951b15df3076d947,tolokers,node_classification,graphatlas_no_overlap,graphatlas_no_overlap,0,0,outputs/runs/tolokers/node_classification/graphatlas_no_overlap/split_0/seed_0/cfg_4d8edb50a51d
tolokers__node_classification__graphatlas_no_overlap__split1__seed1__ccac7ee3fb07,ccac7ee3fb07,951b15df3076d947,tolokers,node_classification,graphatlas_no_overlap,graphatlas_no_overlap,1,1,outputs/runs/tolokers/node_classification/graphatlas_no_overlap/split_1/seed_1/cfg_ccac7ee3fb07
tolokers__node_classification__graphatlas_no_overlap__split2__seed2__c9ab344ad5a5,c9ab344ad5a5,951b15df3076d947,tolokers,node_classification,graphatlas_no_overlap,graphatlas_no_overlap,2,2,outputs/runs/tolokers/node_classification/graphatlas_no_overlap/split_2/seed_2/cfg_c9ab344ad5a5
tolokers__node_classification__graphatlas_no_overlap__split3__seed3__3fab88aa3a15,3fab88aa3a15,951b15df3076d947,tolokers,node_classification,graphatlas_no_overlap,graphatlas_no_overlap,3,3,outputs/runs/tolokers/node_classification/graphatlas_no_overlap/split_3/seed_3/cfg_3fab88aa3a15
tolokers__node_classification__graphatlas_no_overlap__split4__seed4__0247cf6cc98e,0247cf6cc98e,951b15df3076d947,tolokers,node_classification,graphatlas_no_overlap,graphatlas_no_overlap,4,4,outputs/runs/tolokers/node_classification/graphatlas_no_overlap/split_4/seed_4/cfg_0247cf6cc98e
tolokers__node_classification__graphatlas_no_overlap__split5__seed5__9bcd6360c446,9bcd6360c446,951b15df3076d947,tolokers,node_classification,graphatlas_no_overlap,graphatlas_no_overlap,5,5,outputs/runs/tolokers/node_classification/graphatlas_no_overlap/split_5/seed_5/cfg_9bcd6360c446
tolokers__node_classification__graphatlas_no_overlap__split6__seed6__a9c8d8184fdd,a9c8d8184fdd,951b15df3076d947,tolokers,node_classification,graphatlas_no_overlap,graphatlas_no_overlap,6,6,outputs/runs/tolokers/node_classification/graphatlas_no_overlap/split_6/seed_6/cfg_a9c8d8184fdd
tolokers__node_classification__graphatlas_no_overlap__split7__seed7__8f0f0884d002,8f0f0884d002,951b15df3076d947,tolokers,node_classification,graphatlas_no_overlap,graphatlas_no_overlap,7,7,outputs/runs/tolokers/node_classification/graphatlas_no_overlap/split_7/seed_7/cfg_8f0f0884d002
tolokers__node_classification__graphatlas_no_overlap__split8__seed8__d2ef878f25de,d2ef878f25de,951b15df3076d947,tolokers,node_classification,graphatlas_no_overlap,graphatlas_no_overlap,8,8,outputs/runs/tolokers/node_classification/graphatlas_no_overlap/split_8/seed_8/cfg_d2ef878f25de
tolokers__node_classification__graphatlas_no_overlap__split9__seed9__b3b985d6cf1c,b3b985d6cf1c,951b15df3076d947,tolokers,node_classification,graphatlas_no_overlap,graphatlas_no_overlap,9,9,outputs/runs/tolokers/node_classification/graphatlas_no_overlap/split_9/seed_9/cfg_b3b985d6cf1c
tolokers__node_classification__graphatlas__split0__seed0__ad244aece1f3,ad244aece1f3,951b15df3076d947,tolokers,node_classification,graphatlas,graphatlas,0,0,outputs/runs/tolokers/node_classification/graphatlas/split_0/seed_0/cfg_ad244aece1f3
tolokers__node_classification__graphatlas__split1__seed1__6f9b33e4e920,6f9b33e4e920,951b15df3076d947,tolokers,node_classification,graphatlas,graphatlas,1,1,outputs/runs/tolokers/node_classification/graphatlas/split_1/seed_1/cfg_6f9b33e4e920
tolokers__node_classification__graphatlas__split2__seed2__8141177733e5,8141177733e5,951b15df3076d947,tolokers,node_classification,graphatlas,graphatlas,2,2,outputs/runs/tolokers/node_classification/graphatlas/split_2/seed_2/cfg_8141177733e5
tolokers__node_classification__graphatlas__split3__seed3__22e28b273b96,22e28b273b96,951b15df3076d947,tolokers,node_classification,graphatlas,graphatlas,3,3,outputs/runs/tolokers/node_classification/graphatlas/split_3/seed_3/cfg_22e28b273b96
tolokers__node_classification__graphatlas__split4__seed4__b069514c1c21,b069514c1c21,951b15df3076d947,tolokers,node_classification,graphatlas,graphatlas,4,4,outputs/runs/tolokers/node_classification/graphatlas/split_4/seed_4/cfg_b069514c1c21
tolokers__node_classification__graphatlas__split5__seed5__45282c27dfb5,45282c27dfb5,951b15df3076d947,tolokers,node_classification,graphatlas,graphatlas,5,5,outputs/runs/tolokers/node_classification/graphatlas/split_5/seed_5/cfg_45282c27dfb5
tolokers__node_classification__graphatlas__split6__seed6__86760b5b07fa,86760b5b07fa,951b15df3076d947,tolokers,node_classification,graphatlas,graphatlas,6,6,outputs/runs/tolokers/node_classification/graphatlas/split_6/seed_6/cfg_86760b5b07fa
tolokers__node_classification__graphatlas__split7__seed7__af4ab012adc7,af4ab012adc7,951b15df3076d947,tolokers,node_classification,graphatlas,graphatlas,7,7,outputs/runs/tolokers/node_classification/graphatlas/split_7/seed_7/cfg_af4ab012adc7
tolokers__node_classification__graphatlas__split8__seed8__70749493127a,70749493127a,951b15df3076d947,tolokers,node_classification,graphatlas,graphatlas,8,8,outputs/runs/tolokers/node_classification/graphatlas/split_8/seed_8/cfg_70749493127a
tolokers__node_classification__graphatlas__split9__seed9__a04f93be5ea0,a04f93be5ea0,951b15df3076d947,tolokers,node_classification,graphatlas,graphatlas,9,9,outputs/runs/tolokers/node_classification/graphatlas/split_9/seed_9/cfg_a04f93be5ea0
questions__node_classification__graphatlas_no_transport__split0__seed0__948b7016e913,948b7016e913,951b15df3076d947,questions,node_classification,graphatlas_no_transport,graphatlas_no_transport,0,0,outputs/runs/questions/node_classification/graphatlas_no_transport/split_0/seed_0/cfg_948b7016e913
questions__node_classification__graphatlas_no_transport__split1__seed1__5bee9912a253,5bee9912a253,951b15df3076d947,questions,node_classification,graphatlas_no_transport,graphatlas_no_transport,1,1,outputs/runs/questions/node_classification/graphatlas_no_transport/split_1/seed_1/cfg_5bee9912a253
questions__node_classification__graphatlas_no_transport__split2__seed2__c82266d2f5cd,c82266d2f5cd,951b15df3076d947,questions,node_classification,graphatlas_no_transport,graphatlas_no_transport,2,2,outputs/runs/questions/node_classification/graphatlas_no_transport/split_2/seed_2/cfg_c82266d2f5cd
questions__node_classification__graphatlas_no_transport__split3__seed3__0f808b453be7,0f808b453be7,951b15df3076d947,questions,node_classification,graphatlas_no_transport,graphatlas_no_transport,3,3,outputs/runs/questions/node_classification/graphatlas_no_transport/split_3/seed_3/cfg_0f808b453be7
questions__node_classification__graphatlas_no_transport__split4__seed4__0c2283801dab,0c2283801dab,951b15df3076d947,questions,node_classification,graphatlas_no_transport,graphatlas_no_transport,4,4,outputs/runs/questions/node_classification/graphatlas_no_transport/split_4/seed_4/cfg_0c2283801dab
questions__node_classification__graphatlas_no_transport__split5__seed5__d927abc304e3,d927abc304e3,951b15df3076d947,questions,node_classification,graphatlas_no_transport,graphatlas_no_transport,5,5,outputs/runs/questions/node_classification/graphatlas_no_transport/split_5/seed_5/cfg_d927abc304e3
questions__node_classification__graphatlas_no_transport__split6__seed6__4788ec104e93,4788ec104e93,951b15df3076d947,questions,node_classification,graphatlas_no_transport,graphatlas_no_transport,6,6,outputs/runs/questions/node_classification/graphatlas_no_transport/split_6/seed_6/cfg_4788ec104e93
questions__node_classification__graphatlas_no_transport__split7__seed7__b9b993ed6394,b9b993ed6394,951b15df3076d947,questions,node_classification,graphatlas_no_transport,graphatlas_no_transport,7,7,outputs/runs/questions/node_classification/graphatlas_no_transport/split_7/seed_7/cfg_b9b993ed6394
questions__node_classification__graphatlas_no_transport__split8__seed8__1d3d84b313d0,1d3d84b313d0,951b15df3076d947,questions,node_classification,graphatlas_no_transport,graphatlas_no_transport,8,8,outputs/runs/questions/node_classification/graphatlas_no_transport/split_8/seed_8/cfg_1d3d84b313d0
questions__node_classification__graphatlas_no_transport__split9__seed9__5d57d8e1b68c,5d57d8e1b68c,951b15df3076d947,questions,node_classification,graphatlas_no_transport,graphatlas_no_transport,9,9,outputs/runs/questions/node_classification/graphatlas_no_transport/split_9/seed_9/cfg_5d57d8e1b68c
questions__node_classification__graphatlas_free_transition__split0__seed0__2d74ffecec15,2d74ffecec15,951b15df3076d947,questions,node_classification,graphatlas_free_transition,graphatlas_free_transition,0,0,outputs/runs/questions/node_classification/graphatlas_free_transition/split_0/seed_0/cfg_2d74ffecec15
questions__node_classification__graphatlas_free_transition__split1__seed1__2e811619d772,2e811619d772,951b15df3076d947,questions,node_classification,graphatlas_free_transition,graphatlas_free_transition,1,1,outputs/runs/questions/node_classification/graphatlas_free_transition/split_1/seed_1/cfg_2e811619d772
questions__node_classification__graphatlas_free_transition__split2__seed2__2831ca571d11,2831ca571d11,951b15df3076d947,questions,node_classification,graphatlas_free_transition,graphatlas_free_transition,2,2,outputs/runs/questions/node_classification/graphatlas_free_transition/split_2/seed_2/cfg_2831ca571d11
questions__node_classification__graphatlas_free_transition__split3__seed3__fb5be2af7fa9,fb5be2af7fa9,951b15df3076d947,questions,node_classification,graphatlas_free_transition,graphatlas_free_transition,3,3,outputs/runs/questions/node_classification/graphatlas_free_transition/split_3/seed_3/cfg_fb5be2af7fa9
questions__node_classification__graphatlas_free_transition__split4__seed4__b805b13e514a,b805b13e514a,951b15df3076d947,questions,node_classification,graphatlas_free_transition,graphatlas_free_transition,4,4,outputs/runs/questions/node_classification/graphatlas_free_transition/split_4/seed_4/cfg_b805b13e514a
questions__node_classification__graphatlas_free_transition__split5__seed5__d696f6a87199,d696f6a87199,951b15df3076d947,questions,node_classification,graphatlas_free_transition,graphatlas_free_transition,5,5,outputs/runs/questions/node_classification/graphatlas_free_transition/split_5/seed_5/cfg_d696f6a87199
questions__node_classification__graphatlas_free_transition__split6__seed6__11f4c8efd2b5,11f4c8efd2b5,951b15df3076d947,questions,node_classification,graphatlas_free_transition,graphatlas_free_transition,6,6,outputs/runs/questions/node_classification/graphatlas_free_transition/split_6/seed_6/cfg_11f4c8efd2b5
questions__node_classification__graphatlas_free_transition__split7__seed7__d7ab287ce278,d7ab287ce278,951b15df3076d947,questions,node_classification,graphatlas_free_transition,graphatlas_free_transition,7,7,outputs/runs/questions/node_classification/graphatlas_free_transition/split_7/seed_7/cfg_d7ab287ce278
questions__node_classification__graphatlas_free_transition__split8__seed8__2a1873e4be10,2a1873e4be10,951b15df3076d947,questions,node_classification,graphatlas_free_transition,graphatlas_free_transition,8,8,outputs/runs/questions/node_classification/graphatlas_free_transition/split_8/seed_8/cfg_2a1873e4be10
questions__node_classification__graphatlas_free_transition__split9__seed9__aaac39dad0f3,aaac39dad0f3,951b15df3076d947,questions,node_classification,graphatlas_free_transition,graphatlas_free_transition,9,9,outputs/runs/questions/node_classification/graphatlas_free_transition/split_9/seed_9/cfg_aaac39dad0f3
questions__node_classification__graphatlas_no_metric__split0__seed0__41c7626db8b6,41c7626db8b6,951b15df3076d947,questions,node_classification,graphatlas_no_metric,graphatlas_no_metric,0,0,outputs/runs/questions/node_classification/graphatlas_no_metric/split_0/seed_0/cfg_41c7626db8b6
questions__node_classification__graphatlas_no_metric__split1__seed1__ab012d2ce7e2,ab012d2ce7e2,951b15df3076d947,questions,node_classification,graphatlas_no_metric,graphatlas_no_metric,1,1,outputs/runs/questions/node_classification/graphatlas_no_metric/split_1/seed_1/cfg_ab012d2ce7e2
questions__node_classification__graphatlas_no_metric__split2__seed2__ec918ece353a,ec918ece353a,951b15df3076d947,questions,node_classification,graphatlas_no_metric,graphatlas_no_metric,2,2,outputs/runs/questions/node_classification/graphatlas_no_metric/split_2/seed_2/cfg_ec918ece353a
questions__node_classification__graphatlas_no_metric__split3__seed3__4ddc657761e5,4ddc657761e5,951b15df3076d947,questions,node_classification,graphatlas_no_metric,graphatlas_no_metric,3,3,outputs/runs/questions/node_classification/graphatlas_no_metric/split_3/seed_3/cfg_4ddc657761e5
questions__node_classification__graphatlas_no_metric__split4__seed4__7713fb07d9c0,7713fb07d9c0,951b15df3076d947,questions,node_classification,graphatlas_no_metric,graphatlas_no_metric,4,4,outputs/runs/questions/node_classification/graphatlas_no_metric/split_4/seed_4/cfg_7713fb07d9c0
questions__node_classification__graphatlas_no_metric__split5__seed5__705a8e9148f0,705a8e9148f0,951b15df3076d947,questions,node_classification,graphatlas_no_metric,graphatlas_no_metric,5,5,outputs/runs/questions/node_classification/graphatlas_no_metric/split_5/seed_5/cfg_705a8e9148f0
questions__node_classification__graphatlas_no_metric__split6__seed6__cc3520f43692,cc3520f43692,951b15df3076d947,questions,node_classification,graphatlas_no_metric,graphatlas_no_metric,6,6,outputs/runs/questions/node_classification/graphatlas_no_metric/split_6/seed_6/cfg_cc3520f43692
questions__node_classification__graphatlas_no_metric__split7__seed7__d7d763c40144,d7d763c40144,951b15df3076d947,questions,node_classification,graphatlas_no_metric,graphatlas_no_metric,7,7,outputs/runs/questions/node_classification/graphatlas_no_metric/split_7/seed_7/cfg_d7d763c40144
questions__node_classification__graphatlas_no_metric__split8__seed8__3e97af37807f,3e97af37807f,951b15df3076d947,questions,node_classification,graphatlas_no_metric,graphatlas_no_metric,8,8,outputs/runs/questions/node_classification/graphatlas_no_metric/split_8/seed_8/cfg_3e97af37807f
questions__node_classification__graphatlas_no_metric__split9__seed9__9f1af60b8c9a,9f1af60b8c9a,951b15df3076d947,questions,node_classification,graphatlas_no_metric,graphatlas_no_metric,9,9,outputs/runs/questions/node_classification/graphatlas_no_metric/split_9/seed_9/cfg_9f1af60b8c9a
questions__node_classification__graphatlas_no_cocycle__split0__seed0__33de6e487e98,33de6e487e98,951b15df3076d947,questions,node_classification,graphatlas_no_cocycle,graphatlas_no_cocycle,0,0,outputs/runs/questions/node_classification/graphatlas_no_cocycle/split_0/seed_0/cfg_33de6e487e98
questions__node_classification__graphatlas_no_cocycle__split1__seed1__f6cf9e271b60,f6cf9e271b60,951b15df3076d947,questions,node_classification,graphatlas_no_cocycle,graphatlas_no_cocycle,1,1,outputs/runs/questions/node_classification/graphatlas_no_cocycle/split_1/seed_1/cfg_f6cf9e271b60
questions__node_classification__graphatlas_no_cocycle__split2__seed2__56e5f884713b,56e5f884713b,951b15df3076d947,questions,node_classification,graphatlas_no_cocycle,graphatlas_no_cocycle,2,2,outputs/runs/questions/node_classification/graphatlas_no_cocycle/split_2/seed_2/cfg_56e5f884713b
questions__node_classification__graphatlas_no_cocycle__split3__seed3__ab1c51ae9c31,ab1c51ae9c31,951b15df3076d947,questions,node_classification,graphatlas_no_cocycle,graphatlas_no_cocycle,3,3,outputs/runs/questions/node_classification/graphatlas_no_cocycle/split_3/seed_3/cfg_ab1c51ae9c31
questions__node_classification__graphatlas_no_cocycle__split4__seed4__e876ba093979,e876ba093979,951b15df3076d947,questions,node_classification,graphatlas_no_cocycle,graphatlas_no_cocycle,4,4,outputs/runs/questions/node_classification/graphatlas_no_cocycle/split_4/seed_4/cfg_e876ba093979
questions__node_classification__graphatlas_no_cocycle__split5__seed5__f7c6f6f234f7,f7c6f6f234f7,951b15df3076d947,questions,node_classification,graphatlas_no_cocycle,graphatlas_no_cocycle,5,5,outputs/runs/questions/node_classification/graphatlas_no_cocycle/split_5/seed_5/cfg_f7c6f6f234f7
questions__node_classification__graphatlas_no_cocycle__split6__seed6__aa5435bd64d1,aa5435bd64d1,951b15df3076d947,questions,node_classification,graphatlas_no_cocycle,graphatlas_no_cocycle,6,6,outputs/runs/questions/node_classification/graphatlas_no_cocycle/split_6/seed_6/cfg_aa5435bd64d1
questions__node_classification__graphatlas_no_cocycle__split7__seed7__461ceb8f9122,461ceb8f9122,951b15df3076d947,questions,node_classification,graphatlas_no_cocycle,graphatlas_no_cocycle,7,7,outputs/runs/questions/node_classification/graphatlas_no_cocycle/split_7/seed_7/cfg_461ceb8f9122
questions__node_classification__graphatlas_no_cocycle__split8__seed8__16e62dbf1d7d,16e62dbf1d7d,951b15df3076d947,questions,node_classification,graphatlas_no_cocycle,graphatlas_no_cocycle,8,8,outputs/runs/questions/node_classification/graphatlas_no_cocycle/split_8/seed_8/cfg_16e62dbf1d7d
questions__node_classification__graphatlas_no_cocycle__split9__seed9__67785c364b78,67785c364b78,951b15df3076d947,questions,node_classification,graphatlas_no_cocycle,graphatlas_no_cocycle,9,9,outputs/runs/questions/node_classification/graphatlas_no_cocycle/split_9/seed_9/cfg_67785c364b78
questions__node_classification__graphatlas_no_overlap__split0__seed0__84561edce5ae,84561edce5ae,951b15df3076d947,questions,node_classification,graphatlas_no_overlap,graphatlas_no_overlap,0,0,outputs/runs/questions/node_classification/graphatlas_no_overlap/split_0/seed_0/cfg_84561edce5ae
questions__node_classification__graphatlas_no_overlap__split1__seed1__de9ef6b9ab5d,de9ef6b9ab5d,951b15df3076d947,questions,node_classification,graphatlas_no_overlap,graphatlas_no_overlap,1,1,outputs/runs/questions/node_classification/graphatlas_no_overlap/split_1/seed_1/cfg_de9ef6b9ab5d
questions__node_classification__graphatlas_no_overlap__split2__seed2__246e1ac5d8bf,246e1ac5d8bf,951b15df3076d947,questions,node_classification,graphatlas_no_overlap,graphatlas_no_overlap,2,2,outputs/runs/questions/node_classification/graphatlas_no_overlap/split_2/seed_2/cfg_246e1ac5d8bf
questions__node_classification__graphatlas_no_overlap__split3__seed3__f3fad027ed3b,f3fad027ed3b,951b15df3076d947,questions,node_classification,graphatlas_no_overlap,graphatlas_no_overlap,3,3,outputs/runs/questions/node_classification/graphatlas_no_overlap/split_3/seed_3/cfg_f3fad027ed3b
questions__node_classification__graphatlas_no_overlap__split4__seed4__73b3d9b56d2d,73b3d9b56d2d,951b15df3076d947,questions,node_classification,graphatlas_no_overlap,graphatlas_no_overlap,4,4,outputs/runs/questions/node_classification/graphatlas_no_overlap/split_4/seed_4/cfg_73b3d9b56d2d
questions__node_classification__graphatlas_no_overlap__split5__seed5__3acc661a9c7f,3acc661a9c7f,951b15df3076d947,questions,node_classification,graphatlas_no_overlap,graphatlas_no_overlap,5,5,outputs/runs/questions/node_classification/graphatlas_no_overlap/split_5/seed_5/cfg_3acc661a9c7f
questions__node_classification__graphatlas_no_overlap__split6__seed6__2a4169a99720,2a4169a99720,951b15df3076d947,questions,node_classification,graphatlas_no_overlap,graphatlas_no_overlap,6,6,outputs/runs/questions/node_classification/graphatlas_no_overlap/split_6/seed_6/cfg_2a4169a99720
questions__node_classification__graphatlas_no_overlap__split7__seed7__48dc7913f6a4,48dc7913f6a4,951b15df3076d947,questions,node_classification,graphatlas_no_overlap,graphatlas_no_overlap,7,7,outputs/runs/questions/node_classification/graphatlas_no_overlap/split_7/seed_7/cfg_48dc7913f6a4
questions__node_classification__graphatlas_no_overlap__split8__seed8__b6a5acccf04b,b6a5acccf04b,951b15df3076d947,questions,node_classification,graphatlas_no_overlap,graphatlas_no_overlap,8,8,outputs/runs/questions/node_classification/graphatlas_no_overlap/split_8/seed_8/cfg_b6a5acccf04b
questions__node_classification__graphatlas_no_overlap__split9__seed9__15ab240df02b,15ab240df02b,951b15df3076d947,questions,node_classification,graphatlas_no_overlap,graphatlas_no_overlap,9,9,outputs/runs/questions/node_classification/graphatlas_no_overlap/split_9/seed_9/cfg_15ab240df02b
questions__node_classification__graphatlas__split0__seed0__e1fbfcc4c48b,e1fbfcc4c48b,951b15df3076d947,questions,node_classification,graphatlas,graphatlas,0,0,outputs/runs/questions/node_classification/graphatlas/split_0/seed_0/cfg_e1fbfcc4c48b
questions__node_classification__graphatlas__split1__seed1__fc9ccf6c0878,fc9ccf6c0878,951b15df3076d947,questions,node_classification,graphatlas,graphatlas,1,1,outputs/runs/questions/node_classification/graphatlas/split_1/seed_1/cfg_fc9ccf6c0878
questions__node_classification__graphatlas__split2__seed2__16a918c0472b,16a918c0472b,951b15df3076d947,questions,node_classification,graphatlas,graphatlas,2,2,outputs/runs/questions/node_classification/graphatlas/split_2/seed_2/cfg_16a918c0472b
questions__node_classification__graphatlas__split3__seed3__ac83ccf14940,ac83ccf14940,951b15df3076d947,questions,node_classification,graphatlas,graphatlas,3,3,outputs/runs/questions/node_classification/graphatlas/split_3/seed_3/cfg_ac83ccf14940
questions__node_classification__graphatlas__split4__seed4__44ae7e8ad9a1,44ae7e8ad9a1,951b15df3076d947,questions,node_classification,graphatlas,graphatlas,4,4,outputs/runs/questions/node_classification/graphatlas/split_4/seed_4/cfg_44ae7e8ad9a1
questions__node_classification__graphatlas__split5__seed5__529d77a8821c,529d77a8821c,951b15df3076d947,questions,node_classification,graphatlas,graphatlas,5,5,outputs/runs/questions/node_classification/graphatlas/split_5/seed_5/cfg_529d77a8821c
questions__node_classification__graphatlas__split6__seed6__9a63d1f11023,9a63d1f11023,951b15df3076d947,questions,node_classification,graphatlas,graphatlas,6,6,outputs/runs/questions/node_classification/graphatlas/split_6/seed_6/cfg_9a63d1f11023
questions__node_classification__graphatlas__split7__seed7__bb32057c3f94,bb32057c3f94,951b15df3076d947,questions,node_classification,graphatlas,graphatlas,7,7,outputs/runs/questions/node_classification/graphatlas/split_7/seed_7/cfg_bb32057c3f94
questions__node_classification__graphatlas__split8__seed8__343f9c605898,343f9c605898,951b15df3076d947,questions,node_classification,graphatlas,graphatlas,8,8,outputs/runs/questions/node_classification/graphatlas/split_8/seed_8/cfg_343f9c605898
questions__node_classification__graphatlas__split9__seed9__fe299c7e7c3e,fe299c7e7c3e,951b15df3076d947,questions,node_classification,graphatlas,graphatlas,9,9,outputs/runs/questions/node_classification/graphatlas/split_9/seed_9/cfg_fe299c7e7c3e
actor__node_classification__graphatlas_no_transport__split0__seed0__4b0a42f50fe8,4b0a42f50fe8,951b15df3076d947,actor,node_classification,graphatlas_no_transport,graphatlas_no_transport,0,0,outputs/runs/actor/node_classification/graphatlas_no_transport/split_0/seed_0/cfg_4b0a42f50fe8
actor__node_classification__graphatlas_no_transport__split1__seed1__cf044e55dff5,cf044e55dff5,951b15df3076d947,actor,node_classification,graphatlas_no_transport,graphatlas_no_transport,1,1,outputs/runs/actor/node_classification/graphatlas_no_transport/split_1/seed_1/cfg_cf044e55dff5
actor__node_classification__graphatlas_no_transport__split2__seed2__212c7321a63f,212c7321a63f,951b15df3076d947,actor,node_classification,graphatlas_no_transport,graphatlas_no_transport,2,2,outputs/runs/actor/node_classification/graphatlas_no_transport/split_2/seed_2/cfg_212c7321a63f
actor__node_classification__graphatlas_no_transport__split3__seed3__8aac34d34b49,8aac34d34b49,951b15df3076d947,actor,node_classification,graphatlas_no_transport,graphatlas_no_transport,3,3,outputs/runs/actor/node_classification/graphatlas_no_transport/split_3/seed_3/cfg_8aac34d34b49
actor__node_classification__graphatlas_no_transport__split4__seed4__972f4311c9f6,972f4311c9f6,951b15df3076d947,actor,node_classification,graphatlas_no_transport,graphatlas_no_transport,4,4,outputs/runs/actor/node_classification/graphatlas_no_transport/split_4/seed_4/cfg_972f4311c9f6
actor__node_classification__graphatlas_no_transport__split5__seed5__28ad0601dd91,28ad0601dd91,951b15df3076d947,actor,node_classification,graphatlas_no_transport,graphatlas_no_transport,5,5,outputs/runs/actor/node_classification/graphatlas_no_transport/split_5/seed_5/cfg_28ad0601dd91
actor__node_classification__graphatlas_no_transport__split6__seed6__fa5c08726eb8,fa5c08726eb8,951b15df3076d947,actor,node_classification,graphatlas_no_transport,graphatlas_no_transport,6,6,outputs/runs/actor/node_classification/graphatlas_no_transport/split_6/seed_6/cfg_fa5c08726eb8
actor__node_classification__graphatlas_no_transport__split7__seed7__efe638722837,efe638722837,951b15df3076d947,actor,node_classification,graphatlas_no_transport,graphatlas_no_transport,7,7,outputs/runs/actor/node_classification/graphatlas_no_transport/split_7/seed_7/cfg_efe638722837
actor__node_classification__graphatlas_no_transport__split8__seed8__883371078d73,883371078d73,951b15df3076d947,actor,node_classification,graphatlas_no_transport,graphatlas_no_transport,8,8,outputs/runs/actor/node_classification/graphatlas_no_transport/split_8/seed_8/cfg_883371078d73
actor__node_classification__graphatlas_no_transport__split9__seed9__236492a6ce98,236492a6ce98,951b15df3076d947,actor,node_classification,graphatlas_no_transport,graphatlas_no_transport,9,9,outputs/runs/actor/node_classification/graphatlas_no_transport/split_9/seed_9/cfg_236492a6ce98
actor__node_classification__graphatlas_free_transition__split0__seed0__81ebc4b46a33,81ebc4b46a33,951b15df3076d947,actor,node_classification,graphatlas_free_transition,graphatlas_free_transition,0,0,outputs/runs/actor/node_classification/graphatlas_free_transition/split_0/seed_0/cfg_81ebc4b46a33
actor__node_classification__graphatlas_free_transition__split1__seed1__31f2f01b67de,31f2f01b67de,951b15df3076d947,actor,node_classification,graphatlas_free_transition,graphatlas_free_transition,1,1,outputs/runs/actor/node_classification/graphatlas_free_transition/split_1/seed_1/cfg_31f2f01b67de
actor__node_classification__graphatlas_free_transition__split2__seed2__e9e5bb12449f,e9e5bb12449f,951b15df3076d947,actor,node_classification,graphatlas_free_transition,graphatlas_free_transition,2,2,outputs/runs/actor/node_classification/graphatlas_free_transition/split_2/seed_2/cfg_e9e5bb12449f
actor__node_classification__graphatlas_free_transition__split3__seed3__2c28cef8a9c6,2c28cef8a9c6,951b15df3076d947,actor,node_classification,graphatlas_free_transition,graphatlas_free_transition,3,3,outputs/runs/actor/node_classification/graphatlas_free_transition/split_3/seed_3/cfg_2c28cef8a9c6
actor__node_classification__graphatlas_free_transition__split4__seed4__28374d857457,28374d857457,951b15df3076d947,actor,node_classification,graphatlas_free_transition,graphatlas_free_transition,4,4,outputs/runs/actor/node_classification/graphatlas_free_transition/split_4/seed_4/cfg_28374d857457
actor__node_classification__graphatlas_free_transition__split5__seed5__c409e45867b2,c409e45867b2,951b15df3076d947,actor,node_classification,graphatlas_free_transition,graphatlas_free_transition,5,5,outputs/runs/actor/node_classification/graphatlas_free_transition/split_5/seed_5/cfg_c409e45867b2
actor__node_classification__graphatlas_free_transition__split6__seed6__0b0dcf266fe1,0b0dcf266fe1,951b15df3076d947,actor,node_classification,graphatlas_free_transition,graphatlas_free_transition,6,6,outputs/runs/actor/node_classification/graphatlas_free_transition/split_6/seed_6/cfg_0b0dcf266fe1
actor__node_classification__graphatlas_free_transition__split7__seed7__da4c4f0bcb3c,da4c4f0bcb3c,951b15df3076d947,actor,node_classification,graphatlas_free_transition,graphatlas_free_transition,7,7,outputs/runs/actor/node_classification/graphatlas_free_transition/split_7/seed_7/cfg_da4c4f0bcb3c
actor__node_classification__graphatlas_free_transition__split8__seed8__98f499c852a9,98f499c852a9,951b15df3076d947,actor,node_classification,graphatlas_free_transition,graphatlas_free_transition,8,8,outputs/runs/actor/node_classification/graphatlas_free_transition/split_8/seed_8/cfg_98f499c852a9
actor__node_classification__graphatlas_free_transition__split9__seed9__78981460ccb2,78981460ccb2,951b15df3076d947,actor,node_classification,graphatlas_free_transition,graphatlas_free_transition,9,9,outputs/runs/actor/node_classification/graphatlas_free_transition/split_9/seed_9/cfg_78981460ccb2
actor__node_classification__graphatlas_no_metric__split0__seed0__2f279dae0251,2f279dae0251,951b15df3076d947,actor,node_classification,graphatlas_no_metric,graphatlas_no_metric,0,0,outputs/runs/actor/node_classification/graphatlas_no_metric/split_0/seed_0/cfg_2f279dae0251
actor__node_classification__graphatlas_no_metric__split1__seed1__f64d0c1f797d,f64d0c1f797d,951b15df3076d947,actor,node_classification,graphatlas_no_metric,graphatlas_no_metric,1,1,outputs/runs/actor/node_classification/graphatlas_no_metric/split_1/seed_1/cfg_f64d0c1f797d
actor__node_classification__graphatlas_no_metric__split2__seed2__ed04c8531277,ed04c8531277,951b15df3076d947,actor,node_classification,graphatlas_no_metric,graphatlas_no_metric,2,2,outputs/runs/actor/node_classification/graphatlas_no_metric/split_2/seed_2/cfg_ed04c8531277
actor__node_classification__graphatlas_no_metric__split3__seed3__25925165d1ed,25925165d1ed,951b15df3076d947,actor,node_classification,graphatlas_no_metric,graphatlas_no_metric,3,3,outputs/runs/actor/node_classification/graphatlas_no_metric/split_3/seed_3/cfg_25925165d1ed
actor__node_classification__graphatlas_no_metric__split4__seed4__bb54276b3bf9,bb54276b3bf9,951b15df3076d947,actor,node_classification,graphatlas_no_metric,graphatlas_no_metric,4,4,outputs/runs/actor/node_classification/graphatlas_no_metric/split_4/seed_4/cfg_bb54276b3bf9
actor__node_classification__graphatlas_no_metric__split5__seed5__126eb6a5157c,126eb6a5157c,951b15df3076d947,actor,node_classification,graphatlas_no_metric,graphatlas_no_metric,5,5,outputs/runs/actor/node_classification/graphatlas_no_metric/split_5/seed_5/cfg_126eb6a5157c
actor__node_classification__graphatlas_no_metric__split6__seed6__2437a0a4d884,2437a0a4d884,951b15df3076d947,actor,node_classification,graphatlas_no_metric,graphatlas_no_metric,6,6,outputs/runs/actor/node_classification/graphatlas_no_metric/split_6/seed_6/cfg_2437a0a4d884
actor__node_classification__graphatlas_no_metric__split7__seed7__4d1b6e2b2acb,4d1b6e2b2acb,951b15df3076d947,actor,node_classification,graphatlas_no_metric,graphatlas_no_metric,7,7,outputs/runs/actor/node_classification/graphatlas_no_metric/split_7/seed_7/cfg_4d1b6e2b2acb
actor__node_classification__graphatlas_no_metric__split8__seed8__e96e24ce6e2e,e96e24ce6e2e,951b15df3076d947,actor,node_classification,graphatlas_no_metric,graphatlas_no_metric,8,8,outputs/runs/actor/node_classification/graphatlas_no_metric/split_8/seed_8/cfg_e96e24ce6e2e
actor__node_classification__graphatlas_no_metric__split9__seed9__cb8167618cb9,cb8167618cb9,951b15df3076d947,actor,node_classification,graphatlas_no_metric,graphatlas_no_metric,9,9,outputs/runs/actor/node_classification/graphatlas_no_metric/split_9/seed_9/cfg_cb8167618cb9
actor__node_classification__graphatlas_no_cocycle__split0__seed0__00ea9a277e63,00ea9a277e63,951b15df3076d947,actor,node_classification,graphatlas_no_cocycle,graphatlas_no_cocycle,0,0,outputs/runs/actor/node_classification/graphatlas_no_cocycle/split_0/seed_0/cfg_00ea9a277e63
actor__node_classification__graphatlas_no_cocycle__split1__seed1__7d215e4591f4,7d215e4591f4,951b15df3076d947,actor,node_classification,graphatlas_no_cocycle,graphatlas_no_cocycle,1,1,outputs/runs/actor/node_classification/graphatlas_no_cocycle/split_1/seed_1/cfg_7d215e4591f4
actor__node_classification__graphatlas_no_cocycle__split2__seed2__abd2ce7e777a,abd2ce7e777a,951b15df3076d947,actor,node_classification,graphatlas_no_cocycle,graphatlas_no_cocycle,2,2,outputs/runs/actor/node_classification/graphatlas_no_cocycle/split_2/seed_2/cfg_abd2ce7e777a
actor__node_classification__graphatlas_no_cocycle__split3__seed3__9a8c2ce169f5,9a8c2ce169f5,951b15df3076d947,actor,node_classification,graphatlas_no_cocycle,graphatlas_no_cocycle,3,3,outputs/runs/actor/node_classification/graphatlas_no_cocycle/split_3/seed_3/cfg_9a8c2ce169f5
actor__node_classification__graphatlas_no_cocycle__split4__seed4__0bfe35cdc7f4,0bfe35cdc7f4,951b15df3076d947,actor,node_classification,graphatlas_no_cocycle,graphatlas_no_cocycle,4,4,outputs/runs/actor/node_classification/graphatlas_no_cocycle/split_4/seed_4/cfg_0bfe35cdc7f4
actor__node_classification__graphatlas_no_cocycle__split5__seed5__e5e238513df8,e5e238513df8,951b15df3076d947,actor,node_classification,graphatlas_no_cocycle,graphatlas_no_cocycle,5,5,outputs/runs/actor/node_classification/graphatlas_no_cocycle/split_5/seed_5/cfg_e5e238513df8
actor__node_classification__graphatlas_no_cocycle__split6__seed6__7deff9f1d5d9,7deff9f1d5d9,951b15df3076d947,actor,node_classification,graphatlas_no_cocycle,graphatlas_no_cocycle,6,6,outputs/runs/actor/node_classification/graphatlas_no_cocycle/split_6/seed_6/cfg_7deff9f1d5d9
actor__node_classification__graphatlas_no_cocycle__split7__seed7__dc7e27680905,dc7e27680905,951b15df3076d947,actor,node_classification,graphatlas_no_cocycle,graphatlas_no_cocycle,7,7,outputs/runs/actor/node_classification/graphatlas_no_cocycle/split_7/seed_7/cfg_dc7e27680905
actor__node_classification__graphatlas_no_cocycle__split8__seed8__173b08d643cb,173b08d643cb,951b15df3076d947,actor,node_classification,graphatlas_no_cocycle,graphatlas_no_cocycle,8,8,outputs/runs/actor/node_classification/graphatlas_no_cocycle/split_8/seed_8/cfg_173b08d643cb
actor__node_classification__graphatlas_no_cocycle__split9__seed9__5b180dd354ee,5b180dd354ee,951b15df3076d947,actor,node_classification,graphatlas_no_cocycle,graphatlas_no_cocycle,9,9,outputs/runs/actor/node_classification/graphatlas_no_cocycle/split_9/seed_9/cfg_5b180dd354ee
actor__node_classification__graphatlas_no_overlap__split0__seed0__5b1352c2ba4b,5b1352c2ba4b,951b15df3076d947,actor,node_classification,graphatlas_no_overlap,graphatlas_no_overlap,0,0,outputs/runs/actor/node_classification/graphatlas_no_overlap/split_0/seed_0/cfg_5b1352c2ba4b
actor__node_classification__graphatlas_no_overlap__split1__seed1__6d3468ef5617,6d3468ef5617,951b15df3076d947,actor,node_classification,graphatlas_no_overlap,graphatlas_no_overlap,1,1,outputs/runs/actor/node_classification/graphatlas_no_overlap/split_1/seed_1/cfg_6d3468ef5617
actor__node_classification__graphatlas_no_overlap__split2__seed2__0b264769e0f9,0b264769e0f9,951b15df3076d947,actor,node_classification,graphatlas_no_overlap,graphatlas_no_overlap,2,2,outputs/runs/actor/node_classification/graphatlas_no_overlap/split_2/seed_2/cfg_0b264769e0f9
actor__node_classification__graphatlas_no_overlap__split3__seed3__efb12379b37f,efb12379b37f,951b15df3076d947,actor,node_classification,graphatlas_no_overlap,graphatlas_no_overlap,3,3,outputs/runs/actor/node_classification/graphatlas_no_overlap/split_3/seed_3/cfg_efb12379b37f
actor__node_classification__graphatlas_no_overlap__split4__seed4__541ca4231967,541ca4231967,951b15df3076d947,actor,node_classification,graphatlas_no_overlap,graphatlas_no_overlap,4,4,outputs/runs/actor/node_classification/graphatlas_no_overlap/split_4/seed_4/cfg_541ca4231967
actor__node_classification__graphatlas_no_overlap__split5__seed5__1be29f32845c,1be29f32845c,951b15df3076d947,actor,node_classification,graphatlas_no_overlap,graphatlas_no_overlap,5,5,outputs/runs/actor/node_classification/graphatlas_no_overlap/split_5/seed_5/cfg_1be29f32845c
actor__node_classification__graphatlas_no_overlap__split6__seed6__7c0bf7535d45,7c0bf7535d45,951b15df3076d947,actor,node_classification,graphatlas_no_overlap,graphatlas_no_overlap,6,6,outputs/runs/actor/node_classification/graphatlas_no_overlap/split_6/seed_6/cfg_7c0bf7535d45
actor__node_classification__graphatlas_no_overlap__split7__seed7__b87c2a1630b7,b87c2a1630b7,951b15df3076d947,actor,node_classification,graphatlas_no_overlap,graphatlas_no_overlap,7,7,outputs/runs/actor/node_classification/graphatlas_no_overlap/split_7/seed_7/cfg_b87c2a1630b7
actor__node_classification__graphatlas_no_overlap__split8__seed8__4ad18868ed3f,4ad18868ed3f,951b15df3076d947,actor,node_classification,graphatlas_no_overlap,graphatlas_no_overlap,8,8,outputs/runs/actor/node_classification/graphatlas_no_overlap/split_8/seed_8/cfg_4ad18868ed3f
actor__node_classification__graphatlas_no_overlap__split9__seed9__b0f75ff8eba8,b0f75ff8eba8,951b15df3076d947,actor,node_classification,graphatlas_no_overlap,graphatlas_no_overlap,9,9,outputs/runs/actor/node_classification/graphatlas_no_overlap/split_9/seed_9/cfg_b0f75ff8eba8
actor__node_classification__graphatlas__split0__seed0__79f93a82722e,79f93a82722e,951b15df3076d947,actor,node_classification,graphatlas,graphatlas,0,0,outputs/runs/actor/node_classification/graphatlas/split_0/seed_0/cfg_79f93a82722e
actor__node_classification__graphatlas__split1__seed1__3fe13966e330,3fe13966e330,951b15df3076d947,actor,node_classification,graphatlas,graphatlas,1,1,outputs/runs/actor/node_classification/graphatlas/split_1/seed_1/cfg_3fe13966e330
actor__node_classification__graphatlas__split2__seed2__49b8d60fbd79,49b8d60fbd79,951b15df3076d947,actor,node_classification,graphatlas,graphatlas,2,2,outputs/runs/actor/node_classification/graphatlas/split_2/seed_2/cfg_49b8d60fbd79
actor__node_classification__graphatlas__split3__seed3__fb707d80b608,fb707d80b608,951b15df3076d947,actor,node_classification,graphatlas,graphatlas,3,3,outputs/runs/actor/node_classification/graphatlas/split_3/seed_3/cfg_fb707d80b608
actor__node_classification__graphatlas__split4__seed4__6278a8f8e77d,6278a8f8e77d,951b15df3076d947,actor,node_classification,graphatlas,graphatlas,4,4,outputs/runs/actor/node_classification/graphatlas/split_4/seed_4/cfg_6278a8f8e77d
actor__node_classification__graphatlas__split5__seed5__e592e1ef719c,e592e1ef719c,951b15df3076d947,actor,node_classification,graphatlas,graphatlas,5,5,outputs/runs/actor/node_classification/graphatlas/split_5/seed_5/cfg_e592e1ef719c
actor__node_classification__graphatlas__split6__seed6__d6de3a2c4678,d6de3a2c4678,951b15df3076d947,actor,node_classification,graphatlas,graphatlas,6,6,outputs/runs/actor/node_classification/graphatlas/split_6/seed_6/cfg_d6de3a2c4678
actor__node_classification__graphatlas__split7__seed7__d73ce3120743,d73ce3120743,951b15df3076d947,actor,node_classification,graphatlas,graphatlas,7,7,outputs/runs/actor/node_classification/graphatlas/split_7/seed_7/cfg_d73ce3120743
actor__node_classification__graphatlas__split8__seed8__25b786d091dc,25b786d091dc,951b15df3076d947,actor,node_classification,graphatlas,graphatlas,8,8,outputs/runs/actor/node_classification/graphatlas/split_8/seed_8/cfg_25b786d091dc
actor__node_classification__graphatlas__split9__seed9__e5f12451058c,e5f12451058c,951b15df3076d947,actor,node_classification,graphatlas,graphatlas,9,9,outputs/runs/actor/node_classification/graphatlas/split_9/seed_9/cfg_e5f12451058c
chameleon_filtered__node_classification__graphatlas_no_transport__split0__seed0__24456cd9939c,24456cd9939c,951b15df3076d947,chameleon_filtered,node_classification,graphatlas_no_transport,graphatlas_no_transport,0,0,outputs/runs/chameleon_filtered/node_classification/graphatlas_no_transport/split_0/seed_0/cfg_24456cd9939c
chameleon_filtered__node_classification__graphatlas_no_transport__split1__seed1__1d85de6b8798,1d85de6b8798,951b15df3076d947,chameleon_filtered,node_classification,graphatlas_no_transport,graphatlas_no_transport,1,1,outputs/runs/chameleon_filtered/node_classification/graphatlas_no_transport/split_1/seed_1/cfg_1d85de6b8798
chameleon_filtered__node_classification__graphatlas_no_transport__split2__seed2__db23b088fee8,db23b088fee8,951b15df3076d947,chameleon_filtered,node_classification,graphatlas_no_transport,graphatlas_no_transport,2,2,outputs/runs/chameleon_filtered/node_classification/graphatlas_no_transport/split_2/seed_2/cfg_db23b088fee8
chameleon_filtered__node_classification__graphatlas_no_transport__split3__seed3__08e1f880a851,08e1f880a851,951b15df3076d947,chameleon_filtered,node_classification,graphatlas_no_transport,graphatlas_no_transport,3,3,outputs/runs/chameleon_filtered/node_classification/graphatlas_no_transport/split_3/seed_3/cfg_08e1f880a851
chameleon_filtered__node_classification__graphatlas_no_transport__split4__seed4__72cb3bc8e8e8,72cb3bc8e8e8,951b15df3076d947,chameleon_filtered,node_classification,graphatlas_no_transport,graphatlas_no_transport,4,4,outputs/runs/chameleon_filtered/node_classification/graphatlas_no_transport/split_4/seed_4/cfg_72cb3bc8e8e8
chameleon_filtered__node_classification__graphatlas_no_transport__split5__seed5__8c80a0249133,8c80a0249133,951b15df3076d947,chameleon_filtered,node_classification,graphatlas_no_transport,graphatlas_no_transport,5,5,outputs/runs/chameleon_filtered/node_classification/graphatlas_no_transport/split_5/seed_5/cfg_8c80a0249133
chameleon_filtered__node_classification__graphatlas_no_transport__split6__seed6__bc06ab046ea0,bc06ab046ea0,951b15df3076d947,chameleon_filtered,node_classification,graphatlas_no_transport,graphatlas_no_transport,6,6,outputs/runs/chameleon_filtered/node_classification/graphatlas_no_transport/split_6/seed_6/cfg_bc06ab046ea0
chameleon_filtered__node_classification__graphatlas_no_transport__split7__seed7__566bc6fe4693,566bc6fe4693,951b15df3076d947,chameleon_filtered,node_classification,graphatlas_no_transport,graphatlas_no_transport,7,7,outputs/runs/chameleon_filtered/node_classification/graphatlas_no_transport/split_7/seed_7/cfg_566bc6fe4693
chameleon_filtered__node_classification__graphatlas_no_transport__split8__seed8__92a2f93465cd,92a2f93465cd,951b15df3076d947,chameleon_filtered,node_classification,graphatlas_no_transport,graphatlas_no_transport,8,8,outputs/runs/chameleon_filtered/node_classification/graphatlas_no_transport/split_8/seed_8/cfg_92a2f93465cd
chameleon_filtered__node_classification__graphatlas_no_transport__split9__seed9__69f3e48ae810,69f3e48ae810,951b15df3076d947,chameleon_filtered,node_classification,graphatlas_no_transport,graphatlas_no_transport,9,9,outputs/runs/chameleon_filtered/node_classification/graphatlas_no_transport/split_9/seed_9/cfg_69f3e48ae810
chameleon_filtered__node_classification__graphatlas_free_transition__split0__seed0__ae669ec2a9f2,ae669ec2a9f2,951b15df3076d947,chameleon_filtered,node_classification,graphatlas_free_transition,graphatlas_free_transition,0,0,outputs/runs/chameleon_filtered/node_classification/graphatlas_free_transition/split_0/seed_0/cfg_ae669ec2a9f2
chameleon_filtered__node_classification__graphatlas_free_transition__split1__seed1__37e6fab40c64,37e6fab40c64,951b15df3076d947,chameleon_filtered,node_classification,graphatlas_free_transition,graphatlas_free_transition,1,1,outputs/runs/chameleon_filtered/node_classification/graphatlas_free_transition/split_1/seed_1/cfg_37e6fab40c64
chameleon_filtered__node_classification__graphatlas_free_transition__split2__seed2__345fc0bd81f9,345fc0bd81f9,951b15df3076d947,chameleon_filtered,node_classification,graphatlas_free_transition,graphatlas_free_transition,2,2,outputs/runs/chameleon_filtered/node_classification/graphatlas_free_transition/split_2/seed_2/cfg_345fc0bd81f9
chameleon_filtered__node_classification__graphatlas_free_transition__split3__seed3__02cc14c6d561,02cc14c6d561,951b15df3076d947,chameleon_filtered,node_classification,graphatlas_free_transition,graphatlas_free_transition,3,3,outputs/runs/chameleon_filtered/node_classification/graphatlas_free_transition/split_3/seed_3/cfg_02cc14c6d561
chameleon_filtered__node_classification__graphatlas_free_transition__split4__seed4__2a338c3c1b6e,2a338c3c1b6e,951b15df3076d947,chameleon_filtered,node_classification,graphatlas_free_transition,graphatlas_free_transition,4,4,outputs/runs/chameleon_filtered/node_classification/graphatlas_free_transition/split_4/seed_4/cfg_2a338c3c1b6e
chameleon_filtered__node_classification__graphatlas_free_transition__split5__seed5__f3354ffad854,f3354ffad854,951b15df3076d947,chameleon_filtered,node_classification,graphatlas_free_transition,graphatlas_free_transition,5,5,outputs/runs/chameleon_filtered/node_classification/graphatlas_free_transition/split_5/seed_5/cfg_f3354ffad854
chameleon_filtered__node_classification__graphatlas_free_transition__split6__seed6__975980f80aa5,975980f80aa5,951b15df3076d947,chameleon_filtered,node_classification,graphatlas_free_transition,graphatlas_free_transition,6,6,outputs/runs/chameleon_filtered/node_classification/graphatlas_free_transition/split_6/seed_6/cfg_975980f80aa5
chameleon_filtered__node_classification__graphatlas_free_transition__split7__seed7__558a765f1d82,558a765f1d82,951b15df3076d947,chameleon_filtered,node_classification,graphatlas_free_transition,graphatlas_free_transition,7,7,outputs/runs/chameleon_filtered/node_classification/graphatlas_free_transition/split_7/seed_7/cfg_558a765f1d82
chameleon_filtered__node_classification__graphatlas_free_transition__split8__seed8__08b5b8bbcecf,08b5b8bbcecf,951b15df3076d947,chameleon_filtered,node_classification,graphatlas_free_transition,graphatlas_free_transition,8,8,outputs/runs/chameleon_filtered/node_classification/graphatlas_free_transition/split_8/seed_8/cfg_08b5b8bbcecf
chameleon_filtered__node_classification__graphatlas_free_transition__split9__seed9__dc7e4003409d,dc7e4003409d,951b15df3076d947,chameleon_filtered,node_classification,graphatlas_free_transition,graphatlas_free_transition,9,9,outputs/runs/chameleon_filtered/node_classification/graphatlas_free_transition/split_9/seed_9/cfg_dc7e4003409d
chameleon_filtered__node_classification__graphatlas_no_metric__split0__seed0__a514bfcba909,a514bfcba909,951b15df3076d947,chameleon_filtered,node_classification,graphatlas_no_metric,graphatlas_no_metric,0,0,outputs/runs/chameleon_filtered/node_classification/graphatlas_no_metric/split_0/seed_0/cfg_a514bfcba909
chameleon_filtered__node_classification__graphatlas_no_metric__split1__seed1__24c2974dc53e,24c2974dc53e,951b15df3076d947,chameleon_filtered,node_classification,graphatlas_no_metric,graphatlas_no_metric,1,1,outputs/runs/chameleon_filtered/node_classification/graphatlas_no_metric/split_1/seed_1/cfg_24c2974dc53e
chameleon_filtered__node_classification__graphatlas_no_metric__split2__seed2__cfd124be5bcb,cfd124be5bcb,951b15df3076d947,chameleon_filtered,node_classification,graphatlas_no_metric,graphatlas_no_metric,2,2,outputs/runs/chameleon_filtered/node_classification/graphatlas_no_metric/split_2/seed_2/cfg_cfd124be5bcb
chameleon_filtered__node_classification__graphatlas_no_metric__split3__seed3__9b3835fae324,9b3835fae324,951b15df3076d947,chameleon_filtered,node_classification,graphatlas_no_metric,graphatlas_no_metric,3,3,outputs/runs/chameleon_filtered/node_classification/graphatlas_no_metric/split_3/seed_3/cfg_9b3835fae324
chameleon_filtered__node_classification__graphatlas_no_metric__split4__seed4__69dfc7b10f39,69dfc7b10f39,951b15df3076d947,chameleon_filtered,node_classification,graphatlas_no_metric,graphatlas_no_metric,4,4,outputs/runs/chameleon_filtered/node_classification/graphatlas_no_metric/split_4/seed_4/cfg_69dfc7b10f39
chameleon_filtered__node_classification__graphatlas_no_metric__split5__seed5__c2bfd2835629,c2bfd2835629,951b15df3076d947,chameleon_filtered,node_classification,graphatlas_no_metric,graphatlas_no_metric,5,5,outputs/runs/chameleon_filtered/node_classification/graphatlas_no_metric/split_5/seed_5/cfg_c2bfd2835629
chameleon_filtered__node_classification__graphatlas_no_metric__split6__seed6__4e29b313dce8,4e29b313dce8,951b15df3076d947,chameleon_filtered,node_classification,graphatlas_no_metric,graphatlas_no_metric,6,6,outputs/runs/chameleon_filtered/node_classification/graphatlas_no_metric/split_6/seed_6/cfg_4e29b313dce8
chameleon_filtered__node_classification__graphatlas_no_metric__split7__seed7__cc8a4c12bcc2,cc8a4c12bcc2,951b15df3076d947,chameleon_filtered,node_classification,graphatlas_no_metric,graphatlas_no_metric,7,7,outputs/runs/chameleon_filtered/node_classification/graphatlas_no_metric/split_7/seed_7/cfg_cc8a4c12bcc2
chameleon_filtered__node_classification__graphatlas_no_metric__split8__seed8__2ee0f159c0e3,2ee0f159c0e3,951b15df3076d947,chameleon_filtered,node_classification,graphatlas_no_metric,graphatlas_no_metric,8,8,outputs/runs/chameleon_filtered/node_classification/graphatlas_no_metric/split_8/seed_8/cfg_2ee0f159c0e3
chameleon_filtered__node_classification__graphatlas_no_metric__split9__seed9__4f381b37eb25,4f381b37eb25,951b15df3076d947,chameleon_filtered,node_classification,graphatlas_no_metric,graphatlas_no_metric,9,9,outputs/runs/chameleon_filtered/node_classification/graphatlas_no_metric/split_9/seed_9/cfg_4f381b37eb25
chameleon_filtered__node_classification__graphatlas_no_cocycle__split0__seed0__840c38d011ce,840c38d011ce,951b15df3076d947,chameleon_filtered,node_classification,graphatlas_no_cocycle,graphatlas_no_cocycle,0,0,outputs/runs/chameleon_filtered/node_classification/graphatlas_no_cocycle/split_0/seed_0/cfg_840c38d011ce
chameleon_filtered__node_classification__graphatlas_no_cocycle__split1__seed1__34d25f494f8f,34d25f494f8f,951b15df3076d947,chameleon_filtered,node_classification,graphatlas_no_cocycle,graphatlas_no_cocycle,1,1,outputs/runs/chameleon_filtered/node_classification/graphatlas_no_cocycle/split_1/seed_1/cfg_34d25f494f8f
chameleon_filtered__node_classification__graphatlas_no_cocycle__split2__seed2__9bb4cc4a198a,9bb4cc4a198a,951b15df3076d947,chameleon_filtered,node_classification,graphatlas_no_cocycle,graphatlas_no_cocycle,2,2,outputs/runs/chameleon_filtered/node_classification/graphatlas_no_cocycle/split_2/seed_2/cfg_9bb4cc4a198a
chameleon_filtered__node_classification__graphatlas_no_cocycle__split3__seed3__e9f8e6e5877b,e9f8e6e5877b,951b15df3076d947,chameleon_filtered,node_classification,graphatlas_no_cocycle,graphatlas_no_cocycle,3,3,outputs/runs/chameleon_filtered/node_classification/graphatlas_no_cocycle/split_3/seed_3/cfg_e9f8e6e5877b
chameleon_filtered__node_classification__graphatlas_no_cocycle__split4__seed4__5476eee9dfe5,5476eee9dfe5,951b15df3076d947,chameleon_filtered,node_classification,graphatlas_no_cocycle,graphatlas_no_cocycle,4,4,outputs/runs/chameleon_filtered/node_classification/graphatlas_no_cocycle/split_4/seed_4/cfg_5476eee9dfe5
chameleon_filtered__node_classification__graphatlas_no_cocycle__split5__seed5__e08daf82011f,e08daf82011f,951b15df3076d947,chameleon_filtered,node_classification,graphatlas_no_cocycle,graphatlas_no_cocycle,5,5,outputs/runs/chameleon_filtered/node_classification/graphatlas_no_cocycle/split_5/seed_5/cfg_e08daf82011f
chameleon_filtered__node_classification__graphatlas_no_cocycle__split6__seed6__f927b68f9bdb,f927b68f9bdb,951b15df3076d947,chameleon_filtered,node_classification,graphatlas_no_cocycle,graphatlas_no_cocycle,6,6,outputs/runs/chameleon_filtered/node_classification/graphatlas_no_cocycle/split_6/seed_6/cfg_f927b68f9bdb
chameleon_filtered__node_classification__graphatlas_no_cocycle__split7__seed7__e236f748d83c,e236f748d83c,951b15df3076d947,chameleon_filtered,node_classification,graphatlas_no_cocycle,graphatlas_no_cocycle,7,7,outputs/runs/chameleon_filtered/node_classification/graphatlas_no_cocycle/split_7/seed_7/cfg_e236f748d83c
chameleon_filtered__node_classification__graphatlas_no_cocycle__split8__seed8__998493cb58b6,998493cb58b6,951b15df3076d947,chameleon_filtered,node_classification,graphatlas_no_cocycle,graphatlas_no_cocycle,8,8,outputs/runs/chameleon_filtered/node_classification/graphatlas_no_cocycle/split_8/seed_8/cfg_998493cb58b6
chameleon_filtered__node_classification__graphatlas_no_cocycle__split9__seed9__6c408425776b,6c408425776b,951b15df3076d947,chameleon_filtered,node_classification,graphatlas_no_cocycle,graphatlas_no_cocycle,9,9,outputs/runs/chameleon_filtered/node_classification/graphatlas_no_cocycle/split_9/seed_9/cfg_6c408425776b
chameleon_filtered__node_classification__graphatlas_no_overlap__split0__seed0__14ccd11bfc12,14ccd11bfc12,951b15df3076d947,chameleon_filtered,node_classification,graphatlas_no_overlap,graphatlas_no_overlap,0,0,outputs/runs/chameleon_filtered/node_classification/graphatlas_no_overlap/split_0/seed_0/cfg_14ccd11bfc12
chameleon_filtered__node_classification__graphatlas_no_overlap__split1__seed1__626bd8fed0a5,626bd8fed0a5,951b15df3076d947,chameleon_filtered,node_classification,graphatlas_no_overlap,graphatlas_no_overlap,1,1,outputs/runs/chameleon_filtered/node_classification/graphatlas_no_overlap/split_1/seed_1/cfg_626bd8fed0a5
chameleon_filtered__node_classification__graphatlas_no_overlap__split2__seed2__853d3b01bc2f,853d3b01bc2f,951b15df3076d947,chameleon_filtered,node_classification,graphatlas_no_overlap,graphatlas_no_overlap,2,2,outputs/runs/chameleon_filtered/node_classification/graphatlas_no_overlap/split_2/seed_2/cfg_853d3b01bc2f
chameleon_filtered__node_classification__graphatlas_no_overlap__split3__seed3__c82128db3777,c82128db3777,951b15df3076d947,chameleon_filtered,node_classification,graphatlas_no_overlap,graphatlas_no_overlap,3,3,outputs/runs/chameleon_filtered/node_classification/graphatlas_no_overlap/split_3/seed_3/cfg_c82128db3777
chameleon_filtered__node_classification__graphatlas_no_overlap__split4__seed4__3fd2cf10b48a,3fd2cf10b48a,951b15df3076d947,chameleon_filtered,node_classification,graphatlas_no_overlap,graphatlas_no_overlap,4,4,outputs/runs/chameleon_filtered/node_classification/graphatlas_no_overlap/split_4/seed_4/cfg_3fd2cf10b48a
chameleon_filtered__node_classification__graphatlas_no_overlap__split5__seed5__3e66356d910c,3e66356d910c,951b15df3076d947,chameleon_filtered,node_classification,graphatlas_no_overlap,graphatlas_no_overlap,5,5,outputs/runs/chameleon_filtered/node_classification/graphatlas_no_overlap/split_5/seed_5/cfg_3e66356d910c
chameleon_filtered__node_classification__graphatlas_no_overlap__split6__seed6__dc3d2e0ce795,dc3d2e0ce795,951b15df3076d947,chameleon_filtered,node_classification,graphatlas_no_overlap,graphatlas_no_overlap,6,6,outputs/runs/chameleon_filtered/node_classification/graphatlas_no_overlap/split_6/seed_6/cfg_dc3d2e0ce795
chameleon_filtered__node_classification__graphatlas_no_overlap__split7__seed7__dcb20701efc0,dcb20701efc0,951b15df3076d947,chameleon_filtered,node_classification,graphatlas_no_overlap,graphatlas_no_overlap,7,7,outputs/runs/chameleon_filtered/node_classification/graphatlas_no_overlap/split_7/seed_7/cfg_dcb20701efc0
chameleon_filtered__node_classification__graphatlas_no_overlap__split8__seed8__fad598d2f722,fad598d2f722,951b15df3076d947,chameleon_filtered,node_classification,graphatlas_no_overlap,graphatlas_no_overlap,8,8,outputs/runs/chameleon_filtered/node_classification/graphatlas_no_overlap/split_8/seed_8/cfg_fad598d2f722
chameleon_filtered__node_classification__graphatlas_no_overlap__split9__seed9__e629ceba4d57,e629ceba4d57,951b15df3076d947,chameleon_filtered,node_classification,graphatlas_no_overlap,graphatlas_no_overlap,9,9,outputs/runs/chameleon_filtered/node_classification/graphatlas_no_overlap/split_9/seed_9/cfg_e629ceba4d57
chameleon_filtered__node_classification__graphatlas__split0__seed0__f063f1345c11,f063f1345c11,951b15df3076d947,chameleon_filtered,node_classification,graphatlas,graphatlas,0,0,outputs/runs/chameleon_filtered/node_classification/graphatlas/split_0/seed_0/cfg_f063f1345c11
chameleon_filtered__node_classification__graphatlas__split1__seed1__9f4061f95a67,9f4061f95a67,951b15df3076d947,chameleon_filtered,node_classification,graphatlas,graphatlas,1,1,outputs/runs/chameleon_filtered/node_classification/graphatlas/split_1/seed_1/cfg_9f4061f95a67
chameleon_filtered__node_classification__graphatlas__split2__seed2__9b28c9bc0167,9b28c9bc0167,951b15df3076d947,chameleon_filtered,node_classification,graphatlas,graphatlas,2,2,outputs/runs/chameleon_filtered/node_classification/graphatlas/split_2/seed_2/cfg_9b28c9bc0167
chameleon_filtered__node_classification__graphatlas__split3__seed3__82083d4db276,82083d4db276,951b15df3076d947,chameleon_filtered,node_classification,graphatlas,graphatlas,3,3,outputs/runs/chameleon_filtered/node_classification/graphatlas/split_3/seed_3/cfg_82083d4db276
chameleon_filtered__node_classification__graphatlas__split4__seed4__2252afce5b88,2252afce5b88,951b15df3076d947,chameleon_filtered,node_classification,graphatlas,graphatlas,4,4,outputs/runs/chameleon_filtered/node_classification/graphatlas/split_4/seed_4/cfg_2252afce5b88
chameleon_filtered__node_classification__graphatlas__split5__seed5__df6686cf6fc5,df6686cf6fc5,951b15df3076d947,chameleon_filtered,node_classification,graphatlas,graphatlas,5,5,outputs/runs/chameleon_filtered/node_classification/graphatlas/split_5/seed_5/cfg_df6686cf6fc5
chameleon_filtered__node_classification__graphatlas__split6__seed6__de6540fae3d1,de6540fae3d1,951b15df3076d947,chameleon_filtered,node_classification,graphatlas,graphatlas,6,6,outputs/runs/chameleon_filtered/node_classification/graphatlas/split_6/seed_6/cfg_de6540fae3d1
chameleon_filtered__node_classification__graphatlas__split7__seed7__348f3f47a224,348f3f47a224,951b15df3076d947,chameleon_filtered,node_classification,graphatlas,graphatlas,7,7,outputs/runs/chameleon_filtered/node_classification/graphatlas/split_7/seed_7/cfg_348f3f47a224
chameleon_filtered__node_classification__graphatlas__split8__seed8__ac2bb41c67a7,ac2bb41c67a7,951b15df3076d947,chameleon_filtered,node_classification,graphatlas,graphatlas,8,8,outputs/runs/chameleon_filtered/node_classification/graphatlas/split_8/seed_8/cfg_ac2bb41c67a7
chameleon_filtered__node_classification__graphatlas__split9__seed9__ba143de1052b,ba143de1052b,951b15df3076d947,chameleon_filtered,node_classification,graphatlas,graphatlas,9,9,outputs/runs/chameleon_filtered/node_classification/graphatlas/split_9/seed_9/cfg_ba143de1052b
squirrel_filtered__node_classification__graphatlas_no_transport__split0__seed0__1e81f451f5b0,1e81f451f5b0,951b15df3076d947,squirrel_filtered,node_classification,graphatlas_no_transport,graphatlas_no_transport,0,0,outputs/runs/squirrel_filtered/node_classification/graphatlas_no_transport/split_0/seed_0/cfg_1e81f451f5b0
squirrel_filtered__node_classification__graphatlas_no_transport__split1__seed1__9a66f6b63ddf,9a66f6b63ddf,951b15df3076d947,squirrel_filtered,node_classification,graphatlas_no_transport,graphatlas_no_transport,1,1,outputs/runs/squirrel_filtered/node_classification/graphatlas_no_transport/split_1/seed_1/cfg_9a66f6b63ddf
squirrel_filtered__node_classification__graphatlas_no_transport__split2__seed2__69d3fbf1dea7,69d3fbf1dea7,951b15df3076d947,squirrel_filtered,node_classification,graphatlas_no_transport,graphatlas_no_transport,2,2,outputs/runs/squirrel_filtered/node_classification/graphatlas_no_transport/split_2/seed_2/cfg_69d3fbf1dea7
squirrel_filtered__node_classification__graphatlas_no_transport__split3__seed3__dbf57aeb5707,dbf57aeb5707,951b15df3076d947,squirrel_filtered,node_classification,graphatlas_no_transport,graphatlas_no_transport,3,3,outputs/runs/squirrel_filtered/node_classification/graphatlas_no_transport/split_3/seed_3/cfg_dbf57aeb5707
squirrel_filtered__node_classification__graphatlas_no_transport__split4__seed4__1cf4a3276de8,1cf4a3276de8,951b15df3076d947,squirrel_filtered,node_classification,graphatlas_no_transport,graphatlas_no_transport,4,4,outputs/runs/squirrel_filtered/node_classification/graphatlas_no_transport/split_4/seed_4/cfg_1cf4a3276de8
squirrel_filtered__node_classification__graphatlas_no_transport__split5__seed5__5015067ee111,5015067ee111,951b15df3076d947,squirrel_filtered,node_classification,graphatlas_no_transport,graphatlas_no_transport,5,5,outputs/runs/squirrel_filtered/node_classification/graphatlas_no_transport/split_5/seed_5/cfg_5015067ee111
squirrel_filtered__node_classification__graphatlas_no_transport__split6__seed6__97be2df0cc09,97be2df0cc09,951b15df3076d947,squirrel_filtered,node_classification,graphatlas_no_transport,graphatlas_no_transport,6,6,outputs/runs/squirrel_filtered/node_classification/graphatlas_no_transport/split_6/seed_6/cfg_97be2df0cc09
squirrel_filtered__node_classification__graphatlas_no_transport__split7__seed7__14d4f40ed956,14d4f40ed956,951b15df3076d947,squirrel_filtered,node_classification,graphatlas_no_transport,graphatlas_no_transport,7,7,outputs/runs/squirrel_filtered/node_classification/graphatlas_no_transport/split_7/seed_7/cfg_14d4f40ed956
squirrel_filtered__node_classification__graphatlas_no_transport__split8__seed8__f32fd4d43a52,f32fd4d43a52,951b15df3076d947,squirrel_filtered,node_classification,graphatlas_no_transport,graphatlas_no_transport,8,8,outputs/runs/squirrel_filtered/node_classification/graphatlas_no_transport/split_8/seed_8/cfg_f32fd4d43a52
squirrel_filtered__node_classification__graphatlas_no_transport__split9__seed9__fa35c4f8a54d,fa35c4f8a54d,951b15df3076d947,squirrel_filtered,node_classification,graphatlas_no_transport,graphatlas_no_transport,9,9,outputs/runs/squirrel_filtered/node_classification/graphatlas_no_transport/split_9/seed_9/cfg_fa35c4f8a54d
squirrel_filtered__node_classification__graphatlas_free_transition__split0__seed0__c9e01a5deade,c9e01a5deade,951b15df3076d947,squirrel_filtered,node_classification,graphatlas_free_transition,graphatlas_free_transition,0,0,outputs/runs/squirrel_filtered/node_classification/graphatlas_free_transition/split_0/seed_0/cfg_c9e01a5deade
squirrel_filtered__node_classification__graphatlas_free_transition__split1__seed1__834f96474784,834f96474784,951b15df3076d947,squirrel_filtered,node_classification,graphatlas_free_transition,graphatlas_free_transition,1,1,outputs/runs/squirrel_filtered/node_classification/graphatlas_free_transition/split_1/seed_1/cfg_834f96474784
squirrel_filtered__node_classification__graphatlas_free_transition__split2__seed2__4c3b469d8667,4c3b469d8667,951b15df3076d947,squirrel_filtered,node_classification,graphatlas_free_transition,graphatlas_free_transition,2,2,outputs/runs/squirrel_filtered/node_classification/graphatlas_free_transition/split_2/seed_2/cfg_4c3b469d8667
squirrel_filtered__node_classification__graphatlas_free_transition__split3__seed3__522c47ea34fc,522c47ea34fc,951b15df3076d947,squirrel_filtered,node_classification,graphatlas_free_transition,graphatlas_free_transition,3,3,outputs/runs/squirrel_filtered/node_classification/graphatlas_free_transition/split_3/seed_3/cfg_522c47ea34fc
squirrel_filtered__node_classification__graphatlas_free_transition__split4__seed4__7a61910787b7,7a61910787b7,951b15df3076d947,squirrel_filtered,node_classification,graphatlas_free_transition,graphatlas_free_transition,4,4,outputs/runs/squirrel_filtered/node_classification/graphatlas_free_transition/split_4/seed_4/cfg_7a61910787b7
squirrel_filtered__node_classification__graphatlas_free_transition__split5__seed5__4f01a9321edb,4f01a9321edb,951b15df3076d947,squirrel_filtered,node_classification,graphatlas_free_transition,graphatlas_free_transition,5,5,outputs/runs/squirrel_filtered/node_classification/graphatlas_free_transition/split_5/seed_5/cfg_4f01a9321edb
squirrel_filtered__node_classification__graphatlas_free_transition__split6__seed6__4646009ce74e,4646009ce74e,951b15df3076d947,squirrel_filtered,node_classification,graphatlas_free_transition,graphatlas_free_transition,6,6,outputs/runs/squirrel_filtered/node_classification/graphatlas_free_transition/split_6/seed_6/cfg_4646009ce74e
squirrel_filtered__node_classification__graphatlas_free_transition__split7__seed7__6211fe816d2e,6211fe816d2e,951b15df3076d947,squirrel_filtered,node_classification,graphatlas_free_transition,graphatlas_free_transition,7,7,outputs/runs/squirrel_filtered/node_classification/graphatlas_free_transition/split_7/seed_7/cfg_6211fe816d2e
squirrel_filtered__node_classification__graphatlas_free_transition__split8__seed8__a889617e8a8c,a889617e8a8c,951b15df3076d947,squirrel_filtered,node_classification,graphatlas_free_transition,graphatlas_free_transition,8,8,outputs/runs/squirrel_filtered/node_classification/graphatlas_free_transition/split_8/seed_8/cfg_a889617e8a8c
squirrel_filtered__node_classification__graphatlas_free_transition__split9__seed9__b41c8e277524,b41c8e277524,951b15df3076d947,squirrel_filtered,node_classification,graphatlas_free_transition,graphatlas_free_transition,9,9,outputs/runs/squirrel_filtered/node_classification/graphatlas_free_transition/split_9/seed_9/cfg_b41c8e277524
squirrel_filtered__node_classification__graphatlas_no_metric__split0__seed0__9113531a6c2f,9113531a6c2f,951b15df3076d947,squirrel_filtered,node_classification,graphatlas_no_metric,graphatlas_no_metric,0,0,outputs/runs/squirrel_filtered/node_classification/graphatlas_no_metric/split_0/seed_0/cfg_9113531a6c2f
squirrel_filtered__node_classification__graphatlas_no_metric__split1__seed1__430588444fc8,430588444fc8,951b15df3076d947,squirrel_filtered,node_classification,graphatlas_no_metric,graphatlas_no_metric,1,1,outputs/runs/squirrel_filtered/node_classification/graphatlas_no_metric/split_1/seed_1/cfg_430588444fc8
squirrel_filtered__node_classification__graphatlas_no_metric__split2__seed2__6d5174062329,6d5174062329,951b15df3076d947,squirrel_filtered,node_classification,graphatlas_no_metric,graphatlas_no_metric,2,2,outputs/runs/squirrel_filtered/node_classification/graphatlas_no_metric/split_2/seed_2/cfg_6d5174062329
squirrel_filtered__node_classification__graphatlas_no_metric__split3__seed3__e15ecce0c9b4,e15ecce0c9b4,951b15df3076d947,squirrel_filtered,node_classification,graphatlas_no_metric,graphatlas_no_metric,3,3,outputs/runs/squirrel_filtered/node_classification/graphatlas_no_metric/split_3/seed_3/cfg_e15ecce0c9b4
squirrel_filtered__node_classification__graphatlas_no_metric__split4__seed4__0ef7f97ff7bb,0ef7f97ff7bb,951b15df3076d947,squirrel_filtered,node_classification,graphatlas_no_metric,graphatlas_no_metric,4,4,outputs/runs/squirrel_filtered/node_classification/graphatlas_no_metric/split_4/seed_4/cfg_0ef7f97ff7bb
squirrel_filtered__node_classification__graphatlas_no_metric__split5__seed5__04bec7d3b23b,04bec7d3b23b,951b15df3076d947,squirrel_filtered,node_classification,graphatlas_no_metric,graphatlas_no_metric,5,5,outputs/runs/squirrel_filtered/node_classification/graphatlas_no_metric/split_5/seed_5/cfg_04bec7d3b23b
squirrel_filtered__node_classification__graphatlas_no_metric__split6__seed6__b495cb7b75e3,b495cb7b75e3,951b15df3076d947,squirrel_filtered,node_classification,graphatlas_no_metric,graphatlas_no_metric,6,6,outputs/runs/squirrel_filtered/node_classification/graphatlas_no_metric/split_6/seed_6/cfg_b495cb7b75e3
squirrel_filtered__node_classification__graphatlas_no_metric__split7__seed7__4f5b493d594c,4f5b493d594c,951b15df3076d947,squirrel_filtered,node_classification,graphatlas_no_metric,graphatlas_no_metric,7,7,outputs/runs/squirrel_filtered/node_classification/graphatlas_no_metric/split_7/seed_7/cfg_4f5b493d594c
squirrel_filtered__node_classification__graphatlas_no_metric__split8__seed8__c1e274a9ab4b,c1e274a9ab4b,951b15df3076d947,squirrel_filtered,node_classification,graphatlas_no_metric,graphatlas_no_metric,8,8,outputs/runs/squirrel_filtered/node_classification/graphatlas_no_metric/split_8/seed_8/cfg_c1e274a9ab4b
squirrel_filtered__node_classification__graphatlas_no_metric__split9__seed9__a3762592c37a,a3762592c37a,951b15df3076d947,squirrel_filtered,node_classification,graphatlas_no_metric,graphatlas_no_metric,9,9,outputs/runs/squirrel_filtered/node_classification/graphatlas_no_metric/split_9/seed_9/cfg_a3762592c37a
squirrel_filtered__node_classification__graphatlas_no_cocycle__split0__seed0__08b82e806008,08b82e806008,951b15df3076d947,squirrel_filtered,node_classification,graphatlas_no_cocycle,graphatlas_no_cocycle,0,0,outputs/runs/squirrel_filtered/node_classification/graphatlas_no_cocycle/split_0/seed_0/cfg_08b82e806008
squirrel_filtered__node_classification__graphatlas_no_cocycle__split1__seed1__b97a1f59acb4,b97a1f59acb4,951b15df3076d947,squirrel_filtered,node_classification,graphatlas_no_cocycle,graphatlas_no_cocycle,1,1,outputs/runs/squirrel_filtered/node_classification/graphatlas_no_cocycle/split_1/seed_1/cfg_b97a1f59acb4
squirrel_filtered__node_classification__graphatlas_no_cocycle__split2__seed2__184ac6bac691,184ac6bac691,951b15df3076d947,squirrel_filtered,node_classification,graphatlas_no_cocycle,graphatlas_no_cocycle,2,2,outputs/runs/squirrel_filtered/node_classification/graphatlas_no_cocycle/split_2/seed_2/cfg_184ac6bac691
squirrel_filtered__node_classification__graphatlas_no_cocycle__split3__seed3__ebe6b5df47f0,ebe6b5df47f0,951b15df3076d947,squirrel_filtered,node_classification,graphatlas_no_cocycle,graphatlas_no_cocycle,3,3,outputs/runs/squirrel_filtered/node_classification/graphatlas_no_cocycle/split_3/seed_3/cfg_ebe6b5df47f0
squirrel_filtered__node_classification__graphatlas_no_cocycle__split4__seed4__98ddb308d9a1,98ddb308d9a1,951b15df3076d947,squirrel_filtered,node_classification,graphatlas_no_cocycle,graphatlas_no_cocycle,4,4,outputs/runs/squirrel_filtered/node_classification/graphatlas_no_cocycle/split_4/seed_4/cfg_98ddb308d9a1
squirrel_filtered__node_classification__graphatlas_no_cocycle__split5__seed5__602bb101a204,602bb101a204,951b15df3076d947,squirrel_filtered,node_classification,graphatlas_no_cocycle,graphatlas_no_cocycle,5,5,outputs/runs/squirrel_filtered/node_classification/graphatlas_no_cocycle/split_5/seed_5/cfg_602bb101a204
squirrel_filtered__node_classification__graphatlas_no_cocycle__split6__seed6__0d30fe767092,0d30fe767092,951b15df3076d947,squirrel_filtered,node_classification,graphatlas_no_cocycle,graphatlas_no_cocycle,6,6,outputs/runs/squirrel_filtered/node_classification/graphatlas_no_cocycle/split_6/seed_6/cfg_0d30fe767092
squirrel_filtered__node_classification__graphatlas_no_cocycle__split7__seed7__0bbc9410d629,0bbc9410d629,951b15df3076d947,squirrel_filtered,node_classification,graphatlas_no_cocycle,graphatlas_no_cocycle,7,7,outputs/runs/squirrel_filtered/node_classification/graphatlas_no_cocycle/split_7/seed_7/cfg_0bbc9410d629
squirrel_filtered__node_classification__graphatlas_no_cocycle__split8__seed8__5c9e6ffb0712,5c9e6ffb0712,951b15df3076d947,squirrel_filtered,node_classification,graphatlas_no_cocycle,graphatlas_no_cocycle,8,8,outputs/runs/squirrel_filtered/node_classification/graphatlas_no_cocycle/split_8/seed_8/cfg_5c9e6ffb0712
squirrel_filtered__node_classification__graphatlas_no_cocycle__split9__seed9__c778f67d86ea,c778f67d86ea,951b15df3076d947,squirrel_filtered,node_classification,graphatlas_no_cocycle,graphatlas_no_cocycle,9,9,outputs/runs/squirrel_filtered/node_classification/graphatlas_no_cocycle/split_9/seed_9/cfg_c778f67d86ea
squirrel_filtered__node_classification__graphatlas_no_overlap__split0__seed0__b93a2df006b7,b93a2df006b7,951b15df3076d947,squirrel_filtered,node_classification,graphatlas_no_overlap,graphatlas_no_overlap,0,0,outputs/runs/squirrel_filtered/node_classification/graphatlas_no_overlap/split_0/seed_0/cfg_b93a2df006b7
squirrel_filtered__node_classification__graphatlas_no_overlap__split1__seed1__6633cf1f330f,6633cf1f330f,951b15df3076d947,squirrel_filtered,node_classification,graphatlas_no_overlap,graphatlas_no_overlap,1,1,outputs/runs/squirrel_filtered/node_classification/graphatlas_no_overlap/split_1/seed_1/cfg_6633cf1f330f
squirrel_filtered__node_classification__graphatlas_no_overlap__split2__seed2__2f65709a1fa9,2f65709a1fa9,951b15df3076d947,squirrel_filtered,node_classification,graphatlas_no_overlap,graphatlas_no_overlap,2,2,outputs/runs/squirrel_filtered/node_classification/graphatlas_no_overlap/split_2/seed_2/cfg_2f65709a1fa9
squirrel_filtered__node_classification__graphatlas_no_overlap__split3__seed3__71b30b84fac4,71b30b84fac4,951b15df3076d947,squirrel_filtered,node_classification,graphatlas_no_overlap,graphatlas_no_overlap,3,3,outputs/runs/squirrel_filtered/node_classification/graphatlas_no_overlap/split_3/seed_3/cfg_71b30b84fac4
squirrel_filtered__node_classification__graphatlas_no_overlap__split4__seed4__981f45062a04,981f45062a04,951b15df3076d947,squirrel_filtered,node_classification,graphatlas_no_overlap,graphatlas_no_overlap,4,4,outputs/runs/squirrel_filtered/node_classification/graphatlas_no_overlap/split_4/seed_4/cfg_981f45062a04
squirrel_filtered__node_classification__graphatlas_no_overlap__split5__seed5__25bc34e175b6,25bc34e175b6,951b15df3076d947,squirrel_filtered,node_classification,graphatlas_no_overlap,graphatlas_no_overlap,5,5,outputs/runs/squirrel_filtered/node_classification/graphatlas_no_overlap/split_5/seed_5/cfg_25bc34e175b6
squirrel_filtered__node_classification__graphatlas_no_overlap__split6__seed6__6f2ffe0c8c09,6f2ffe0c8c09,951b15df3076d947,squirrel_filtered,node_classification,graphatlas_no_overlap,graphatlas_no_overlap,6,6,outputs/runs/squirrel_filtered/node_classification/graphatlas_no_overlap/split_6/seed_6/cfg_6f2ffe0c8c09
squirrel_filtered__node_classification__graphatlas_no_overlap__split7__seed7__fc166928167d,fc166928167d,951b15df3076d947,squirrel_filtered,node_classification,graphatlas_no_overlap,graphatlas_no_overlap,7,7,outputs/runs/squirrel_filtered/node_classification/graphatlas_no_overlap/split_7/seed_7/cfg_fc166928167d
squirrel_filtered__node_classification__graphatlas_no_overlap__split8__seed8__8ff4ed7ca59b,8ff4ed7ca59b,951b15df3076d947,squirrel_filtered,node_classification,graphatlas_no_overlap,graphatlas_no_overlap,8,8,outputs/runs/squirrel_filtered/node_classification/graphatlas_no_overlap/split_8/seed_8/cfg_8ff4ed7ca59b
squirrel_filtered__node_classification__graphatlas_no_overlap__split9__seed9__0a6d199230de,0a6d199230de,951b15df3076d947,squirrel_filtered,node_classification,graphatlas_no_overlap,graphatlas_no_overlap,9,9,outputs/runs/squirrel_filtered/node_classification/graphatlas_no_overlap/split_9/seed_9/cfg_0a6d199230de
squirrel_filtered__node_classification__graphatlas__split0__seed0__e417be91ebac,e417be91ebac,951b15df3076d947,squirrel_filtered,node_classification,graphatlas,graphatlas,0,0,outputs/runs/squirrel_filtered/node_classification/graphatlas/split_0/seed_0/cfg_e417be91ebac
squirrel_filtered__node_classification__graphatlas__split1__seed1__c3287c50772e,c3287c50772e,951b15df3076d947,squirrel_filtered,node_classification,graphatlas,graphatlas,1,1,outputs/runs/squirrel_filtered/node_classification/graphatlas/split_1/seed_1/cfg_c3287c50772e
squirrel_filtered__node_classification__graphatlas__split2__seed2__57132dce26a3,57132dce26a3,951b15df3076d947,squirrel_filtered,node_classification,graphatlas,graphatlas,2,2,outputs/runs/squirrel_filtered/node_classification/graphatlas/split_2/seed_2/cfg_57132dce26a3
squirrel_filtered__node_classification__graphatlas__split3__seed3__0c68168c7929,0c68168c7929,951b15df3076d947,squirrel_filtered,node_classification,graphatlas,graphatlas,3,3,outputs/runs/squirrel_filtered/node_classification/graphatlas/split_3/seed_3/cfg_0c68168c7929
squirrel_filtered__node_classification__graphatlas__split4__seed4__1430e2f1a224,1430e2f1a224,951b15df3076d947,squirrel_filtered,node_classification,graphatlas,graphatlas,4,4,outputs/runs/squirrel_filtered/node_classification/graphatlas/split_4/seed_4/cfg_1430e2f1a224
squirrel_filtered__node_classification__graphatlas__split5__seed5__fcc0e1c8b24e,fcc0e1c8b24e,951b15df3076d947,squirrel_filtered,node_classification,graphatlas,graphatlas,5,5,outputs/runs/squirrel_filtered/node_classification/graphatlas/split_5/seed_5/cfg_fcc0e1c8b24e
squirrel_filtered__node_classification__graphatlas__split6__seed6__d5c061a5e828,d5c061a5e828,951b15df3076d947,squirrel_filtered,node_classification,graphatlas,graphatlas,6,6,outputs/runs/squirrel_filtered/node_classification/graphatlas/split_6/seed_6/cfg_d5c061a5e828
squirrel_filtered__node_classification__graphatlas__split7__seed7__d209aee93c6d,d209aee93c6d,951b15df3076d947,squirrel_filtered,node_classification,graphatlas,graphatlas,7,7,outputs/runs/squirrel_filtered/node_classification/graphatlas/split_7/seed_7/cfg_d209aee93c6d
squirrel_filtered__node_classification__graphatlas__split8__seed8__f3d7847bcd44,f3d7847bcd44,951b15df3076d947,squirrel_filtered,node_classification,graphatlas,graphatlas,8,8,outputs/runs/squirrel_filtered/node_classification/graphatlas/split_8/seed_8/cfg_f3d7847bcd44
squirrel_filtered__node_classification__graphatlas__split9__seed9__761afd766c17,761afd766c17,951b15df3076d947,squirrel_filtered,node_classification,graphatlas,graphatlas,9,9,outputs/runs/squirrel_filtered/node_classification/graphatlas/split_9/seed_9/cfg_761afd766c17
