task,metric_name,train_metric,val_metric,test_metric,train_link_roc_auc,val_link_roc_auc,test_link_roc_auc,train_link_average_precision,val_link_average_precision,test_link_average_precision,train_link_mrr,val_link_mrr,test_link_mrr,test_link_hits_at_10,test_link_hits_at_50,train_micro_f1,train_brier,train_worst_class_recall,train_accuracy,train_weighted_f1,train_macro_f1,train_ece,train_mcc,train_nll,train_balanced_accuracy,val_micro_f1,val_brier,val_worst_class_recall,val_accuracy,val_weighted_f1,val_macro_f1,val_ece,val_mcc,val_nll,val_balanced_accuracy,test_micro_f1,test_brier,test_worst_class_recall,test_accuracy,test_weighted_f1,test_macro_f1,test_ece,test_mcc,test_nll,test_balanced_accuracy,train_roc_auc,val_roc_auc,test_roc_auc,boundary_accuracy,interior_accuracy,chart_ari,overlap_f1,reconstruction_error,invariance_error_affine,invariance_error_nonlinear,invariance_logit_max_affine,invariance_logit_max_nonlinear,intervention_flip_rate_affine,intervention_flip_rate_nonlinear,intervention_test_metric_drop_affine,intervention_test_metric_drop_nonlinear,intervention_test_metric_nonlinear,metric_recovery_error,metric_recovery_mean_error,transition_error,local_distortion,cross_chart_distortion,curvature_flat_fraction,curvature_positive_fraction,curvature_negative_fraction,cocycle_error,inverse_cycle_error,triple_cocycle_error,path_consistency_error,metric_compatibility_error,metric_direction_error,metric_scale_error,chart_rank_error,chart_min_relative_singular_value,chart_condition_number,geometry_error,dataset,model,model_family,condition_id,intervention_profile,certified_routing_mode,transportability_beta,readout_mode,coordinate_activation,coordinate_left_linear,link_decoder,seed,best_epoch,last_epoch,resumed_from_epoch,trained_epochs_this_call,best_val_metric,parameters,num_nodes,num_edges,peak_cuda_memory_bytes,runtime_seconds,device,split,transportability_mean,transportability_std,transportability_min,transportability_max,distortion_mean,fraction_q_below_025,fraction_q_above_075,active_source_chart_count,q_route_spread_mean,q_route_spread_p90,routing_kl_from_membership,fraction_edges_with_multiple_source_charts,routing_total_variation_from_membership,routing_entropy_mean,active_target_chart_count,fraction_edges_with_multiple_target_charts,q_route_spread_median,q_route_spread_max,q_delta_closure_error,routing_opportunity,irreducible_transport_risk,cross_chart_mass,q_reference_agreement,mean_active_charts,overlap_ratio,membership_entropy_mean,membership_entropy_p90,chart_utilization_min,chart_utilization_max,run_id,config_hash,source_hash
node_classification,accuracy,0.9512194991111755,0.7553191781044006,0.9090909361839294,,,,,,,,,,,,0.9512195121951219,0.08258432894945145,0.9042553191489362,0.9512194991111755,0.9510911493034508,0.9520910978932854,0.027331817895174026,0.9271390521265069,0.14033249020576477,0.9515192752104059,0.7553191489361702,0.4059445261955261,0.7352941176470589,0.7553191781044006,0.7557486325159627,0.7553926360377973,0.17258396744728088,0.6343537781915982,1.5323981046676636,0.7567776832646297,0.9090909090909091,0.16095083951950073,0.8387096774193549,0.9090909361839294,0.9084239817859853,0.9077985777328049,0.07249139994382858,0.8644759625032017,0.39709708094596863,0.9080421146953405,,,,0.9444444179534912,0.8888888955116272,0.07444862606064574,0.5502846299810247,0.19446617364883423,5.80500483238211e-08,4.830722488691208e-08,6.67572021484375e-06,3.814697265625e-06,0.0,0.0,0.0,0.0,0.9090909361839294,,,,,,,,,0.15567529201507568,0.09425625950098038,0.0,0.06141902506351471,0.2788991630077362,0.23236103355884552,0.4653817415237427,9.693110769148916e-06,0.5703675746917725,2.6849684715270996,1.6182024478912354,atlas_het,graphatlas_c_beta_-1,graphatlas_certified,ov0.10_cross0.00,,certificate,-1.0,full,none,False,dot,0,65,90,0,90,0.7553191781044006,64834,480,6540,0,18.599909782409668,cpu,0,0.9445446729660034,0.07892806082963943,0.3533361554145813,1.0,0.05545525252819061,0.0,0.95107501745224,1.7642202377319336,0.06227573752403259,0.13735158741474152,0.0006772601627744734,0.7642201781272888,0.009092195890843868,0.40923336148262024,1.7642202377319336,0.7642201781272888,0.03968346118927002,0.4785974621772766,2.4916622010096035e-07,0.025379793718457222,0.05545525252819061,0.3897893726825714,0.5818042755126953,1.7354166507720947,0.7354166507720947,0.40753576159477234,0.6825417280197144,0.07944904267787933,0.49623796343803406,atlas_het__node_classification__graphatlas_c_beta__1__split0__seed0__c6736c0f093b,c6736c0f093b,975d6eec98ed54f0
node_classification,accuracy,0.9512194991111755,0.7553191781044006,0.9090909361839294,,,,,,,,,,,,0.9512195121951219,0.08258432894945145,0.9042553191489362,0.9512194991111755,0.9510911493034508,0.9520910978932854,0.027331817895174026,0.9271390521265069,0.14033249020576477,0.9515192752104059,0.7553191489361702,0.4059445261955261,0.7352941176470589,0.7553191781044006,0.7557486325159627,0.7553926360377973,0.17258396744728088,0.6343537781915982,1.5323981046676636,0.7567776832646297,0.9090909090909091,0.16095083951950073,0.8387096774193549,0.9090909361839294,0.9084239817859853,0.9077985777328049,0.07249139994382858,0.8644759625032017,0.39709708094596863,0.9080421146953405,,,,0.9444444179534912,0.8888888955116272,0.07444862606064574,0.5502846299810247,0.19446617364883423,5.80500483238211e-08,4.830722488691208e-08,6.67572021484375e-06,3.814697265625e-06,0.0,0.0,0.0,0.0,0.9090909361839294,,,,,,,,,0.15567529201507568,0.09425625950098038,0.0,0.06141902506351471,0.2788991630077362,0.23236103355884552,0.4653817415237427,9.693110769148916e-06,0.5703675746917725,2.6849684715270996,1.6182024478912354,atlas_het,graphatlas_c_beta_-1,graphatlas_certified,ov0.10_cross0.15,,certificate,-1.0,full,none,False,dot,0,65,90,0,90,0.7553191781044006,64834,480,6540,0,18.681874752044678,cpu,0,0.9445446729660034,0.07892806082963943,0.3533361554145813,1.0,0.05545525252819061,0.0,0.95107501745224,1.7642202377319336,0.06227573752403259,0.13735158741474152,0.0006772601627744734,0.7642201781272888,0.009092195890843868,0.40923336148262024,1.7642202377319336,0.7642201781272888,0.03968346118927002,0.4785974621772766,2.4916622010096035e-07,0.025379793718457222,0.05545525252819061,0.3897893726825714,0.5818042755126953,1.7354166507720947,0.7354166507720947,0.40753576159477234,0.6825417280197144,0.07944904267787933,0.49623796343803406,atlas_het__node_classification__graphatlas_c_beta__1__split0__seed0__0f560c83156a,0f560c83156a,975d6eec98ed54f0
node_classification,accuracy,0.9512194991111755,0.7553191781044006,0.9090909361839294,,,,,,,,,,,,0.9512195121951219,0.08258432894945145,0.9042553191489362,0.9512194991111755,0.9510911493034508,0.9520910978932854,0.027331817895174026,0.9271390521265069,0.14033249020576477,0.9515192752104059,0.7553191489361702,0.4059445261955261,0.7352941176470589,0.7553191781044006,0.7557486325159627,0.7553926360377973,0.17258396744728088,0.6343537781915982,1.5323981046676636,0.7567776832646297,0.9090909090909091,0.16095083951950073,0.8387096774193549,0.9090909361839294,0.9084239817859853,0.9077985777328049,0.07249139994382858,0.8644759625032017,0.39709708094596863,0.9080421146953405,,,,0.9444444179534912,0.8888888955116272,0.07444862606064574,0.5502846299810247,0.19446617364883423,5.80500483238211e-08,4.830722488691208e-08,6.67572021484375e-06,3.814697265625e-06,0.0,0.0,0.0,0.0,0.9090909361839294,,,,,,,,,0.15567529201507568,0.09425625950098038,0.0,0.06141902506351471,0.2788991630077362,0.23236103355884552,0.4653817415237427,9.693110769148916e-06,0.5703675746917725,2.6849684715270996,1.6182024478912354,atlas_het,graphatlas_c_beta_-1,graphatlas_certified,ov0.10_cross0.30,,certificate,-1.0,full,none,False,dot,0,65,90,0,90,0.7553191781044006,64834,480,6540,0,18.513110637664795,cpu,0,0.9445446729660034,0.07892806082963943,0.3533361554145813,1.0,0.05545525252819061,0.0,0.95107501745224,1.7642202377319336,0.06227573752403259,0.13735158741474152,0.0006772601627744734,0.7642201781272888,0.009092195890843868,0.40923336148262024,1.7642202377319336,0.7642201781272888,0.03968346118927002,0.4785974621772766,2.4916622010096035e-07,0.025379793718457222,0.05545525252819061,0.3897893726825714,0.5818042755126953,1.7354166507720947,0.7354166507720947,0.40753576159477234,0.6825417280197144,0.07944904267787933,0.49623796343803406,atlas_het__node_classification__graphatlas_c_beta__1__split0__seed0__e3eaf7b248de,e3eaf7b248de,975d6eec98ed54f0
node_classification,accuracy,0.891986072063446,0.821052610874176,0.8163265585899353,,,,,,,,,,,,0.89198606271777,0.1425664871931076,0.8484848484848485,0.891986072063446,0.8911225588721595,0.8904866880941574,0.03559257090091705,0.8385359072080566,0.22913873195648193,0.8897855302771657,0.8210526315789474,0.29803749918937683,0.7878787878787878,0.821052610874176,0.8218893387314441,0.8196581196581197,0.15602204203605652,0.7318252406997389,0.6691922545433044,0.8199233716475095,0.8163265306122449,0.2820592224597931,0.696969696969697,0.8163265585899353,0.814781676217285,0.8133625250866631,0.11671479046344757,0.7295179549906766,0.7366230487823486,0.814862914862915,,,,0.8536585569381714,0.7894737124443054,-0.031579433092339196,0.5260115606936416,0.19211187958717346,8.742311763398902e-08,6.895022863773193e-08,6.67572021484375e-06,5.7220458984375e-06,0.0,0.0,0.0,0.0,0.8163265585899353,,,,,,,,,0.07453980296850204,0.053196221590042114,0.0,0.02134357951581478,0.11374299973249435,0.09213561564683914,0.21607401967048645,1.6534962924197316e-05,0.5973348021507263,2.2727439403533936,0.8210645318031311,atlas_het,graphatlas_c_beta_-1,graphatlas_certified,ov0.10_cross0.00,,certificate,-1.0,full,none,False,dot,1,50,75,0,75,0.821052610874176,64834,480,6456,0,15.296189069747925,cpu,0,0.95783531665802,0.04626835137605667,0.5858305096626282,1.0,0.04216470196843147,0.0,0.9973880648612976,1.4042750597000122,0.0671655461192131,0.10086478292942047,0.00017690248205326498,0.4042750895023346,0.004281484521925449,0.1853540986776352,1.4042750597000122,0.4042750895023346,0.06698155403137207,0.24971389770507812,2.439698221223807e-07,0.011552753858268261,0.04216470569372177,0.2097245156764984,0.7568153738975525,1.3479167222976685,0.3479166626930237,0.1882045716047287,0.643985390663147,0.014007440768182278,0.7751296758651733,atlas_het__node_classification__graphatlas_c_beta__1__split0__seed1__d9d491eabc8d,d9d491eabc8d,975d6eec98ed54f0
node_classification,accuracy,0.891986072063446,0.821052610874176,0.8163265585899353,,,,,,,,,,,,0.89198606271777,0.1425664871931076,0.8484848484848485,0.891986072063446,0.8911225588721595,0.8904866880941574,0.03559257090091705,0.8385359072080566,0.22913873195648193,0.8897855302771657,0.8210526315789474,0.29803749918937683,0.7878787878787878,0.821052610874176,0.8218893387314441,0.8196581196581197,0.15602204203605652,0.7318252406997389,0.6691922545433044,0.8199233716475095,0.8163265306122449,0.2820592224597931,0.696969696969697,0.8163265585899353,0.814781676217285,0.8133625250866631,0.11671479046344757,0.7295179549906766,0.7366230487823486,0.814862914862915,,,,0.8536585569381714,0.7894737124443054,-0.031579433092339196,0.5260115606936416,0.19211187958717346,8.742311763398902e-08,6.895022863773193e-08,6.67572021484375e-06,5.7220458984375e-06,0.0,0.0,0.0,0.0,0.8163265585899353,,,,,,,,,0.07453980296850204,0.053196221590042114,0.0,0.02134357951581478,0.11374299973249435,0.09213561564683914,0.21607401967048645,1.6534962924197316e-05,0.5973348021507263,2.2727439403533936,0.8210645318031311,atlas_het,graphatlas_c_beta_-1,graphatlas_certified,ov0.10_cross0.15,,certificate,-1.0,full,none,False,dot,1,50,75,0,75,0.821052610874176,64834,480,6456,0,15.355329513549805,cpu,0,0.95783531665802,0.04626835137605667,0.5858305096626282,1.0,0.04216470196843147,0.0,0.9973880648612976,1.4042750597000122,0.0671655461192131,0.10086478292942047,0.00017690248205326498,0.4042750895023346,0.004281484521925449,0.1853540986776352,1.4042750597000122,0.4042750895023346,0.06698155403137207,0.24971389770507812,2.439698221223807e-07,0.011552753858268261,0.04216470569372177,0.2097245156764984,0.7568153738975525,1.3479167222976685,0.3479166626930237,0.1882045716047287,0.643985390663147,0.014007440768182278,0.7751296758651733,atlas_het__node_classification__graphatlas_c_beta__1__split0__seed1__559db2ccc2b3,559db2ccc2b3,975d6eec98ed54f0
node_classification,accuracy,0.891986072063446,0.821052610874176,0.8163265585899353,,,,,,,,,,,,0.89198606271777,0.1425664871931076,0.8484848484848485,0.891986072063446,0.8911225588721595,0.8904866880941574,0.03559257090091705,0.8385359072080566,0.22913873195648193,0.8897855302771657,0.8210526315789474,0.29803749918937683,0.7878787878787878,0.821052610874176,0.8218893387314441,0.8196581196581197,0.15602204203605652,0.7318252406997389,0.6691922545433044,0.8199233716475095,0.8163265306122449,0.2820592224597931,0.696969696969697,0.8163265585899353,0.814781676217285,0.8133625250866631,0.11671479046344757,0.7295179549906766,0.7366230487823486,0.814862914862915,,,,0.8536585569381714,0.7894737124443054,-0.031579433092339196,0.5260115606936416,0.19211187958717346,8.742311763398902e-08,6.895022863773193e-08,6.67572021484375e-06,5.7220458984375e-06,0.0,0.0,0.0,0.0,0.8163265585899353,,,,,,,,,0.07453980296850204,0.053196221590042114,0.0,0.02134357951581478,0.11374299973249435,0.09213561564683914,0.21607401967048645,1.6534962924197316e-05,0.5973348021507263,2.2727439403533936,0.8210645318031311,atlas_het,graphatlas_c_beta_-1,graphatlas_certified,ov0.10_cross0.30,,certificate,-1.0,full,none,False,dot,1,50,75,0,75,0.821052610874176,64834,480,6456,0,15.383187770843506,cpu,0,0.95783531665802,0.04626835137605667,0.5858305096626282,1.0,0.04216470196843147,0.0,0.9973880648612976,1.4042750597000122,0.0671655461192131,0.10086478292942047,0.00017690248205326498,0.4042750895023346,0.004281484521925449,0.1853540986776352,1.4042750597000122,0.4042750895023346,0.06698155403137207,0.24971389770507812,2.439698221223807e-07,0.011552753858268261,0.04216470569372177,0.2097245156764984,0.7568153738975525,1.3479167222976685,0.3479166626930237,0.1882045716047287,0.643985390663147,0.014007440768182278,0.7751296758651733,atlas_het__node_classification__graphatlas_c_beta__1__split0__seed1__3ee2dac4b639,3ee2dac4b639,975d6eec98ed54f0
node_classification,accuracy,0.9268292784690857,0.800000011920929,0.7346938848495483,,,,,,,,,,,,0.926829268292683,0.10990883409976959,0.8295454545454546,0.9268292784690857,0.9258522182109259,0.9246009778426986,0.04864639416337013,0.891759586549991,0.18565380573272705,0.922900166002046,0.8,0.299014687538147,0.7586206896551724,0.800000011920929,0.7995493428406697,0.7987554959385945,0.1539245843887329,0.6995858143146124,1.322618842124939,0.7976039553752535,0.7346938775510204,0.4548474848270416,0.6,0.7346938848495483,0.7333946236722538,0.7325451085689357,0.1761264055967331,0.6062848638249351,1.2694182395935059,0.7287157287157288,,,,0.6904761791229248,0.7678571343421936,0.06526394580663168,0.4520547945205479,0.10423856973648071,6.412705744196501e-08,7.21776984846656e-08,1.1444091796875e-05,1.1444091796875e-05,0.0,0.0,0.0,0.0,0.7346938848495483,,,,,,,,,0.11703841388225555,0.08419697731733322,0.0,0.032841432839632034,0.1603243201971054,0.12028313428163528,0.4004118740558624,0.0,0.4837167263031006,2.9059126377105713,1.5948790311813354,atlas_het,graphatlas_c_beta_-1,graphatlas_certified,ov0.10_cross0.00,,certificate,-1.0,full,none,False,dot,2,65,90,0,90,0.800000011920929,64834,480,6506,0,18.25077795982361,cpu,0,0.9401997923851013,0.10407494753599167,0.09394877403974533,1.0,0.059800177812576294,0.0013777405256405473,0.9413561820983887,1.5688594579696655,0.07642436772584915,0.18456336855888367,0.0009396006935276091,0.5688595175743103,0.008106131106615067,0.2933349609375,1.5688594579696655,0.5688595175743103,0.0394902229309082,0.6865255236625671,2.3932545900606783e-07,0.0215440820902586,0.059800177812576294,0.3360036611557007,0.6572906970977783,1.5291666984558105,0.5291666388511658,0.2970629334449768,0.6726465225219727,0.05513112619519234,0.5801074504852295,atlas_het__node_classification__graphatlas_c_beta__1__split0__seed2__6169980cf540,6169980cf540,975d6eec98ed54f0
node_classification,accuracy,0.9268292784690857,0.800000011920929,0.7346938848495483,,,,,,,,,,,,0.926829268292683,0.10990883409976959,0.8295454545454546,0.9268292784690857,0.9258522182109259,0.9246009778426986,0.04864639416337013,0.891759586549991,0.18565380573272705,0.922900166002046,0.8,0.299014687538147,0.7586206896551724,0.800000011920929,0.7995493428406697,0.7987554959385945,0.1539245843887329,0.6995858143146124,1.322618842124939,0.7976039553752535,0.7346938775510204,0.4548474848270416,0.6,0.7346938848495483,0.7333946236722538,0.7325451085689357,0.1761264055967331,0.6062848638249351,1.2694182395935059,0.7287157287157288,,,,0.6904761791229248,0.7678571343421936,0.06526394580663168,0.4520547945205479,0.10423856973648071,6.412705744196501e-08,7.21776984846656e-08,1.1444091796875e-05,1.1444091796875e-05,0.0,0.0,0.0,0.0,0.7346938848495483,,,,,,,,,0.11703841388225555,0.08419697731733322,0.0,0.032841432839632034,0.1603243201971054,0.12028313428163528,0.4004118740558624,0.0,0.4837167263031006,2.9059126377105713,1.5948790311813354,atlas_het,graphatlas_c_beta_-1,graphatlas_certified,ov0.10_cross0.15,,certificate,-1.0,full,none,False,dot,2,65,90,0,90,0.800000011920929,64834,480,6506,0,18.344642639160156,cpu,0,0.9401997923851013,0.10407494753599167,0.09394877403974533,1.0,0.059800177812576294,0.0013777405256405473,0.9413561820983887,1.5688594579696655,0.07642436772584915,0.18456336855888367,0.0009396006935276091,0.5688595175743103,0.008106131106615067,0.2933349609375,1.5688594579696655,0.5688595175743103,0.0394902229309082,0.6865255236625671,2.3932545900606783e-07,0.0215440820902586,0.059800177812576294,0.3360036611557007,0.6572906970977783,1.5291666984558105,0.5291666388511658,0.2970629334449768,0.6726465225219727,0.05513112619519234,0.5801074504852295,atlas_het__node_classification__graphatlas_c_beta__1__split0__seed2__12d5d7e2e711,12d5d7e2e711,975d6eec98ed54f0
node_classification,accuracy,0.9268292784690857,0.800000011920929,0.7346938848495483,,,,,,,,,,,,0.926829268292683,0.10990883409976959,0.8295454545454546,0.9268292784690857,0.9258522182109259,0.9246009778426986,0.04864639416337013,0.891759586549991,0.18565380573272705,0.922900166002046,0.8,0.299014687538147,0.7586206896551724,0.800000011920929,0.7995493428406697,0.7987554959385945,0.1539245843887329,0.6995858143146124,1.322618842124939,0.7976039553752535,0.7346938775510204,0.4548474848270416,0.6,0.7346938848495483,0.7333946236722538,0.7325451085689357,0.1761264055967331,0.6062848638249351,1.2694182395935059,0.7287157287157288,,,,0.6904761791229248,0.7678571343421936,0.06526394580663168,0.4520547945205479,0.10423856973648071,6.412705744196501e-08,7.21776984846656e-08,1.1444091796875e-05,1.1444091796875e-05,0.0,0.0,0.0,0.0,0.7346938848495483,,,,,,,,,0.11703841388225555,0.08419697731733322,0.0,0.032841432839632034,0.1603243201971054,0.12028313428163528,0.4004118740558624,0.0,0.4837167263031006,2.9059126377105713,1.5948790311813354,atlas_het,graphatlas_c_beta_-1,graphatlas_certified,ov0.10_cross0.30,,certificate,-1.0,full,none,False,dot,2,65,90,0,90,0.800000011920929,64834,480,6506,0,18.33250093460083,cpu,0,0.9401997923851013,0.10407494753599167,0.09394877403974533,1.0,0.059800177812576294,0.0013777405256405473,0.9413561820983887,1.5688594579696655,0.07642436772584915,0.18456336855888367,0.0009396006935276091,0.5688595175743103,0.008106131106615067,0.2933349609375,1.5688594579696655,0.5688595175743103,0.0394902229309082,0.6865255236625671,2.3932545900606783e-07,0.0215440820902586,0.059800177812576294,0.3360036611557007,0.6572906970977783,1.5291666984558105,0.5291666388511658,0.2970629334449768,0.6726465225219727,0.05513112619519234,0.5801074504852295,atlas_het__node_classification__graphatlas_c_beta__1__split0__seed2__2251e013e16b,2251e013e16b,975d6eec98ed54f0
node_classification,accuracy,0.9233449697494507,0.821052610874176,0.704081654548645,,,,,,,,,,,,0.9233449477351916,0.10239681601524353,0.9036144578313253,0.9233449697494507,0.9236064511939652,0.924107564858514,0.03978811204433441,0.8849452799730937,0.17114341259002686,0.9221198519568469,0.8210526315789474,0.29590147733688354,0.7058823529411765,0.821052610874176,0.8191850594227503,0.8201560193970061,0.09891670942306519,0.736394359410977,0.6954354643821716,0.8282498184458968,0.7040816326530612,0.45787838101387024,0.5172413793103449,0.704081654548645,0.6984035055463627,0.6927427427427428,0.19800075888633728,0.5558623230448334,1.510932445526123,0.6937023085096108,,,,0.8275862336158752,0.6521739363670349,0.06400864915386333,0.38344226579520696,0.17594823241233826,7.957306991102087e-08,5.8165429805967506e-08,1.1444091796875e-05,1.1444091796875e-05,0.0,0.0,0.0,0.0,0.704081654548645,,,,,,,,,0.07089588046073914,0.040960248559713364,0.0,0.02993563562631607,0.1250879466533661,0.10752733051776886,0.17560623586177826,0.0,0.694564163684845,1.8950964212417603,1.0866234302520752,atlas_het,graphatlas_c_beta_-1,graphatlas_certified,ov0.10_cross0.00,,certificate,-1.0,full,none,False,dot,3,50,75,0,75,0.821052610874176,64834,480,6486,0,15.279368877410889,cpu,0,0.9397338032722473,0.09201154857873917,0.2846662998199463,1.0,0.060266103595495224,0.0,0.9487739205360413,1.626888632774353,0.08412238955497742,0.204383984208107,0.0008912999765016139,0.6268886923789978,0.009549921378493309,0.3328969478607178,1.626888632774353,0.6268886923789978,0.04936641454696655,0.5679062008857727,2.372840128828102e-07,0.024619365110993385,0.06026608869433403,0.36005035042762756,0.6649193167686462,1.5791666507720947,0.5791666507720947,0.33362504839897156,0.6878651976585388,0.05683941766619682,0.5242535471916199,atlas_het__node_classification__graphatlas_c_beta__1__split0__seed3__da4a49145a27,da4a49145a27,975d6eec98ed54f0
node_classification,accuracy,0.9233449697494507,0.821052610874176,0.704081654548645,,,,,,,,,,,,0.9233449477351916,0.10239681601524353,0.9036144578313253,0.9233449697494507,0.9236064511939652,0.924107564858514,0.03978811204433441,0.8849452799730937,0.17114341259002686,0.9221198519568469,0.8210526315789474,0.29590147733688354,0.7058823529411765,0.821052610874176,0.8191850594227503,0.8201560193970061,0.09891670942306519,0.736394359410977,0.6954354643821716,0.8282498184458968,0.7040816326530612,0.45787838101387024,0.5172413793103449,0.704081654548645,0.6984035055463627,0.6927427427427428,0.19800075888633728,0.5558623230448334,1.510932445526123,0.6937023085096108,,,,0.8275862336158752,0.6521739363670349,0.06400864915386333,0.38344226579520696,0.17594823241233826,7.957306991102087e-08,5.8165429805967506e-08,1.1444091796875e-05,1.1444091796875e-05,0.0,0.0,0.0,0.0,0.704081654548645,,,,,,,,,0.07089588046073914,0.040960248559713364,0.0,0.02993563562631607,0.1250879466533661,0.10752733051776886,0.17560623586177826,0.0,0.694564163684845,1.8950964212417603,1.0866234302520752,atlas_het,graphatlas_c_beta_-1,graphatlas_certified,ov0.10_cross0.15,,certificate,-1.0,full,none,False,dot,3,50,75,0,75,0.821052610874176,64834,480,6486,0,15.438860177993774,cpu,0,0.9397338032722473,0.09201154857873917,0.2846662998199463,1.0,0.060266103595495224,0.0,0.9487739205360413,1.626888632774353,0.08412238955497742,0.204383984208107,0.0008912999765016139,0.6268886923789978,0.009549921378493309,0.3328969478607178,1.626888632774353,0.6268886923789978,0.04936641454696655,0.5679062008857727,2.372840128828102e-07,0.024619365110993385,0.06026608869433403,0.36005035042762756,0.6649193167686462,1.5791666507720947,0.5791666507720947,0.33362504839897156,0.6878651976585388,0.05683941766619682,0.5242535471916199,atlas_het__node_classification__graphatlas_c_beta__1__split0__seed3__aa1d3ccec865,aa1d3ccec865,975d6eec98ed54f0
node_classification,accuracy,0.9233449697494507,0.821052610874176,0.704081654548645,,,,,,,,,,,,0.9233449477351916,0.10239681601524353,0.9036144578313253,0.9233449697494507,0.9236064511939652,0.924107564858514,0.03978811204433441,0.8849452799730937,0.17114341259002686,0.9221198519568469,0.8210526315789474,0.29590147733688354,0.7058823529411765,0.821052610874176,0.8191850594227503,0.8201560193970061,0.09891670942306519,0.736394359410977,0.6954354643821716,0.8282498184458968,0.7040816326530612,0.45787838101387024,0.5172413793103449,0.704081654548645,0.6984035055463627,0.6927427427427428,0.19800075888633728,0.5558623230448334,1.510932445526123,0.6937023085096108,,,,0.8275862336158752,0.6521739363670349,0.06400864915386333,0.38344226579520696,0.17594823241233826,7.957306991102087e-08,5.8165429805967506e-08,1.1444091796875e-05,1.1444091796875e-05,0.0,0.0,0.0,0.0,0.704081654548645,,,,,,,,,0.07089588046073914,0.040960248559713364,0.0,0.02993563562631607,0.1250879466533661,0.10752733051776886,0.17560623586177826,0.0,0.694564163684845,1.8950964212417603,1.0866234302520752,atlas_het,graphatlas_c_beta_-1,graphatlas_certified,ov0.10_cross0.30,,certificate,-1.0,full,none,False,dot,3,50,75,0,75,0.821052610874176,64834,480,6486,0,15.403611660003662,cpu,0,0.9397338032722473,0.09201154857873917,0.2846662998199463,1.0,0.060266103595495224,0.0,0.9487739205360413,1.626888632774353,0.08412238955497742,0.204383984208107,0.0008912999765016139,0.6268886923789978,0.009549921378493309,0.3328969478607178,1.626888632774353,0.6268886923789978,0.04936641454696655,0.5679062008857727,2.372840128828102e-07,0.024619365110993385,0.06026608869433403,0.36005035042762756,0.6649193167686462,1.5791666507720947,0.5791666507720947,0.33362504839897156,0.6878651976585388,0.05683941766619682,0.5242535471916199,atlas_het__node_classification__graphatlas_c_beta__1__split0__seed3__f6fe0063f97f,f6fe0063f97f,975d6eec98ed54f0
node_classification,accuracy,0.9581881761550903,0.800000011920929,0.8061224222183228,,,,,,,,,,,,0.9581881533101045,0.06780603528022766,0.9509803921568627,0.9581881761550903,0.9581881533101045,0.9579738562091503,0.02360490895807743,0.9370843989769821,0.12001476436853409,0.9579738562091503,0.8,0.3306773006916046,0.7352941176470589,0.800000011920929,0.7983187134502924,0.7974537037037037,0.14935490489006042,0.7019570703487481,0.8613835573196411,0.7981283422459894,0.8061224489795918,0.3128412961959839,0.7,0.8061224222183228,0.8046356774341119,0.8030278612067492,0.14407454431056976,0.7105897837845366,0.7794101238250732,0.8019607843137254,,,,0.8235294222831726,0.796875,0.11774670636274746,0.5587583148558758,0.12672832608222961,5.9420656839392905e-08,6.136442465276559e-08,5.7220458984375e-06,5.7220458984375e-06,0.0,0.0,0.0,0.0,0.8061224222183228,,,,,,,,,0.04059847444295883,0.02522200159728527,0.0,0.015376471914350986,0.20385734736919403,0.1825871467590332,0.21270228922367096,0.0,0.6336451768875122,2.244351625442505,1.3684951066970825,atlas_het,graphatlas_c_beta_-1,graphatlas_certified,ov0.10_cross0.00,,certificate,-1.0,full,none,False,dot,4,60,85,0,85,0.800000011920929,64834,480,6552,0,17.37334442138672,cpu,0,0.9360320568084717,0.08082787692546844,0.6269711852073669,1.0,0.06396786868572235,0.0,0.9419071078300476,1.6158424615859985,0.10589424520730972,0.2268391102552414,0.0008946264861151576,0.6158424615859985,0.011092418804764748,0.3064962923526764,1.6158424615859985,0.6158424615859985,0.0793067216873169,0.3393365144729614,2.2936201560241898e-07,0.03609827905893326,0.06396786868572235,0.35138723254203796,0.6058709621429443,1.5750000476837158,0.574999988079071,0.3131478726863861,0.663855791091919,0.09346111863851547,0.5790008306503296,atlas_het__node_classification__graphatlas_c_beta__1__split0__seed4__614962acfee8,614962acfee8,975d6eec98ed54f0
node_classification,accuracy,0.9581881761550903,0.800000011920929,0.8061224222183228,,,,,,,,,,,,0.9581881533101045,0.06780603528022766,0.9509803921568627,0.9581881761550903,0.9581881533101045,0.9579738562091503,0.02360490895807743,0.9370843989769821,0.12001476436853409,0.9579738562091503,0.8,0.3306773006916046,0.7352941176470589,0.800000011920929,0.7983187134502924,0.7974537037037037,0.14935490489006042,0.7019570703487481,0.8613835573196411,0.7981283422459894,0.8061224489795918,0.3128412961959839,0.7,0.8061224222183228,0.8046356774341119,0.8030278612067492,0.14407454431056976,0.7105897837845366,0.7794101238250732,0.8019607843137254,,,,0.8235294222831726,0.796875,0.11774670636274746,0.5587583148558758,0.12672832608222961,5.9420656839392905e-08,6.136442465276559e-08,5.7220458984375e-06,5.7220458984375e-06,0.0,0.0,0.0,0.0,0.8061224222183228,,,,,,,,,0.04059847444295883,0.02522200159728527,0.0,0.015376471914350986,0.20385734736919403,0.1825871467590332,0.21270228922367096,0.0,0.6336451768875122,2.244351625442505,1.3684951066970825,atlas_het,graphatlas_c_beta_-1,graphatlas_certified,ov0.10_cross0.15,,certificate,-1.0,full,none,False,dot,4,60,85,0,85,0.800000011920929,64834,480,6552,0,17.44809365272522,cpu,0,0.9360320568084717,0.08082787692546844,0.6269711852073669,1.0,0.06396786868572235,0.0,0.9419071078300476,1.6158424615859985,0.10589424520730972,0.2268391102552414,0.0008946264861151576,0.6158424615859985,0.011092418804764748,0.3064962923526764,1.6158424615859985,0.6158424615859985,0.0793067216873169,0.3393365144729614,2.2936201560241898e-07,0.03609827905893326,0.06396786868572235,0.35138723254203796,0.6058709621429443,1.5750000476837158,0.574999988079071,0.3131478726863861,0.663855791091919,0.09346111863851547,0.5790008306503296,atlas_het__node_classification__graphatlas_c_beta__1__split0__seed4__881683d20366,881683d20366,975d6eec98ed54f0
node_classification,accuracy,0.9581881761550903,0.800000011920929,0.8061224222183228,,,,,,,,,,,,0.9581881533101045,0.06780603528022766,0.9509803921568627,0.9581881761550903,0.9581881533101045,0.9579738562091503,0.02360490895807743,0.9370843989769821,0.12001476436853409,0.9579738562091503,0.8,0.3306773006916046,0.7352941176470589,0.800000011920929,0.7983187134502924,0.7974537037037037,0.14935490489006042,0.7019570703487481,0.8613835573196411,0.7981283422459894,0.8061224489795918,0.3128412961959839,0.7,0.8061224222183228,0.8046356774341119,0.8030278612067492,0.14407454431056976,0.7105897837845366,0.7794101238250732,0.8019607843137254,,,,0.8235294222831726,0.796875,0.11774670636274746,0.5587583148558758,0.12672832608222961,5.9420656839392905e-08,6.136442465276559e-08,5.7220458984375e-06,5.7220458984375e-06,0.0,0.0,0.0,0.0,0.8061224222183228,,,,,,,,,0.04059847444295883,0.02522200159728527,0.0,0.015376471914350986,0.20385734736919403,0.1825871467590332,0.21270228922367096,0.0,0.6336451768875122,2.244351625442505,1.3684951066970825,atlas_het,graphatlas_c_beta_-1,graphatlas_certified,ov0.10_cross0.30,,certificate,-1.0,full,none,False,dot,4,60,85,0,85,0.800000011920929,64834,480,6552,0,17.61129331588745,cpu,0,0.9360320568084717,0.08082787692546844,0.6269711852073669,1.0,0.06396786868572235,0.0,0.9419071078300476,1.6158424615859985,0.10589424520730972,0.2268391102552414,0.0008946264861151576,0.6158424615859985,0.011092418804764748,0.3064962923526764,1.6158424615859985,0.6158424615859985,0.0793067216873169,0.3393365144729614,2.2936201560241898e-07,0.03609827905893326,0.06396786868572235,0.35138723254203796,0.6058709621429443,1.5750000476837158,0.574999988079071,0.3131478726863861,0.663855791091919,0.09346111863851547,0.5790008306503296,atlas_het__node_classification__graphatlas_c_beta__1__split0__seed4__cec85eb98630,cec85eb98630,975d6eec98ed54f0
node_classification,accuracy,0.9616724848747253,0.7765957713127136,0.8989899158477783,,,,,,,,,,,,0.9616724738675958,0.05568757653236389,0.9574468085106383,0.9616724848747253,0.9617766700565162,0.9620598699546067,0.013862155377864838,0.9424446293663519,0.09461584687232971,0.9617591349601868,0.776595744680851,0.39354223012924194,0.7419354838709677,0.7765957713127136,0.776595744680851,0.7763855264018845,0.18633149564266205,0.6641714869003063,1.6080628633499146,0.7763855264018845,0.898989898989899,0.20609046518802643,0.8064516129032258,0.8989899158477783,0.8984095944629762,0.8967323849812182,0.10709084570407867,0.8509045806767813,0.45331069827079773,0.8972894265232975,,,,0.9444444179534912,0.8730158805847168,0.058338535314931696,0.570873786407767,0.142716184258461,6.0279646163508e-08,4.6454264435169534e-08,7.152557373046875e-06,5.7220458984375e-06,0.0,0.0,0.0,0.0,0.8989899158477783,,,,,,,,,0.14350038766860962,0.10890267789363861,0.0,0.03459770232439041,0.28181785345077515,0.24171392619609833,0.4010395109653473,0.0,0.5576013326644897,2.5965986251831055,1.9884291887283325,atlas_het,graphatlas_c_beta_-2,graphatlas_certified,ov0.10_cross0.00,,certificate,-2.0,full,none,False,dot,0,90,115,0,115,0.7765957713127136,64834,480,6540,0,23.921289920806885,cpu,0,0.9349951148033142,0.11215704679489136,0.13250602781772614,1.0,0.06500490009784698,0.0014627011260017753,0.9403218030929565,1.7449541091918945,0.07541554421186447,0.15415236353874207,0.004447123501449823,0.7449541091918945,0.021292375400662422,0.400133341550827,1.7449541091918945,0.7449541091918945,0.04235029220581055,0.8028675317764282,2.556838865075406e-07,0.03419790789484978,0.06500489264726639,0.3964318633079529,0.5220693349838257,1.7104166746139526,0.7104166746139526,0.4023147225379944,0.6845197677612305,0.11244842410087585,0.46634185314178467,atlas_het__node_classification__graphatlas_c_beta__2__split0__seed0__2e2e18def025,2e2e18def025,975d6eec98ed54f0
node_classification,accuracy,0.9616724848747253,0.7765957713127136,0.8989899158477783,,,,,,,,,,,,0.9616724738675958,0.05568757653236389,0.9574468085106383,0.9616724848747253,0.9617766700565162,0.9620598699546067,0.013862155377864838,0.9424446293663519,0.09461584687232971,0.9617591349601868,0.776595744680851,0.39354223012924194,0.7419354838709677,0.7765957713127136,0.776595744680851,0.7763855264018845,0.18633149564266205,0.6641714869003063,1.6080628633499146,0.7763855264018845,0.898989898989899,0.20609046518802643,0.8064516129032258,0.8989899158477783,0.8984095944629762,0.8967323849812182,0.10709084570407867,0.8509045806767813,0.45331069827079773,0.8972894265232975,,,,0.9444444179534912,0.8730158805847168,0.058338535314931696,0.570873786407767,0.142716184258461,6.0279646163508e-08,4.6454264435169534e-08,7.152557373046875e-06,5.7220458984375e-06,0.0,0.0,0.0,0.0,0.8989899158477783,,,,,,,,,0.14350038766860962,0.10890267789363861,0.0,0.03459770232439041,0.28181785345077515,0.24171392619609833,0.4010395109653473,0.0,0.5576013326644897,2.5965986251831055,1.9884291887283325,atlas_het,graphatlas_c_beta_-2,graphatlas_certified,ov0.10_cross0.15,,certificate,-2.0,full,none,False,dot,0,90,115,0,115,0.7765957713127136,64834,480,6540,0,23.42477011680603,cpu,0,0.9349951148033142,0.11215704679489136,0.13250602781772614,1.0,0.06500490009784698,0.0014627011260017753,0.9403218030929565,1.7449541091918945,0.07541554421186447,0.15415236353874207,0.004447123501449823,0.7449541091918945,0.021292375400662422,0.400133341550827,1.7449541091918945,0.7449541091918945,0.04235029220581055,0.8028675317764282,2.556838865075406e-07,0.03419790789484978,0.06500489264726639,0.3964318633079529,0.5220693349838257,1.7104166746139526,0.7104166746139526,0.4023147225379944,0.6845197677612305,0.11244842410087585,0.46634185314178467,atlas_het__node_classification__graphatlas_c_beta__2__split0__seed0__7320f9365a5d,7320f9365a5d,975d6eec98ed54f0
node_classification,accuracy,0.9616724848747253,0.7765957713127136,0.8989899158477783,,,,,,,,,,,,0.9616724738675958,0.05568757653236389,0.9574468085106383,0.9616724848747253,0.9617766700565162,0.9620598699546067,0.013862155377864838,0.9424446293663519,0.09461584687232971,0.9617591349601868,0.776595744680851,0.39354223012924194,0.7419354838709677,0.7765957713127136,0.776595744680851,0.7763855264018845,0.18633149564266205,0.6641714869003063,1.6080628633499146,0.7763855264018845,0.898989898989899,0.20609046518802643,0.8064516129032258,0.8989899158477783,0.8984095944629762,0.8967323849812182,0.10709084570407867,0.8509045806767813,0.45331069827079773,0.8972894265232975,,,,0.9444444179534912,0.8730158805847168,0.058338535314931696,0.570873786407767,0.142716184258461,6.0279646163508e-08,4.6454264435169534e-08,7.152557373046875e-06,5.7220458984375e-06,0.0,0.0,0.0,0.0,0.8989899158477783,,,,,,,,,0.14350038766860962,0.10890267789363861,0.0,0.03459770232439041,0.28181785345077515,0.24171392619609833,0.4010395109653473,0.0,0.5576013326644897,2.5965986251831055,1.9884291887283325,atlas_het,graphatlas_c_beta_-2,graphatlas_certified,ov0.10_cross0.30,,certificate,-2.0,full,none,False,dot,0,90,115,0,115,0.7765957713127136,64834,480,6540,0,23.56964111328125,cpu,0,0.9349951148033142,0.11215704679489136,0.13250602781772614,1.0,0.06500490009784698,0.0014627011260017753,0.9403218030929565,1.7449541091918945,0.07541554421186447,0.15415236353874207,0.004447123501449823,0.7449541091918945,0.021292375400662422,0.400133341550827,1.7449541091918945,0.7449541091918945,0.04235029220581055,0.8028675317764282,2.556838865075406e-07,0.03419790789484978,0.06500489264726639,0.3964318633079529,0.5220693349838257,1.7104166746139526,0.7104166746139526,0.4023147225379944,0.6845197677612305,0.11244842410087585,0.46634185314178467,atlas_het__node_classification__graphatlas_c_beta__2__split0__seed0__645232c7db51,645232c7db51,975d6eec98ed54f0
node_classification,accuracy,0.9651567935943604,0.8526315689086914,0.8673469424247742,,,,,,,,,,,,0.9651567944250871,0.061391446739435196,0.9310344827586207,0.9651567935943604,0.9649773600310424,0.9644178640582499,0.033830538392066956,0.9479349779528491,0.10744848102331161,0.9635434807848601,0.8526315789473684,0.2770368158817291,0.8181818181818182,0.8526315689086914,0.853740909651177,0.8510396707118018,0.1406886875629425,0.780163185928783,0.7685835361480713,0.851619644723093,0.8673469387755102,0.2480471432209015,0.7878787878787878,0.8673469424247742,0.8672749317921581,0.8658724890325559,0.09198613464832306,0.8035754226856866,0.6890459060668945,0.8673881673881674,,,,0.8536585569381714,0.8771929740905762,-0.03238835621913387,0.4650112866817156,0.3320222795009613,7.677707714037751e-08,6.95458624022649e-08,1.1444091796875e-05,9.5367431640625e-06,0.0,0.0,0.0,0.0,0.8673469424247742,,,,,,,,,0.05261047184467316,0.03158664330840111,0.0,0.02102382853627205,0.10394079238176346,0.0898255929350853,0.14115193486213684,4.385264765005559e-05,0.5585169792175293,2.59281587600708,0.8059221506118774,atlas_het,graphatlas_c_beta_-2,graphatlas_certified,ov0.10_cross0.00,,certificate,-2.0,full,none,False,dot,1,75,100,0,100,0.8526315689086914,64834,480,6456,0,20.601698398590088,cpu,0,0.9501768946647644,0.07335399836301804,0.42320650815963745,1.0,0.04982307180762291,0.0,0.9671146273612976,1.5763630867004395,0.05972594395279884,0.15947085618972778,0.0012546193320304155,0.5763630867004395,0.010517984628677368,0.2858654260635376,1.5763630867004395,0.5763630867004395,0.033369600772857666,0.45964860916137695,2.473791198553954e-07,0.013331620953977108,0.04982304945588112,0.2840692400932312,0.5963960886001587,1.5499999523162842,0.550000011920929,0.2943617105484009,0.6442945599555969,0.07482046633958817,0.7239477038383484,atlas_het__node_classification__graphatlas_c_beta__2__split0__seed1__0476ccc628ad,0476ccc628ad,975d6eec98ed54f0
node_classification,accuracy,0.9651567935943604,0.8526315689086914,0.8673469424247742,,,,,,,,,,,,0.9651567944250871,0.061391446739435196,0.9310344827586207,0.9651567935943604,0.9649773600310424,0.9644178640582499,0.033830538392066956,0.9479349779528491,0.10744848102331161,0.9635434807848601,0.8526315789473684,0.2770368158817291,0.8181818181818182,0.8526315689086914,0.853740909651177,0.8510396707118018,0.1406886875629425,0.780163185928783,0.7685835361480713,0.851619644723093,0.8673469387755102,0.2480471432209015,0.7878787878787878,0.8673469424247742,0.8672749317921581,0.8658724890325559,0.09198613464832306,0.8035754226856866,0.6890459060668945,0.8673881673881674,,,,0.8536585569381714,0.8771929740905762,-0.03238835621913387,0.4650112866817156,0.3320222795009613,7.677707714037751e-08,6.95458624022649e-08,1.1444091796875e-05,9.5367431640625e-06,0.0,0.0,0.0,0.0,0.8673469424247742,,,,,,,,,0.05261047184467316,0.03158664330840111,0.0,0.02102382853627205,0.10394079238176346,0.0898255929350853,0.14115193486213684,4.385264765005559e-05,0.5585169792175293,2.59281587600708,0.8059221506118774,atlas_het,graphatlas_c_beta_-2,graphatlas_certified,ov0.10_cross0.15,,certificate,-2.0,full,none,False,dot,1,75,100,0,100,0.8526315689086914,64834,480,6456,0,20.418076515197754,cpu,0,0.9501768946647644,0.07335399836301804,0.42320650815963745,1.0,0.04982307180762291,0.0,0.9671146273612976,1.5763630867004395,0.05972594395279884,0.15947085618972778,0.0012546193320304155,0.5763630867004395,0.010517984628677368,0.2858654260635376,1.5763630867004395,0.5763630867004395,0.033369600772857666,0.45964860916137695,2.473791198553954e-07,0.013331620953977108,0.04982304945588112,0.2840692400932312,0.5963960886001587,1.5499999523162842,0.550000011920929,0.2943617105484009,0.6442945599555969,0.07482046633958817,0.7239477038383484,atlas_het__node_classification__graphatlas_c_beta__2__split0__seed1__8afef7aaabe9,8afef7aaabe9,975d6eec98ed54f0
node_classification,accuracy,0.9651567935943604,0.8526315689086914,0.8673469424247742,,,,,,,,,,,,0.9651567944250871,0.061391446739435196,0.9310344827586207,0.9651567935943604,0.9649773600310424,0.9644178640582499,0.033830538392066956,0.9479349779528491,0.10744848102331161,0.9635434807848601,0.8526315789473684,0.2770368158817291,0.8181818181818182,0.8526315689086914,0.853740909651177,0.8510396707118018,0.1406886875629425,0.780163185928783,0.7685835361480713,0.851619644723093,0.8673469387755102,0.2480471432209015,0.7878787878787878,0.8673469424247742,0.8672749317921581,0.8658724890325559,0.09198613464832306,0.8035754226856866,0.6890459060668945,0.8673881673881674,,,,0.8536585569381714,0.8771929740905762,-0.03238835621913387,0.4650112866817156,0.3320222795009613,7.677707714037751e-08,6.95458624022649e-08,1.1444091796875e-05,9.5367431640625e-06,0.0,0.0,0.0,0.0,0.8673469424247742,,,,,,,,,0.05261047184467316,0.03158664330840111,0.0,0.02102382853627205,0.10394079238176346,0.0898255929350853,0.14115193486213684,4.385264765005559e-05,0.5585169792175293,2.59281587600708,0.8059221506118774,atlas_het,graphatlas_c_beta_-2,graphatlas_certified,ov0.10_cross0.30,,certificate,-2.0,full,none,False,dot,1,75,100,0,100,0.8526315689086914,64834,480,6456,0,20.338666677474976,cpu,0,0.9501768946647644,0.07335399836301804,0.42320650815963745,1.0,0.04982307180762291,0.0,0.9671146273612976,1.5763630867004395,0.05972594395279884,0.15947085618972778,0.0012546193320304155,0.5763630867004395,0.010517984628677368,0.2858654260635376,1.5763630867004395,0.5763630867004395,0.033369600772857666,0.45964860916137695,2.473791198553954e-07,0.013331620953977108,0.04982304945588112,0.2840692400932312,0.5963960886001587,1.5499999523162842,0.550000011920929,0.2943617105484009,0.6442945599555969,0.07482046633958817,0.7239477038383484,atlas_het__node_classification__graphatlas_c_beta__2__split0__seed1__b09bd609ef82,b09bd609ef82,975d6eec98ed54f0
node_classification,accuracy,0.888501763343811,0.8315789699554443,0.704081654548645,,,,,,,,,,,,0.8885017421602788,0.1466604769229889,0.8181818181818182,0.888501763343811,0.8883644909383186,0.8858521988030185,0.03859822079539299,0.8342668316907619,0.2339455485343933,0.8849164783064115,0.8315789473684211,0.31371501088142395,0.75,0.8315789699554443,0.830638006672125,0.8301535324745336,0.1360204815864563,0.7495521720280209,1.308414340019226,0.8297836375929682,0.7040816326530612,0.4515199363231659,0.5666666666666667,0.704081654548645,0.7013147566718995,0.6997863247863249,0.14985884726047516,0.5601172714033766,1.2032090425491333,0.6974025974025974,,,,0.6666666865348816,0.7321428656578064,0.0848049936478382,0.47157894736842104,0.10213850438594818,7.873117624512815e-08,7.712978344898147e-08,1.1444091796875e-05,7.62939453125e-06,0.0,0.0,0.0,0.0,0.704081654548645,,,,,,,,,0.08491530269384384,0.0658818706870079,0.0,0.019033432006835938,0.13806737959384918,0.10593348741531372,0.3213390111923218,0.0,0.4708086848258972,2.957949161529541,1.2252988815307617,atlas_het,graphatlas_c_beta_-2,graphatlas_certified,ov0.10_cross0.00,,certificate,-2.0,full,none,False,dot,2,60,85,0,85,0.8315789699554443,64834,480,6506,0,17.513609170913696,cpu,0,0.9548373222351074,0.06679242849349976,0.286882609128952,1.0,0.0451626293361187,0.0,0.9809122681617737,1.641100525856018,0.056043755263090134,0.0993003323674202,0.0015706386184319854,0.6411005258560181,0.013960547745227814,0.3501546084880829,1.641100525856018,0.6411005258560181,0.05166947841644287,0.52229243516922,2.6364068617112935e-07,0.01985541172325611,0.0451626256108284,0.3622005581855774,0.6079516410827637,1.6062500476837158,0.606249988079071,0.3518352806568146,0.6866492033004761,0.0605393648147583,0.5482138991355896,atlas_het__node_classification__graphatlas_c_beta__2__split0__seed2__7c4629718fee,7c4629718fee,975d6eec98ed54f0
node_classification,accuracy,0.888501763343811,0.8315789699554443,0.704081654548645,,,,,,,,,,,,0.8885017421602788,0.1466604769229889,0.8181818181818182,0.888501763343811,0.8883644909383186,0.8858521988030185,0.03859822079539299,0.8342668316907619,0.2339455485343933,0.8849164783064115,0.8315789473684211,0.31371501088142395,0.75,0.8315789699554443,0.830638006672125,0.8301535324745336,0.1360204815864563,0.7495521720280209,1.308414340019226,0.8297836375929682,0.7040816326530612,0.4515199363231659,0.5666666666666667,0.704081654548645,0.7013147566718995,0.6997863247863249,0.14985884726047516,0.5601172714033766,1.2032090425491333,0.6974025974025974,,,,0.6666666865348816,0.7321428656578064,0.0848049936478382,0.47157894736842104,0.10213850438594818,7.873117624512815e-08,7.712978344898147e-08,1.1444091796875e-05,7.62939453125e-06,0.0,0.0,0.0,0.0,0.704081654548645,,,,,,,,,0.08491530269384384,0.0658818706870079,0.0,0.019033432006835938,0.13806737959384918,0.10593348741531372,0.3213390111923218,0.0,0.4708086848258972,2.957949161529541,1.2252988815307617,atlas_het,graphatlas_c_beta_-2,graphatlas_certified,ov0.10_cross0.15,,certificate,-2.0,full,none,False,dot,2,60,85,0,85,0.8315789699554443,64834,480,6506,0,17.507529497146606,cpu,0,0.9548373222351074,0.06679242849349976,0.286882609128952,1.0,0.0451626293361187,0.0,0.9809122681617737,1.641100525856018,0.056043755263090134,0.0993003323674202,0.0015706386184319854,0.6411005258560181,0.013960547745227814,0.3501546084880829,1.641100525856018,0.6411005258560181,0.05166947841644287,0.52229243516922,2.6364068617112935e-07,0.01985541172325611,0.0451626256108284,0.3622005581855774,0.6079516410827637,1.6062500476837158,0.606249988079071,0.3518352806568146,0.6866492033004761,0.0605393648147583,0.5482138991355896,atlas_het__node_classification__graphatlas_c_beta__2__split0__seed2__8fc46cf6d4bf,8fc46cf6d4bf,975d6eec98ed54f0
node_classification,accuracy,0.888501763343811,0.8315789699554443,0.704081654548645,,,,,,,,,,,,0.8885017421602788,0.1466604769229889,0.8181818181818182,0.888501763343811,0.8883644909383186,0.8858521988030185,0.03859822079539299,0.8342668316907619,0.2339455485343933,0.8849164783064115,0.8315789473684211,0.31371501088142395,0.75,0.8315789699554443,0.830638006672125,0.8301535324745336,0.1360204815864563,0.7495521720280209,1.308414340019226,0.8297836375929682,0.7040816326530612,0.4515199363231659,0.5666666666666667,0.704081654548645,0.7013147566718995,0.6997863247863249,0.14985884726047516,0.5601172714033766,1.2032090425491333,0.6974025974025974,,,,0.6666666865348816,0.7321428656578064,0.0848049936478382,0.47157894736842104,0.10213850438594818,7.873117624512815e-08,7.712978344898147e-08,1.1444091796875e-05,7.62939453125e-06,0.0,0.0,0.0,0.0,0.704081654548645,,,,,,,,,0.08491530269384384,0.0658818706870079,0.0,0.019033432006835938,0.13806737959384918,0.10593348741531372,0.3213390111923218,0.0,0.4708086848258972,2.957949161529541,1.2252988815307617,atlas_het,graphatlas_c_beta_-2,graphatlas_certified,ov0.10_cross0.30,,certificate,-2.0,full,none,False,dot,2,60,85,0,85,0.8315789699554443,64834,480,6506,0,17.452266454696655,cpu,0,0.9548373222351074,0.06679242849349976,0.286882609128952,1.0,0.0451626293361187,0.0,0.9809122681617737,1.641100525856018,0.056043755263090134,0.0993003323674202,0.0015706386184319854,0.6411005258560181,0.013960547745227814,0.3501546084880829,1.641100525856018,0.6411005258560181,0.05166947841644287,0.52229243516922,2.6364068617112935e-07,0.01985541172325611,0.0451626256108284,0.3622005581855774,0.6079516410827637,1.6062500476837158,0.606249988079071,0.3518352806568146,0.6866492033004761,0.0605393648147583,0.5482138991355896,atlas_het__node_classification__graphatlas_c_beta__2__split0__seed2__c75a4e6881bf,c75a4e6881bf,975d6eec98ed54f0
node_classification,accuracy,0.9163762927055359,0.821052610874176,0.6938775777816772,,,,,,,,,,,,0.9163763066202091,0.13072837889194489,0.8674698795180723,0.9163762927055359,0.9164059491851942,0.9164550947990439,0.03294989466667175,0.8746038272541131,0.2196897268295288,0.9133396330419717,0.8210526315789474,0.3218878209590912,0.7058823529411765,0.821052610874176,0.8186367558239862,0.8209578913532626,0.1215943917632103,0.7383021390374331,0.7853598594665527,0.830791575889615,0.6938775510204082,0.5087237358093262,0.5517241379310345,0.6938775777816772,0.6917989670784702,0.6874470457079154,0.20587709546089172,0.5409226950219987,1.4115581512451172,0.6864290543803729,,,,0.6896551847457886,0.695652186870575,0.04022348614159141,0.4312896405919662,0.21290525794029236,7.758441000760286e-08,6.608211577940892e-08,7.62939453125e-06,4.76837158203125e-06,0.0,0.0,0.0,0.0,0.6938775777816772,,,,,,,,,0.049556665122509,0.023657264187932014,0.0,0.025899402797222137,0.24667665362358093,0.2141067385673523,0.32569918036460876,0.0,0.6836107969284058,1.8942288160324097,1.036029577255249,atlas_het,graphatlas_c_beta_-2,graphatlas_certified,ov0.10_cross0.00,,certificate,-2.0,full,none,False,dot,3,40,65,0,65,0.821052610874176,64834,480,6486,0,13.560182332992554,cpu,0,0.902290940284729,0.11442176252603531,0.34784746170043945,1.0,0.09770897030830383,0.0,0.8930045366287231,1.6530989408493042,0.12805363535881042,0.2837945520877838,0.006575362756848335,0.653099000453949,0.030573347583413124,0.34328922629356384,1.6530989408493042,0.653099000453949,0.09950107336044312,0.5650399923324585,2.206038800522947e-07,0.04571133852005005,0.09770896285772324,0.3528902232646942,0.6095179319381714,1.6083333492279053,0.6083333492279053,0.3457954227924347,0.6867496371269226,0.02900656685233116,0.5408903956413269,atlas_het__node_classification__graphatlas_c_beta__2__split0__seed3__f89cacaa6bb3,f89cacaa6bb3,975d6eec98ed54f0
node_classification,accuracy,0.9163762927055359,0.821052610874176,0.6938775777816772,,,,,,,,,,,,0.9163763066202091,0.13072837889194489,0.8674698795180723,0.9163762927055359,0.9164059491851942,0.9164550947990439,0.03294989466667175,0.8746038272541131,0.2196897268295288,0.9133396330419717,0.8210526315789474,0.3218878209590912,0.7058823529411765,0.821052610874176,0.8186367558239862,0.8209578913532626,0.1215943917632103,0.7383021390374331,0.7853598594665527,0.830791575889615,0.6938775510204082,0.5087237358093262,0.5517241379310345,0.6938775777816772,0.6917989670784702,0.6874470457079154,0.20587709546089172,0.5409226950219987,1.4115581512451172,0.6864290543803729,,,,0.6896551847457886,0.695652186870575,0.04022348614159141,0.4312896405919662,0.21290525794029236,7.758441000760286e-08,6.608211577940892e-08,7.62939453125e-06,4.76837158203125e-06,0.0,0.0,0.0,0.0,0.6938775777816772,,,,,,,,,0.049556665122509,0.023657264187932014,0.0,0.025899402797222137,0.24667665362358093,0.2141067385673523,0.32569918036460876,0.0,0.6836107969284058,1.8942288160324097,1.036029577255249,atlas_het,graphatlas_c_beta_-2,graphatlas_certified,ov0.10_cross0.15,,certificate,-2.0,full,none,False,dot,3,40,65,0,65,0.821052610874176,64834,480,6486,0,13.664517879486084,cpu,0,0.902290940284729,0.11442176252603531,0.34784746170043945,1.0,0.09770897030830383,0.0,0.8930045366287231,1.6530989408493042,0.12805363535881042,0.2837945520877838,0.006575362756848335,0.653099000453949,0.030573347583413124,0.34328922629356384,1.6530989408493042,0.653099000453949,0.09950107336044312,0.5650399923324585,2.206038800522947e-07,0.04571133852005005,0.09770896285772324,0.3528902232646942,0.6095179319381714,1.6083333492279053,0.6083333492279053,0.3457954227924347,0.6867496371269226,0.02900656685233116,0.5408903956413269,atlas_het__node_classification__graphatlas_c_beta__2__split0__seed3__46f2c9d2dbf8,46f2c9d2dbf8,975d6eec98ed54f0
node_classification,accuracy,0.9163762927055359,0.821052610874176,0.6938775777816772,,,,,,,,,,,,0.9163763066202091,0.13072837889194489,0.8674698795180723,0.9163762927055359,0.9164059491851942,0.9164550947990439,0.03294989466667175,0.8746038272541131,0.2196897268295288,0.9133396330419717,0.8210526315789474,0.3218878209590912,0.7058823529411765,0.821052610874176,0.8186367558239862,0.8209578913532626,0.1215943917632103,0.7383021390374331,0.7853598594665527,0.830791575889615,0.6938775510204082,0.5087237358093262,0.5517241379310345,0.6938775777816772,0.6917989670784702,0.6874470457079154,0.20587709546089172,0.5409226950219987,1.4115581512451172,0.6864290543803729,,,,0.6896551847457886,0.695652186870575,0.04022348614159141,0.4312896405919662,0.21290525794029236,7.758441000760286e-08,6.608211577940892e-08,7.62939453125e-06,4.76837158203125e-06,0.0,0.0,0.0,0.0,0.6938775777816772,,,,,,,,,0.049556665122509,0.023657264187932014,0.0,0.025899402797222137,0.24667665362358093,0.2141067385673523,0.32569918036460876,0.0,0.6836107969284058,1.8942288160324097,1.036029577255249,atlas_het,graphatlas_c_beta_-2,graphatlas_certified,ov0.10_cross0.30,,certificate,-2.0,full,none,False,dot,3,40,65,0,65,0.821052610874176,64834,480,6486,0,13.445703744888306,cpu,0,0.902290940284729,0.11442176252603531,0.34784746170043945,1.0,0.09770897030830383,0.0,0.8930045366287231,1.6530989408493042,0.12805363535881042,0.2837945520877838,0.006575362756848335,0.653099000453949,0.030573347583413124,0.34328922629356384,1.6530989408493042,0.653099000453949,0.09950107336044312,0.5650399923324585,2.206038800522947e-07,0.04571133852005005,0.09770896285772324,0.3528902232646942,0.6095179319381714,1.6083333492279053,0.6083333492279053,0.3457954227924347,0.6867496371269226,0.02900656685233116,0.5408903956413269,atlas_het__node_classification__graphatlas_c_beta__2__split0__seed3__75a3f73ad2de,75a3f73ad2de,975d6eec98ed54f0
node_classification,accuracy,0.9372822046279907,0.821052610874176,0.8061224222183228,,,,,,,,,,,,0.9372822299651568,0.0773804634809494,0.9176470588235294,0.9372822046279907,0.9373139172534722,0.9363354313413073,0.03019404411315918,0.9056396966303198,0.1309417486190796,0.9362745098039215,0.8210526315789474,0.31972944736480713,0.7142857142857143,0.821052610874176,0.819014351496645,0.8172702040550549,0.16536074876785278,0.7344519536035062,0.872154712677002,0.8159324335794924,0.8061224489795918,0.30409619212150574,0.7,0.8061224222183228,0.8046363064515457,0.8024937061985439,0.10310429334640503,0.7094211665046212,0.7871716022491455,0.8019607843137254,,,,0.8235294222831726,0.796875,0.1254881486564796,0.5112107623318386,0.13969086110591888,5.580345074918114e-08,6.302759913978662e-08,5.7220458984375e-06,7.62939453125e-06,0.0,0.0,0.0,0.0,0.8061224222183228,,,,,,,,,0.08644870668649673,0.059108931571245193,0.0,0.027339773252606392,0.23963001370429993,0.21305260062217712,0.2657739520072937,0.0,0.633641242980957,2.220959186553955,1.5225605964660645,atlas_het,graphatlas_c_beta_-2,graphatlas_certified,ov0.10_cross0.00,,certificate,-2.0,full,none,False,dot,4,60,85,0,85,0.821052610874176,64834,480,6552,0,17.681775093078613,cpu,0,0.9083017110824585,0.11465255171060562,0.5385010838508606,1.0,0.09169816970825195,0.0,0.8568012714385986,1.6652930974960327,0.1493787169456482,0.3146172761917114,0.0072933523915708065,0.6652930378913879,0.029121162369847298,0.27966418862342834,1.6652930974960327,0.6652930378913879,0.12029296159744263,0.4417415261268616,2.3420950867603096e-07,0.05196530744433403,0.09169816970825195,0.31842297315597534,0.5922873616218567,1.5645833015441895,0.5645833611488342,0.2913976013660431,0.6641601324081421,0.03989507257938385,0.6110312342643738,atlas_het__node_classification__graphatlas_c_beta__2__split0__seed4__bdb2cf395e21,bdb2cf395e21,975d6eec98ed54f0
node_classification,accuracy,0.9372822046279907,0.821052610874176,0.8061224222183228,,,,,,,,,,,,0.9372822299651568,0.0773804634809494,0.9176470588235294,0.9372822046279907,0.9373139172534722,0.9363354313413073,0.03019404411315918,0.9056396966303198,0.1309417486190796,0.9362745098039215,0.8210526315789474,0.31972944736480713,0.7142857142857143,0.821052610874176,0.819014351496645,0.8172702040550549,0.16536074876785278,0.7344519536035062,0.872154712677002,0.8159324335794924,0.8061224489795918,0.30409619212150574,0.7,0.8061224222183228,0.8046363064515457,0.8024937061985439,0.10310429334640503,0.7094211665046212,0.7871716022491455,0.8019607843137254,,,,0.8235294222831726,0.796875,0.1254881486564796,0.5112107623318386,0.13969086110591888,5.580345074918114e-08,6.302759913978662e-08,5.7220458984375e-06,7.62939453125e-06,0.0,0.0,0.0,0.0,0.8061224222183228,,,,,,,,,0.08644870668649673,0.059108931571245193,0.0,0.027339773252606392,0.23963001370429993,0.21305260062217712,0.2657739520072937,0.0,0.633641242980957,2.220959186553955,1.5225605964660645,atlas_het,graphatlas_c_beta_-2,graphatlas_certified,ov0.10_cross0.15,,certificate,-2.0,full,none,False,dot,4,60,85,0,85,0.821052610874176,64834,480,6552,0,17.59924006462097,cpu,0,0.9083017110824585,0.11465255171060562,0.5385010838508606,1.0,0.09169816970825195,0.0,0.8568012714385986,1.6652930974960327,0.1493787169456482,0.3146172761917114,0.0072933523915708065,0.6652930378913879,0.029121162369847298,0.27966418862342834,1.6652930974960327,0.6652930378913879,0.12029296159744263,0.4417415261268616,2.3420950867603096e-07,0.05196530744433403,0.09169816970825195,0.31842297315597534,0.5922873616218567,1.5645833015441895,0.5645833611488342,0.2913976013660431,0.6641601324081421,0.03989507257938385,0.6110312342643738,atlas_het__node_classification__graphatlas_c_beta__2__split0__seed4__f20d5fa4a364,f20d5fa4a364,975d6eec98ed54f0
node_classification,accuracy,0.9372822046279907,0.821052610874176,0.8061224222183228,,,,,,,,,,,,0.9372822299651568,0.0773804634809494,0.9176470588235294,0.9372822046279907,0.9373139172534722,0.9363354313413073,0.03019404411315918,0.9056396966303198,0.1309417486190796,0.9362745098039215,0.8210526315789474,0.31972944736480713,0.7142857142857143,0.821052610874176,0.819014351496645,0.8172702040550549,0.16536074876785278,0.7344519536035062,0.872154712677002,0.8159324335794924,0.8061224489795918,0.30409619212150574,0.7,0.8061224222183228,0.8046363064515457,0.8024937061985439,0.10310429334640503,0.7094211665046212,0.7871716022491455,0.8019607843137254,,,,0.8235294222831726,0.796875,0.1254881486564796,0.5112107623318386,0.13969086110591888,5.580345074918114e-08,6.302759913978662e-08,5.7220458984375e-06,7.62939453125e-06,0.0,0.0,0.0,0.0,0.8061224222183228,,,,,,,,,0.08644870668649673,0.059108931571245193,0.0,0.027339773252606392,0.23963001370429993,0.21305260062217712,0.2657739520072937,0.0,0.633641242980957,2.220959186553955,1.5225605964660645,atlas_het,graphatlas_c_beta_-2,graphatlas_certified,ov0.10_cross0.30,,certificate,-2.0,full,none,False,dot,4,60,85,0,85,0.821052610874176,64834,480,6552,0,17.464945316314697,cpu,0,0.9083017110824585,0.11465255171060562,0.5385010838508606,1.0,0.09169816970825195,0.0,0.8568012714385986,1.6652930974960327,0.1493787169456482,0.3146172761917114,0.0072933523915708065,0.6652930378913879,0.029121162369847298,0.27966418862342834,1.6652930974960327,0.6652930378913879,0.12029296159744263,0.4417415261268616,2.3420950867603096e-07,0.05196530744433403,0.09169816970825195,0.31842297315597534,0.5922873616218567,1.5645833015441895,0.5645833611488342,0.2913976013660431,0.6641601324081421,0.03989507257938385,0.6110312342643738,atlas_het__node_classification__graphatlas_c_beta__2__split0__seed4__3b6639f0477a,3b6639f0477a,975d6eec98ed54f0
node_classification,accuracy,0.9721254110336304,0.7872340679168701,0.8585858345031738,,,,,,,,,,,,0.9721254355400697,0.043103788048028946,0.9519230769230769,0.9721254110336304,0.972083789210842,0.9724012459843405,0.0247323177754879,0.9582794362087491,0.0751049593091011,0.972937622979459,0.7872340425531915,0.37288743257522583,0.7741935483870968,0.7872340679168701,0.7872340425531915,0.7871382145739275,0.17011991143226624,0.6801633208574345,1.292617917060852,0.7871382145739275,0.8585858585858586,0.23188810050487518,0.8064516129032258,0.8585858345031738,0.8582198799590104,0.8574879227053139,0.11030077934265137,0.7900483665020588,0.44581326842308044,0.859094982078853,,,,0.9166666865348816,0.8253968358039856,0.11681367042518273,0.5373737373737374,0.1455688774585724,5.38098348101812e-08,4.5495166745013194e-08,4.291534423828125e-06,4.76837158203125e-06,0.0,0.0,0.0,0.0,0.8585858345031738,,,,,,,,,0.12217757850885391,0.07290223240852356,0.0,0.04927534610033035,0.2897256016731262,0.2600541114807129,0.29671525955200195,0.0,0.5795605182647705,2.526394844055176,1.4027807712554932,atlas_het,graphatlas_c_beta_0,graphatlas_certified,ov0.10_cross0.00,,certificate,0.0,full,none,False,dot,0,90,115,0,115,0.7872340679168701,64834,480,6540,0,21.75165343284607,cpu,0,0.9431924223899841,0.08887758105993271,0.2014123648405075,1.0,0.05680752545595169,0.0007131214370019734,0.9608802199363708,1.7065749168395996,0.07505327463150024,0.1289752870798111,-8.67781135838186e-09,0.7065749168395996,1.265940063888138e-08,0.3574274480342865,1.7065749168395996,0.7065749168395996,0.0548895001411438,0.7897946238517761,2.496855415756727e-07,0.028551770374178886,0.0568075031042099,0.35834163427352905,0.553924560546875,1.6687500476837158,0.668749988079071,0.355099618434906,0.6790300607681274,0.07948114722967148,0.49601948261260986,atlas_het__node_classification__graphatlas_c_beta_0__split0__seed0__8de2b5713924,8de2b5713924,975d6eec98ed54f0
node_classification,accuracy,0.9721254110336304,0.7872340679168701,0.8585858345031738,,,,,,,,,,,,0.9721254355400697,0.043103788048028946,0.9519230769230769,0.9721254110336304,0.972083789210842,0.9724012459843405,0.0247323177754879,0.9582794362087491,0.0751049593091011,0.972937622979459,0.7872340425531915,0.37288743257522583,0.7741935483870968,0.7872340679168701,0.7872340425531915,0.7871382145739275,0.17011991143226624,0.6801633208574345,1.292617917060852,0.7871382145739275,0.8585858585858586,0.23188810050487518,0.8064516129032258,0.8585858345031738,0.8582198799590104,0.8574879227053139,0.11030077934265137,0.7900483665020588,0.44581326842308044,0.859094982078853,,,,0.9166666865348816,0.8253968358039856,0.11681367042518273,0.5373737373737374,0.1455688774585724,5.38098348101812e-08,4.5495166745013194e-08,4.291534423828125e-06,4.76837158203125e-06,0.0,0.0,0.0,0.0,0.8585858345031738,,,,,,,,,0.12217757850885391,0.07290223240852356,0.0,0.04927534610033035,0.2897256016731262,0.2600541114807129,0.29671525955200195,0.0,0.5795605182647705,2.526394844055176,1.4027807712554932,atlas_het,graphatlas_c_beta_0,graphatlas_certified,ov0.10_cross0.15,,certificate,0.0,full,none,False,dot,0,90,115,0,115,0.7872340679168701,64834,480,6540,0,21.83385157585144,cpu,0,0.9431924223899841,0.08887758105993271,0.2014123648405075,1.0,0.05680752545595169,0.0007131214370019734,0.9608802199363708,1.7065749168395996,0.07505327463150024,0.1289752870798111,-8.67781135838186e-09,0.7065749168395996,1.265940063888138e-08,0.3574274480342865,1.7065749168395996,0.7065749168395996,0.0548895001411438,0.7897946238517761,2.496855415756727e-07,0.028551770374178886,0.0568075031042099,0.35834163427352905,0.553924560546875,1.6687500476837158,0.668749988079071,0.355099618434906,0.6790300607681274,0.07948114722967148,0.49601948261260986,atlas_het__node_classification__graphatlas_c_beta_0__split0__seed0__88d2e96da59e,88d2e96da59e,975d6eec98ed54f0
node_classification,accuracy,0.9721254110336304,0.7872340679168701,0.8585858345031738,,,,,,,,,,,,0.9721254355400697,0.043103788048028946,0.9519230769230769,0.9721254110336304,0.972083789210842,0.9724012459843405,0.0247323177754879,0.9582794362087491,0.0751049593091011,0.972937622979459,0.7872340425531915,0.37288743257522583,0.7741935483870968,0.7872340679168701,0.7872340425531915,0.7871382145739275,0.17011991143226624,0.6801633208574345,1.292617917060852,0.7871382145739275,0.8585858585858586,0.23188810050487518,0.8064516129032258,0.8585858345031738,0.8582198799590104,0.8574879227053139,0.11030077934265137,0.7900483665020588,0.44581326842308044,0.859094982078853,,,,0.9166666865348816,0.8253968358039856,0.11681367042518273,0.5373737373737374,0.1455688774585724,5.38098348101812e-08,4.5495166745013194e-08,4.291534423828125e-06,4.76837158203125e-06,0.0,0.0,0.0,0.0,0.8585858345031738,,,,,,,,,0.12217757850885391,0.07290223240852356,0.0,0.04927534610033035,0.2897256016731262,0.2600541114807129,0.29671525955200195,0.0,0.5795605182647705,2.526394844055176,1.4027807712554932,atlas_het,graphatlas_c_beta_0,graphatlas_certified,ov0.10_cross0.30,,certificate,0.0,full,none,False,dot,0,90,115,0,115,0.7872340679168701,64834,480,6540,0,22.047412395477295,cpu,0,0.9431924223899841,0.08887758105993271,0.2014123648405075,1.0,0.05680752545595169,0.0007131214370019734,0.9608802199363708,1.7065749168395996,0.07505327463150024,0.1289752870798111,-8.67781135838186e-09,0.7065749168395996,1.265940063888138e-08,0.3574274480342865,1.7065749168395996,0.7065749168395996,0.0548895001411438,0.7897946238517761,2.496855415756727e-07,0.028551770374178886,0.0568075031042099,0.35834163427352905,0.553924560546875,1.6687500476837158,0.668749988079071,0.355099618434906,0.6790300607681274,0.07948114722967148,0.49601948261260986,atlas_het__node_classification__graphatlas_c_beta_0__split0__seed0__62d96d5382f3,62d96d5382f3,975d6eec98ed54f0
node_classification,accuracy,0.8815330862998962,0.8105263113975525,0.8163265585899353,,,,,,,,,,,,0.8815331010452961,0.14761283993721008,0.8390804597701149,0.8815330862998962,0.8809377467646843,0.8804430298214303,0.022951137274503708,0.8224627204882384,0.23581379652023315,0.879353452586638,0.8105263157894737,0.28484344482421875,0.7575757575757576,0.8105263113975525,0.8106798245614035,0.8089015151515152,0.10134170949459076,0.716139925667981,0.5564759373664856,0.8098223615464994,0.8163265306122449,0.26789307594299316,0.7272727272727273,0.8163265585899353,0.8150328984052638,0.8134061930783242,0.1101035475730896,0.727185556718623,0.6400502920150757,0.8138528138528139,,,,0.8048780560493469,0.8245614171028137,-0.03406430786924759,0.5356125356125356,0.17436683177947998,8.414424712555046e-08,7.647906841157237e-08,8.58306884765625e-06,7.62939453125e-06,0.0,0.0,0.0,0.0,0.8163265585899353,,,,,,,,,0.07104384154081345,0.05149763822555542,0.0,0.019546201452612877,0.12265302985906601,0.09688238054513931,0.25770658254623413,1.5501527741434984e-05,0.5842950940132141,2.3522300720214844,0.802025318145752,atlas_het,graphatlas_c_beta_0,graphatlas_certified,ov0.10_cross0.00,,certificate,0.0,full,none,False,dot,1,50,75,0,75,0.8105263113975525,64834,480,6456,0,14.332685470581055,cpu,0,0.9615113139152527,0.043453603982925415,0.5855559706687927,1.0,0.03848859667778015,0.0,0.9960647225379944,1.4214683771133423,0.05387793108820915,0.08535919338464737,-3.173332485673086e-09,0.4214684069156647,6.34252517173195e-09,0.1911536157131195,1.4214683771133423,0.4214684069156647,0.05255764722824097,0.279793381690979,2.342312228620358e-07,0.010030205361545086,0.03848860412836075,0.20983104407787323,0.7490190267562866,1.3583333492279053,0.3583333194255829,0.1931464523077011,0.6465350389480591,0.017237432301044464,0.7823324203491211,atlas_het__node_classification__graphatlas_c_beta_0__split0__seed1__45c8cded896d,45c8cded896d,975d6eec98ed54f0
node_classification,accuracy,0.8815330862998962,0.8105263113975525,0.8163265585899353,,,,,,,,,,,,0.8815331010452961,0.14761283993721008,0.8390804597701149,0.8815330862998962,0.8809377467646843,0.8804430298214303,0.022951137274503708,0.8224627204882384,0.23581379652023315,0.879353452586638,0.8105263157894737,0.28484344482421875,0.7575757575757576,0.8105263113975525,0.8106798245614035,0.8089015151515152,0.10134170949459076,0.716139925667981,0.5564759373664856,0.8098223615464994,0.8163265306122449,0.26789307594299316,0.7272727272727273,0.8163265585899353,0.8150328984052638,0.8134061930783242,0.1101035475730896,0.727185556718623,0.6400502920150757,0.8138528138528139,,,,0.8048780560493469,0.8245614171028137,-0.03406430786924759,0.5356125356125356,0.17436683177947998,8.414424712555046e-08,7.647906841157237e-08,8.58306884765625e-06,7.62939453125e-06,0.0,0.0,0.0,0.0,0.8163265585899353,,,,,,,,,0.07104384154081345,0.05149763822555542,0.0,0.019546201452612877,0.12265302985906601,0.09688238054513931,0.25770658254623413,1.5501527741434984e-05,0.5842950940132141,2.3522300720214844,0.802025318145752,atlas_het,graphatlas_c_beta_0,graphatlas_certified,ov0.10_cross0.15,,certificate,0.0,full,none,False,dot,1,50,75,0,75,0.8105263113975525,64834,480,6456,0,14.344468593597412,cpu,0,0.9615113139152527,0.043453603982925415,0.5855559706687927,1.0,0.03848859667778015,0.0,0.9960647225379944,1.4214683771133423,0.05387793108820915,0.08535919338464737,-3.173332485673086e-09,0.4214684069156647,6.34252517173195e-09,0.1911536157131195,1.4214683771133423,0.4214684069156647,0.05255764722824097,0.279793381690979,2.342312228620358e-07,0.010030205361545086,0.03848860412836075,0.20983104407787323,0.7490190267562866,1.3583333492279053,0.3583333194255829,0.1931464523077011,0.6465350389480591,0.017237432301044464,0.7823324203491211,atlas_het__node_classification__graphatlas_c_beta_0__split0__seed1__f72e77d50f92,f72e77d50f92,975d6eec98ed54f0
node_classification,accuracy,0.8815330862998962,0.8105263113975525,0.8163265585899353,,,,,,,,,,,,0.8815331010452961,0.14761283993721008,0.8390804597701149,0.8815330862998962,0.8809377467646843,0.8804430298214303,0.022951137274503708,0.8224627204882384,0.23581379652023315,0.879353452586638,0.8105263157894737,0.28484344482421875,0.7575757575757576,0.8105263113975525,0.8106798245614035,0.8089015151515152,0.10134170949459076,0.716139925667981,0.5564759373664856,0.8098223615464994,0.8163265306122449,0.26789307594299316,0.7272727272727273,0.8163265585899353,0.8150328984052638,0.8134061930783242,0.1101035475730896,0.727185556718623,0.6400502920150757,0.8138528138528139,,,,0.8048780560493469,0.8245614171028137,-0.03406430786924759,0.5356125356125356,0.17436683177947998,8.414424712555046e-08,7.647906841157237e-08,8.58306884765625e-06,7.62939453125e-06,0.0,0.0,0.0,0.0,0.8163265585899353,,,,,,,,,0.07104384154081345,0.05149763822555542,0.0,0.019546201452612877,0.12265302985906601,0.09688238054513931,0.25770658254623413,1.5501527741434984e-05,0.5842950940132141,2.3522300720214844,0.802025318145752,atlas_het,graphatlas_c_beta_0,graphatlas_certified,ov0.10_cross0.30,,certificate,0.0,full,none,False,dot,1,50,75,0,75,0.8105263113975525,64834,480,6456,0,14.49359393119812,cpu,0,0.9615113139152527,0.043453603982925415,0.5855559706687927,1.0,0.03848859667778015,0.0,0.9960647225379944,1.4214683771133423,0.05387793108820915,0.08535919338464737,-3.173332485673086e-09,0.4214684069156647,6.34252517173195e-09,0.1911536157131195,1.4214683771133423,0.4214684069156647,0.05255764722824097,0.279793381690979,2.342312228620358e-07,0.010030205361545086,0.03848860412836075,0.20983104407787323,0.7490190267562866,1.3583333492279053,0.3583333194255829,0.1931464523077011,0.6465350389480591,0.017237432301044464,0.7823324203491211,atlas_het__node_classification__graphatlas_c_beta_0__split0__seed1__2c7fbc4ebe5a,2c7fbc4ebe5a,975d6eec98ed54f0
node_classification,accuracy,0.9268292784690857,0.8315789699554443,0.704081654548645,,,,,,,,,,,,0.926829268292683,0.11778781563043594,0.8068181818181818,0.9268292784690857,0.9252249293366622,0.9236515712633286,0.06128670275211334,0.8924920494062909,0.19674238562583923,0.9221972606599653,0.8315789473684211,0.30216488242149353,0.8125,0.8315789699554443,0.8319411599612867,0.8325721163426513,0.11488177627325058,0.747330657153063,1.2000609636306763,0.8310091277890467,0.7040816326530612,0.46010273694992065,0.5,0.704081654548645,0.6978541416566627,0.6950980392156864,0.212575301527977,0.5625552083247347,1.1976310014724731,0.6953823953823953,,,,0.6904761791229248,0.7142857313156128,0.0840335755107101,0.4936708860759494,0.09987619519233704,6.712496514182931e-08,7.678010405243185e-08,7.62939453125e-06,9.5367431640625e-06,0.0,0.0,0.0,0.0,0.704081654548645,,,,,,,,,0.07527701556682587,0.051829684525728226,0.0,0.02344733104109764,0.1396551877260208,0.10453996807336807,0.351152241230011,0.0,0.49434423446655273,2.825955390930176,1.4143176078796387,atlas_het,graphatlas_c_beta_0,graphatlas_certified,ov0.10_cross0.00,,certificate,0.0,full,none,False,dot,2,65,90,0,90,0.8315789699554443,64834,480,6506,0,17.23168134689331,cpu,0,0.9497790336608887,0.06865692883729935,0.16324269771575928,1.0,0.05022096261382103,0.0006455083494074643,0.9774609804153442,1.6636950969696045,0.05984744802117348,0.09730026125907898,-1.8295713832827687e-09,0.6636950373649597,1.007843231093375e-08,0.33279314637184143,1.6636950969696045,0.6636950373649597,0.04795491695404053,0.5852214097976685,2.4718454483263486e-07,0.02027205377817154,0.050220951437950134,0.3562754690647125,0.618762195110321,1.6041666269302368,0.6041666865348816,0.33363431692123413,0.6661688685417175,0.061513300985097885,0.5533933639526367,atlas_het__node_classification__graphatlas_c_beta_0__split0__seed2__ea158bab0a00,ea158bab0a00,975d6eec98ed54f0
node_classification,accuracy,0.9268292784690857,0.8315789699554443,0.704081654548645,,,,,,,,,,,,0.926829268292683,0.11778781563043594,0.8068181818181818,0.9268292784690857,0.9252249293366622,0.9236515712633286,0.06128670275211334,0.8924920494062909,0.19674238562583923,0.9221972606599653,0.8315789473684211,0.30216488242149353,0.8125,0.8315789699554443,0.8319411599612867,0.8325721163426513,0.11488177627325058,0.747330657153063,1.2000609636306763,0.8310091277890467,0.7040816326530612,0.46010273694992065,0.5,0.704081654548645,0.6978541416566627,0.6950980392156864,0.212575301527977,0.5625552083247347,1.1976310014724731,0.6953823953823953,,,,0.6904761791229248,0.7142857313156128,0.0840335755107101,0.4936708860759494,0.09987619519233704,6.712496514182931e-08,7.678010405243185e-08,7.62939453125e-06,9.5367431640625e-06,0.0,0.0,0.0,0.0,0.704081654548645,,,,,,,,,0.07527701556682587,0.051829684525728226,0.0,0.02344733104109764,0.1396551877260208,0.10453996807336807,0.351152241230011,0.0,0.49434423446655273,2.825955390930176,1.4143176078796387,atlas_het,graphatlas_c_beta_0,graphatlas_certified,ov0.10_cross0.15,,certificate,0.0,full,none,False,dot,2,65,90,0,90,0.8315789699554443,64834,480,6506,0,17.127154111862183,cpu,0,0.9497790336608887,0.06865692883729935,0.16324269771575928,1.0,0.05022096261382103,0.0006455083494074643,0.9774609804153442,1.6636950969696045,0.05984744802117348,0.09730026125907898,-1.8295713832827687e-09,0.6636950373649597,1.007843231093375e-08,0.33279314637184143,1.6636950969696045,0.6636950373649597,0.04795491695404053,0.5852214097976685,2.4718454483263486e-07,0.02027205377817154,0.050220951437950134,0.3562754690647125,0.618762195110321,1.6041666269302368,0.6041666865348816,0.33363431692123413,0.6661688685417175,0.061513300985097885,0.5533933639526367,atlas_het__node_classification__graphatlas_c_beta_0__split0__seed2__0babad7b3941,0babad7b3941,975d6eec98ed54f0
node_classification,accuracy,0.9268292784690857,0.8315789699554443,0.704081654548645,,,,,,,,,,,,0.926829268292683,0.11778781563043594,0.8068181818181818,0.9268292784690857,0.9252249293366622,0.9236515712633286,0.06128670275211334,0.8924920494062909,0.19674238562583923,0.9221972606599653,0.8315789473684211,0.30216488242149353,0.8125,0.8315789699554443,0.8319411599612867,0.8325721163426513,0.11488177627325058,0.747330657153063,1.2000609636306763,0.8310091277890467,0.7040816326530612,0.46010273694992065,0.5,0.704081654548645,0.6978541416566627,0.6950980392156864,0.212575301527977,0.5625552083247347,1.1976310014724731,0.6953823953823953,,,,0.6904761791229248,0.7142857313156128,0.0840335755107101,0.4936708860759494,0.09987619519233704,6.712496514182931e-08,7.678010405243185e-08,7.62939453125e-06,9.5367431640625e-06,0.0,0.0,0.0,0.0,0.704081654548645,,,,,,,,,0.07527701556682587,0.051829684525728226,0.0,0.02344733104109764,0.1396551877260208,0.10453996807336807,0.351152241230011,0.0,0.49434423446655273,2.825955390930176,1.4143176078796387,atlas_het,graphatlas_c_beta_0,graphatlas_certified,ov0.10_cross0.30,,certificate,0.0,full,none,False,dot,2,65,90,0,90,0.8315789699554443,64834,480,6506,0,17.2787983417511,cpu,0,0.9497790336608887,0.06865692883729935,0.16324269771575928,1.0,0.05022096261382103,0.0006455083494074643,0.9774609804153442,1.6636950969696045,0.05984744802117348,0.09730026125907898,-1.8295713832827687e-09,0.6636950373649597,1.007843231093375e-08,0.33279314637184143,1.6636950969696045,0.6636950373649597,0.04795491695404053,0.5852214097976685,2.4718454483263486e-07,0.02027205377817154,0.050220951437950134,0.3562754690647125,0.618762195110321,1.6041666269302368,0.6041666865348816,0.33363431692123413,0.6661688685417175,0.061513300985097885,0.5533933639526367,atlas_het__node_classification__graphatlas_c_beta_0__split0__seed2__814f17f4fe6a,814f17f4fe6a,975d6eec98ed54f0
node_classification,accuracy,0.9407665729522705,0.8315789699554443,0.7346938848495483,,,,,,,,,,,,0.9407665505226481,0.08547105640172958,0.9313725490196079,0.9407665729522705,0.9408586374781062,0.9415019597644566,0.03880756348371506,0.910897089917546,0.14499951899051666,0.9407039924403495,0.8315789473684211,0.30436649918556213,0.7352941176470589,0.8315789699554443,0.8298922745460142,0.8331384015594542,0.13528069853782654,0.7492482877269542,0.7837139964103699,0.8380537400145244,0.7346938775510204,0.47008004784584045,0.6551724137931034,0.7346938848495483,0.7360939872666952,0.733193980955175,0.20192377269268036,0.6025653863836059,1.2211167812347412,0.730435622524872,,,,0.8275862336158752,0.695652186870575,0.08650066004078763,0.36936936936936937,0.13228516280651093,6.530004270643985e-08,5.522156243387144e-08,7.62939453125e-06,7.62939453125e-06,0.0,0.0,0.0,0.0,0.7346938848495483,,,,,,,,,0.06174890697002411,0.03958176076412201,0.0,0.02216714806854725,0.14916691184043884,0.13642534613609314,0.12741583585739136,0.0,0.7123196721076965,1.8110606670379639,0.794086754322052,atlas_het,graphatlas_c_beta_0,graphatlas_certified,ov0.10_cross0.00,,certificate,0.0,full,none,False,dot,3,60,85,0,85,0.8315789699554443,64834,480,6486,0,16.29547691345215,cpu,0,0.9281009435653687,0.09888719767332077,0.20827500522136688,1.0,0.07189907878637314,0.00017486594151705503,0.9441012144088745,1.5901942253112793,0.09156733751296997,0.190885528922081,-6.904250948736035e-09,0.5901942849159241,9.733225780905741e-09,0.31812459230422974,1.5901942253112793,0.5901942849159241,0.06999838352203369,0.7091732025146484,2.3518055058957543e-07,0.026199905201792717,0.07189907878637314,0.3548053205013275,0.6604481339454651,1.5479166507720947,0.5479166507720947,0.3171410858631134,0.6854644417762756,0.049896541982889175,0.4982486665248871,atlas_het__node_classification__graphatlas_c_beta_0__split0__seed3__7666750a6a04,7666750a6a04,975d6eec98ed54f0
node_classification,accuracy,0.9407665729522705,0.8315789699554443,0.7346938848495483,,,,,,,,,,,,0.9407665505226481,0.08547105640172958,0.9313725490196079,0.9407665729522705,0.9408586374781062,0.9415019597644566,0.03880756348371506,0.910897089917546,0.14499951899051666,0.9407039924403495,0.8315789473684211,0.30436649918556213,0.7352941176470589,0.8315789699554443,0.8298922745460142,0.8331384015594542,0.13528069853782654,0.7492482877269542,0.7837139964103699,0.8380537400145244,0.7346938775510204,0.47008004784584045,0.6551724137931034,0.7346938848495483,0.7360939872666952,0.733193980955175,0.20192377269268036,0.6025653863836059,1.2211167812347412,0.730435622524872,,,,0.8275862336158752,0.695652186870575,0.08650066004078763,0.36936936936936937,0.13228516280651093,6.530004270643985e-08,5.522156243387144e-08,7.62939453125e-06,7.62939453125e-06,0.0,0.0,0.0,0.0,0.7346938848495483,,,,,,,,,0.06174890697002411,0.03958176076412201,0.0,0.02216714806854725,0.14916691184043884,0.13642534613609314,0.12741583585739136,0.0,0.7123196721076965,1.8110606670379639,0.794086754322052,atlas_het,graphatlas_c_beta_0,graphatlas_certified,ov0.10_cross0.15,,certificate,0.0,full,none,False,dot,3,60,85,0,85,0.8315789699554443,64834,480,6486,0,16.191317081451416,cpu,0,0.9281009435653687,0.09888719767332077,0.20827500522136688,1.0,0.07189907878637314,0.00017486594151705503,0.9441012144088745,1.5901942253112793,0.09156733751296997,0.190885528922081,-6.904250948736035e-09,0.5901942849159241,9.733225780905741e-09,0.31812459230422974,1.5901942253112793,0.5901942849159241,0.06999838352203369,0.7091732025146484,2.3518055058957543e-07,0.026199905201792717,0.07189907878637314,0.3548053205013275,0.6604481339454651,1.5479166507720947,0.5479166507720947,0.3171410858631134,0.6854644417762756,0.049896541982889175,0.4982486665248871,atlas_het__node_classification__graphatlas_c_beta_0__split0__seed3__8629d85491b2,8629d85491b2,975d6eec98ed54f0
node_classification,accuracy,0.9407665729522705,0.8315789699554443,0.7346938848495483,,,,,,,,,,,,0.9407665505226481,0.08547105640172958,0.9313725490196079,0.9407665729522705,0.9408586374781062,0.9415019597644566,0.03880756348371506,0.910897089917546,0.14499951899051666,0.9407039924403495,0.8315789473684211,0.30436649918556213,0.7352941176470589,0.8315789699554443,0.8298922745460142,0.8331384015594542,0.13528069853782654,0.7492482877269542,0.7837139964103699,0.8380537400145244,0.7346938775510204,0.47008004784584045,0.6551724137931034,0.7346938848495483,0.7360939872666952,0.733193980955175,0.20192377269268036,0.6025653863836059,1.2211167812347412,0.730435622524872,,,,0.8275862336158752,0.695652186870575,0.08650066004078763,0.36936936936936937,0.13228516280651093,6.530004270643985e-08,5.522156243387144e-08,7.62939453125e-06,7.62939453125e-06,0.0,0.0,0.0,0.0,0.7346938848495483,,,,,,,,,0.06174890697002411,0.03958176076412201,0.0,0.02216714806854725,0.14916691184043884,0.13642534613609314,0.12741583585739136,0.0,0.7123196721076965,1.8110606670379639,0.794086754322052,atlas_het,graphatlas_c_beta_0,graphatlas_certified,ov0.10_cross0.30,,certificate,0.0,full,none,False,dot,3,60,85,0,85,0.8315789699554443,64834,480,6486,0,16.23586940765381,cpu,0,0.9281009435653687,0.09888719767332077,0.20827500522136688,1.0,0.07189907878637314,0.00017486594151705503,0.9441012144088745,1.5901942253112793,0.09156733751296997,0.190885528922081,-6.904250948736035e-09,0.5901942849159241,9.733225780905741e-09,0.31812459230422974,1.5901942253112793,0.5901942849159241,0.06999838352203369,0.7091732025146484,2.3518055058957543e-07,0.026199905201792717,0.07189907878637314,0.3548053205013275,0.6604481339454651,1.5479166507720947,0.5479166507720947,0.3171410858631134,0.6854644417762756,0.049896541982889175,0.4982486665248871,atlas_het__node_classification__graphatlas_c_beta_0__split0__seed3__f65302785144,f65302785144,975d6eec98ed54f0
node_classification,accuracy,0.9790940880775452,0.8315789699554443,0.8061224222183228,,,,,,,,,,,,0.9790940766550522,0.04032997041940689,0.9529411764705882,0.9790940880775452,0.9790453437992286,0.9785845780414433,0.016392800956964493,0.9687427038622419,0.07509537041187286,0.9776470588235293,0.8315789473684211,0.2811790108680725,0.75,0.8315789699554443,0.8296866920892769,0.8280457550522321,0.11807911098003387,0.7475365469811249,0.9632441401481628,0.8278371954842543,0.8061224489795918,0.3571177124977112,0.7941176470588235,0.8061224222183228,0.8066659340545876,0.8069362629949527,0.17168456315994263,0.7088492905151704,1.2147759199142456,0.8058823529411766,,,,0.8823529481887817,0.765625,0.14954880562721679,0.49417249417249415,0.130317822098732,5.609091857650128e-08,5.961161519962843e-08,5.7220458984375e-06,9.5367431640625e-06,0.0,0.0,0.0,0.0,0.8061224222183228,,,,,,,,,0.05525558814406395,0.037228554487228394,0.0,0.018027033656835556,0.12103305757045746,0.10966930538415909,0.1136375442147255,0.0,0.6151207685470581,2.30452036857605,1.533030390739441,atlas_het,graphatlas_c_beta_0,graphatlas_certified,ov0.10_cross0.00,,certificate,0.0,full,none,False,dot,4,85,110,0,110,0.8315789699554443,64834,480,6552,0,20.936082363128662,cpu,0,0.9535783529281616,0.05616826191544533,0.6382454037666321,1.0,0.0464215986430645,0.0,0.987960934638977,1.5782966613769531,0.0706738829612732,0.12806986272335052,-3.5675686849145904e-09,0.5782967209815979,9.339344408942907e-09,0.2874413728713989,1.5782966613769531,0.5782967209815979,0.05901843309402466,0.29490208625793457,2.3265016579898656e-07,0.021063709631562233,0.046421583741903305,0.33029645681381226,0.6668701767921448,1.5291666984558105,0.5291666388511658,0.2904545068740845,0.674511194229126,0.07063613086938858,0.5966548919677734,atlas_het__node_classification__graphatlas_c_beta_0__split0__seed4__bdfd3f2a1862,bdfd3f2a1862,975d6eec98ed54f0
node_classification,accuracy,0.9790940880775452,0.8315789699554443,0.8061224222183228,,,,,,,,,,,,0.9790940766550522,0.04032997041940689,0.9529411764705882,0.9790940880775452,0.9790453437992286,0.9785845780414433,0.016392800956964493,0.9687427038622419,0.07509537041187286,0.9776470588235293,0.8315789473684211,0.2811790108680725,0.75,0.8315789699554443,0.8296866920892769,0.8280457550522321,0.11807911098003387,0.7475365469811249,0.9632441401481628,0.8278371954842543,0.8061224489795918,0.3571177124977112,0.7941176470588235,0.8061224222183228,0.8066659340545876,0.8069362629949527,0.17168456315994263,0.7088492905151704,1.2147759199142456,0.8058823529411766,,,,0.8823529481887817,0.765625,0.14954880562721679,0.49417249417249415,0.130317822098732,5.609091857650128e-08,5.961161519962843e-08,5.7220458984375e-06,9.5367431640625e-06,0.0,0.0,0.0,0.0,0.8061224222183228,,,,,,,,,0.05525558814406395,0.037228554487228394,0.0,0.018027033656835556,0.12103305757045746,0.10966930538415909,0.1136375442147255,0.0,0.6151207685470581,2.30452036857605,1.533030390739441,atlas_het,graphatlas_c_beta_0,graphatlas_certified,ov0.10_cross0.15,,certificate,0.0,full,none,False,dot,4,85,110,0,110,0.8315789699554443,64834,480,6552,0,21.07701301574707,cpu,0,0.9535783529281616,0.05616826191544533,0.6382454037666321,1.0,0.0464215986430645,0.0,0.987960934638977,1.5782966613769531,0.0706738829612732,0.12806986272335052,-3.5675686849145904e-09,0.5782967209815979,9.339344408942907e-09,0.2874413728713989,1.5782966613769531,0.5782967209815979,0.05901843309402466,0.29490208625793457,2.3265016579898656e-07,0.021063709631562233,0.046421583741903305,0.33029645681381226,0.6668701767921448,1.5291666984558105,0.5291666388511658,0.2904545068740845,0.674511194229126,0.07063613086938858,0.5966548919677734,atlas_het__node_classification__graphatlas_c_beta_0__split0__seed4__4b6c2ff95ef9,4b6c2ff95ef9,975d6eec98ed54f0
node_classification,accuracy,0.9790940880775452,0.8315789699554443,0.8061224222183228,,,,,,,,,,,,0.9790940766550522,0.04032997041940689,0.9529411764705882,0.9790940880775452,0.9790453437992286,0.9785845780414433,0.016392800956964493,0.9687427038622419,0.07509537041187286,0.9776470588235293,0.8315789473684211,0.2811790108680725,0.75,0.8315789699554443,0.8296866920892769,0.8280457550522321,0.11807911098003387,0.7475365469811249,0.9632441401481628,0.8278371954842543,0.8061224489795918,0.3571177124977112,0.7941176470588235,0.8061224222183228,0.8066659340545876,0.8069362629949527,0.17168456315994263,0.7088492905151704,1.2147759199142456,0.8058823529411766,,,,0.8823529481887817,0.765625,0.14954880562721679,0.49417249417249415,0.130317822098732,5.609091857650128e-08,5.961161519962843e-08,5.7220458984375e-06,9.5367431640625e-06,0.0,0.0,0.0,0.0,0.8061224222183228,,,,,,,,,0.05525558814406395,0.037228554487228394,0.0,0.018027033656835556,0.12103305757045746,0.10966930538415909,0.1136375442147255,0.0,0.6151207685470581,2.30452036857605,1.533030390739441,atlas_het,graphatlas_c_beta_0,graphatlas_certified,ov0.10_cross0.30,,certificate,0.0,full,none,False,dot,4,85,110,0,110,0.8315789699554443,64834,480,6552,0,21.005701303482056,cpu,0,0.9535783529281616,0.05616826191544533,0.6382454037666321,1.0,0.0464215986430645,0.0,0.987960934638977,1.5782966613769531,0.0706738829612732,0.12806986272335052,-3.5675686849145904e-09,0.5782967209815979,9.339344408942907e-09,0.2874413728713989,1.5782966613769531,0.5782967209815979,0.05901843309402466,0.29490208625793457,2.3265016579898656e-07,0.021063709631562233,0.046421583741903305,0.33029645681381226,0.6668701767921448,1.5291666984558105,0.5291666388511658,0.2904545068740845,0.674511194229126,0.07063613086938858,0.5966548919677734,atlas_het__node_classification__graphatlas_c_beta_0__split0__seed4__864f3f19aada,864f3f19aada,975d6eec98ed54f0
node_classification,accuracy,0.9128919839859009,0.7340425252914429,0.8989899158477783,,,,,,,,,,,,0.9128919860627178,0.12927332520484924,0.875,0.9128919839859009,0.9126774481594867,0.9136657110024878,0.0313107930123806,0.869373460977346,0.21273218095302582,0.9145848274762929,0.7340425531914894,0.43909868597984314,0.7241379310344828,0.7340425252914429,0.734576420305171,0.7334556724573852,0.18442001938819885,0.6009861981282502,1.2181029319763184,0.733789177517503,0.898989898989899,0.17848420143127441,0.8709677419354839,0.8989899158477783,0.8988306693644533,0.8985817538114929,0.08875921368598938,0.8486196319018405,0.3821689784526825,0.8991188769414576,,,,0.9166666865348816,0.8888888955116272,0.11711344427053988,0.545816733067729,0.2029906064271927,7.585135364251983e-08,5.299945016190577e-08,8.58306884765625e-06,3.814697265625e-06,0.0,0.0,0.0,0.0,0.8989899158477783,,,,,,,,,0.1764848828315735,0.121186263859272,0.0,0.05529862642288208,0.25730153918266296,0.1960625946521759,0.6123892068862915,1.1606772432060097e-06,0.5297064781188965,2.7653756141662598,1.332674264907837,atlas_het,graphatlas_c_beta_0.5,graphatlas_certified,ov0.10_cross0.00,,certificate,0.5,full,none,False,dot,0,50,75,0,75,0.7340425252914429,64834,480,6540,0,15.50059986114502,cpu,0,0.9618808031082153,0.05932868272066116,0.627947986125946,1.0,0.03811927139759064,0.0,0.984570324420929,1.7434251308441162,0.05551445856690407,0.14216354489326477,0.00012128429807489738,0.7434250712394714,0.003600850934162736,0.361761212348938,1.7434251308441162,0.7434250712394714,0.025976181030273438,0.37070828676223755,2.5364278144479613e-07,0.020515168085694313,0.03811927139759064,0.344983845949173,0.5782365202903748,1.6833332777023315,0.6833333373069763,0.3563001751899719,0.6655817627906799,0.035862017422914505,0.5178360342979431,atlas_het__node_classification__graphatlas_c_beta_0.5__split0__seed0__4d65da602ea0,4d65da602ea0,975d6eec98ed54f0
node_classification,accuracy,0.9128919839859009,0.7340425252914429,0.8989899158477783,,,,,,,,,,,,0.9128919860627178,0.12927332520484924,0.875,0.9128919839859009,0.9126774481594867,0.9136657110024878,0.0313107930123806,0.869373460977346,0.21273218095302582,0.9145848274762929,0.7340425531914894,0.43909868597984314,0.7241379310344828,0.7340425252914429,0.734576420305171,0.7334556724573852,0.18442001938819885,0.6009861981282502,1.2181029319763184,0.733789177517503,0.898989898989899,0.17848420143127441,0.8709677419354839,0.8989899158477783,0.8988306693644533,0.8985817538114929,0.08875921368598938,0.8486196319018405,0.3821689784526825,0.8991188769414576,,,,0.9166666865348816,0.8888888955116272,0.11711344427053988,0.545816733067729,0.2029906064271927,7.585135364251983e-08,5.299945016190577e-08,8.58306884765625e-06,3.814697265625e-06,0.0,0.0,0.0,0.0,0.8989899158477783,,,,,,,,,0.1764848828315735,0.121186263859272,0.0,0.05529862642288208,0.25730153918266296,0.1960625946521759,0.6123892068862915,1.1606772432060097e-06,0.5297064781188965,2.7653756141662598,1.332674264907837,atlas_het,graphatlas_c_beta_0.5,graphatlas_certified,ov0.10_cross0.15,,certificate,0.5,full,none,False,dot,0,50,75,0,75,0.7340425252914429,64834,480,6540,0,15.68523359298706,cpu,0,0.9618808031082153,0.05932868272066116,0.627947986125946,1.0,0.03811927139759064,0.0,0.984570324420929,1.7434251308441162,0.05551445856690407,0.14216354489326477,0.00012128429807489738,0.7434250712394714,0.003600850934162736,0.361761212348938,1.7434251308441162,0.7434250712394714,0.025976181030273438,0.37070828676223755,2.5364278144479613e-07,0.020515168085694313,0.03811927139759064,0.344983845949173,0.5782365202903748,1.6833332777023315,0.6833333373069763,0.3563001751899719,0.6655817627906799,0.035862017422914505,0.5178360342979431,atlas_het__node_classification__graphatlas_c_beta_0.5__split0__seed0__1362da094af3,1362da094af3,975d6eec98ed54f0
node_classification,accuracy,0.9128919839859009,0.7340425252914429,0.8989899158477783,,,,,,,,,,,,0.9128919860627178,0.12927332520484924,0.875,0.9128919839859009,0.9126774481594867,0.9136657110024878,0.0313107930123806,0.869373460977346,0.21273218095302582,0.9145848274762929,0.7340425531914894,0.43909868597984314,0.7241379310344828,0.7340425252914429,0.734576420305171,0.7334556724573852,0.18442001938819885,0.6009861981282502,1.2181029319763184,0.733789177517503,0.898989898989899,0.17848420143127441,0.8709677419354839,0.8989899158477783,0.8988306693644533,0.8985817538114929,0.08875921368598938,0.8486196319018405,0.3821689784526825,0.8991188769414576,,,,0.9166666865348816,0.8888888955116272,0.11711344427053988,0.545816733067729,0.2029906064271927,7.585135364251983e-08,5.299945016190577e-08,8.58306884765625e-06,3.814697265625e-06,0.0,0.0,0.0,0.0,0.8989899158477783,,,,,,,,,0.1764848828315735,0.121186263859272,0.0,0.05529862642288208,0.25730153918266296,0.1960625946521759,0.6123892068862915,1.1606772432060097e-06,0.5297064781188965,2.7653756141662598,1.332674264907837,atlas_het,graphatlas_c_beta_0.5,graphatlas_certified,ov0.10_cross0.30,,certificate,0.5,full,none,False,dot,0,50,75,0,75,0.7340425252914429,64834,480,6540,0,15.420552253723145,cpu,0,0.9618808031082153,0.05932868272066116,0.627947986125946,1.0,0.03811927139759064,0.0,0.984570324420929,1.7434251308441162,0.05551445856690407,0.14216354489326477,0.00012128429807489738,0.7434250712394714,0.003600850934162736,0.361761212348938,1.7434251308441162,0.7434250712394714,0.025976181030273438,0.37070828676223755,2.5364278144479613e-07,0.020515168085694313,0.03811927139759064,0.344983845949173,0.5782365202903748,1.6833332777023315,0.6833333373069763,0.3563001751899719,0.6655817627906799,0.035862017422914505,0.5178360342979431,atlas_het__node_classification__graphatlas_c_beta_0.5__split0__seed0__847f50d30699,847f50d30699,975d6eec98ed54f0
node_classification,accuracy,0.888501763343811,0.8315789699554443,0.8265306353569031,,,,,,,,,,,,0.8885017421602788,0.14668864011764526,0.8390804597701149,0.888501763343811,0.8880508727538393,0.8874999891368991,0.03570465371012688,0.8329375740304171,0.23452335596084595,0.8860874593206448,0.8315789473684211,0.29041028022766113,0.7931034482758621,0.8315789699554443,0.8321718246071502,0.8300501758128878,0.14212973415851593,0.7472126076834973,0.5584532618522644,0.8300243817485198,0.826530612244898,0.25705376267433167,0.7272727272727273,0.8265306353569031,0.825141006707827,0.8237721592560302,0.08901752531528473,0.7424610900812127,0.6043090224266052,0.824963924963925,,,,0.8292682766914368,0.8245614171028137,-0.0330947962351706,0.5314285714285715,0.17521364986896515,8.878055268723983e-08,7.891454600894576e-08,7.62939453125e-06,1.1444091796875e-05,0.0,0.0,0.0,0.0,0.8265306353569031,,,,,,,,,0.07501568645238876,0.05532972142100334,0.0,0.01968596689403057,0.12736696004867554,0.10116185247898102,0.26205119490623474,1.8084945622831583e-05,0.5808121562004089,2.379427671432495,0.7718877792358398,atlas_het,graphatlas_c_beta_0.5,graphatlas_certified,ov0.10_cross0.00,,certificate,0.5,full,none,False,dot,1,50,75,0,75,0.8315789699554443,64834,480,6456,0,15.40766954421997,cpu,0,0.9622736573219299,0.0433616004884243,0.5652726888656616,1.0,0.037726376205682755,0.0,0.9951704740524292,1.4183704853057861,0.052080027759075165,0.08104386180639267,2.912253148679156e-05,0.4183705151081085,0.0016956459730863571,0.19085058569908142,1.4183704853057861,0.4183705151081085,0.05055737495422363,0.28697139024734497,2.5425529770473076e-07,0.009605294093489647,0.03772639110684395,0.2102334201335907,0.7525299191474915,1.3562500476837158,0.35624998807907104,0.19243422150611877,0.6466640830039978,0.01683228090405464,0.7812620997428894,atlas_het__node_classification__graphatlas_c_beta_0.5__split0__seed1__f08fc3de63c3,f08fc3de63c3,975d6eec98ed54f0
node_classification,accuracy,0.888501763343811,0.8315789699554443,0.8265306353569031,,,,,,,,,,,,0.8885017421602788,0.14668864011764526,0.8390804597701149,0.888501763343811,0.8880508727538393,0.8874999891368991,0.03570465371012688,0.8329375740304171,0.23452335596084595,0.8860874593206448,0.8315789473684211,0.29041028022766113,0.7931034482758621,0.8315789699554443,0.8321718246071502,0.8300501758128878,0.14212973415851593,0.7472126076834973,0.5584532618522644,0.8300243817485198,0.826530612244898,0.25705376267433167,0.7272727272727273,0.8265306353569031,0.825141006707827,0.8237721592560302,0.08901752531528473,0.7424610900812127,0.6043090224266052,0.824963924963925,,,,0.8292682766914368,0.8245614171028137,-0.0330947962351706,0.5314285714285715,0.17521364986896515,8.878055268723983e-08,7.891454600894576e-08,7.62939453125e-06,1.1444091796875e-05,0.0,0.0,0.0,0.0,0.8265306353569031,,,,,,,,,0.07501568645238876,0.05532972142100334,0.0,0.01968596689403057,0.12736696004867554,0.10116185247898102,0.26205119490623474,1.8084945622831583e-05,0.5808121562004089,2.379427671432495,0.7718877792358398,atlas_het,graphatlas_c_beta_0.5,graphatlas_certified,ov0.10_cross0.15,,certificate,0.5,full,none,False,dot,1,50,75,0,75,0.8315789699554443,64834,480,6456,0,15.60392951965332,cpu,0,0.9622736573219299,0.0433616004884243,0.5652726888656616,1.0,0.037726376205682755,0.0,0.9951704740524292,1.4183704853057861,0.052080027759075165,0.08104386180639267,2.912253148679156e-05,0.4183705151081085,0.0016956459730863571,0.19085058569908142,1.4183704853057861,0.4183705151081085,0.05055737495422363,0.28697139024734497,2.5425529770473076e-07,0.009605294093489647,0.03772639110684395,0.2102334201335907,0.7525299191474915,1.3562500476837158,0.35624998807907104,0.19243422150611877,0.6466640830039978,0.01683228090405464,0.7812620997428894,atlas_het__node_classification__graphatlas_c_beta_0.5__split0__seed1__970e72b0bd48,970e72b0bd48,975d6eec98ed54f0
node_classification,accuracy,0.888501763343811,0.8315789699554443,0.8265306353569031,,,,,,,,,,,,0.8885017421602788,0.14668864011764526,0.8390804597701149,0.888501763343811,0.8880508727538393,0.8874999891368991,0.03570465371012688,0.8329375740304171,0.23452335596084595,0.8860874593206448,0.8315789473684211,0.29041028022766113,0.7931034482758621,0.8315789699554443,0.8321718246071502,0.8300501758128878,0.14212973415851593,0.7472126076834973,0.5584532618522644,0.8300243817485198,0.826530612244898,0.25705376267433167,0.7272727272727273,0.8265306353569031,0.825141006707827,0.8237721592560302,0.08901752531528473,0.7424610900812127,0.6043090224266052,0.824963924963925,,,,0.8292682766914368,0.8245614171028137,-0.0330947962351706,0.5314285714285715,0.17521364986896515,8.878055268723983e-08,7.891454600894576e-08,7.62939453125e-06,1.1444091796875e-05,0.0,0.0,0.0,0.0,0.8265306353569031,,,,,,,,,0.07501568645238876,0.05532972142100334,0.0,0.01968596689403057,0.12736696004867554,0.10116185247898102,0.26205119490623474,1.8084945622831583e-05,0.5808121562004089,2.379427671432495,0.7718877792358398,atlas_het,graphatlas_c_beta_0.5,graphatlas_certified,ov0.10_cross0.30,,certificate,0.5,full,none,False,dot,1,50,75,0,75,0.8315789699554443,64834,480,6456,0,15.48627519607544,cpu,0,0.9622736573219299,0.0433616004884243,0.5652726888656616,1.0,0.037726376205682755,0.0,0.9951704740524292,1.4183704853057861,0.052080027759075165,0.08104386180639267,2.912253148679156e-05,0.4183705151081085,0.0016956459730863571,0.19085058569908142,1.4183704853057861,0.4183705151081085,0.05055737495422363,0.28697139024734497,2.5425529770473076e-07,0.009605294093489647,0.03772639110684395,0.2102334201335907,0.7525299191474915,1.3562500476837158,0.35624998807907104,0.19243422150611877,0.6466640830039978,0.01683228090405464,0.7812620997428894,atlas_het__node_classification__graphatlas_c_beta_0.5__split0__seed1__0bbf754a4618,0bbf754a4618,975d6eec98ed54f0
node_classification,accuracy,0.9442508816719055,0.8315789699554443,0.7244898080825806,,,,,,,,,,,,0.9442508710801394,0.09354767203330994,0.9204545454545454,0.9442508816719055,0.9443323336109565,0.9432235710868918,0.04593952000141144,0.9164309860551911,0.16170024871826172,0.94306237021519,0.8315789473684211,0.2862955927848816,0.8125,0.8315789699554443,0.8319953483137638,0.8324621842084423,0.1218961775302887,0.7478754475609318,0.9972047209739685,0.8326994590939824,0.7244897959183674,0.4007089138031006,0.6333333333333333,0.7244898080825806,0.7230158189646463,0.7213612527045363,0.15031322836875916,0.5863677030985824,0.8166767954826355,0.7202020202020202,,,,0.6904761791229248,0.75,0.024373993689214342,0.4827586206896552,0.10900954902172089,7.481676078668897e-08,7.934732337844252e-08,7.62939453125e-06,7.62939453125e-06,0.0,0.0,0.0,0.0,0.7244898080825806,,,,,,,,,0.08971460163593292,0.05594782158732414,0.0,0.03376677632331848,0.16541944444179535,0.13040590286254883,0.3501354455947876,2.5653116608737037e-07,0.48054778575897217,2.9780373573303223,2.8819820880889893,atlas_het,graphatlas_c_beta_0.5,graphatlas_certified,ov0.10_cross0.00,,certificate,0.5,full,none,False,dot,2,70,95,0,95,0.8315789699554443,64834,480,6506,0,19.38017964363098,cpu,0,0.9532880187034607,0.07800550758838654,0.12365589290857315,1.0,0.04671198129653931,0.0009627364343032241,0.9699286222457886,1.6171226501464844,0.0583963617682457,0.12244753539562225,0.0001277586998185143,0.6171226501464844,0.00346486852504313,0.33330029249191284,1.6171226501464844,0.6171226501464844,0.035864055156707764,0.7026052474975586,2.481467902271106e-07,0.01817326992750168,0.04671197012066841,0.3697645664215088,0.6479147672653198,1.5833333730697632,0.5833333134651184,0.33395588397979736,0.6817445158958435,0.07799912244081497,0.5529729127883911,atlas_het__node_classification__graphatlas_c_beta_0.5__split0__seed2__dc24cb3b582f,dc24cb3b582f,975d6eec98ed54f0
node_classification,accuracy,0.9442508816719055,0.8315789699554443,0.7244898080825806,,,,,,,,,,,,0.9442508710801394,0.09354767203330994,0.9204545454545454,0.9442508816719055,0.9443323336109565,0.9432235710868918,0.04593952000141144,0.9164309860551911,0.16170024871826172,0.94306237021519,0.8315789473684211,0.2862955927848816,0.8125,0.8315789699554443,0.8319953483137638,0.8324621842084423,0.1218961775302887,0.7478754475609318,0.9972047209739685,0.8326994590939824,0.7244897959183674,0.4007089138031006,0.6333333333333333,0.7244898080825806,0.7230158189646463,0.7213612527045363,0.15031322836875916,0.5863677030985824,0.8166767954826355,0.7202020202020202,,,,0.6904761791229248,0.75,0.024373993689214342,0.4827586206896552,0.10900954902172089,7.481676078668897e-08,7.934732337844252e-08,7.62939453125e-06,7.62939453125e-06,0.0,0.0,0.0,0.0,0.7244898080825806,,,,,,,,,0.08971460163593292,0.05594782158732414,0.0,0.03376677632331848,0.16541944444179535,0.13040590286254883,0.3501354455947876,2.5653116608737037e-07,0.48054778575897217,2.9780373573303223,2.8819820880889893,atlas_het,graphatlas_c_beta_0.5,graphatlas_certified,ov0.10_cross0.15,,certificate,0.5,full,none,False,dot,2,70,95,0,95,0.8315789699554443,64834,480,6506,0,19.544581413269043,cpu,0,0.9532880187034607,0.07800550758838654,0.12365589290857315,1.0,0.04671198129653931,0.0009627364343032241,0.9699286222457886,1.6171226501464844,0.0583963617682457,0.12244753539562225,0.0001277586998185143,0.6171226501464844,0.00346486852504313,0.33330029249191284,1.6171226501464844,0.6171226501464844,0.035864055156707764,0.7026052474975586,2.481467902271106e-07,0.01817326992750168,0.04671197012066841,0.3697645664215088,0.6479147672653198,1.5833333730697632,0.5833333134651184,0.33395588397979736,0.6817445158958435,0.07799912244081497,0.5529729127883911,atlas_het__node_classification__graphatlas_c_beta_0.5__split0__seed2__5e5ea1551b70,5e5ea1551b70,975d6eec98ed54f0
node_classification,accuracy,0.9442508816719055,0.8315789699554443,0.7244898080825806,,,,,,,,,,,,0.9442508710801394,0.09354767203330994,0.9204545454545454,0.9442508816719055,0.9443323336109565,0.9432235710868918,0.04593952000141144,0.9164309860551911,0.16170024871826172,0.94306237021519,0.8315789473684211,0.2862955927848816,0.8125,0.8315789699554443,0.8319953483137638,0.8324621842084423,0.1218961775302887,0.7478754475609318,0.9972047209739685,0.8326994590939824,0.7244897959183674,0.4007089138031006,0.6333333333333333,0.7244898080825806,0.7230158189646463,0.7213612527045363,0.15031322836875916,0.5863677030985824,0.8166767954826355,0.7202020202020202,,,,0.6904761791229248,0.75,0.024373993689214342,0.4827586206896552,0.10900954902172089,7.481676078668897e-08,7.934732337844252e-08,7.62939453125e-06,7.62939453125e-06,0.0,0.0,0.0,0.0,0.7244898080825806,,,,,,,,,0.08971460163593292,0.05594782158732414,0.0,0.03376677632331848,0.16541944444179535,0.13040590286254883,0.3501354455947876,2.5653116608737037e-07,0.48054778575897217,2.9780373573303223,2.8819820880889893,atlas_het,graphatlas_c_beta_0.5,graphatlas_certified,ov0.10_cross0.30,,certificate,0.5,full,none,False,dot,2,70,95,0,95,0.8315789699554443,64834,480,6506,0,19.9448721408844,cpu,0,0.9532880187034607,0.07800550758838654,0.12365589290857315,1.0,0.04671198129653931,0.0009627364343032241,0.9699286222457886,1.6171226501464844,0.0583963617682457,0.12244753539562225,0.0001277586998185143,0.6171226501464844,0.00346486852504313,0.33330029249191284,1.6171226501464844,0.6171226501464844,0.035864055156707764,0.7026052474975586,2.481467902271106e-07,0.01817326992750168,0.04671197012066841,0.3697645664215088,0.6479147672653198,1.5833333730697632,0.5833333134651184,0.33395588397979736,0.6817445158958435,0.07799912244081497,0.5529729127883911,atlas_het__node_classification__graphatlas_c_beta_0.5__split0__seed2__9e2938cc689f,9e2938cc689f,975d6eec98ed54f0
node_classification,accuracy,0.895470380783081,0.800000011920929,0.704081654548645,,,,,,,,,,,,0.8954703832752613,0.14040963351726532,0.8554216867469879,0.895470380783081,0.8954633907992601,0.8953155118251868,0.04118013009428978,0.8427381418445028,0.22401542961597443,0.8929836995038979,0.8,0.33136996626853943,0.6764705882352942,0.800000011920929,0.7983118117605769,0.7997777160322311,0.1031460091471672,0.7086857599071679,0.834559977054596,0.8086419753086419,0.7040816326530612,0.4799196720123291,0.5862068965517241,0.704081654548645,0.7040486907864306,0.6996941219826792,0.18383671343326569,0.5567522567302866,1.3516758680343628,0.697923307253936,,,,0.6896551847457886,0.7101449370384216,0.040207613252607445,0.3927765237020316,0.22044356167316437,8.144255048136984e-08,5.780212575245969e-08,9.5367431640625e-06,7.62939453125e-06,0.0,0.0,0.0,0.0,0.704081654548645,,,,,,,,,0.058258987963199615,0.02177557535469532,0.0,0.036483414471149445,0.2504740357398987,0.20972082018852234,0.40753212571144104,0.0,0.6806768774986267,1.9002912044525146,1.1175891160964966,atlas_het,graphatlas_c_beta_0.5,graphatlas_certified,ov0.10_cross0.00,,certificate,0.5,full,none,False,dot,3,40,65,0,65,0.800000011920929,64834,480,6486,0,13.362295866012573,cpu,0,0.8974677920341492,0.12368343025445938,0.4029577970504761,1.0,0.10253220051527023,0.0,0.8805961608886719,1.5958988666534424,0.1447521448135376,0.313138872385025,0.0005042211269028485,0.5958988666534424,0.008407089859247208,0.3277115523815155,1.5958988666534424,0.5958988666534424,0.1263546347618103,0.5668538808822632,2.296838914617183e-07,0.047433335334062576,0.10253221541643143,0.3355514407157898,0.7129715085029602,1.5458333492279053,0.5458333492279053,0.32781901955604553,0.6889828443527222,0.0038555983919650316,0.54499351978302,atlas_het__node_classification__graphatlas_c_beta_0.5__split0__seed3__0221c1da83b1,0221c1da83b1,975d6eec98ed54f0
node_classification,accuracy,0.895470380783081,0.800000011920929,0.704081654548645,,,,,,,,,,,,0.8954703832752613,0.14040963351726532,0.8554216867469879,0.895470380783081,0.8954633907992601,0.8953155118251868,0.04118013009428978,0.8427381418445028,0.22401542961597443,0.8929836995038979,0.8,0.33136996626853943,0.6764705882352942,0.800000011920929,0.7983118117605769,0.7997777160322311,0.1031460091471672,0.7086857599071679,0.834559977054596,0.8086419753086419,0.7040816326530612,0.4799196720123291,0.5862068965517241,0.704081654548645,0.7040486907864306,0.6996941219826792,0.18383671343326569,0.5567522567302866,1.3516758680343628,0.697923307253936,,,,0.6896551847457886,0.7101449370384216,0.040207613252607445,0.3927765237020316,0.22044356167316437,8.144255048136984e-08,5.780212575245969e-08,9.5367431640625e-06,7.62939453125e-06,0.0,0.0,0.0,0.0,0.704081654548645,,,,,,,,,0.058258987963199615,0.02177557535469532,0.0,0.036483414471149445,0.2504740357398987,0.20972082018852234,0.40753212571144104,0.0,0.6806768774986267,1.9002912044525146,1.1175891160964966,atlas_het,graphatlas_c_beta_0.5,graphatlas_certified,ov0.10_cross0.15,,certificate,0.5,full,none,False,dot,3,40,65,0,65,0.800000011920929,64834,480,6486,0,13.402946949005127,cpu,0,0.8974677920341492,0.12368343025445938,0.4029577970504761,1.0,0.10253220051527023,0.0,0.8805961608886719,1.5958988666534424,0.1447521448135376,0.313138872385025,0.0005042211269028485,0.5958988666534424,0.008407089859247208,0.3277115523815155,1.5958988666534424,0.5958988666534424,0.1263546347618103,0.5668538808822632,2.296838914617183e-07,0.047433335334062576,0.10253221541643143,0.3355514407157898,0.7129715085029602,1.5458333492279053,0.5458333492279053,0.32781901955604553,0.6889828443527222,0.0038555983919650316,0.54499351978302,atlas_het__node_classification__graphatlas_c_beta_0.5__split0__seed3__bd405ce240e1,bd405ce240e1,975d6eec98ed54f0
node_classification,accuracy,0.895470380783081,0.800000011920929,0.704081654548645,,,,,,,,,,,,0.8954703832752613,0.14040963351726532,0.8554216867469879,0.895470380783081,0.8954633907992601,0.8953155118251868,0.04118013009428978,0.8427381418445028,0.22401542961597443,0.8929836995038979,0.8,0.33136996626853943,0.6764705882352942,0.800000011920929,0.7983118117605769,0.7997777160322311,0.1031460091471672,0.7086857599071679,0.834559977054596,0.8086419753086419,0.7040816326530612,0.4799196720123291,0.5862068965517241,0.704081654548645,0.7040486907864306,0.6996941219826792,0.18383671343326569,0.5567522567302866,1.3516758680343628,0.697923307253936,,,,0.6896551847457886,0.7101449370384216,0.040207613252607445,0.3927765237020316,0.22044356167316437,8.144255048136984e-08,5.780212575245969e-08,9.5367431640625e-06,7.62939453125e-06,0.0,0.0,0.0,0.0,0.704081654548645,,,,,,,,,0.058258987963199615,0.02177557535469532,0.0,0.036483414471149445,0.2504740357398987,0.20972082018852234,0.40753212571144104,0.0,0.6806768774986267,1.9002912044525146,1.1175891160964966,atlas_het,graphatlas_c_beta_0.5,graphatlas_certified,ov0.10_cross0.30,,certificate,0.5,full,none,False,dot,3,40,65,0,65,0.800000011920929,64834,480,6486,0,13.683982133865356,cpu,0,0.8974677920341492,0.12368343025445938,0.4029577970504761,1.0,0.10253220051527023,0.0,0.8805961608886719,1.5958988666534424,0.1447521448135376,0.313138872385025,0.0005042211269028485,0.5958988666534424,0.008407089859247208,0.3277115523815155,1.5958988666534424,0.5958988666534424,0.1263546347618103,0.5668538808822632,2.296838914617183e-07,0.047433335334062576,0.10253221541643143,0.3355514407157898,0.7129715085029602,1.5458333492279053,0.5458333492279053,0.32781901955604553,0.6889828443527222,0.0038555983919650316,0.54499351978302,atlas_het__node_classification__graphatlas_c_beta_0.5__split0__seed3__c4666e9b3c7e,c4666e9b3c7e,975d6eec98ed54f0
node_classification,accuracy,0.9756097793579102,0.8315789699554443,0.8061224222183228,,,,,,,,,,,,0.975609756097561,0.03626851737499237,0.9529411764705882,0.9756097793579102,0.9757098288072285,0.9754886823906679,0.025006715208292007,0.9635979999043105,0.06640586256980896,0.9743790849673202,0.8315789473684211,0.2694249451160431,0.7857142857142857,0.8315789699554443,0.8310609345338076,0.8311469733207709,0.10853233933448792,0.7483340448961547,0.8560581207275391,0.8296409472880061,0.8061224489795918,0.31746530532836914,0.7941176470588235,0.8061224222183228,0.8063079777365493,0.8060606060606061,0.14421992003917694,0.7091422805405623,0.9387946724891663,0.8058823529411764,,,,0.8529411554336548,0.78125,0.14665509215660855,0.5398230088495575,0.1273597776889801,5.744397313378613e-08,5.764118071738267e-08,5.7220458984375e-06,7.62939453125e-06,0.0,0.0,0.0,0.0,0.8061224222183228,,,,,,,,,0.06362220644950867,0.03815225511789322,0.0,0.0254699494689703,0.12710711359977722,0.11044171452522278,0.16665413975715637,2.624925554695068e-10,0.5941144824028015,2.373929023742676,1.5732836723327637,atlas_het,graphatlas_c_beta_0.5,graphatlas_certified,ov0.10_cross0.00,,certificate,0.5,full,none,False,dot,4,85,110,0,110,0.8315789699554443,64834,480,6552,0,22.59634780883789,cpu,0,0.9570971131324768,0.05413924902677536,0.5869665145874023,1.0,0.042902883142232895,0.0,0.9930214285850525,1.6137057542800903,0.06551876664161682,0.13315698504447937,8.568834891775623e-05,0.6137057542800903,0.003414433216676116,0.3066272437572479,1.6137057542800903,0.6137057542800903,0.04370689392089844,0.3563181161880493,2.3567328355511563e-07,0.021168453618884087,0.04290290176868439,0.3499637246131897,0.6119759678840637,1.5770833492279053,0.5770833492279053,0.30712634325027466,0.6460922956466675,0.09759608656167984,0.5649004578590393,atlas_het__node_classification__graphatlas_c_beta_0.5__split0__seed4__5cb341791e61,5cb341791e61,975d6eec98ed54f0
node_classification,accuracy,0.9756097793579102,0.8315789699554443,0.8061224222183228,,,,,,,,,,,,0.975609756097561,0.03626851737499237,0.9529411764705882,0.9756097793579102,0.9757098288072285,0.9754886823906679,0.025006715208292007,0.9635979999043105,0.06640586256980896,0.9743790849673202,0.8315789473684211,0.2694249451160431,0.7857142857142857,0.8315789699554443,0.8310609345338076,0.8311469733207709,0.10853233933448792,0.7483340448961547,0.8560581207275391,0.8296409472880061,0.8061224489795918,0.31746530532836914,0.7941176470588235,0.8061224222183228,0.8063079777365493,0.8060606060606061,0.14421992003917694,0.7091422805405623,0.9387946724891663,0.8058823529411764,,,,0.8529411554336548,0.78125,0.14665509215660855,0.5398230088495575,0.1273597776889801,5.744397313378613e-08,5.764118071738267e-08,5.7220458984375e-06,7.62939453125e-06,0.0,0.0,0.0,0.0,0.8061224222183228,,,,,,,,,0.06362220644950867,0.03815225511789322,0.0,0.0254699494689703,0.12710711359977722,0.11044171452522278,0.16665413975715637,2.624925554695068e-10,0.5941144824028015,2.373929023742676,1.5732836723327637,atlas_het,graphatlas_c_beta_0.5,graphatlas_certified,ov0.10_cross0.15,,certificate,0.5,full,none,False,dot,4,85,110,0,110,0.8315789699554443,64834,480,6552,0,22.327964305877686,cpu,0,0.9570971131324768,0.05413924902677536,0.5869665145874023,1.0,0.042902883142232895,0.0,0.9930214285850525,1.6137057542800903,0.06551876664161682,0.13315698504447937,8.568834891775623e-05,0.6137057542800903,0.003414433216676116,0.3066272437572479,1.6137057542800903,0.6137057542800903,0.04370689392089844,0.3563181161880493,2.3567328355511563e-07,0.021168453618884087,0.04290290176868439,0.3499637246131897,0.6119759678840637,1.5770833492279053,0.5770833492279053,0.30712634325027466,0.6460922956466675,0.09759608656167984,0.5649004578590393,atlas_het__node_classification__graphatlas_c_beta_0.5__split0__seed4__19150ea447e6,19150ea447e6,975d6eec98ed54f0
node_classification,accuracy,0.9756097793579102,0.8315789699554443,0.8061224222183228,,,,,,,,,,,,0.975609756097561,0.03626851737499237,0.9529411764705882,0.9756097793579102,0.9757098288072285,0.9754886823906679,0.025006715208292007,0.9635979999043105,0.06640586256980896,0.9743790849673202,0.8315789473684211,0.2694249451160431,0.7857142857142857,0.8315789699554443,0.8310609345338076,0.8311469733207709,0.10853233933448792,0.7483340448961547,0.8560581207275391,0.8296409472880061,0.8061224489795918,0.31746530532836914,0.7941176470588235,0.8061224222183228,0.8063079777365493,0.8060606060606061,0.14421992003917694,0.7091422805405623,0.9387946724891663,0.8058823529411764,,,,0.8529411554336548,0.78125,0.14665509215660855,0.5398230088495575,0.1273597776889801,5.744397313378613e-08,5.764118071738267e-08,5.7220458984375e-06,7.62939453125e-06,0.0,0.0,0.0,0.0,0.8061224222183228,,,,,,,,,0.06362220644950867,0.03815225511789322,0.0,0.0254699494689703,0.12710711359977722,0.11044171452522278,0.16665413975715637,2.624925554695068e-10,0.5941144824028015,2.373929023742676,1.5732836723327637,atlas_het,graphatlas_c_beta_0.5,graphatlas_certified,ov0.10_cross0.30,,certificate,0.5,full,none,False,dot,4,85,110,0,110,0.8315789699554443,64834,480,6552,0,22.675386905670166,cpu,0,0.9570971131324768,0.05413924902677536,0.5869665145874023,1.0,0.042902883142232895,0.0,0.9930214285850525,1.6137057542800903,0.06551876664161682,0.13315698504447937,8.568834891775623e-05,0.6137057542800903,0.003414433216676116,0.3066272437572479,1.6137057542800903,0.6137057542800903,0.04370689392089844,0.3563181161880493,2.3567328355511563e-07,0.021168453618884087,0.04290290176868439,0.3499637246131897,0.6119759678840637,1.5770833492279053,0.5770833492279053,0.30712634325027466,0.6460922956466675,0.09759608656167984,0.5649004578590393,atlas_het__node_classification__graphatlas_c_beta_0.5__split0__seed4__296cebf3924b,296cebf3924b,975d6eec98ed54f0
node_classification,accuracy,0.9128919839859009,0.7553191781044006,0.8989899158477783,,,,,,,,,,,,0.9128919860627178,0.13163553178310394,0.8846153846153846,0.9128919839859009,0.9127765325396949,0.9135749169899814,0.030448317527770996,0.86925445453274,0.21669405698776245,0.914243856390641,0.7553191489361702,0.43042734265327454,0.7352941176470589,0.7553191781044006,0.7557486325159627,0.7553926360377973,0.19062939286231995,0.6343537781915982,1.1749833822250366,0.7567776832646297,0.898989898989899,0.18269012868404388,0.8709677419354839,0.8989899158477783,0.8988306693644533,0.8985817538114929,0.0758884847164154,0.8486196319018405,0.38475337624549866,0.8991188769414576,,,,0.9166666865348816,0.8888888955116272,0.1231596942920175,0.5626204238921002,0.2071196734905243,7.330604034905264e-08,5.94432485456764e-08,4.76837158203125e-06,3.814697265625e-06,0.0,0.0,0.0,0.0,0.8989899158477783,,,,,,,,,0.17538174986839294,0.12020926922559738,0.0,0.05517248064279556,0.2534748911857605,0.19214744865894318,0.6132745742797852,1.496273966949957e-06,0.5324808955192566,2.766631841659546,1.3933022022247314,atlas_het,graphatlas_c_beta_1,graphatlas_certified,ov0.10_cross0.00,,certificate,1.0,full,none,False,dot,0,50,75,0,75,0.7553191781044006,64834,480,6540,0,15.780659675598145,cpu,0,0.962411105632782,0.05864306539297104,0.6376705765724182,1.0,0.03758889436721802,0.0,0.9850552678108215,1.7587156295776367,0.05513390898704529,0.137766033411026,0.0005021774559281766,0.7587155699729919,0.0075716678984463215,0.38244983553886414,1.7587156295776367,0.7587155699729919,0.026703953742980957,0.3611941933631897,2.510698777768994e-07,0.020922305062413216,0.03758889064192772,0.35589730739593506,0.5809378027915955,1.71875,0.71875,0.3762596845626831,0.6675931215286255,0.042518842965364456,0.5134512186050415,atlas_het__node_classification__graphatlas_c_beta_1__split0__seed0__0575f5061b94,0575f5061b94,975d6eec98ed54f0
node_classification,accuracy,0.9128919839859009,0.7553191781044006,0.8989899158477783,,,,,,,,,,,,0.9128919860627178,0.13163553178310394,0.8846153846153846,0.9128919839859009,0.9127765325396949,0.9135749169899814,0.030448317527770996,0.86925445453274,0.21669405698776245,0.914243856390641,0.7553191489361702,0.43042734265327454,0.7352941176470589,0.7553191781044006,0.7557486325159627,0.7553926360377973,0.19062939286231995,0.6343537781915982,1.1749833822250366,0.7567776832646297,0.898989898989899,0.18269012868404388,0.8709677419354839,0.8989899158477783,0.8988306693644533,0.8985817538114929,0.0758884847164154,0.8486196319018405,0.38475337624549866,0.8991188769414576,,,,0.9166666865348816,0.8888888955116272,0.1231596942920175,0.5626204238921002,0.2071196734905243,7.330604034905264e-08,5.94432485456764e-08,4.76837158203125e-06,3.814697265625e-06,0.0,0.0,0.0,0.0,0.8989899158477783,,,,,,,,,0.17538174986839294,0.12020926922559738,0.0,0.05517248064279556,0.2534748911857605,0.19214744865894318,0.6132745742797852,1.496273966949957e-06,0.5324808955192566,2.766631841659546,1.3933022022247314,atlas_het,graphatlas_c_beta_1,graphatlas_certified,ov0.10_cross0.15,,certificate,1.0,full,none,False,dot,0,50,75,0,75,0.7553191781044006,64834,480,6540,0,15.399808883666992,cpu,0,0.962411105632782,0.05864306539297104,0.6376705765724182,1.0,0.03758889436721802,0.0,0.9850552678108215,1.7587156295776367,0.05513390898704529,0.137766033411026,0.0005021774559281766,0.7587155699729919,0.0075716678984463215,0.38244983553886414,1.7587156295776367,0.7587155699729919,0.026703953742980957,0.3611941933631897,2.510698777768994e-07,0.020922305062413216,0.03758889064192772,0.35589730739593506,0.5809378027915955,1.71875,0.71875,0.3762596845626831,0.6675931215286255,0.042518842965364456,0.5134512186050415,atlas_het__node_classification__graphatlas_c_beta_1__split0__seed0__7e380121c5f1,7e380121c5f1,975d6eec98ed54f0
node_classification,accuracy,0.9128919839859009,0.7553191781044006,0.8989899158477783,,,,,,,,,,,,0.9128919860627178,0.13163553178310394,0.8846153846153846,0.9128919839859009,0.9127765325396949,0.9135749169899814,0.030448317527770996,0.86925445453274,0.21669405698776245,0.914243856390641,0.7553191489361702,0.43042734265327454,0.7352941176470589,0.7553191781044006,0.7557486325159627,0.7553926360377973,0.19062939286231995,0.6343537781915982,1.1749833822250366,0.7567776832646297,0.898989898989899,0.18269012868404388,0.8709677419354839,0.8989899158477783,0.8988306693644533,0.8985817538114929,0.0758884847164154,0.8486196319018405,0.38475337624549866,0.8991188769414576,,,,0.9166666865348816,0.8888888955116272,0.1231596942920175,0.5626204238921002,0.2071196734905243,7.330604034905264e-08,5.94432485456764e-08,4.76837158203125e-06,3.814697265625e-06,0.0,0.0,0.0,0.0,0.8989899158477783,,,,,,,,,0.17538174986839294,0.12020926922559738,0.0,0.05517248064279556,0.2534748911857605,0.19214744865894318,0.6132745742797852,1.496273966949957e-06,0.5324808955192566,2.766631841659546,1.3933022022247314,atlas_het,graphatlas_c_beta_1,graphatlas_certified,ov0.10_cross0.30,,certificate,1.0,full,none,False,dot,0,50,75,0,75,0.7553191781044006,64834,480,6540,0,15.597304344177246,cpu,0,0.962411105632782,0.05864306539297104,0.6376705765724182,1.0,0.03758889436721802,0.0,0.9850552678108215,1.7587156295776367,0.05513390898704529,0.137766033411026,0.0005021774559281766,0.7587155699729919,0.0075716678984463215,0.38244983553886414,1.7587156295776367,0.7587155699729919,0.026703953742980957,0.3611941933631897,2.510698777768994e-07,0.020922305062413216,0.03758889064192772,0.35589730739593506,0.5809378027915955,1.71875,0.71875,0.3762596845626831,0.6675931215286255,0.042518842965364456,0.5134512186050415,atlas_het__node_classification__graphatlas_c_beta_1__split0__seed0__5ddf213e4d63,5ddf213e4d63,975d6eec98ed54f0
node_classification,accuracy,0.895470380783081,0.8315789699554443,0.8163265585899353,,,,,,,,,,,,0.8954703832752613,0.1318860948085785,0.8620689655172413,0.895470380783081,0.8952865191463985,0.8943124635907435,0.044083982706069946,0.8428707604127654,0.2141091525554657,0.8938169679036868,0.8315789473684211,0.29754993319511414,0.8181818181818182,0.8315789699554443,0.8331895312050618,0.8313186509907822,0.13352897763252258,0.7485439441782563,0.6783283352851868,0.8314176245210728,0.8163265306122449,0.2640359699726105,0.696969696969697,0.8163265585899353,0.814781676217285,0.8133625250866631,0.11050988733768463,0.7295179549906766,0.6384133100509644,0.814862914862915,,,,0.8292682766914368,0.8070175647735596,-0.03312311809597821,0.5517241379310345,0.18932367861270905,9.843103754292315e-08,8.390811956360267e-08,1.52587890625e-05,5.7220458984375e-06,0.0,0.0,0.0,0.0,0.8163265585899353,,,,,,,,,0.0731680616736412,0.05274195596575737,0.0,0.020426105707883835,0.11918620765209198,0.0954926460981369,0.23693564534187317,1.9524752133293077e-05,0.5818737745285034,2.3704957962036133,0.7419161200523376,atlas_het,graphatlas_c_beta_1,graphatlas_certified,ov0.10_cross0.00,,certificate,1.0,full,none,False,dot,1,50,75,0,75,0.8315789699554443,64834,480,6456,0,15.601919412612915,cpu,0,0.9608392119407654,0.04555562138557434,0.480132132768631,1.0,0.03916075825691223,0.0,0.9951723217964172,1.4076827764511108,0.05741134285926819,0.08668684959411621,0.00013663602294400334,0.40768277645111084,0.003692484460771084,0.18781907856464386,1.4076827764511108,0.40768277645111084,0.058604300022125244,0.24183422327041626,2.3780765445735597e-07,0.010433531366288662,0.03916076943278313,0.20780764520168304,0.7697749137878418,1.3520833253860474,0.35208332538604736,0.1896604597568512,0.6470888257026672,0.012954880483448505,0.779316246509552,atlas_het__node_classification__graphatlas_c_beta_1__split0__seed1__aad011d85815,aad011d85815,975d6eec98ed54f0
node_classification,accuracy,0.895470380783081,0.8315789699554443,0.8163265585899353,,,,,,,,,,,,0.8954703832752613,0.1318860948085785,0.8620689655172413,0.895470380783081,0.8952865191463985,0.8943124635907435,0.044083982706069946,0.8428707604127654,0.2141091525554657,0.8938169679036868,0.8315789473684211,0.29754993319511414,0.8181818181818182,0.8315789699554443,0.8331895312050618,0.8313186509907822,0.13352897763252258,0.7485439441782563,0.6783283352851868,0.8314176245210728,0.8163265306122449,0.2640359699726105,0.696969696969697,0.8163265585899353,0.814781676217285,0.8133625250866631,0.11050988733768463,0.7295179549906766,0.6384133100509644,0.814862914862915,,,,0.8292682766914368,0.8070175647735596,-0.03312311809597821,0.5517241379310345,0.18932367861270905,9.843103754292315e-08,8.390811956360267e-08,1.52587890625e-05,5.7220458984375e-06,0.0,0.0,0.0,0.0,0.8163265585899353,,,,,,,,,0.0731680616736412,0.05274195596575737,0.0,0.020426105707883835,0.11918620765209198,0.0954926460981369,0.23693564534187317,1.9524752133293077e-05,0.5818737745285034,2.3704957962036133,0.7419161200523376,atlas_het,graphatlas_c_beta_1,graphatlas_certified,ov0.10_cross0.15,,certificate,1.0,full,none,False,dot,1,50,75,0,75,0.8315789699554443,64834,480,6456,0,15.406301021575928,cpu,0,0.9608392119407654,0.04555562138557434,0.480132132768631,1.0,0.03916075825691223,0.0,0.9951723217964172,1.4076827764511108,0.05741134285926819,0.08668684959411621,0.00013663602294400334,0.40768277645111084,0.003692484460771084,0.18781907856464386,1.4076827764511108,0.40768277645111084,0.058604300022125244,0.24183422327041626,2.3780765445735597e-07,0.010433531366288662,0.03916076943278313,0.20780764520168304,0.7697749137878418,1.3520833253860474,0.35208332538604736,0.1896604597568512,0.6470888257026672,0.012954880483448505,0.779316246509552,atlas_het__node_classification__graphatlas_c_beta_1__split0__seed1__743a89d9706d,743a89d9706d,975d6eec98ed54f0
node_classification,accuracy,0.895470380783081,0.8315789699554443,0.8163265585899353,,,,,,,,,,,,0.8954703832752613,0.1318860948085785,0.8620689655172413,0.895470380783081,0.8952865191463985,0.8943124635907435,0.044083982706069946,0.8428707604127654,0.2141091525554657,0.8938169679036868,0.8315789473684211,0.29754993319511414,0.8181818181818182,0.8315789699554443,0.8331895312050618,0.8313186509907822,0.13352897763252258,0.7485439441782563,0.6783283352851868,0.8314176245210728,0.8163265306122449,0.2640359699726105,0.696969696969697,0.8163265585899353,0.814781676217285,0.8133625250866631,0.11050988733768463,0.7295179549906766,0.6384133100509644,0.814862914862915,,,,0.8292682766914368,0.8070175647735596,-0.03312311809597821,0.5517241379310345,0.18932367861270905,9.843103754292315e-08,8.390811956360267e-08,1.52587890625e-05,5.7220458984375e-06,0.0,0.0,0.0,0.0,0.8163265585899353,,,,,,,,,0.0731680616736412,0.05274195596575737,0.0,0.020426105707883835,0.11918620765209198,0.0954926460981369,0.23693564534187317,1.9524752133293077e-05,0.5818737745285034,2.3704957962036133,0.7419161200523376,atlas_het,graphatlas_c_beta_1,graphatlas_certified,ov0.10_cross0.30,,certificate,1.0,full,none,False,dot,1,50,75,0,75,0.8315789699554443,64834,480,6456,0,15.523437738418579,cpu,0,0.9608392119407654,0.04555562138557434,0.480132132768631,1.0,0.03916075825691223,0.0,0.9951723217964172,1.4076827764511108,0.05741134285926819,0.08668684959411621,0.00013663602294400334,0.40768277645111084,0.003692484460771084,0.18781907856464386,1.4076827764511108,0.40768277645111084,0.058604300022125244,0.24183422327041626,2.3780765445735597e-07,0.010433531366288662,0.03916076943278313,0.20780764520168304,0.7697749137878418,1.3520833253860474,0.35208332538604736,0.1896604597568512,0.6470888257026672,0.012954880483448505,0.779316246509552,atlas_het__node_classification__graphatlas_c_beta_1__split0__seed1__431113e90e17,431113e90e17,975d6eec98ed54f0
node_classification,accuracy,0.9337978959083557,0.8315789699554443,0.7448979616165161,,,,,,,,,,,,0.9337979094076655,0.0886555016040802,0.8977272727272727,0.9337978959083557,0.9338710958710426,0.933988508369031,0.029047634452581406,0.9011465857739067,0.1432911604642868,0.9322186387832234,0.8315789473684211,0.28784996271133423,0.7241379310344828,0.8315789699554443,0.8302931464384393,0.8279022620571915,0.14664670825004578,0.7473304334412235,1.2861889600753784,0.8271636240703177,0.7448979591836735,0.4191727638244629,0.5666666666666667,0.7448979616165161,0.7405052930263014,0.7380103556574144,0.1860351860523224,0.6207539525510652,1.2706632614135742,0.7378066378066378,,,,0.6904761791229248,0.7857142686843872,0.07363949284008886,0.44880174291938996,0.10088161379098892,6.235517702180005e-08,7.020908299182338e-08,1.52587890625e-05,1.52587890625e-05,0.0,0.0,0.0,0.0,0.7448979616165161,,,,,,,,,0.12528011202812195,0.09015168249607086,0.0,0.03512842208147049,0.13944588601589203,0.10518132895231247,0.342645525932312,2.958009463327471e-05,0.4900529980659485,2.9780373573303223,1.359782338142395,atlas_het,graphatlas_c_beta_1,graphatlas_certified,ov0.10_cross0.00,,certificate,1.0,full,none,False,dot,2,80,105,0,105,0.8315789699554443,64834,480,6506,0,21.53406047821045,cpu,0,0.9802778959274292,0.044231247156858444,0.24855521321296692,1.0,0.019722186028957367,0.0001135073762270622,0.9926787614822388,1.612972617149353,0.01774652861058712,0.03338596224784851,4.200578041491099e-05,0.612972617149353,0.0020461820531636477,0.3336382508277893,1.612972617149353,0.612972617149353,0.013570129871368408,0.3953580856323242,2.6003795028373133e-07,0.006309343967586756,0.019722195342183113,0.38529035449028015,0.6793729066848755,1.5729166269302368,0.5729166865348816,0.33479541540145874,0.6908431649208069,0.1407177448272705,0.5390971302986145,atlas_het__node_classification__graphatlas_c_beta_1__split0__seed2__ca07352cff04,ca07352cff04,975d6eec98ed54f0
node_classification,accuracy,0.9337978959083557,0.8315789699554443,0.7448979616165161,,,,,,,,,,,,0.9337979094076655,0.0886555016040802,0.8977272727272727,0.9337978959083557,0.9338710958710426,0.933988508369031,0.029047634452581406,0.9011465857739067,0.1432911604642868,0.9322186387832234,0.8315789473684211,0.28784996271133423,0.7241379310344828,0.8315789699554443,0.8302931464384393,0.8279022620571915,0.14664670825004578,0.7473304334412235,1.2861889600753784,0.8271636240703177,0.7448979591836735,0.4191727638244629,0.5666666666666667,0.7448979616165161,0.7405052930263014,0.7380103556574144,0.1860351860523224,0.6207539525510652,1.2706632614135742,0.7378066378066378,,,,0.6904761791229248,0.7857142686843872,0.07363949284008886,0.44880174291938996,0.10088161379098892,6.235517702180005e-08,7.020908299182338e-08,1.52587890625e-05,1.52587890625e-05,0.0,0.0,0.0,0.0,0.7448979616165161,,,,,,,,,0.12528011202812195,0.09015168249607086,0.0,0.03512842208147049,0.13944588601589203,0.10518132895231247,0.342645525932312,2.958009463327471e-05,0.4900529980659485,2.9780373573303223,1.359782338142395,atlas_het,graphatlas_c_beta_1,graphatlas_certified,ov0.10_cross0.15,,certificate,1.0,full,none,False,dot,2,80,105,0,105,0.8315789699554443,64834,480,6506,0,21.418134927749634,cpu,0,0.9802778959274292,0.044231247156858444,0.24855521321296692,1.0,0.019722186028957367,0.0001135073762270622,0.9926787614822388,1.612972617149353,0.01774652861058712,0.03338596224784851,4.200578041491099e-05,0.612972617149353,0.0020461820531636477,0.3336382508277893,1.612972617149353,0.612972617149353,0.013570129871368408,0.3953580856323242,2.6003795028373133e-07,0.006309343967586756,0.019722195342183113,0.38529035449028015,0.6793729066848755,1.5729166269302368,0.5729166865348816,0.33479541540145874,0.6908431649208069,0.1407177448272705,0.5390971302986145,atlas_het__node_classification__graphatlas_c_beta_1__split0__seed2__e9fd547bbbf6,e9fd547bbbf6,975d6eec98ed54f0
node_classification,accuracy,0.9337978959083557,0.8315789699554443,0.7448979616165161,,,,,,,,,,,,0.9337979094076655,0.0886555016040802,0.8977272727272727,0.9337978959083557,0.9338710958710426,0.933988508369031,0.029047634452581406,0.9011465857739067,0.1432911604642868,0.9322186387832234,0.8315789473684211,0.28784996271133423,0.7241379310344828,0.8315789699554443,0.8302931464384393,0.8279022620571915,0.14664670825004578,0.7473304334412235,1.2861889600753784,0.8271636240703177,0.7448979591836735,0.4191727638244629,0.5666666666666667,0.7448979616165161,0.7405052930263014,0.7380103556574144,0.1860351860523224,0.6207539525510652,1.2706632614135742,0.7378066378066378,,,,0.6904761791229248,0.7857142686843872,0.07363949284008886,0.44880174291938996,0.10088161379098892,6.235517702180005e-08,7.020908299182338e-08,1.52587890625e-05,1.52587890625e-05,0.0,0.0,0.0,0.0,0.7448979616165161,,,,,,,,,0.12528011202812195,0.09015168249607086,0.0,0.03512842208147049,0.13944588601589203,0.10518132895231247,0.342645525932312,2.958009463327471e-05,0.4900529980659485,2.9780373573303223,1.359782338142395,atlas_het,graphatlas_c_beta_1,graphatlas_certified,ov0.10_cross0.30,,certificate,1.0,full,none,False,dot,2,80,105,0,105,0.8315789699554443,64834,480,6506,0,21.44960045814514,cpu,0,0.9802778959274292,0.044231247156858444,0.24855521321296692,1.0,0.019722186028957367,0.0001135073762270622,0.9926787614822388,1.612972617149353,0.01774652861058712,0.03338596224784851,4.200578041491099e-05,0.612972617149353,0.0020461820531636477,0.3336382508277893,1.612972617149353,0.612972617149353,0.013570129871368408,0.3953580856323242,2.6003795028373133e-07,0.006309343967586756,0.019722195342183113,0.38529035449028015,0.6793729066848755,1.5729166269302368,0.5729166865348816,0.33479541540145874,0.6908431649208069,0.1407177448272705,0.5390971302986145,atlas_het__node_classification__graphatlas_c_beta_1__split0__seed2__fc3897591c76,fc3897591c76,975d6eec98ed54f0
node_classification,accuracy,0.891986072063446,0.8105263113975525,0.7142857313156128,,,,,,,,,,,,0.89198606271777,0.13955141603946686,0.8554216867469879,0.891986072063446,0.8919592071419745,0.8916823282671461,0.0413847491145134,0.8375894590251858,0.22176991403102875,0.8897157256476887,0.8105263157894737,0.33346492052078247,0.6764705882352942,0.8105263113975525,0.807871987001521,0.8099882990890194,0.12139395624399185,0.7256607295150476,0.8489093780517578,0.8209876543209876,0.7142857142857143,0.47757694125175476,0.6206896551724138,0.7142857313156128,0.715621521335807,0.711919191919192,0.19790396094322205,0.5726403774554785,1.353424072265625,0.7094175601274992,,,,0.6896551847457886,0.7246376872062683,0.044137945778577416,0.4017857142857143,0.22031843662261963,9.06677470879913e-08,6.956970111104965e-08,1.1444091796875e-05,7.62939453125e-06,0.0,0.0,0.0,0.0,0.7142857313156128,,,,,,,,,0.06071239709854126,0.022895362228155136,0.0,0.037817034870386124,0.24454453587532043,0.20370250940322876,0.4084200859069824,0.0,0.6791344881057739,1.9044928550720215,1.1119716167449951,atlas_het,graphatlas_c_beta_1,graphatlas_certified,ov0.10_cross0.00,,certificate,1.0,full,none,False,dot,3,40,65,0,65,0.8105263113975525,64834,480,6486,0,13.5236234664917,cpu,0,0.9007952809333801,0.11973996460437775,0.41684776544570923,1.0,0.09920471161603928,0.0,0.8865280151367188,1.6176379919052124,0.13807813823223114,0.30162298679351807,0.0018939126748591661,0.6176379919052124,0.0163403432816267,0.3302803039550781,1.6176379919052124,0.6176379919052124,0.11665970087051392,0.555924654006958,2.338714324423563e-07,0.046709463000297546,0.09920471161603928,0.3375779688358307,0.7216569185256958,1.556249976158142,0.5562499761581421,0.33145827054977417,0.6890601515769958,0.0052340649999678135,0.5443295836448669,atlas_het__node_classification__graphatlas_c_beta_1__split0__seed3__fc7a74ee8c27,fc7a74ee8c27,975d6eec98ed54f0
node_classification,accuracy,0.891986072063446,0.8105263113975525,0.7142857313156128,,,,,,,,,,,,0.89198606271777,0.13955141603946686,0.8554216867469879,0.891986072063446,0.8919592071419745,0.8916823282671461,0.0413847491145134,0.8375894590251858,0.22176991403102875,0.8897157256476887,0.8105263157894737,0.33346492052078247,0.6764705882352942,0.8105263113975525,0.807871987001521,0.8099882990890194,0.12139395624399185,0.7256607295150476,0.8489093780517578,0.8209876543209876,0.7142857142857143,0.47757694125175476,0.6206896551724138,0.7142857313156128,0.715621521335807,0.711919191919192,0.19790396094322205,0.5726403774554785,1.353424072265625,0.7094175601274992,,,,0.6896551847457886,0.7246376872062683,0.044137945778577416,0.4017857142857143,0.22031843662261963,9.06677470879913e-08,6.956970111104965e-08,1.1444091796875e-05,7.62939453125e-06,0.0,0.0,0.0,0.0,0.7142857313156128,,,,,,,,,0.06071239709854126,0.022895362228155136,0.0,0.037817034870386124,0.24454453587532043,0.20370250940322876,0.4084200859069824,0.0,0.6791344881057739,1.9044928550720215,1.1119716167449951,atlas_het,graphatlas_c_beta_1,graphatlas_certified,ov0.10_cross0.15,,certificate,1.0,full,none,False,dot,3,40,65,0,65,0.8105263113975525,64834,480,6486,0,13.356946468353271,cpu,0,0.9007952809333801,0.11973996460437775,0.41684776544570923,1.0,0.09920471161603928,0.0,0.8865280151367188,1.6176379919052124,0.13807813823223114,0.30162298679351807,0.0018939126748591661,0.6176379919052124,0.0163403432816267,0.3302803039550781,1.6176379919052124,0.6176379919052124,0.11665970087051392,0.555924654006958,2.338714324423563e-07,0.046709463000297546,0.09920471161603928,0.3375779688358307,0.7216569185256958,1.556249976158142,0.5562499761581421,0.33145827054977417,0.6890601515769958,0.0052340649999678135,0.5443295836448669,atlas_het__node_classification__graphatlas_c_beta_1__split0__seed3__7ba41976643d,7ba41976643d,975d6eec98ed54f0
node_classification,accuracy,0.891986072063446,0.8105263113975525,0.7142857313156128,,,,,,,,,,,,0.89198606271777,0.13955141603946686,0.8554216867469879,0.891986072063446,0.8919592071419745,0.8916823282671461,0.0413847491145134,0.8375894590251858,0.22176991403102875,0.8897157256476887,0.8105263157894737,0.33346492052078247,0.6764705882352942,0.8105263113975525,0.807871987001521,0.8099882990890194,0.12139395624399185,0.7256607295150476,0.8489093780517578,0.8209876543209876,0.7142857142857143,0.47757694125175476,0.6206896551724138,0.7142857313156128,0.715621521335807,0.711919191919192,0.19790396094322205,0.5726403774554785,1.353424072265625,0.7094175601274992,,,,0.6896551847457886,0.7246376872062683,0.044137945778577416,0.4017857142857143,0.22031843662261963,9.06677470879913e-08,6.956970111104965e-08,1.1444091796875e-05,7.62939453125e-06,0.0,0.0,0.0,0.0,0.7142857313156128,,,,,,,,,0.06071239709854126,0.022895362228155136,0.0,0.037817034870386124,0.24454453587532043,0.20370250940322876,0.4084200859069824,0.0,0.6791344881057739,1.9044928550720215,1.1119716167449951,atlas_het,graphatlas_c_beta_1,graphatlas_certified,ov0.10_cross0.30,,certificate,1.0,full,none,False,dot,3,40,65,0,65,0.8105263113975525,64834,480,6486,0,13.413021564483643,cpu,0,0.9007952809333801,0.11973996460437775,0.41684776544570923,1.0,0.09920471161603928,0.0,0.8865280151367188,1.6176379919052124,0.13807813823223114,0.30162298679351807,0.0018939126748591661,0.6176379919052124,0.0163403432816267,0.3302803039550781,1.6176379919052124,0.6176379919052124,0.11665970087051392,0.555924654006958,2.338714324423563e-07,0.046709463000297546,0.09920471161603928,0.3375779688358307,0.7216569185256958,1.556249976158142,0.5562499761581421,0.33145827054977417,0.6890601515769958,0.0052340649999678135,0.5443295836448669,atlas_het__node_classification__graphatlas_c_beta_1__split0__seed3__0d420b783463,0d420b783463,975d6eec98ed54f0
node_classification,accuracy,0.9512194991111755,0.8105263113975525,0.8061224222183228,,,,,,,,,,,,0.9512195121951219,0.07446562498807907,0.9411764705882353,0.9512194991111755,0.9513150102425946,0.9505319434585456,0.0155633008107543,0.9267316990981238,0.12958765029907227,0.9506535947712419,0.8105263157894737,0.32807669043540955,0.75,0.8105263113975525,0.8091063339098922,0.8076160667709965,0.1540432572364807,0.7167572161502045,0.8052003383636475,0.8079322638146168,0.8061224489795918,0.3294871151447296,0.7333333333333333,0.8061224222183228,0.8056364136267283,0.8032884253223237,0.15723088383674622,0.7099633086321994,0.8219614028930664,0.8032679738562091,,,,0.7647058963775635,0.828125,0.07589460441683353,0.5,0.17528164386749268,5.4048960862473905e-08,6.200264834888003e-08,4.76837158203125e-06,6.67572021484375e-06,0.0,0.0,0.0,0.0,0.8061224222183228,,,,,,,,,0.14589180052280426,0.09587128460407257,0.0,0.05002051591873169,0.21651330590248108,0.19885195791721344,0.17661331593990326,0.0,0.6246473789215088,2.3174238204956055,1.3238662481307983,atlas_het,graphatlas_c_beta_1,graphatlas_certified,ov0.10_cross0.00,,certificate,1.0,full,none,False,dot,4,60,85,0,85,0.8105263113975525,64834,480,6552,0,17.54764699935913,cpu,0,0.922004222869873,0.09583818167448044,0.6120311617851257,1.0,0.07799582183361053,0.0,0.8942176103591919,1.5947802066802979,0.12843120098114014,0.2544613480567932,0.0012399874394759536,0.5947802066802979,0.013571081683039665,0.3196139335632324,1.5947802066802979,0.5947802066802979,0.11359357833862305,0.3517267107963562,2.3314335351187765e-07,0.03772006556391716,0.07799582183361053,0.3541063070297241,0.6899165511131287,1.5520833730697632,0.5520833134651184,0.319512277841568,0.6884810328483582,0.11347268521785736,0.596834123134613,atlas_het__node_classification__graphatlas_c_beta_1__split0__seed4__6c5522c35677,6c5522c35677,975d6eec98ed54f0
node_classification,accuracy,0.9512194991111755,0.8105263113975525,0.8061224222183228,,,,,,,,,,,,0.9512195121951219,0.07446562498807907,0.9411764705882353,0.9512194991111755,0.9513150102425946,0.9505319434585456,0.0155633008107543,0.9267316990981238,0.12958765029907227,0.9506535947712419,0.8105263157894737,0.32807669043540955,0.75,0.8105263113975525,0.8091063339098922,0.8076160667709965,0.1540432572364807,0.7167572161502045,0.8052003383636475,0.8079322638146168,0.8061224489795918,0.3294871151447296,0.7333333333333333,0.8061224222183228,0.8056364136267283,0.8032884253223237,0.15723088383674622,0.7099633086321994,0.8219614028930664,0.8032679738562091,,,,0.7647058963775635,0.828125,0.07589460441683353,0.5,0.17528164386749268,5.4048960862473905e-08,6.200264834888003e-08,4.76837158203125e-06,6.67572021484375e-06,0.0,0.0,0.0,0.0,0.8061224222183228,,,,,,,,,0.14589180052280426,0.09587128460407257,0.0,0.05002051591873169,0.21651330590248108,0.19885195791721344,0.17661331593990326,0.0,0.6246473789215088,2.3174238204956055,1.3238662481307983,atlas_het,graphatlas_c_beta_1,graphatlas_certified,ov0.10_cross0.15,,certificate,1.0,full,none,False,dot,4,60,85,0,85,0.8105263113975525,64834,480,6552,0,17.445587873458862,cpu,0,0.922004222869873,0.09583818167448044,0.6120311617851257,1.0,0.07799582183361053,0.0,0.8942176103591919,1.5947802066802979,0.12843120098114014,0.2544613480567932,0.0012399874394759536,0.5947802066802979,0.013571081683039665,0.3196139335632324,1.5947802066802979,0.5947802066802979,0.11359357833862305,0.3517267107963562,2.3314335351187765e-07,0.03772006556391716,0.07799582183361053,0.3541063070297241,0.6899165511131287,1.5520833730697632,0.5520833134651184,0.319512277841568,0.6884810328483582,0.11347268521785736,0.596834123134613,atlas_het__node_classification__graphatlas_c_beta_1__split0__seed4__e93b19fa4df4,e93b19fa4df4,975d6eec98ed54f0
node_classification,accuracy,0.9512194991111755,0.8105263113975525,0.8061224222183228,,,,,,,,,,,,0.9512195121951219,0.07446562498807907,0.9411764705882353,0.9512194991111755,0.9513150102425946,0.9505319434585456,0.0155633008107543,0.9267316990981238,0.12958765029907227,0.9506535947712419,0.8105263157894737,0.32807669043540955,0.75,0.8105263113975525,0.8091063339098922,0.8076160667709965,0.1540432572364807,0.7167572161502045,0.8052003383636475,0.8079322638146168,0.8061224489795918,0.3294871151447296,0.7333333333333333,0.8061224222183228,0.8056364136267283,0.8032884253223237,0.15723088383674622,0.7099633086321994,0.8219614028930664,0.8032679738562091,,,,0.7647058963775635,0.828125,0.07589460441683353,0.5,0.17528164386749268,5.4048960862473905e-08,6.200264834888003e-08,4.76837158203125e-06,6.67572021484375e-06,0.0,0.0,0.0,0.0,0.8061224222183228,,,,,,,,,0.14589180052280426,0.09587128460407257,0.0,0.05002051591873169,0.21651330590248108,0.19885195791721344,0.17661331593990326,0.0,0.6246473789215088,2.3174238204956055,1.3238662481307983,atlas_het,graphatlas_c_beta_1,graphatlas_certified,ov0.10_cross0.30,,certificate,1.0,full,none,False,dot,4,60,85,0,85,0.8105263113975525,64834,480,6552,0,17.37984800338745,cpu,0,0.922004222869873,0.09583818167448044,0.6120311617851257,1.0,0.07799582183361053,0.0,0.8942176103591919,1.5947802066802979,0.12843120098114014,0.2544613480567932,0.0012399874394759536,0.5947802066802979,0.013571081683039665,0.3196139335632324,1.5947802066802979,0.5947802066802979,0.11359357833862305,0.3517267107963562,2.3314335351187765e-07,0.03772006556391716,0.07799582183361053,0.3541063070297241,0.6899165511131287,1.5520833730697632,0.5520833134651184,0.319512277841568,0.6884810328483582,0.11347268521785736,0.596834123134613,atlas_het__node_classification__graphatlas_c_beta_1__split0__seed4__dccc432703fd,dccc432703fd,975d6eec98ed54f0
node_classification,accuracy,0.9268292784690857,0.7553191781044006,0.8888888955116272,,,,,,,,,,,,0.926829268292683,0.1222277358174324,0.9134615384615384,0.9268292784690857,0.926829268292683,0.9276045593580854,0.050737593322992325,0.8900102197240675,0.20662681758403778,0.9276045593580854,0.7553191489361702,0.4317958950996399,0.7352941176470589,0.7553191781044006,0.7564007495489645,0.7557985015612134,0.18011298775672913,0.6352341253723133,1.125674843788147,0.7567776832646297,0.8888888888888888,0.19610948860645294,0.8387096774193549,0.8888888955116272,0.888766452402816,0.8873737373737374,0.062232814729213715,0.8334360305521715,0.373128741979599,0.8872087813620072,,,,0.9166666865348816,0.8730158805847168,0.12054186621686461,0.55,0.20805606245994568,7.610763930188114e-08,6.505057115191448e-08,4.76837158203125e-06,3.814697265625e-06,0.0,0.0,0.0,0.0,0.8888888955116272,,,,,,,,,0.1759667992591858,0.1202758178114891,0.0,0.05569098889827728,0.25464484095573425,0.1916864514350891,0.6295841336250305,1.4707883622122608e-07,0.5386686325073242,2.7173609733581543,1.4918490648269653,atlas_het,graphatlas_c_beta_2,graphatlas_certified,ov0.10_cross0.00,,certificate,2.0,full,none,False,dot,0,50,75,0,75,0.7553191781044006,64834,480,6540,0,15.613471031188965,cpu,0,0.9613484144210815,0.060086872428655624,0.6310484409332275,1.0,0.03865158557891846,0.0,0.985308051109314,1.773241639137268,0.05697813630104065,0.142891526222229,0.0022420494351536036,0.7732415795326233,0.01613345742225647,0.3804587721824646,1.773241639137268,0.7732415795326233,0.027901172637939453,0.36763471364974976,2.4392141995122074e-07,0.0217748936265707,0.03865157812833786,0.35322892665863037,0.5941386222839355,1.7208333015441895,0.7208333611488342,0.37460461258888245,0.6708465814590454,0.04186127707362175,0.5019257068634033,atlas_het__node_classification__graphatlas_c_beta_2__split0__seed0__882cf3ad02e8,882cf3ad02e8,975d6eec98ed54f0
node_classification,accuracy,0.9268292784690857,0.7553191781044006,0.8888888955116272,,,,,,,,,,,,0.926829268292683,0.1222277358174324,0.9134615384615384,0.9268292784690857,0.926829268292683,0.9276045593580854,0.050737593322992325,0.8900102197240675,0.20662681758403778,0.9276045593580854,0.7553191489361702,0.4317958950996399,0.7352941176470589,0.7553191781044006,0.7564007495489645,0.7557985015612134,0.18011298775672913,0.6352341253723133,1.125674843788147,0.7567776832646297,0.8888888888888888,0.19610948860645294,0.8387096774193549,0.8888888955116272,0.888766452402816,0.8873737373737374,0.062232814729213715,0.8334360305521715,0.373128741979599,0.8872087813620072,,,,0.9166666865348816,0.8730158805847168,0.12054186621686461,0.55,0.20805606245994568,7.610763930188114e-08,6.505057115191448e-08,4.76837158203125e-06,3.814697265625e-06,0.0,0.0,0.0,0.0,0.8888888955116272,,,,,,,,,0.1759667992591858,0.1202758178114891,0.0,0.05569098889827728,0.25464484095573425,0.1916864514350891,0.6295841336250305,1.4707883622122608e-07,0.5386686325073242,2.7173609733581543,1.4918490648269653,atlas_het,graphatlas_c_beta_2,graphatlas_certified,ov0.10_cross0.15,,certificate,2.0,full,none,False,dot,0,50,75,0,75,0.7553191781044006,64834,480,6540,0,15.578862190246582,cpu,0,0.9613484144210815,0.060086872428655624,0.6310484409332275,1.0,0.03865158557891846,0.0,0.985308051109314,1.773241639137268,0.05697813630104065,0.142891526222229,0.0022420494351536036,0.7732415795326233,0.01613345742225647,0.3804587721824646,1.773241639137268,0.7732415795326233,0.027901172637939453,0.36763471364974976,2.4392141995122074e-07,0.0217748936265707,0.03865157812833786,0.35322892665863037,0.5941386222839355,1.7208333015441895,0.7208333611488342,0.37460461258888245,0.6708465814590454,0.04186127707362175,0.5019257068634033,atlas_het__node_classification__graphatlas_c_beta_2__split0__seed0__bfaada0ed9a5,bfaada0ed9a5,975d6eec98ed54f0
node_classification,accuracy,0.9268292784690857,0.7553191781044006,0.8888888955116272,,,,,,,,,,,,0.926829268292683,0.1222277358174324,0.9134615384615384,0.9268292784690857,0.926829268292683,0.9276045593580854,0.050737593322992325,0.8900102197240675,0.20662681758403778,0.9276045593580854,0.7553191489361702,0.4317958950996399,0.7352941176470589,0.7553191781044006,0.7564007495489645,0.7557985015612134,0.18011298775672913,0.6352341253723133,1.125674843788147,0.7567776832646297,0.8888888888888888,0.19610948860645294,0.8387096774193549,0.8888888955116272,0.888766452402816,0.8873737373737374,0.062232814729213715,0.8334360305521715,0.373128741979599,0.8872087813620072,,,,0.9166666865348816,0.8730158805847168,0.12054186621686461,0.55,0.20805606245994568,7.610763930188114e-08,6.505057115191448e-08,4.76837158203125e-06,3.814697265625e-06,0.0,0.0,0.0,0.0,0.8888888955116272,,,,,,,,,0.1759667992591858,0.1202758178114891,0.0,0.05569098889827728,0.25464484095573425,0.1916864514350891,0.6295841336250305,1.4707883622122608e-07,0.5386686325073242,2.7173609733581543,1.4918490648269653,atlas_het,graphatlas_c_beta_2,graphatlas_certified,ov0.10_cross0.30,,certificate,2.0,full,none,False,dot,0,50,75,0,75,0.7553191781044006,64834,480,6540,0,15.63540768623352,cpu,0,0.9613484144210815,0.060086872428655624,0.6310484409332275,1.0,0.03865158557891846,0.0,0.985308051109314,1.773241639137268,0.05697813630104065,0.142891526222229,0.0022420494351536036,0.7732415795326233,0.01613345742225647,0.3804587721824646,1.773241639137268,0.7732415795326233,0.027901172637939453,0.36763471364974976,2.4392141995122074e-07,0.0217748936265707,0.03865157812833786,0.35322892665863037,0.5941386222839355,1.7208333015441895,0.7208333611488342,0.37460461258888245,0.6708465814590454,0.04186127707362175,0.5019257068634033,atlas_het__node_classification__graphatlas_c_beta_2__split0__seed0__6df687ce5d11,6df687ce5d11,975d6eec98ed54f0
node_classification,accuracy,0.8710801601409912,0.821052610874176,0.7653061151504517,,,,,,,,,,,,0.8710801393728222,0.18324434757232666,0.7701149425287356,0.8710801601409912,0.8708215611435882,0.8695921107630298,0.05144578963518143,0.8087505402570726,0.30663251876831055,0.8665993036085218,0.8210526315789474,0.31322434544563293,0.7586206896551724,0.821052610874176,0.8208695652173913,0.820026350461133,0.11800169944763184,0.7316669935230344,0.6045601963996887,0.8185301288749565,0.7653061224489796,0.29773619771003723,0.6666666666666666,0.7653061151504517,0.7625632959950898,0.7600250626566417,0.09428635239601135,0.648806942814408,0.575907826423645,0.7598845598845599,,,,0.7804877758026123,0.7543859481811523,-0.02999014058712195,0.5059523809523809,0.16851672530174255,1.0860335208917604e-07,9.82276304739571e-08,7.152557373046875e-06,7.62939453125e-06,0.0,0.0,0.0,0.0,0.7653061151504517,,,,,,,,,0.04676646739244461,0.028699597343802452,0.0,0.01806687004864216,0.1526992917060852,0.12374845147132874,0.289508581161499,4.807008372154087e-05,0.5870662927627563,2.4061994552612305,0.7044951319694519,atlas_het,graphatlas_c_beta_2,graphatlas_certified,ov0.10_cross0.00,,certificate,2.0,full,none,False,dot,1,45,70,0,70,0.821052610874176,64834,480,6456,0,14.397931814193726,cpu,0,0.94919753074646,0.06011711806058884,0.3647423982620239,1.0,0.05080242455005646,0.0,0.9885128140449524,1.3864622116088867,0.06700488924980164,0.11899565905332565,0.0008512585191056132,0.3864622116088867,0.008523817174136639,0.1822555959224701,1.3864622116088867,0.3864622116088867,0.06427109241485596,0.33265435695648193,2.468311492975772e-07,0.013226552866399288,0.050802432000637054,0.21160888671875,0.7915633916854858,1.3270833492279053,0.3270833194255829,0.1834898144006729,0.6463271379470825,0.01033483725041151,0.7667033672332764,atlas_het__node_classification__graphatlas_c_beta_2__split0__seed1__5e23369706ee,5e23369706ee,975d6eec98ed54f0
node_classification,accuracy,0.8710801601409912,0.821052610874176,0.7653061151504517,,,,,,,,,,,,0.8710801393728222,0.18324434757232666,0.7701149425287356,0.8710801601409912,0.8708215611435882,0.8695921107630298,0.05144578963518143,0.8087505402570726,0.30663251876831055,0.8665993036085218,0.8210526315789474,0.31322434544563293,0.7586206896551724,0.821052610874176,0.8208695652173913,0.820026350461133,0.11800169944763184,0.7316669935230344,0.6045601963996887,0.8185301288749565,0.7653061224489796,0.29773619771003723,0.6666666666666666,0.7653061151504517,0.7625632959950898,0.7600250626566417,0.09428635239601135,0.648806942814408,0.575907826423645,0.7598845598845599,,,,0.7804877758026123,0.7543859481811523,-0.02999014058712195,0.5059523809523809,0.16851672530174255,1.0860335208917604e-07,9.82276304739571e-08,7.152557373046875e-06,7.62939453125e-06,0.0,0.0,0.0,0.0,0.7653061151504517,,,,,,,,,0.04676646739244461,0.028699597343802452,0.0,0.01806687004864216,0.1526992917060852,0.12374845147132874,0.289508581161499,4.807008372154087e-05,0.5870662927627563,2.4061994552612305,0.7044951319694519,atlas_het,graphatlas_c_beta_2,graphatlas_certified,ov0.10_cross0.15,,certificate,2.0,full,none,False,dot,1,45,70,0,70,0.821052610874176,64834,480,6456,0,14.600229740142822,cpu,0,0.94919753074646,0.06011711806058884,0.3647423982620239,1.0,0.05080242455005646,0.0,0.9885128140449524,1.3864622116088867,0.06700488924980164,0.11899565905332565,0.0008512585191056132,0.3864622116088867,0.008523817174136639,0.1822555959224701,1.3864622116088867,0.3864622116088867,0.06427109241485596,0.33265435695648193,2.468311492975772e-07,0.013226552866399288,0.050802432000637054,0.21160888671875,0.7915633916854858,1.3270833492279053,0.3270833194255829,0.1834898144006729,0.6463271379470825,0.01033483725041151,0.7667033672332764,atlas_het__node_classification__graphatlas_c_beta_2__split0__seed1__4b20d14f066b,4b20d14f066b,975d6eec98ed54f0
node_classification,accuracy,0.8710801601409912,0.821052610874176,0.7653061151504517,,,,,,,,,,,,0.8710801393728222,0.18324434757232666,0.7701149425287356,0.8710801601409912,0.8708215611435882,0.8695921107630298,0.05144578963518143,0.8087505402570726,0.30663251876831055,0.8665993036085218,0.8210526315789474,0.31322434544563293,0.7586206896551724,0.821052610874176,0.8208695652173913,0.820026350461133,0.11800169944763184,0.7316669935230344,0.6045601963996887,0.8185301288749565,0.7653061224489796,0.29773619771003723,0.6666666666666666,0.7653061151504517,0.7625632959950898,0.7600250626566417,0.09428635239601135,0.648806942814408,0.575907826423645,0.7598845598845599,,,,0.7804877758026123,0.7543859481811523,-0.02999014058712195,0.5059523809523809,0.16851672530174255,1.0860335208917604e-07,9.82276304739571e-08,7.152557373046875e-06,7.62939453125e-06,0.0,0.0,0.0,0.0,0.7653061151504517,,,,,,,,,0.04676646739244461,0.028699597343802452,0.0,0.01806687004864216,0.1526992917060852,0.12374845147132874,0.289508581161499,4.807008372154087e-05,0.5870662927627563,2.4061994552612305,0.7044951319694519,atlas_het,graphatlas_c_beta_2,graphatlas_certified,ov0.10_cross0.30,,certificate,2.0,full,none,False,dot,1,45,70,0,70,0.821052610874176,64834,480,6456,0,14.486891984939575,cpu,0,0.94919753074646,0.06011711806058884,0.3647423982620239,1.0,0.05080242455005646,0.0,0.9885128140449524,1.3864622116088867,0.06700488924980164,0.11899565905332565,0.0008512585191056132,0.3864622116088867,0.008523817174136639,0.1822555959224701,1.3864622116088867,0.3864622116088867,0.06427109241485596,0.33265435695648193,2.468311492975772e-07,0.013226552866399288,0.050802432000637054,0.21160888671875,0.7915633916854858,1.3270833492279053,0.3270833194255829,0.1834898144006729,0.6463271379470825,0.01033483725041151,0.7667033672332764,atlas_het__node_classification__graphatlas_c_beta_2__split0__seed1__f33d8d019a64,f33d8d019a64,975d6eec98ed54f0
node_classification,accuracy,0.9477351903915405,0.821052610874176,0.7755101919174194,,,,,,,,,,,,0.9477351916376306,0.07871267944574356,0.9090909090909091,0.9477351903915405,0.9476523928112144,0.9466163881373338,0.049118105322122574,0.922040776862741,0.13969948887825012,0.9458104391397297,0.8210526315789474,0.30377304553985596,0.75,0.821052610874176,0.8214871996453872,0.8208697494570686,0.11034396290779114,0.7347968848241974,1.4017051458358765,0.8216700473292765,0.7755102040816326,0.3701098561286926,0.7,0.7755101919174194,0.77475339220658,0.774213346201913,0.15842270851135254,0.6673234271294629,1.002475380897522,0.770995670995671,,,,0.6904761791229248,0.8392857313156128,0.06612093095417018,0.45473684210526316,0.1181388720870018,7.817891400918597e-08,8.224063918760294e-08,1.33514404296875e-05,1.52587890625e-05,0.0,0.0,0.0,0.0,0.7755101919174194,,,,,,,,,0.1025228425860405,0.06239943951368332,0.0,0.04012340307235718,0.14784690737724304,0.11007359623908997,0.3777330815792084,4.76237473776564e-05,0.5035156011581421,2.9237256050109863,2.234935760498047,atlas_het,graphatlas_c_beta_2,graphatlas_certified,ov0.10_cross0.00,,certificate,2.0,full,none,False,dot,2,70,95,0,95,0.821052610874176,64834,480,6506,0,19.385486841201782,cpu,0,0.9763498306274414,0.030282296240329742,0.4001469314098358,1.0,0.023650236427783966,0.0,0.9973008632659912,1.6403319835662842,0.02710687555372715,0.049488604068756104,0.0002772149455267936,0.6403319835662842,0.006290094926953316,0.34262529015541077,1.6403319835662842,0.6403319835662842,0.025259196758270264,0.48547807335853577,2.5051747343241004e-07,0.00901084952056408,0.02365022525191307,0.3770546317100525,0.627062201499939,1.6062500476837158,0.606249988079071,0.3436974883079529,0.684179425239563,0.1029837429523468,0.5419111251831055,atlas_het__node_classification__graphatlas_c_beta_2__split0__seed2__902eecef1551,902eecef1551,975d6eec98ed54f0
node_classification,accuracy,0.9477351903915405,0.821052610874176,0.7755101919174194,,,,,,,,,,,,0.9477351916376306,0.07871267944574356,0.9090909090909091,0.9477351903915405,0.9476523928112144,0.9466163881373338,0.049118105322122574,0.922040776862741,0.13969948887825012,0.9458104391397297,0.8210526315789474,0.30377304553985596,0.75,0.821052610874176,0.8214871996453872,0.8208697494570686,0.11034396290779114,0.7347968848241974,1.4017051458358765,0.8216700473292765,0.7755102040816326,0.3701098561286926,0.7,0.7755101919174194,0.77475339220658,0.774213346201913,0.15842270851135254,0.6673234271294629,1.002475380897522,0.770995670995671,,,,0.6904761791229248,0.8392857313156128,0.06612093095417018,0.45473684210526316,0.1181388720870018,7.817891400918597e-08,8.224063918760294e-08,1.33514404296875e-05,1.52587890625e-05,0.0,0.0,0.0,0.0,0.7755101919174194,,,,,,,,,0.1025228425860405,0.06239943951368332,0.0,0.04012340307235718,0.14784690737724304,0.11007359623908997,0.3777330815792084,4.76237473776564e-05,0.5035156011581421,2.9237256050109863,2.234935760498047,atlas_het,graphatlas_c_beta_2,graphatlas_certified,ov0.10_cross0.15,,certificate,2.0,full,none,False,dot,2,70,95,0,95,0.821052610874176,64834,480,6506,0,19.557384252548218,cpu,0,0.9763498306274414,0.030282296240329742,0.4001469314098358,1.0,0.023650236427783966,0.0,0.9973008632659912,1.6403319835662842,0.02710687555372715,0.049488604068756104,0.0002772149455267936,0.6403319835662842,0.006290094926953316,0.34262529015541077,1.6403319835662842,0.6403319835662842,0.025259196758270264,0.48547807335853577,2.5051747343241004e-07,0.00901084952056408,0.02365022525191307,0.3770546317100525,0.627062201499939,1.6062500476837158,0.606249988079071,0.3436974883079529,0.684179425239563,0.1029837429523468,0.5419111251831055,atlas_het__node_classification__graphatlas_c_beta_2__split0__seed2__654d3d4a261e,654d3d4a261e,975d6eec98ed54f0
node_classification,accuracy,0.9477351903915405,0.821052610874176,0.7755101919174194,,,,,,,,,,,,0.9477351916376306,0.07871267944574356,0.9090909090909091,0.9477351903915405,0.9476523928112144,0.9466163881373338,0.049118105322122574,0.922040776862741,0.13969948887825012,0.9458104391397297,0.8210526315789474,0.30377304553985596,0.75,0.821052610874176,0.8214871996453872,0.8208697494570686,0.11034396290779114,0.7347968848241974,1.4017051458358765,0.8216700473292765,0.7755102040816326,0.3701098561286926,0.7,0.7755101919174194,0.77475339220658,0.774213346201913,0.15842270851135254,0.6673234271294629,1.002475380897522,0.770995670995671,,,,0.6904761791229248,0.8392857313156128,0.06612093095417018,0.45473684210526316,0.1181388720870018,7.817891400918597e-08,8.224063918760294e-08,1.33514404296875e-05,1.52587890625e-05,0.0,0.0,0.0,0.0,0.7755101919174194,,,,,,,,,0.1025228425860405,0.06239943951368332,0.0,0.04012340307235718,0.14784690737724304,0.11007359623908997,0.3777330815792084,4.76237473776564e-05,0.5035156011581421,2.9237256050109863,2.234935760498047,atlas_het,graphatlas_c_beta_2,graphatlas_certified,ov0.10_cross0.30,,certificate,2.0,full,none,False,dot,2,70,95,0,95,0.821052610874176,64834,480,6506,0,19.384697675704956,cpu,0,0.9763498306274414,0.030282296240329742,0.4001469314098358,1.0,0.023650236427783966,0.0,0.9973008632659912,1.6403319835662842,0.02710687555372715,0.049488604068756104,0.0002772149455267936,0.6403319835662842,0.006290094926953316,0.34262529015541077,1.6403319835662842,0.6403319835662842,0.025259196758270264,0.48547807335853577,2.5051747343241004e-07,0.00901084952056408,0.02365022525191307,0.3770546317100525,0.627062201499939,1.6062500476837158,0.606249988079071,0.3436974883079529,0.684179425239563,0.1029837429523468,0.5419111251831055,atlas_het__node_classification__graphatlas_c_beta_2__split0__seed2__d41a4ecadcfb,d41a4ecadcfb,975d6eec98ed54f0
node_classification,accuracy,0.888501763343811,0.800000011920929,0.7346938848495483,,,,,,,,,,,,0.8885017421602788,0.13834227621555328,0.8674698795180723,0.888501763343811,0.8886557277310279,0.8890130152898065,0.025691349059343338,0.832658042594751,0.21914823353290558,0.8871958421922986,0.8,0.33481934666633606,0.6764705882352942,0.800000011920929,0.7983118117605769,0.7997777160322311,0.12138018012046814,0.7086857599071679,0.870138943195343,0.8086419753086419,0.7346938775510204,0.4765447974205017,0.6896551724137931,0.7346938848495483,0.7361817637850184,0.7339873136556626,0.19313471019268036,0.6026765616511464,1.3649368286132812,0.7324060658746258,,,,0.7241379022598267,0.739130437374115,0.04417267409038607,0.39461883408071746,0.21966058015823364,9.219916563552033e-08,8.570966514298561e-08,9.5367431640625e-06,7.62939453125e-06,0.0,0.0,0.0,0.0,0.7346938848495483,,,,,,,,,0.06544937938451767,0.027366487309336662,0.0,0.03808289393782616,0.23855574429035187,0.19720670580863953,0.4134903848171234,0.0,0.6805764436721802,1.8953170776367188,1.124161958694458,atlas_het,graphatlas_c_beta_2,graphatlas_certified,ov0.10_cross0.00,,certificate,2.0,full,none,False,dot,3,40,65,0,65,0.800000011920929,64834,480,6486,0,13.381612062454224,cpu,0,0.901961624622345,0.11711347103118896,0.4437715709209442,1.0,0.09803835302591324,0.0,0.8892091512680054,1.6012951135635376,0.139254629611969,0.30380216240882874,0.007081274874508381,0.6012951135635376,0.03167956694960594,0.3250875174999237,1.6012951135635376,0.6012951135635376,0.12463647127151489,0.5322162508964539,2.2923119047391083e-07,0.046085257083177567,0.09803835302591324,0.3364616930484772,0.7657004594802856,1.5520833730697632,0.5520833134651184,0.33067360520362854,0.6893201470375061,0.0035941344685852528,0.5453722476959229,atlas_het__node_classification__graphatlas_c_beta_2__split0__seed3__953ee26b1c63,953ee26b1c63,975d6eec98ed54f0
node_classification,accuracy,0.888501763343811,0.800000011920929,0.7346938848495483,,,,,,,,,,,,0.8885017421602788,0.13834227621555328,0.8674698795180723,0.888501763343811,0.8886557277310279,0.8890130152898065,0.025691349059343338,0.832658042594751,0.21914823353290558,0.8871958421922986,0.8,0.33481934666633606,0.6764705882352942,0.800000011920929,0.7983118117605769,0.7997777160322311,0.12138018012046814,0.7086857599071679,0.870138943195343,0.8086419753086419,0.7346938775510204,0.4765447974205017,0.6896551724137931,0.7346938848495483,0.7361817637850184,0.7339873136556626,0.19313471019268036,0.6026765616511464,1.3649368286132812,0.7324060658746258,,,,0.7241379022598267,0.739130437374115,0.04417267409038607,0.39461883408071746,0.21966058015823364,9.219916563552033e-08,8.570966514298561e-08,9.5367431640625e-06,7.62939453125e-06,0.0,0.0,0.0,0.0,0.7346938848495483,,,,,,,,,0.06544937938451767,0.027366487309336662,0.0,0.03808289393782616,0.23855574429035187,0.19720670580863953,0.4134903848171234,0.0,0.6805764436721802,1.8953170776367188,1.124161958694458,atlas_het,graphatlas_c_beta_2,graphatlas_certified,ov0.10_cross0.15,,certificate,2.0,full,none,False,dot,3,40,65,0,65,0.800000011920929,64834,480,6486,0,13.512756109237671,cpu,0,0.901961624622345,0.11711347103118896,0.4437715709209442,1.0,0.09803835302591324,0.0,0.8892091512680054,1.6012951135635376,0.139254629611969,0.30380216240882874,0.007081274874508381,0.6012951135635376,0.03167956694960594,0.3250875174999237,1.6012951135635376,0.6012951135635376,0.12463647127151489,0.5322162508964539,2.2923119047391083e-07,0.046085257083177567,0.09803835302591324,0.3364616930484772,0.7657004594802856,1.5520833730697632,0.5520833134651184,0.33067360520362854,0.6893201470375061,0.0035941344685852528,0.5453722476959229,atlas_het__node_classification__graphatlas_c_beta_2__split0__seed3__35d35ab85b49,35d35ab85b49,975d6eec98ed54f0
node_classification,accuracy,0.888501763343811,0.800000011920929,0.7346938848495483,,,,,,,,,,,,0.8885017421602788,0.13834227621555328,0.8674698795180723,0.888501763343811,0.8886557277310279,0.8890130152898065,0.025691349059343338,0.832658042594751,0.21914823353290558,0.8871958421922986,0.8,0.33481934666633606,0.6764705882352942,0.800000011920929,0.7983118117605769,0.7997777160322311,0.12138018012046814,0.7086857599071679,0.870138943195343,0.8086419753086419,0.7346938775510204,0.4765447974205017,0.6896551724137931,0.7346938848495483,0.7361817637850184,0.7339873136556626,0.19313471019268036,0.6026765616511464,1.3649368286132812,0.7324060658746258,,,,0.7241379022598267,0.739130437374115,0.04417267409038607,0.39461883408071746,0.21966058015823364,9.219916563552033e-08,8.570966514298561e-08,9.5367431640625e-06,7.62939453125e-06,0.0,0.0,0.0,0.0,0.7346938848495483,,,,,,,,,0.06544937938451767,0.027366487309336662,0.0,0.03808289393782616,0.23855574429035187,0.19720670580863953,0.4134903848171234,0.0,0.6805764436721802,1.8953170776367188,1.124161958694458,atlas_het,graphatlas_c_beta_2,graphatlas_certified,ov0.10_cross0.30,,certificate,2.0,full,none,False,dot,3,40,65,0,65,0.800000011920929,64834,480,6486,0,13.68927001953125,cpu,0,0.901961624622345,0.11711347103118896,0.4437715709209442,1.0,0.09803835302591324,0.0,0.8892091512680054,1.6012951135635376,0.139254629611969,0.30380216240882874,0.007081274874508381,0.6012951135635376,0.03167956694960594,0.3250875174999237,1.6012951135635376,0.6012951135635376,0.12463647127151489,0.5322162508964539,2.2923119047391083e-07,0.046085257083177567,0.09803835302591324,0.3364616930484772,0.7657004594802856,1.5520833730697632,0.5520833134651184,0.33067360520362854,0.6893201470375061,0.0035941344685852528,0.5453722476959229,atlas_het__node_classification__graphatlas_c_beta_2__split0__seed3__b8129e0f9dfa,b8129e0f9dfa,975d6eec98ed54f0
node_classification,accuracy,0.9651567935943604,0.821052610874176,0.7551020383834839,,,,,,,,,,,,0.9651567944250871,0.043160367757081985,0.9509803921568627,0.9651567935943604,0.9652153534905228,0.9646926732797144,0.024074075743556023,0.9476530021690519,0.07427762448787689,0.9652287581699346,0.8210526315789474,0.30981865525245667,0.7058823529411765,0.821052610874176,0.8177432127365349,0.8164372867943493,0.12991687655448914,0.7370018773349702,1.0676308870315552,0.8204312027841439,0.7551020408163265,0.40423211455345154,0.7333333333333333,0.7551020383834839,0.7563619514941028,0.7549874230202098,0.1956825852394104,0.634355196665624,1.3157765865325928,0.7542483660130719,,,,0.7647058963775635,0.75,0.18101285642613993,0.497737556561086,0.16461250185966492,5.5181835989515093e-08,5.6269715997814274e-08,7.62939453125e-06,1.1444091796875e-05,0.0,0.0,0.0,0.0,0.7551020383834839,,,,,,,,,0.11192859709262848,0.07766010612249374,0.0,0.034268490970134735,0.15066950023174286,0.12267059832811356,0.2799890339374542,0.0,0.6075599789619446,2.2668583393096924,2.5109951496124268,atlas_het,graphatlas_c_beta_2,graphatlas_certified,ov0.10_cross0.00,,certificate,2.0,full,none,False,dot,4,85,110,0,110,0.821052610874176,64834,480,6552,0,22.418848514556885,cpu,0,0.9599878787994385,0.04763933643698692,0.6719111204147339,1.0,0.040012113749980927,0.0,0.9989955425262451,1.6127899885177612,0.055824700742959976,0.10664935410022736,0.0009184741647914052,0.6127899885177612,0.010611223988234997,0.2766673266887665,1.6127899885177612,0.6127899885177612,0.045644402503967285,0.23557186126708984,2.3334619925208244e-07,0.015487957745790482,0.040012117475271225,0.32921451330184937,0.6307997703552246,1.556249976158142,0.5562499761581421,0.27669990062713623,0.6362943649291992,0.07196151465177536,0.5671315789222717,atlas_het__node_classification__graphatlas_c_beta_2__split0__seed4__a7f1bb061c61,a7f1bb061c61,975d6eec98ed54f0
node_classification,accuracy,0.9651567935943604,0.821052610874176,0.7551020383834839,,,,,,,,,,,,0.9651567944250871,0.043160367757081985,0.9509803921568627,0.9651567935943604,0.9652153534905228,0.9646926732797144,0.024074075743556023,0.9476530021690519,0.07427762448787689,0.9652287581699346,0.8210526315789474,0.30981865525245667,0.7058823529411765,0.821052610874176,0.8177432127365349,0.8164372867943493,0.12991687655448914,0.7370018773349702,1.0676308870315552,0.8204312027841439,0.7551020408163265,0.40423211455345154,0.7333333333333333,0.7551020383834839,0.7563619514941028,0.7549874230202098,0.1956825852394104,0.634355196665624,1.3157765865325928,0.7542483660130719,,,,0.7647058963775635,0.75,0.18101285642613993,0.497737556561086,0.16461250185966492,5.5181835989515093e-08,5.6269715997814274e-08,7.62939453125e-06,1.1444091796875e-05,0.0,0.0,0.0,0.0,0.7551020383834839,,,,,,,,,0.11192859709262848,0.07766010612249374,0.0,0.034268490970134735,0.15066950023174286,0.12267059832811356,0.2799890339374542,0.0,0.6075599789619446,2.2668583393096924,2.5109951496124268,atlas_het,graphatlas_c_beta_2,graphatlas_certified,ov0.10_cross0.15,,certificate,2.0,full,none,False,dot,4,85,110,0,110,0.821052610874176,64834,480,6552,0,22.520197868347168,cpu,0,0.9599878787994385,0.04763933643698692,0.6719111204147339,1.0,0.040012113749980927,0.0,0.9989955425262451,1.6127899885177612,0.055824700742959976,0.10664935410022736,0.0009184741647914052,0.6127899885177612,0.010611223988234997,0.2766673266887665,1.6127899885177612,0.6127899885177612,0.045644402503967285,0.23557186126708984,2.3334619925208244e-07,0.015487957745790482,0.040012117475271225,0.32921451330184937,0.6307997703552246,1.556249976158142,0.5562499761581421,0.27669990062713623,0.6362943649291992,0.07196151465177536,0.5671315789222717,atlas_het__node_classification__graphatlas_c_beta_2__split0__seed4__a385bc678cfc,a385bc678cfc,975d6eec98ed54f0
node_classification,accuracy,0.9651567935943604,0.821052610874176,0.7551020383834839,,,,,,,,,,,,0.9651567944250871,0.043160367757081985,0.9509803921568627,0.9651567935943604,0.9652153534905228,0.9646926732797144,0.024074075743556023,0.9476530021690519,0.07427762448787689,0.9652287581699346,0.8210526315789474,0.30981865525245667,0.7058823529411765,0.821052610874176,0.8177432127365349,0.8164372867943493,0.12991687655448914,0.7370018773349702,1.0676308870315552,0.8204312027841439,0.7551020408163265,0.40423211455345154,0.7333333333333333,0.7551020383834839,0.7563619514941028,0.7549874230202098,0.1956825852394104,0.634355196665624,1.3157765865325928,0.7542483660130719,,,,0.7647058963775635,0.75,0.18101285642613993,0.497737556561086,0.16461250185966492,5.5181835989515093e-08,5.6269715997814274e-08,7.62939453125e-06,1.1444091796875e-05,0.0,0.0,0.0,0.0,0.7551020383834839,,,,,,,,,0.11192859709262848,0.07766010612249374,0.0,0.034268490970134735,0.15066950023174286,0.12267059832811356,0.2799890339374542,0.0,0.6075599789619446,2.2668583393096924,2.5109951496124268,atlas_het,graphatlas_c_beta_2,graphatlas_certified,ov0.10_cross0.30,,certificate,2.0,full,none,False,dot,4,85,110,0,110,0.821052610874176,64834,480,6552,0,22.34824013710022,cpu,0,0.9599878787994385,0.04763933643698692,0.6719111204147339,1.0,0.040012113749980927,0.0,0.9989955425262451,1.6127899885177612,0.055824700742959976,0.10664935410022736,0.0009184741647914052,0.6127899885177612,0.010611223988234997,0.2766673266887665,1.6127899885177612,0.6127899885177612,0.045644402503967285,0.23557186126708984,2.3334619925208244e-07,0.015487957745790482,0.040012117475271225,0.32921451330184937,0.6307997703552246,1.556249976158142,0.5562499761581421,0.27669990062713623,0.6362943649291992,0.07196151465177536,0.5671315789222717,atlas_het__node_classification__graphatlas_c_beta_2__split0__seed4__820569d7945c,820569d7945c,975d6eec98ed54f0
node_classification,accuracy,0.9860627055168152,0.7872340679168701,0.8585858345031738,,,,,,,,,,,,0.9860627177700348,0.029139578342437744,0.9615384615384616,0.9860627055168152,0.9860014694795334,0.9862515766540535,0.023194875568151474,0.9792831618017258,0.054301917552948,0.9871794871794872,0.7872340425531915,0.41703930497169495,0.7647058823529411,0.7872340679168701,0.787244612148693,0.7872164265606889,0.21594858169555664,0.6816252674306718,1.6830520629882812,0.7888285458788632,0.8585858585858586,0.19377145171165466,0.8333333333333334,0.8585858345031738,0.859489758739266,0.8584638892382802,0.1041068434715271,0.7904516708994532,0.38633376359939575,0.8594310035842293,,,,0.8888888955116272,0.841269850730896,0.13259286246377613,0.5108225108225108,0.15099310874938965,6.247517347901521e-08,4.720948254544055e-08,6.67572021484375e-06,7.62939453125e-06,0.0,0.0,0.0,0.0,0.8585858345031738,,,,,,,,,0.15860772132873535,0.11034151166677475,0.0,0.048266202211380005,0.21165604889392853,0.17626512050628662,0.3539092540740967,0.0,0.590071439743042,2.3664491176605225,1.1940486431121826,atlas_het,graphatlas_c_beta_4,graphatlas_certified,ov0.10_cross0.00,,certificate,4.0,full,none,False,dot,0,90,115,0,115,0.7872340679168701,64834,480,6540,0,23.372140645980835,cpu,0,0.9584372043609619,0.06338917464017868,0.4729825556278229,1.0,0.041562821716070175,0.0,0.9750548005104065,1.686697244644165,0.048128217458724976,0.10929721593856812,0.003612244501709938,0.686697244644165,0.019667871296405792,0.322002112865448,1.686697244644165,0.686697244644165,0.031606435775756836,0.3487129807472229,2.5244412427127827e-07,0.015203097835183144,0.04156284034252167,0.33257409930229187,0.6416411995887756,1.600000023841858,0.6000000238418579,0.31830739974975586,0.6700008511543274,0.06165062636137009,0.5037431120872498,atlas_het__node_classification__graphatlas_c_beta_4__split0__seed0__27f8b02f1cb0,27f8b02f1cb0,975d6eec98ed54f0
node_classification,accuracy,0.9860627055168152,0.7872340679168701,0.8585858345031738,,,,,,,,,,,,0.9860627177700348,0.029139578342437744,0.9615384615384616,0.9860627055168152,0.9860014694795334,0.9862515766540535,0.023194875568151474,0.9792831618017258,0.054301917552948,0.9871794871794872,0.7872340425531915,0.41703930497169495,0.7647058823529411,0.7872340679168701,0.787244612148693,0.7872164265606889,0.21594858169555664,0.6816252674306718,1.6830520629882812,0.7888285458788632,0.8585858585858586,0.19377145171165466,0.8333333333333334,0.8585858345031738,0.859489758739266,0.8584638892382802,0.1041068434715271,0.7904516708994532,0.38633376359939575,0.8594310035842293,,,,0.8888888955116272,0.841269850730896,0.13259286246377613,0.5108225108225108,0.15099310874938965,6.247517347901521e-08,4.720948254544055e-08,6.67572021484375e-06,7.62939453125e-06,0.0,0.0,0.0,0.0,0.8585858345031738,,,,,,,,,0.15860772132873535,0.11034151166677475,0.0,0.048266202211380005,0.21165604889392853,0.17626512050628662,0.3539092540740967,0.0,0.590071439743042,2.3664491176605225,1.1940486431121826,atlas_het,graphatlas_c_beta_4,graphatlas_certified,ov0.10_cross0.15,,certificate,4.0,full,none,False,dot,0,90,115,0,115,0.7872340679168701,64834,480,6540,0,23.639959573745728,cpu,0,0.9584372043609619,0.06338917464017868,0.4729825556278229,1.0,0.041562821716070175,0.0,0.9750548005104065,1.686697244644165,0.048128217458724976,0.10929721593856812,0.003612244501709938,0.686697244644165,0.019667871296405792,0.322002112865448,1.686697244644165,0.686697244644165,0.031606435775756836,0.3487129807472229,2.5244412427127827e-07,0.015203097835183144,0.04156284034252167,0.33257409930229187,0.6416411995887756,1.600000023841858,0.6000000238418579,0.31830739974975586,0.6700008511543274,0.06165062636137009,0.5037431120872498,atlas_het__node_classification__graphatlas_c_beta_4__split0__seed0__79cf4cbba09e,79cf4cbba09e,975d6eec98ed54f0
node_classification,accuracy,0.9860627055168152,0.7872340679168701,0.8585858345031738,,,,,,,,,,,,0.9860627177700348,0.029139578342437744,0.9615384615384616,0.9860627055168152,0.9860014694795334,0.9862515766540535,0.023194875568151474,0.9792831618017258,0.054301917552948,0.9871794871794872,0.7872340425531915,0.41703930497169495,0.7647058823529411,0.7872340679168701,0.787244612148693,0.7872164265606889,0.21594858169555664,0.6816252674306718,1.6830520629882812,0.7888285458788632,0.8585858585858586,0.19377145171165466,0.8333333333333334,0.8585858345031738,0.859489758739266,0.8584638892382802,0.1041068434715271,0.7904516708994532,0.38633376359939575,0.8594310035842293,,,,0.8888888955116272,0.841269850730896,0.13259286246377613,0.5108225108225108,0.15099310874938965,6.247517347901521e-08,4.720948254544055e-08,6.67572021484375e-06,7.62939453125e-06,0.0,0.0,0.0,0.0,0.8585858345031738,,,,,,,,,0.15860772132873535,0.11034151166677475,0.0,0.048266202211380005,0.21165604889392853,0.17626512050628662,0.3539092540740967,0.0,0.590071439743042,2.3664491176605225,1.1940486431121826,atlas_het,graphatlas_c_beta_4,graphatlas_certified,ov0.10_cross0.30,,certificate,4.0,full,none,False,dot,0,90,115,0,115,0.7872340679168701,64834,480,6540,0,23.32094693183899,cpu,0,0.9584372043609619,0.06338917464017868,0.4729825556278229,1.0,0.041562821716070175,0.0,0.9750548005104065,1.686697244644165,0.048128217458724976,0.10929721593856812,0.003612244501709938,0.686697244644165,0.019667871296405792,0.322002112865448,1.686697244644165,0.686697244644165,0.031606435775756836,0.3487129807472229,2.5244412427127827e-07,0.015203097835183144,0.04156284034252167,0.33257409930229187,0.6416411995887756,1.600000023841858,0.6000000238418579,0.31830739974975586,0.6700008511543274,0.06165062636137009,0.5037431120872498,atlas_het__node_classification__graphatlas_c_beta_4__split0__seed0__6dc604af1e62,6dc604af1e62,975d6eec98ed54f0
node_classification,accuracy,0.895470380783081,0.821052610874176,0.7551020383834839,,,,,,,,,,,,0.8954703832752613,0.17381972074508667,0.8045977011494253,0.895470380783081,0.8946655724194973,0.8931481263282842,0.06093993037939072,0.8441282722021345,0.29075735807418823,0.8913615499480984,0.8210526315789474,0.2973478138446808,0.7586206896551724,0.821052610874176,0.8210600739586483,0.8202091618795109,0.10156332701444626,0.735126431220771,0.6033732295036316,0.8185301288749564,0.7551020408163265,0.29703283309936523,0.6666666666666666,0.7551020383834839,0.7520459311544166,0.7492341966026176,0.09915249794721603,0.6334145472994792,0.5958766937255859,0.7497835497835498,,,,0.7804877758026123,0.7368420958518982,-0.034621231838245364,0.5232558139534884,0.159955695271492,1.0539711325918688e-07,9.182270588325991e-08,6.67572021484375e-06,6.67572021484375e-06,0.0,0.0,0.0,0.0,0.7551020383834839,,,,,,,,,0.041952215135097504,0.028080172836780548,0.0,0.013872042298316956,0.14051440358161926,0.11361516267061234,0.2689923346042633,5.357725967769511e-05,0.5822089910507202,2.4239659309387207,0.7182461619377136,atlas_het,graphatlas_c_beta_4,graphatlas_certified,ov0.10_cross0.00,,certificate,4.0,full,none,False,dot,1,45,70,0,70,0.821052610874176,64834,480,6456,0,14.447469711303711,cpu,0,0.9536773562431335,0.05310998484492302,0.4185071885585785,1.0,0.04632265493273735,0.0,0.9921259880065918,1.4075279235839844,0.06087600812315941,0.10354971885681152,0.0027320615481585264,0.407527893781662,0.015584751032292843,0.1849014014005661,1.4075279235839844,0.407527893781662,0.0565149188041687,0.3302168846130371,2.474686482401012e-07,0.01205893512815237,0.04632266238331795,0.2072715014219284,0.7806175351142883,1.34375,0.34375,0.18652600049972534,0.6450573205947876,0.013558159582316875,0.7806798815727234,atlas_het__node_classification__graphatlas_c_beta_4__split0__seed1__66326b7d305e,66326b7d305e,975d6eec98ed54f0
node_classification,accuracy,0.895470380783081,0.821052610874176,0.7551020383834839,,,,,,,,,,,,0.8954703832752613,0.17381972074508667,0.8045977011494253,0.895470380783081,0.8946655724194973,0.8931481263282842,0.06093993037939072,0.8441282722021345,0.29075735807418823,0.8913615499480984,0.8210526315789474,0.2973478138446808,0.7586206896551724,0.821052610874176,0.8210600739586483,0.8202091618795109,0.10156332701444626,0.735126431220771,0.6033732295036316,0.8185301288749564,0.7551020408163265,0.29703283309936523,0.6666666666666666,0.7551020383834839,0.7520459311544166,0.7492341966026176,0.09915249794721603,0.6334145472994792,0.5958766937255859,0.7497835497835498,,,,0.7804877758026123,0.7368420958518982,-0.034621231838245364,0.5232558139534884,0.159955695271492,1.0539711325918688e-07,9.182270588325991e-08,6.67572021484375e-06,6.67572021484375e-06,0.0,0.0,0.0,0.0,0.7551020383834839,,,,,,,,,0.041952215135097504,0.028080172836780548,0.0,0.013872042298316956,0.14051440358161926,0.11361516267061234,0.2689923346042633,5.357725967769511e-05,0.5822089910507202,2.4239659309387207,0.7182461619377136,atlas_het,graphatlas_c_beta_4,graphatlas_certified,ov0.10_cross0.15,,certificate,4.0,full,none,False,dot,1,45,70,0,70,0.821052610874176,64834,480,6456,0,14.688189268112183,cpu,0,0.9536773562431335,0.05310998484492302,0.4185071885585785,1.0,0.04632265493273735,0.0,0.9921259880065918,1.4075279235839844,0.06087600812315941,0.10354971885681152,0.0027320615481585264,0.407527893781662,0.015584751032292843,0.1849014014005661,1.4075279235839844,0.407527893781662,0.0565149188041687,0.3302168846130371,2.474686482401012e-07,0.01205893512815237,0.04632266238331795,0.2072715014219284,0.7806175351142883,1.34375,0.34375,0.18652600049972534,0.6450573205947876,0.013558159582316875,0.7806798815727234,atlas_het__node_classification__graphatlas_c_beta_4__split0__seed1__a0aeeadae472,a0aeeadae472,975d6eec98ed54f0
node_classification,accuracy,0.895470380783081,0.821052610874176,0.7551020383834839,,,,,,,,,,,,0.8954703832752613,0.17381972074508667,0.8045977011494253,0.895470380783081,0.8946655724194973,0.8931481263282842,0.06093993037939072,0.8441282722021345,0.29075735807418823,0.8913615499480984,0.8210526315789474,0.2973478138446808,0.7586206896551724,0.821052610874176,0.8210600739586483,0.8202091618795109,0.10156332701444626,0.735126431220771,0.6033732295036316,0.8185301288749564,0.7551020408163265,0.29703283309936523,0.6666666666666666,0.7551020383834839,0.7520459311544166,0.7492341966026176,0.09915249794721603,0.6334145472994792,0.5958766937255859,0.7497835497835498,,,,0.7804877758026123,0.7368420958518982,-0.034621231838245364,0.5232558139534884,0.159955695271492,1.0539711325918688e-07,9.182270588325991e-08,6.67572021484375e-06,6.67572021484375e-06,0.0,0.0,0.0,0.0,0.7551020383834839,,,,,,,,,0.041952215135097504,0.028080172836780548,0.0,0.013872042298316956,0.14051440358161926,0.11361516267061234,0.2689923346042633,5.357725967769511e-05,0.5822089910507202,2.4239659309387207,0.7182461619377136,atlas_het,graphatlas_c_beta_4,graphatlas_certified,ov0.10_cross0.30,,certificate,4.0,full,none,False,dot,1,45,70,0,70,0.821052610874176,64834,480,6456,0,14.476525783538818,cpu,0,0.9536773562431335,0.05310998484492302,0.4185071885585785,1.0,0.04632265493273735,0.0,0.9921259880065918,1.4075279235839844,0.06087600812315941,0.10354971885681152,0.0027320615481585264,0.407527893781662,0.015584751032292843,0.1849014014005661,1.4075279235839844,0.407527893781662,0.0565149188041687,0.3302168846130371,2.474686482401012e-07,0.01205893512815237,0.04632266238331795,0.2072715014219284,0.7806175351142883,1.34375,0.34375,0.18652600049972534,0.6450573205947876,0.013558159582316875,0.7806798815727234,atlas_het__node_classification__graphatlas_c_beta_4__split0__seed1__ad645f1ce8a6,ad645f1ce8a6,975d6eec98ed54f0
node_classification,accuracy,0.8710801601409912,0.800000011920929,0.704081654548645,,,,,,,,,,,,0.8710801393728222,0.18527206778526306,0.8041237113402062,0.8710801601409912,0.8712848738721264,0.8688589992457395,0.044414374977350235,0.8084405970146094,0.29155752062797546,0.8696455151882683,0.8,0.3599953055381775,0.65625,0.800000011920929,0.7968256685138083,0.796121380233865,0.14918959140777588,0.7040108211567709,1.0695290565490723,0.800223968897904,0.7040816326530612,0.4375689625740051,0.6333333333333333,0.704081654548645,0.7033824879258135,0.7019756200084069,0.1612018495798111,0.5578280284968518,0.8254687190055847,0.7000000000000001,,,,0.6904761791229248,0.7142857313156128,0.09251910241242835,0.4364406779661017,0.07942970842123032,8.779555571436504e-08,9.277505341742653e-08,5.7220458984375e-06,9.5367431640625e-06,0.0,0.0,0.0,0.0,0.704081654548645,,,,,,,,,0.11968676745891571,0.07965110242366791,0.0,0.040035661309957504,0.14070209860801697,0.11062277108430862,0.30079320073127747,0.0,0.5542236566543579,2.4450480937957764,0.7895817756652832,atlas_het,graphatlas_c_beta_4,graphatlas_certified,ov0.10_cross0.00,,certificate,4.0,full,none,False,dot,2,50,75,0,75,0.800000011920929,64834,480,6506,0,15.377278804779053,cpu,0,0.9579440951347351,0.04842361807823181,0.4477044939994812,1.0,0.04205596446990967,0.0,0.9922860860824585,1.6584690809249878,0.05226035416126251,0.08611241728067398,0.0035162002313882113,0.6584690809249878,0.021311741322278976,0.3079430162906647,1.6584690809249878,0.6584690809249878,0.0490337610244751,0.36736005544662476,2.505176439626666e-07,0.016545262187719345,0.04205596446990967,0.34292417764663696,0.6113331317901611,1.600000023841858,0.6000000238418579,0.30492857098579407,0.6652132868766785,0.06930416077375412,0.5403672456741333,atlas_het__node_classification__graphatlas_c_beta_4__split0__seed2__6c759a23510f,6c759a23510f,975d6eec98ed54f0
node_classification,accuracy,0.8710801601409912,0.800000011920929,0.704081654548645,,,,,,,,,,,,0.8710801393728222,0.18527206778526306,0.8041237113402062,0.8710801601409912,0.8712848738721264,0.8688589992457395,0.044414374977350235,0.8084405970146094,0.29155752062797546,0.8696455151882683,0.8,0.3599953055381775,0.65625,0.800000011920929,0.7968256685138083,0.796121380233865,0.14918959140777588,0.7040108211567709,1.0695290565490723,0.800223968897904,0.7040816326530612,0.4375689625740051,0.6333333333333333,0.704081654548645,0.7033824879258135,0.7019756200084069,0.1612018495798111,0.5578280284968518,0.8254687190055847,0.7000000000000001,,,,0.6904761791229248,0.7142857313156128,0.09251910241242835,0.4364406779661017,0.07942970842123032,8.779555571436504e-08,9.277505341742653e-08,5.7220458984375e-06,9.5367431640625e-06,0.0,0.0,0.0,0.0,0.704081654548645,,,,,,,,,0.11968676745891571,0.07965110242366791,0.0,0.040035661309957504,0.14070209860801697,0.11062277108430862,0.30079320073127747,0.0,0.5542236566543579,2.4450480937957764,0.7895817756652832,atlas_het,graphatlas_c_beta_4,graphatlas_certified,ov0.10_cross0.15,,certificate,4.0,full,none,False,dot,2,50,75,0,75,0.800000011920929,64834,480,6506,0,15.56733775138855,cpu,0,0.9579440951347351,0.04842361807823181,0.4477044939994812,1.0,0.04205596446990967,0.0,0.9922860860824585,1.6584690809249878,0.05226035416126251,0.08611241728067398,0.0035162002313882113,0.6584690809249878,0.021311741322278976,0.3079430162906647,1.6584690809249878,0.6584690809249878,0.0490337610244751,0.36736005544662476,2.505176439626666e-07,0.016545262187719345,0.04205596446990967,0.34292417764663696,0.6113331317901611,1.600000023841858,0.6000000238418579,0.30492857098579407,0.6652132868766785,0.06930416077375412,0.5403672456741333,atlas_het__node_classification__graphatlas_c_beta_4__split0__seed2__f9340e7f9174,f9340e7f9174,975d6eec98ed54f0
node_classification,accuracy,0.8710801601409912,0.800000011920929,0.704081654548645,,,,,,,,,,,,0.8710801393728222,0.18527206778526306,0.8041237113402062,0.8710801601409912,0.8712848738721264,0.8688589992457395,0.044414374977350235,0.8084405970146094,0.29155752062797546,0.8696455151882683,0.8,0.3599953055381775,0.65625,0.800000011920929,0.7968256685138083,0.796121380233865,0.14918959140777588,0.7040108211567709,1.0695290565490723,0.800223968897904,0.7040816326530612,0.4375689625740051,0.6333333333333333,0.704081654548645,0.7033824879258135,0.7019756200084069,0.1612018495798111,0.5578280284968518,0.8254687190055847,0.7000000000000001,,,,0.6904761791229248,0.7142857313156128,0.09251910241242835,0.4364406779661017,0.07942970842123032,8.779555571436504e-08,9.277505341742653e-08,5.7220458984375e-06,9.5367431640625e-06,0.0,0.0,0.0,0.0,0.704081654548645,,,,,,,,,0.11968676745891571,0.07965110242366791,0.0,0.040035661309957504,0.14070209860801697,0.11062277108430862,0.30079320073127747,0.0,0.5542236566543579,2.4450480937957764,0.7895817756652832,atlas_het,graphatlas_c_beta_4,graphatlas_certified,ov0.10_cross0.30,,certificate,4.0,full,none,False,dot,2,50,75,0,75,0.800000011920929,64834,480,6506,0,15.409546852111816,cpu,0,0.9579440951347351,0.04842361807823181,0.4477044939994812,1.0,0.04205596446990967,0.0,0.9922860860824585,1.6584690809249878,0.05226035416126251,0.08611241728067398,0.0035162002313882113,0.6584690809249878,0.021311741322278976,0.3079430162906647,1.6584690809249878,0.6584690809249878,0.0490337610244751,0.36736005544662476,2.505176439626666e-07,0.016545262187719345,0.04205596446990967,0.34292417764663696,0.6113331317901611,1.600000023841858,0.6000000238418579,0.30492857098579407,0.6652132868766785,0.06930416077375412,0.5403672456741333,atlas_het__node_classification__graphatlas_c_beta_4__split0__seed2__ffd0da912407,ffd0da912407,975d6eec98ed54f0
node_classification,accuracy,0.9372822046279907,0.8315789699554443,0.7551020383834839,,,,,,,,,,,,0.9372822299651568,0.09009192138910294,0.9019607843137255,0.9372822046279907,0.9372219784340167,0.9373338928928003,0.03337191045284271,0.9065569223673385,0.15101556479930878,0.9366879281833215,0.8315789473684211,0.3151654899120331,0.7647058823529411,0.8315789699554443,0.8297325815170358,0.833275360485707,0.13677051663398743,0.7500854043842599,0.8644812107086182,0.8405954974582425,0.7551020408163265,0.44720202684402466,0.7058823529411765,0.7551020383834839,0.7551020408163265,0.7528639041823627,0.20647287368774414,0.6314634910686305,1.5598739385604858,0.7528639041823627,,,,0.8620689511299133,0.7101449370384216,0.07703117354461274,0.3824884792626728,0.18047533929347992,7.462044493422582e-08,6.958084242114637e-08,7.62939453125e-06,1.1444091796875e-05,0.0,0.0,0.0,0.0,0.7551020383834839,,,,,,,,,0.03835489973425865,0.020379433408379555,0.0,0.017975466325879097,0.1470266580581665,0.12956181168556213,0.17464841902256012,0.0,0.6952759027481079,1.871534824371338,1.3801301717758179,atlas_het,graphatlas_c_beta_4,graphatlas_certified,ov0.10_cross0.00,,certificate,4.0,full,none,False,dot,3,50,75,0,75,0.8315789699554443,64834,480,6486,0,15.351575136184692,cpu,0,0.9005034565925598,0.13044719398021698,0.35364335775375366,0.9999998807907104,0.09949663281440735,0.0,0.8819098472595215,1.5572000741958618,0.15043622255325317,0.3650846779346466,0.027651501819491386,0.5572001338005066,0.056744854897260666,0.28542694449424744,1.5572000741958618,0.5572001338005066,0.11371874809265137,0.6372846364974976,2.3701373663698178e-07,0.039643533527851105,0.09949661791324615,0.3265203535556793,0.8167848587036133,1.5270832777023315,0.5270833373069763,0.30413514375686646,0.6870079636573792,0.002465483034029603,0.5287184119224548,atlas_het__node_classification__graphatlas_c_beta_4__split0__seed3__1e657bddf78f,1e657bddf78f,975d6eec98ed54f0
node_classification,accuracy,0.9372822046279907,0.8315789699554443,0.7551020383834839,,,,,,,,,,,,0.9372822299651568,0.09009192138910294,0.9019607843137255,0.9372822046279907,0.9372219784340167,0.9373338928928003,0.03337191045284271,0.9065569223673385,0.15101556479930878,0.9366879281833215,0.8315789473684211,0.3151654899120331,0.7647058823529411,0.8315789699554443,0.8297325815170358,0.833275360485707,0.13677051663398743,0.7500854043842599,0.8644812107086182,0.8405954974582425,0.7551020408163265,0.44720202684402466,0.7058823529411765,0.7551020383834839,0.7551020408163265,0.7528639041823627,0.20647287368774414,0.6314634910686305,1.5598739385604858,0.7528639041823627,,,,0.8620689511299133,0.7101449370384216,0.07703117354461274,0.3824884792626728,0.18047533929347992,7.462044493422582e-08,6.958084242114637e-08,7.62939453125e-06,1.1444091796875e-05,0.0,0.0,0.0,0.0,0.7551020383834839,,,,,,,,,0.03835489973425865,0.020379433408379555,0.0,0.017975466325879097,0.1470266580581665,0.12956181168556213,0.17464841902256012,0.0,0.6952759027481079,1.871534824371338,1.3801301717758179,atlas_het,graphatlas_c_beta_4,graphatlas_certified,ov0.10_cross0.15,,certificate,4.0,full,none,False,dot,3,50,75,0,75,0.8315789699554443,64834,480,6486,0,15.524126768112183,cpu,0,0.9005034565925598,0.13044719398021698,0.35364335775375366,0.9999998807907104,0.09949663281440735,0.0,0.8819098472595215,1.5572000741958618,0.15043622255325317,0.3650846779346466,0.027651501819491386,0.5572001338005066,0.056744854897260666,0.28542694449424744,1.5572000741958618,0.5572001338005066,0.11371874809265137,0.6372846364974976,2.3701373663698178e-07,0.039643533527851105,0.09949661791324615,0.3265203535556793,0.8167848587036133,1.5270832777023315,0.5270833373069763,0.30413514375686646,0.6870079636573792,0.002465483034029603,0.5287184119224548,atlas_het__node_classification__graphatlas_c_beta_4__split0__seed3__40f700b1169f,40f700b1169f,975d6eec98ed54f0
node_classification,accuracy,0.9372822046279907,0.8315789699554443,0.7551020383834839,,,,,,,,,,,,0.9372822299651568,0.09009192138910294,0.9019607843137255,0.9372822046279907,0.9372219784340167,0.9373338928928003,0.03337191045284271,0.9065569223673385,0.15101556479930878,0.9366879281833215,0.8315789473684211,0.3151654899120331,0.7647058823529411,0.8315789699554443,0.8297325815170358,0.833275360485707,0.13677051663398743,0.7500854043842599,0.8644812107086182,0.8405954974582425,0.7551020408163265,0.44720202684402466,0.7058823529411765,0.7551020383834839,0.7551020408163265,0.7528639041823627,0.20647287368774414,0.6314634910686305,1.5598739385604858,0.7528639041823627,,,,0.8620689511299133,0.7101449370384216,0.07703117354461274,0.3824884792626728,0.18047533929347992,7.462044493422582e-08,6.958084242114637e-08,7.62939453125e-06,1.1444091796875e-05,0.0,0.0,0.0,0.0,0.7551020383834839,,,,,,,,,0.03835489973425865,0.020379433408379555,0.0,0.017975466325879097,0.1470266580581665,0.12956181168556213,0.17464841902256012,0.0,0.6952759027481079,1.871534824371338,1.3801301717758179,atlas_het,graphatlas_c_beta_4,graphatlas_certified,ov0.10_cross0.30,,certificate,4.0,full,none,False,dot,3,50,75,0,75,0.8315789699554443,64834,480,6486,0,15.354892492294312,cpu,0,0.9005034565925598,0.13044719398021698,0.35364335775375366,0.9999998807907104,0.09949663281440735,0.0,0.8819098472595215,1.5572000741958618,0.15043622255325317,0.3650846779346466,0.027651501819491386,0.5572001338005066,0.056744854897260666,0.28542694449424744,1.5572000741958618,0.5572001338005066,0.11371874809265137,0.6372846364974976,2.3701373663698178e-07,0.039643533527851105,0.09949661791324615,0.3265203535556793,0.8167848587036133,1.5270832777023315,0.5270833373069763,0.30413514375686646,0.6870079636573792,0.002465483034029603,0.5287184119224548,atlas_het__node_classification__graphatlas_c_beta_4__split0__seed3__65988faa6e87,65988faa6e87,975d6eec98ed54f0
node_classification,accuracy,0.9547038078308105,0.800000011920929,0.8265306353569031,,,,,,,,,,,,0.9547038327526133,0.06979771703481674,0.9411764705882353,0.9547038078308105,0.9546975126549316,0.9542877536188573,0.024489443749189377,0.9319346153881491,0.13120920956134796,0.953921568627451,0.8,0.33712834119796753,0.7352941176470589,0.800000011920929,0.7983187134502924,0.7974537037037037,0.16853445768356323,0.7019570703487481,0.8841571807861328,0.7981283422459894,0.826530612244898,0.2940402626991272,0.7333333333333333,0.8265306353569031,0.8257557539905199,0.8236449332285938,0.13536271452903748,0.7403857922354584,0.8304661512374878,0.8228758169934641,,,,0.8235294222831726,0.828125,0.09802018473483234,0.477751756440281,0.1578047275543213,6.041746303253603e-08,6.425195664405692e-08,5.7220458984375e-06,7.62939453125e-06,0.0,0.0,0.0,0.0,0.8265306353569031,,,,,,,,,0.15329040586948395,0.1002897396683693,0.0,0.053000662475824356,0.17845506966114044,0.16054221987724304,0.179128497838974,0.0,0.639922022819519,2.2116758823394775,1.2212241888046265,atlas_het,graphatlas_c_beta_4,graphatlas_certified,ov0.10_cross0.00,,certificate,4.0,full,none,False,dot,4,60,85,0,85,0.800000011920929,64834,480,6552,0,17.47757124900818,cpu,0,0.9419858455657959,0.06785440444946289,0.6936697959899902,1.0,0.05801413580775261,0.0,0.9995326995849609,1.5737179517745972,0.09425747394561768,0.17671649158000946,0.00950654223561287,0.5737179517745972,0.03878365829586983,0.30316415429115295,1.5737179517745972,0.5737179517745972,0.07902395725250244,0.24575316905975342,2.3876674504208495e-07,0.02922965958714485,0.058014143258333206,0.34598398208618164,0.7465913891792297,1.524999976158142,0.5249999761581421,0.3040841519832611,0.6875163316726685,0.10048787295818329,0.5951359868049622,atlas_het__node_classification__graphatlas_c_beta_4__split0__seed4__00f8a641a51e,00f8a641a51e,975d6eec98ed54f0
node_classification,accuracy,0.9547038078308105,0.800000011920929,0.8265306353569031,,,,,,,,,,,,0.9547038327526133,0.06979771703481674,0.9411764705882353,0.9547038078308105,0.9546975126549316,0.9542877536188573,0.024489443749189377,0.9319346153881491,0.13120920956134796,0.953921568627451,0.8,0.33712834119796753,0.7352941176470589,0.800000011920929,0.7983187134502924,0.7974537037037037,0.16853445768356323,0.7019570703487481,0.8841571807861328,0.7981283422459894,0.826530612244898,0.2940402626991272,0.7333333333333333,0.8265306353569031,0.8257557539905199,0.8236449332285938,0.13536271452903748,0.7403857922354584,0.8304661512374878,0.8228758169934641,,,,0.8235294222831726,0.828125,0.09802018473483234,0.477751756440281,0.1578047275543213,6.041746303253603e-08,6.425195664405692e-08,5.7220458984375e-06,7.62939453125e-06,0.0,0.0,0.0,0.0,0.8265306353569031,,,,,,,,,0.15329040586948395,0.1002897396683693,0.0,0.053000662475824356,0.17845506966114044,0.16054221987724304,0.179128497838974,0.0,0.639922022819519,2.2116758823394775,1.2212241888046265,atlas_het,graphatlas_c_beta_4,graphatlas_certified,ov0.10_cross0.15,,certificate,4.0,full,none,False,dot,4,60,85,0,85,0.800000011920929,64834,480,6552,0,17.488651990890503,cpu,0,0.9419858455657959,0.06785440444946289,0.6936697959899902,1.0,0.05801413580775261,0.0,0.9995326995849609,1.5737179517745972,0.09425747394561768,0.17671649158000946,0.00950654223561287,0.5737179517745972,0.03878365829586983,0.30316415429115295,1.5737179517745972,0.5737179517745972,0.07902395725250244,0.24575316905975342,2.3876674504208495e-07,0.02922965958714485,0.058014143258333206,0.34598398208618164,0.7465913891792297,1.524999976158142,0.5249999761581421,0.3040841519832611,0.6875163316726685,0.10048787295818329,0.5951359868049622,atlas_het__node_classification__graphatlas_c_beta_4__split0__seed4__d05a41fb839f,d05a41fb839f,975d6eec98ed54f0
node_classification,accuracy,0.9547038078308105,0.800000011920929,0.8265306353569031,,,,,,,,,,,,0.9547038327526133,0.06979771703481674,0.9411764705882353,0.9547038078308105,0.9546975126549316,0.9542877536188573,0.024489443749189377,0.9319346153881491,0.13120920956134796,0.953921568627451,0.8,0.33712834119796753,0.7352941176470589,0.800000011920929,0.7983187134502924,0.7974537037037037,0.16853445768356323,0.7019570703487481,0.8841571807861328,0.7981283422459894,0.826530612244898,0.2940402626991272,0.7333333333333333,0.8265306353569031,0.8257557539905199,0.8236449332285938,0.13536271452903748,0.7403857922354584,0.8304661512374878,0.8228758169934641,,,,0.8235294222831726,0.828125,0.09802018473483234,0.477751756440281,0.1578047275543213,6.041746303253603e-08,6.425195664405692e-08,5.7220458984375e-06,7.62939453125e-06,0.0,0.0,0.0,0.0,0.8265306353569031,,,,,,,,,0.15329040586948395,0.1002897396683693,0.0,0.053000662475824356,0.17845506966114044,0.16054221987724304,0.179128497838974,0.0,0.639922022819519,2.2116758823394775,1.2212241888046265,atlas_het,graphatlas_c_beta_4,graphatlas_certified,ov0.10_cross0.30,,certificate,4.0,full,none,False,dot,4,60,85,0,85,0.800000011920929,64834,480,6552,0,17.39054012298584,cpu,0,0.9419858455657959,0.06785440444946289,0.6936697959899902,1.0,0.05801413580775261,0.0,0.9995326995849609,1.5737179517745972,0.09425747394561768,0.17671649158000946,0.00950654223561287,0.5737179517745972,0.03878365829586983,0.30316415429115295,1.5737179517745972,0.5737179517745972,0.07902395725250244,0.24575316905975342,2.3876674504208495e-07,0.02922965958714485,0.058014143258333206,0.34598398208618164,0.7465913891792297,1.524999976158142,0.5249999761581421,0.3040841519832611,0.6875163316726685,0.10048787295818329,0.5951359868049622,atlas_het__node_classification__graphatlas_c_beta_4__split0__seed4__34df02528c13,34df02528c13,975d6eec98ed54f0
