task,metric_name,train_metric,val_metric,test_metric,train_link_roc_auc,val_link_roc_auc,test_link_roc_auc,train_link_average_precision,val_link_average_precision,test_link_average_precision,train_link_mrr,val_link_mrr,test_link_mrr,test_link_hits_at_10,test_link_hits_at_50,train_worst_class_recall,train_weighted_f1,train_balanced_accuracy,train_nll,train_brier,train_micro_f1,train_accuracy,train_mcc,train_ece,train_macro_f1,val_worst_class_recall,val_weighted_f1,val_balanced_accuracy,val_nll,val_brier,val_micro_f1,val_accuracy,val_mcc,val_ece,val_macro_f1,test_worst_class_recall,test_weighted_f1,test_balanced_accuracy,test_nll,test_brier,test_micro_f1,test_accuracy,test_mcc,test_ece,test_macro_f1,train_roc_auc,val_roc_auc,test_roc_auc,boundary_accuracy,interior_accuracy,chart_ari,overlap_f1,reconstruction_error,invariance_error_affine,invariance_error_nonlinear,invariance_logit_max_affine,invariance_logit_max_nonlinear,intervention_flip_rate_affine,intervention_flip_rate_nonlinear,intervention_test_metric_drop_affine,intervention_test_metric_drop_nonlinear,intervention_test_metric_nonlinear,metric_recovery_error,metric_recovery_mean_error,transition_error,local_distortion,cross_chart_distortion,curvature_flat_fraction,curvature_positive_fraction,curvature_negative_fraction,cocycle_error,inverse_cycle_error,triple_cocycle_error,path_consistency_error,metric_compatibility_error,metric_direction_error,metric_scale_error,chart_rank_error,chart_min_relative_singular_value,chart_condition_number,geometry_error,dataset,model,model_family,condition_id,intervention_profile,certified_routing_mode,transportability_beta,readout_mode,coordinate_activation,coordinate_left_linear,link_decoder,seed,best_epoch,last_epoch,resumed_from_epoch,trained_epochs_this_call,best_val_metric,parameters,num_nodes,num_edges,peak_cuda_memory_bytes,runtime_seconds,device,split,transportability_mean,transportability_std,transportability_min,transportability_max,distortion_mean,fraction_q_below_025,fraction_q_above_075,active_source_chart_count,q_route_spread_mean,q_route_spread_p90,routing_kl_from_membership,fraction_edges_with_multiple_source_charts,routing_total_variation_from_membership,routing_entropy_mean,active_target_chart_count,fraction_edges_with_multiple_target_charts,q_route_spread_median,q_route_spread_max,q_delta_closure_error,routing_opportunity,irreducible_transport_risk,cross_chart_mass,q_reference_agreement,mean_active_charts,overlap_ratio,membership_entropy_mean,membership_entropy_p90,chart_utilization_min,chart_utilization_max,run_id,config_hash,source_hash
node_classification,accuracy,0.9128919839859009,0.7553191781044006,0.8989899158477783,,,,,,,,,,,,0.8846153846153846,0.9127765325396949,0.914243856390641,0.21669405698776245,0.13163553178310394,0.9128919860627178,0.9128919839859009,0.86925445453274,0.030448317527770996,0.9135749169899814,0.7352941176470589,0.7557486325159627,0.7567776832646297,1.1749833822250366,0.43042734265327454,0.7553191489361702,0.7553191781044006,0.6343537781915982,0.19062939286231995,0.7553926360377973,0.8709677419354839,0.8988306693644533,0.8991188769414576,0.38475337624549866,0.18269012868404388,0.898989898989899,0.8989899158477783,0.8486196319018405,0.0758884847164154,0.8985817538114929,,,,0.9166666865348816,0.8888888955116272,0.1231596942920175,0.5626204238921002,0.2071196734905243,7.330604034905264e-08,5.94432485456764e-08,4.76837158203125e-06,3.814697265625e-06,0.0,0.0,0.0,0.0,0.8989899158477783,,,,,,,,,0.17538174986839294,0.12020926922559738,0.0,0.05517248064279556,0.2534748911857605,0.19214744865894318,0.6132745742797852,1.496273966949957e-06,0.5324808955192566,2.766631841659546,1.3933022022247314,atlas_het,graphatlas_c,graphatlas_certified,ov0.10_cross0.00,,certificate,1.0,full,none,False,dot,0,50,75,0,75,0.7553191781044006,64834,480,6540,0,15.705996036529541,cpu,0,0.962411105632782,0.05864306539297104,0.6376705765724182,1.0,0.03758889436721802,0.0,0.9850552678108215,1.7587156295776367,0.05513390898704529,0.137766033411026,0.0005021774559281766,0.7587155699729919,0.0075716678984463215,0.38244983553886414,1.7587156295776367,0.7587155699729919,0.026703953742980957,0.3611941933631897,2.510698777768994e-07,0.020922305062413216,0.03758889064192772,0.35589730739593506,0.5809378027915955,1.71875,0.71875,0.3762596845626831,0.6675931215286255,0.042518842965364456,0.5134512186050415,atlas_het__node_classification__graphatlas_c__split0__seed0__c4b3c0ec750a,c4b3c0ec750a,975d6eec98ed54f0
node_classification,accuracy,0.9128919839859009,0.7553191781044006,0.8989899158477783,,,,,,,,,,,,0.8846153846153846,0.9127765325396949,0.914243856390641,0.21669405698776245,0.13163553178310394,0.9128919860627178,0.9128919839859009,0.86925445453274,0.030448317527770996,0.9135749169899814,0.7352941176470589,0.7557486325159627,0.7567776832646297,1.1749833822250366,0.43042734265327454,0.7553191489361702,0.7553191781044006,0.6343537781915982,0.19062939286231995,0.7553926360377973,0.8709677419354839,0.8988306693644533,0.8991188769414576,0.38475337624549866,0.18269012868404388,0.898989898989899,0.8989899158477783,0.8486196319018405,0.0758884847164154,0.8985817538114929,,,,0.9166666865348816,0.8888888955116272,0.1231596942920175,0.5626204238921002,0.2071196734905243,7.330604034905264e-08,5.94432485456764e-08,4.76837158203125e-06,3.814697265625e-06,0.0,0.0,0.0,0.0,0.8989899158477783,,,,,,,,,0.17538174986839294,0.12020926922559738,0.0,0.05517248064279556,0.2534748911857605,0.19214744865894318,0.6132745742797852,1.496273966949957e-06,0.5324808955192566,2.766631841659546,1.3933022022247314,atlas_het,graphatlas_c,graphatlas_certified,ov0.10_cross0.15,,certificate,1.0,full,none,False,dot,0,50,75,0,75,0.7553191781044006,64834,480,6540,0,15.540953397750854,cpu,0,0.962411105632782,0.05864306539297104,0.6376705765724182,1.0,0.03758889436721802,0.0,0.9850552678108215,1.7587156295776367,0.05513390898704529,0.137766033411026,0.0005021774559281766,0.7587155699729919,0.0075716678984463215,0.38244983553886414,1.7587156295776367,0.7587155699729919,0.026703953742980957,0.3611941933631897,2.510698777768994e-07,0.020922305062413216,0.03758889064192772,0.35589730739593506,0.5809378027915955,1.71875,0.71875,0.3762596845626831,0.6675931215286255,0.042518842965364456,0.5134512186050415,atlas_het__node_classification__graphatlas_c__split0__seed0__10fa22a27b4e,10fa22a27b4e,975d6eec98ed54f0
node_classification,accuracy,0.9128919839859009,0.7553191781044006,0.8989899158477783,,,,,,,,,,,,0.8846153846153846,0.9127765325396949,0.914243856390641,0.21669405698776245,0.13163553178310394,0.9128919860627178,0.9128919839859009,0.86925445453274,0.030448317527770996,0.9135749169899814,0.7352941176470589,0.7557486325159627,0.7567776832646297,1.1749833822250366,0.43042734265327454,0.7553191489361702,0.7553191781044006,0.6343537781915982,0.19062939286231995,0.7553926360377973,0.8709677419354839,0.8988306693644533,0.8991188769414576,0.38475337624549866,0.18269012868404388,0.898989898989899,0.8989899158477783,0.8486196319018405,0.0758884847164154,0.8985817538114929,,,,0.9166666865348816,0.8888888955116272,0.1231596942920175,0.5626204238921002,0.2071196734905243,7.330604034905264e-08,5.94432485456764e-08,4.76837158203125e-06,3.814697265625e-06,0.0,0.0,0.0,0.0,0.8989899158477783,,,,,,,,,0.17538174986839294,0.12020926922559738,0.0,0.05517248064279556,0.2534748911857605,0.19214744865894318,0.6132745742797852,1.496273966949957e-06,0.5324808955192566,2.766631841659546,1.3933022022247314,atlas_het,graphatlas_c,graphatlas_certified,ov0.10_cross0.30,,certificate,1.0,full,none,False,dot,0,50,75,0,75,0.7553191781044006,64834,480,6540,0,15.629584074020386,cpu,0,0.962411105632782,0.05864306539297104,0.6376705765724182,1.0,0.03758889436721802,0.0,0.9850552678108215,1.7587156295776367,0.05513390898704529,0.137766033411026,0.0005021774559281766,0.7587155699729919,0.0075716678984463215,0.38244983553886414,1.7587156295776367,0.7587155699729919,0.026703953742980957,0.3611941933631897,2.510698777768994e-07,0.020922305062413216,0.03758889064192772,0.35589730739593506,0.5809378027915955,1.71875,0.71875,0.3762596845626831,0.6675931215286255,0.042518842965364456,0.5134512186050415,atlas_het__node_classification__graphatlas_c__split0__seed0__f7603b147e2a,f7603b147e2a,975d6eec98ed54f0
node_classification,accuracy,0.895470380783081,0.8315789699554443,0.8163265585899353,,,,,,,,,,,,0.8620689655172413,0.8952865191463985,0.8938169679036868,0.2141091525554657,0.1318860948085785,0.8954703832752613,0.895470380783081,0.8428707604127654,0.044083982706069946,0.8943124635907435,0.8181818181818182,0.8331895312050618,0.8314176245210728,0.6783283352851868,0.29754993319511414,0.8315789473684211,0.8315789699554443,0.7485439441782563,0.13352897763252258,0.8313186509907822,0.696969696969697,0.814781676217285,0.814862914862915,0.6384133100509644,0.2640359699726105,0.8163265306122449,0.8163265585899353,0.7295179549906766,0.11050988733768463,0.8133625250866631,,,,0.8292682766914368,0.8070175647735596,-0.03312311809597821,0.5517241379310345,0.18932367861270905,9.843103754292315e-08,8.390811956360267e-08,1.52587890625e-05,5.7220458984375e-06,0.0,0.0,0.0,0.0,0.8163265585899353,,,,,,,,,0.0731680616736412,0.05274195596575737,0.0,0.020426105707883835,0.11918620765209198,0.0954926460981369,0.23693564534187317,1.9524752133293077e-05,0.5818737745285034,2.3704957962036133,0.7419161200523376,atlas_het,graphatlas_c,graphatlas_certified,ov0.10_cross0.00,,certificate,1.0,full,none,False,dot,1,50,75,0,75,0.8315789699554443,64834,480,6456,0,15.574329137802124,cpu,0,0.9608392119407654,0.04555562138557434,0.480132132768631,1.0,0.03916075825691223,0.0,0.9951723217964172,1.4076827764511108,0.05741134285926819,0.08668684959411621,0.00013663602294400334,0.40768277645111084,0.003692484460771084,0.18781907856464386,1.4076827764511108,0.40768277645111084,0.058604300022125244,0.24183422327041626,2.3780765445735597e-07,0.010433531366288662,0.03916076943278313,0.20780764520168304,0.7697749137878418,1.3520833253860474,0.35208332538604736,0.1896604597568512,0.6470888257026672,0.012954880483448505,0.779316246509552,atlas_het__node_classification__graphatlas_c__split0__seed1__394bc13a9e33,394bc13a9e33,975d6eec98ed54f0
node_classification,accuracy,0.895470380783081,0.8315789699554443,0.8163265585899353,,,,,,,,,,,,0.8620689655172413,0.8952865191463985,0.8938169679036868,0.2141091525554657,0.1318860948085785,0.8954703832752613,0.895470380783081,0.8428707604127654,0.044083982706069946,0.8943124635907435,0.8181818181818182,0.8331895312050618,0.8314176245210728,0.6783283352851868,0.29754993319511414,0.8315789473684211,0.8315789699554443,0.7485439441782563,0.13352897763252258,0.8313186509907822,0.696969696969697,0.814781676217285,0.814862914862915,0.6384133100509644,0.2640359699726105,0.8163265306122449,0.8163265585899353,0.7295179549906766,0.11050988733768463,0.8133625250866631,,,,0.8292682766914368,0.8070175647735596,-0.03312311809597821,0.5517241379310345,0.18932367861270905,9.843103754292315e-08,8.390811956360267e-08,1.52587890625e-05,5.7220458984375e-06,0.0,0.0,0.0,0.0,0.8163265585899353,,,,,,,,,0.0731680616736412,0.05274195596575737,0.0,0.020426105707883835,0.11918620765209198,0.0954926460981369,0.23693564534187317,1.9524752133293077e-05,0.5818737745285034,2.3704957962036133,0.7419161200523376,atlas_het,graphatlas_c,graphatlas_certified,ov0.10_cross0.15,,certificate,1.0,full,none,False,dot,1,50,75,0,75,0.8315789699554443,64834,480,6456,0,15.40701675415039,cpu,0,0.9608392119407654,0.04555562138557434,0.480132132768631,1.0,0.03916075825691223,0.0,0.9951723217964172,1.4076827764511108,0.05741134285926819,0.08668684959411621,0.00013663602294400334,0.40768277645111084,0.003692484460771084,0.18781907856464386,1.4076827764511108,0.40768277645111084,0.058604300022125244,0.24183422327041626,2.3780765445735597e-07,0.010433531366288662,0.03916076943278313,0.20780764520168304,0.7697749137878418,1.3520833253860474,0.35208332538604736,0.1896604597568512,0.6470888257026672,0.012954880483448505,0.779316246509552,atlas_het__node_classification__graphatlas_c__split0__seed1__ec653b0a49cb,ec653b0a49cb,975d6eec98ed54f0
node_classification,accuracy,0.895470380783081,0.8315789699554443,0.8163265585899353,,,,,,,,,,,,0.8620689655172413,0.8952865191463985,0.8938169679036868,0.2141091525554657,0.1318860948085785,0.8954703832752613,0.895470380783081,0.8428707604127654,0.044083982706069946,0.8943124635907435,0.8181818181818182,0.8331895312050618,0.8314176245210728,0.6783283352851868,0.29754993319511414,0.8315789473684211,0.8315789699554443,0.7485439441782563,0.13352897763252258,0.8313186509907822,0.696969696969697,0.814781676217285,0.814862914862915,0.6384133100509644,0.2640359699726105,0.8163265306122449,0.8163265585899353,0.7295179549906766,0.11050988733768463,0.8133625250866631,,,,0.8292682766914368,0.8070175647735596,-0.03312311809597821,0.5517241379310345,0.18932367861270905,9.843103754292315e-08,8.390811956360267e-08,1.52587890625e-05,5.7220458984375e-06,0.0,0.0,0.0,0.0,0.8163265585899353,,,,,,,,,0.0731680616736412,0.05274195596575737,0.0,0.020426105707883835,0.11918620765209198,0.0954926460981369,0.23693564534187317,1.9524752133293077e-05,0.5818737745285034,2.3704957962036133,0.7419161200523376,atlas_het,graphatlas_c,graphatlas_certified,ov0.10_cross0.30,,certificate,1.0,full,none,False,dot,1,50,75,0,75,0.8315789699554443,64834,480,6456,0,15.550911664962769,cpu,0,0.9608392119407654,0.04555562138557434,0.480132132768631,1.0,0.03916075825691223,0.0,0.9951723217964172,1.4076827764511108,0.05741134285926819,0.08668684959411621,0.00013663602294400334,0.40768277645111084,0.003692484460771084,0.18781907856464386,1.4076827764511108,0.40768277645111084,0.058604300022125244,0.24183422327041626,2.3780765445735597e-07,0.010433531366288662,0.03916076943278313,0.20780764520168304,0.7697749137878418,1.3520833253860474,0.35208332538604736,0.1896604597568512,0.6470888257026672,0.012954880483448505,0.779316246509552,atlas_het__node_classification__graphatlas_c__split0__seed1__67f4ef96a97c,67f4ef96a97c,975d6eec98ed54f0
node_classification,accuracy,0.9337978959083557,0.8315789699554443,0.7448979616165161,,,,,,,,,,,,0.8977272727272727,0.9338710958710426,0.9322186387832234,0.1432911604642868,0.0886555016040802,0.9337979094076655,0.9337978959083557,0.9011465857739067,0.029047634452581406,0.933988508369031,0.7241379310344828,0.8302931464384393,0.8271636240703177,1.2861889600753784,0.28784996271133423,0.8315789473684211,0.8315789699554443,0.7473304334412235,0.14664670825004578,0.8279022620571915,0.5666666666666667,0.7405052930263014,0.7378066378066378,1.2706632614135742,0.4191727638244629,0.7448979591836735,0.7448979616165161,0.6207539525510652,0.1860351860523224,0.7380103556574144,,,,0.6904761791229248,0.7857142686843872,0.07363949284008886,0.44880174291938996,0.10088161379098892,6.235517702180005e-08,7.020908299182338e-08,1.52587890625e-05,1.52587890625e-05,0.0,0.0,0.0,0.0,0.7448979616165161,,,,,,,,,0.12528011202812195,0.09015168249607086,0.0,0.03512842208147049,0.13944588601589203,0.10518132895231247,0.342645525932312,2.958009463327471e-05,0.4900529980659485,2.9780373573303223,1.359782338142395,atlas_het,graphatlas_c,graphatlas_certified,ov0.10_cross0.00,,certificate,1.0,full,none,False,dot,2,80,105,0,105,0.8315789699554443,64834,480,6506,0,21.60216212272644,cpu,0,0.9802778959274292,0.044231247156858444,0.24855521321296692,1.0,0.019722186028957367,0.0001135073762270622,0.9926787614822388,1.612972617149353,0.01774652861058712,0.03338596224784851,4.200578041491099e-05,0.612972617149353,0.0020461820531636477,0.3336382508277893,1.612972617149353,0.612972617149353,0.013570129871368408,0.3953580856323242,2.6003795028373133e-07,0.006309343967586756,0.019722195342183113,0.38529035449028015,0.6793729066848755,1.5729166269302368,0.5729166865348816,0.33479541540145874,0.6908431649208069,0.1407177448272705,0.5390971302986145,atlas_het__node_classification__graphatlas_c__split0__seed2__89b77e2b0fc4,89b77e2b0fc4,975d6eec98ed54f0
node_classification,accuracy,0.9337978959083557,0.8315789699554443,0.7448979616165161,,,,,,,,,,,,0.8977272727272727,0.9338710958710426,0.9322186387832234,0.1432911604642868,0.0886555016040802,0.9337979094076655,0.9337978959083557,0.9011465857739067,0.029047634452581406,0.933988508369031,0.7241379310344828,0.8302931464384393,0.8271636240703177,1.2861889600753784,0.28784996271133423,0.8315789473684211,0.8315789699554443,0.7473304334412235,0.14664670825004578,0.8279022620571915,0.5666666666666667,0.7405052930263014,0.7378066378066378,1.2706632614135742,0.4191727638244629,0.7448979591836735,0.7448979616165161,0.6207539525510652,0.1860351860523224,0.7380103556574144,,,,0.6904761791229248,0.7857142686843872,0.07363949284008886,0.44880174291938996,0.10088161379098892,6.235517702180005e-08,7.020908299182338e-08,1.52587890625e-05,1.52587890625e-05,0.0,0.0,0.0,0.0,0.7448979616165161,,,,,,,,,0.12528011202812195,0.09015168249607086,0.0,0.03512842208147049,0.13944588601589203,0.10518132895231247,0.342645525932312,2.958009463327471e-05,0.4900529980659485,2.9780373573303223,1.359782338142395,atlas_het,graphatlas_c,graphatlas_certified,ov0.10_cross0.15,,certificate,1.0,full,none,False,dot,2,80,105,0,105,0.8315789699554443,64834,480,6506,0,21.37270712852478,cpu,0,0.9802778959274292,0.044231247156858444,0.24855521321296692,1.0,0.019722186028957367,0.0001135073762270622,0.9926787614822388,1.612972617149353,0.01774652861058712,0.03338596224784851,4.200578041491099e-05,0.612972617149353,0.0020461820531636477,0.3336382508277893,1.612972617149353,0.612972617149353,0.013570129871368408,0.3953580856323242,2.6003795028373133e-07,0.006309343967586756,0.019722195342183113,0.38529035449028015,0.6793729066848755,1.5729166269302368,0.5729166865348816,0.33479541540145874,0.6908431649208069,0.1407177448272705,0.5390971302986145,atlas_het__node_classification__graphatlas_c__split0__seed2__4374c636d525,4374c636d525,975d6eec98ed54f0
node_classification,accuracy,0.9337978959083557,0.8315789699554443,0.7448979616165161,,,,,,,,,,,,0.8977272727272727,0.9338710958710426,0.9322186387832234,0.1432911604642868,0.0886555016040802,0.9337979094076655,0.9337978959083557,0.9011465857739067,0.029047634452581406,0.933988508369031,0.7241379310344828,0.8302931464384393,0.8271636240703177,1.2861889600753784,0.28784996271133423,0.8315789473684211,0.8315789699554443,0.7473304334412235,0.14664670825004578,0.8279022620571915,0.5666666666666667,0.7405052930263014,0.7378066378066378,1.2706632614135742,0.4191727638244629,0.7448979591836735,0.7448979616165161,0.6207539525510652,0.1860351860523224,0.7380103556574144,,,,0.6904761791229248,0.7857142686843872,0.07363949284008886,0.44880174291938996,0.10088161379098892,6.235517702180005e-08,7.020908299182338e-08,1.52587890625e-05,1.52587890625e-05,0.0,0.0,0.0,0.0,0.7448979616165161,,,,,,,,,0.12528011202812195,0.09015168249607086,0.0,0.03512842208147049,0.13944588601589203,0.10518132895231247,0.342645525932312,2.958009463327471e-05,0.4900529980659485,2.9780373573303223,1.359782338142395,atlas_het,graphatlas_c,graphatlas_certified,ov0.10_cross0.30,,certificate,1.0,full,none,False,dot,2,80,105,0,105,0.8315789699554443,64834,480,6506,0,21.504125356674194,cpu,0,0.9802778959274292,0.044231247156858444,0.24855521321296692,1.0,0.019722186028957367,0.0001135073762270622,0.9926787614822388,1.612972617149353,0.01774652861058712,0.03338596224784851,4.200578041491099e-05,0.612972617149353,0.0020461820531636477,0.3336382508277893,1.612972617149353,0.612972617149353,0.013570129871368408,0.3953580856323242,2.6003795028373133e-07,0.006309343967586756,0.019722195342183113,0.38529035449028015,0.6793729066848755,1.5729166269302368,0.5729166865348816,0.33479541540145874,0.6908431649208069,0.1407177448272705,0.5390971302986145,atlas_het__node_classification__graphatlas_c__split0__seed2__5e8a69eb5383,5e8a69eb5383,975d6eec98ed54f0
node_classification,accuracy,0.891986072063446,0.8105263113975525,0.7142857313156128,,,,,,,,,,,,0.8554216867469879,0.8919592071419745,0.8897157256476887,0.22176991403102875,0.13955141603946686,0.89198606271777,0.891986072063446,0.8375894590251858,0.0413847491145134,0.8916823282671461,0.6764705882352942,0.807871987001521,0.8209876543209876,0.8489093780517578,0.33346492052078247,0.8105263157894737,0.8105263113975525,0.7256607295150476,0.12139395624399185,0.8099882990890194,0.6206896551724138,0.715621521335807,0.7094175601274992,1.353424072265625,0.47757694125175476,0.7142857142857143,0.7142857313156128,0.5726403774554785,0.19790396094322205,0.711919191919192,,,,0.6896551847457886,0.7246376872062683,0.044137945778577416,0.4017857142857143,0.22031843662261963,9.06677470879913e-08,6.956970111104965e-08,1.1444091796875e-05,7.62939453125e-06,0.0,0.0,0.0,0.0,0.7142857313156128,,,,,,,,,0.06071239709854126,0.022895362228155136,0.0,0.037817034870386124,0.24454453587532043,0.20370250940322876,0.4084200859069824,0.0,0.6791344881057739,1.9044928550720215,1.1119716167449951,atlas_het,graphatlas_c,graphatlas_certified,ov0.10_cross0.00,,certificate,1.0,full,none,False,dot,3,40,65,0,65,0.8105263113975525,64834,480,6486,0,13.656166315078735,cpu,0,0.9007952809333801,0.11973996460437775,0.41684776544570923,1.0,0.09920471161603928,0.0,0.8865280151367188,1.6176379919052124,0.13807813823223114,0.30162298679351807,0.0018939126748591661,0.6176379919052124,0.0163403432816267,0.3302803039550781,1.6176379919052124,0.6176379919052124,0.11665970087051392,0.555924654006958,2.338714324423563e-07,0.046709463000297546,0.09920471161603928,0.3375779688358307,0.7216569185256958,1.556249976158142,0.5562499761581421,0.33145827054977417,0.6890601515769958,0.0052340649999678135,0.5443295836448669,atlas_het__node_classification__graphatlas_c__split0__seed3__33845d17aa06,33845d17aa06,975d6eec98ed54f0
node_classification,accuracy,0.891986072063446,0.8105263113975525,0.7142857313156128,,,,,,,,,,,,0.8554216867469879,0.8919592071419745,0.8897157256476887,0.22176991403102875,0.13955141603946686,0.89198606271777,0.891986072063446,0.8375894590251858,0.0413847491145134,0.8916823282671461,0.6764705882352942,0.807871987001521,0.8209876543209876,0.8489093780517578,0.33346492052078247,0.8105263157894737,0.8105263113975525,0.7256607295150476,0.12139395624399185,0.8099882990890194,0.6206896551724138,0.715621521335807,0.7094175601274992,1.353424072265625,0.47757694125175476,0.7142857142857143,0.7142857313156128,0.5726403774554785,0.19790396094322205,0.711919191919192,,,,0.6896551847457886,0.7246376872062683,0.044137945778577416,0.4017857142857143,0.22031843662261963,9.06677470879913e-08,6.956970111104965e-08,1.1444091796875e-05,7.62939453125e-06,0.0,0.0,0.0,0.0,0.7142857313156128,,,,,,,,,0.06071239709854126,0.022895362228155136,0.0,0.037817034870386124,0.24454453587532043,0.20370250940322876,0.4084200859069824,0.0,0.6791344881057739,1.9044928550720215,1.1119716167449951,atlas_het,graphatlas_c,graphatlas_certified,ov0.10_cross0.15,,certificate,1.0,full,none,False,dot,3,40,65,0,65,0.8105263113975525,64834,480,6486,0,13.377035140991211,cpu,0,0.9007952809333801,0.11973996460437775,0.41684776544570923,1.0,0.09920471161603928,0.0,0.8865280151367188,1.6176379919052124,0.13807813823223114,0.30162298679351807,0.0018939126748591661,0.6176379919052124,0.0163403432816267,0.3302803039550781,1.6176379919052124,0.6176379919052124,0.11665970087051392,0.555924654006958,2.338714324423563e-07,0.046709463000297546,0.09920471161603928,0.3375779688358307,0.7216569185256958,1.556249976158142,0.5562499761581421,0.33145827054977417,0.6890601515769958,0.0052340649999678135,0.5443295836448669,atlas_het__node_classification__graphatlas_c__split0__seed3__3fd0ae621c3a,3fd0ae621c3a,975d6eec98ed54f0
node_classification,accuracy,0.891986072063446,0.8105263113975525,0.7142857313156128,,,,,,,,,,,,0.8554216867469879,0.8919592071419745,0.8897157256476887,0.22176991403102875,0.13955141603946686,0.89198606271777,0.891986072063446,0.8375894590251858,0.0413847491145134,0.8916823282671461,0.6764705882352942,0.807871987001521,0.8209876543209876,0.8489093780517578,0.33346492052078247,0.8105263157894737,0.8105263113975525,0.7256607295150476,0.12139395624399185,0.8099882990890194,0.6206896551724138,0.715621521335807,0.7094175601274992,1.353424072265625,0.47757694125175476,0.7142857142857143,0.7142857313156128,0.5726403774554785,0.19790396094322205,0.711919191919192,,,,0.6896551847457886,0.7246376872062683,0.044137945778577416,0.4017857142857143,0.22031843662261963,9.06677470879913e-08,6.956970111104965e-08,1.1444091796875e-05,7.62939453125e-06,0.0,0.0,0.0,0.0,0.7142857313156128,,,,,,,,,0.06071239709854126,0.022895362228155136,0.0,0.037817034870386124,0.24454453587532043,0.20370250940322876,0.4084200859069824,0.0,0.6791344881057739,1.9044928550720215,1.1119716167449951,atlas_het,graphatlas_c,graphatlas_certified,ov0.10_cross0.30,,certificate,1.0,full,none,False,dot,3,40,65,0,65,0.8105263113975525,64834,480,6486,0,13.550004959106445,cpu,0,0.9007952809333801,0.11973996460437775,0.41684776544570923,1.0,0.09920471161603928,0.0,0.8865280151367188,1.6176379919052124,0.13807813823223114,0.30162298679351807,0.0018939126748591661,0.6176379919052124,0.0163403432816267,0.3302803039550781,1.6176379919052124,0.6176379919052124,0.11665970087051392,0.555924654006958,2.338714324423563e-07,0.046709463000297546,0.09920471161603928,0.3375779688358307,0.7216569185256958,1.556249976158142,0.5562499761581421,0.33145827054977417,0.6890601515769958,0.0052340649999678135,0.5443295836448669,atlas_het__node_classification__graphatlas_c__split0__seed3__03f1a8d69623,03f1a8d69623,975d6eec98ed54f0
node_classification,accuracy,0.9512194991111755,0.8105263113975525,0.8061224222183228,,,,,,,,,,,,0.9411764705882353,0.9513150102425946,0.9506535947712419,0.12958765029907227,0.07446562498807907,0.9512195121951219,0.9512194991111755,0.9267316990981238,0.0155633008107543,0.9505319434585456,0.75,0.8091063339098922,0.8079322638146168,0.8052003383636475,0.32807669043540955,0.8105263157894737,0.8105263113975525,0.7167572161502045,0.1540432572364807,0.8076160667709965,0.7333333333333333,0.8056364136267283,0.8032679738562091,0.8219614028930664,0.3294871151447296,0.8061224489795918,0.8061224222183228,0.7099633086321994,0.15723088383674622,0.8032884253223237,,,,0.7647058963775635,0.828125,0.07589460441683353,0.5,0.17528164386749268,5.4048960862473905e-08,6.200264834888003e-08,4.76837158203125e-06,6.67572021484375e-06,0.0,0.0,0.0,0.0,0.8061224222183228,,,,,,,,,0.14589180052280426,0.09587128460407257,0.0,0.05002051591873169,0.21651330590248108,0.19885195791721344,0.17661331593990326,0.0,0.6246473789215088,2.3174238204956055,1.3238662481307983,atlas_het,graphatlas_c,graphatlas_certified,ov0.10_cross0.00,,certificate,1.0,full,none,False,dot,4,60,85,0,85,0.8105263113975525,64834,480,6552,0,17.680403232574463,cpu,0,0.922004222869873,0.09583818167448044,0.6120311617851257,1.0,0.07799582183361053,0.0,0.8942176103591919,1.5947802066802979,0.12843120098114014,0.2544613480567932,0.0012399874394759536,0.5947802066802979,0.013571081683039665,0.3196139335632324,1.5947802066802979,0.5947802066802979,0.11359357833862305,0.3517267107963562,2.3314335351187765e-07,0.03772006556391716,0.07799582183361053,0.3541063070297241,0.6899165511131287,1.5520833730697632,0.5520833134651184,0.319512277841568,0.6884810328483582,0.11347268521785736,0.596834123134613,atlas_het__node_classification__graphatlas_c__split0__seed4__e3c0720eadd0,e3c0720eadd0,975d6eec98ed54f0
node_classification,accuracy,0.9512194991111755,0.8105263113975525,0.8061224222183228,,,,,,,,,,,,0.9411764705882353,0.9513150102425946,0.9506535947712419,0.12958765029907227,0.07446562498807907,0.9512195121951219,0.9512194991111755,0.9267316990981238,0.0155633008107543,0.9505319434585456,0.75,0.8091063339098922,0.8079322638146168,0.8052003383636475,0.32807669043540955,0.8105263157894737,0.8105263113975525,0.7167572161502045,0.1540432572364807,0.8076160667709965,0.7333333333333333,0.8056364136267283,0.8032679738562091,0.8219614028930664,0.3294871151447296,0.8061224489795918,0.8061224222183228,0.7099633086321994,0.15723088383674622,0.8032884253223237,,,,0.7647058963775635,0.828125,0.07589460441683353,0.5,0.17528164386749268,5.4048960862473905e-08,6.200264834888003e-08,4.76837158203125e-06,6.67572021484375e-06,0.0,0.0,0.0,0.0,0.8061224222183228,,,,,,,,,0.14589180052280426,0.09587128460407257,0.0,0.05002051591873169,0.21651330590248108,0.19885195791721344,0.17661331593990326,0.0,0.6246473789215088,2.3174238204956055,1.3238662481307983,atlas_het,graphatlas_c,graphatlas_certified,ov0.10_cross0.15,,certificate,1.0,full,none,False,dot,4,60,85,0,85,0.8105263113975525,64834,480,6552,0,17.35334300994873,cpu,0,0.922004222869873,0.09583818167448044,0.6120311617851257,1.0,0.07799582183361053,0.0,0.8942176103591919,1.5947802066802979,0.12843120098114014,0.2544613480567932,0.0012399874394759536,0.5947802066802979,0.013571081683039665,0.3196139335632324,1.5947802066802979,0.5947802066802979,0.11359357833862305,0.3517267107963562,2.3314335351187765e-07,0.03772006556391716,0.07799582183361053,0.3541063070297241,0.6899165511131287,1.5520833730697632,0.5520833134651184,0.319512277841568,0.6884810328483582,0.11347268521785736,0.596834123134613,atlas_het__node_classification__graphatlas_c__split0__seed4__345a50de81c3,345a50de81c3,975d6eec98ed54f0
node_classification,accuracy,0.9512194991111755,0.8105263113975525,0.8061224222183228,,,,,,,,,,,,0.9411764705882353,0.9513150102425946,0.9506535947712419,0.12958765029907227,0.07446562498807907,0.9512195121951219,0.9512194991111755,0.9267316990981238,0.0155633008107543,0.9505319434585456,0.75,0.8091063339098922,0.8079322638146168,0.8052003383636475,0.32807669043540955,0.8105263157894737,0.8105263113975525,0.7167572161502045,0.1540432572364807,0.8076160667709965,0.7333333333333333,0.8056364136267283,0.8032679738562091,0.8219614028930664,0.3294871151447296,0.8061224489795918,0.8061224222183228,0.7099633086321994,0.15723088383674622,0.8032884253223237,,,,0.7647058963775635,0.828125,0.07589460441683353,0.5,0.17528164386749268,5.4048960862473905e-08,6.200264834888003e-08,4.76837158203125e-06,6.67572021484375e-06,0.0,0.0,0.0,0.0,0.8061224222183228,,,,,,,,,0.14589180052280426,0.09587128460407257,0.0,0.05002051591873169,0.21651330590248108,0.19885195791721344,0.17661331593990326,0.0,0.6246473789215088,2.3174238204956055,1.3238662481307983,atlas_het,graphatlas_c,graphatlas_certified,ov0.10_cross0.30,,certificate,1.0,full,none,False,dot,4,60,85,0,85,0.8105263113975525,64834,480,6552,0,17.49596905708313,cpu,0,0.922004222869873,0.09583818167448044,0.6120311617851257,1.0,0.07799582183361053,0.0,0.8942176103591919,1.5947802066802979,0.12843120098114014,0.2544613480567932,0.0012399874394759536,0.5947802066802979,0.013571081683039665,0.3196139335632324,1.5947802066802979,0.5947802066802979,0.11359357833862305,0.3517267107963562,2.3314335351187765e-07,0.03772006556391716,0.07799582183361053,0.3541063070297241,0.6899165511131287,1.5520833730697632,0.5520833134651184,0.319512277841568,0.6884810328483582,0.11347268521785736,0.596834123134613,atlas_het__node_classification__graphatlas_c__split0__seed4__898e128fb253,898e128fb253,975d6eec98ed54f0
node_classification,accuracy,0.9721254110336304,0.7872340679168701,0.8585858345031738,,,,,,,,,,,,0.9519230769230769,0.972083789210842,0.972937622979459,0.0751049593091011,0.043103788048028946,0.9721254355400697,0.9721254110336304,0.9582794362087491,0.0247323177754879,0.9724012459843405,0.7741935483870968,0.7872340425531915,0.7871382145739275,1.292617917060852,0.37288743257522583,0.7872340425531915,0.7872340679168701,0.6801633208574345,0.17011991143226624,0.7871382145739275,0.8064516129032258,0.8582198799590104,0.859094982078853,0.44581326842308044,0.23188810050487518,0.8585858585858586,0.8585858345031738,0.7900483665020588,0.11030077934265137,0.8574879227053139,,,,0.9166666865348816,0.8253968358039856,0.11681367042518273,0.5373737373737374,0.1455688774585724,5.38098348101812e-08,4.5495166745013194e-08,4.291534423828125e-06,4.76837158203125e-06,0.0,0.0,0.0,0.0,0.8585858345031738,,,,,,,,,0.12217757850885391,0.07290223240852356,0.0,0.04927534610033035,0.2897256016731262,0.2600541114807129,0.29671525955200195,0.0,0.5795605182647705,2.526394844055176,1.4027807712554932,atlas_het,graphatlas_c_membership,graphatlas_certified,ov0.10_cross0.00,,membership_only,1.0,full,none,False,dot,0,90,115,0,115,0.7872340679168701,64834,480,6540,0,21.980651140213013,cpu,0,0.9431924223899841,0.08887758105993271,0.2014123648405075,1.0,0.05680752545595169,0.0007131214370019734,0.9608802199363708,1.7065749168395996,0.07505327463150024,0.1289752870798111,-8.67781135838186e-09,0.7065749168395996,1.265940063888138e-08,0.3574274480342865,1.7065749168395996,0.7065749168395996,0.0548895001411438,0.7897946238517761,2.496855415756727e-07,0.028551770374178886,0.0568075031042099,0.35834163427352905,1.661773681640625,1.6687500476837158,0.668749988079071,0.355099618434906,0.6790300607681274,0.07948114722967148,0.49601948261260986,atlas_het__node_classification__graphatlas_c_membership__split0__seed0__d201bbca48a0,d201bbca48a0,975d6eec98ed54f0
node_classification,accuracy,0.9721254110336304,0.7872340679168701,0.8585858345031738,,,,,,,,,,,,0.9519230769230769,0.972083789210842,0.972937622979459,0.0751049593091011,0.043103788048028946,0.9721254355400697,0.9721254110336304,0.9582794362087491,0.0247323177754879,0.9724012459843405,0.7741935483870968,0.7872340425531915,0.7871382145739275,1.292617917060852,0.37288743257522583,0.7872340425531915,0.7872340679168701,0.6801633208574345,0.17011991143226624,0.7871382145739275,0.8064516129032258,0.8582198799590104,0.859094982078853,0.44581326842308044,0.23188810050487518,0.8585858585858586,0.8585858345031738,0.7900483665020588,0.11030077934265137,0.8574879227053139,,,,0.9166666865348816,0.8253968358039856,0.11681367042518273,0.5373737373737374,0.1455688774585724,5.38098348101812e-08,4.5495166745013194e-08,4.291534423828125e-06,4.76837158203125e-06,0.0,0.0,0.0,0.0,0.8585858345031738,,,,,,,,,0.12217757850885391,0.07290223240852356,0.0,0.04927534610033035,0.2897256016731262,0.2600541114807129,0.29671525955200195,0.0,0.5795605182647705,2.526394844055176,1.4027807712554932,atlas_het,graphatlas_c_membership,graphatlas_certified,ov0.10_cross0.15,,membership_only,1.0,full,none,False,dot,0,90,115,0,115,0.7872340679168701,64834,480,6540,0,21.67724633216858,cpu,0,0.9431924223899841,0.08887758105993271,0.2014123648405075,1.0,0.05680752545595169,0.0007131214370019734,0.9608802199363708,1.7065749168395996,0.07505327463150024,0.1289752870798111,-8.67781135838186e-09,0.7065749168395996,1.265940063888138e-08,0.3574274480342865,1.7065749168395996,0.7065749168395996,0.0548895001411438,0.7897946238517761,2.496855415756727e-07,0.028551770374178886,0.0568075031042099,0.35834163427352905,1.661773681640625,1.6687500476837158,0.668749988079071,0.355099618434906,0.6790300607681274,0.07948114722967148,0.49601948261260986,atlas_het__node_classification__graphatlas_c_membership__split0__seed0__f45850112538,f45850112538,975d6eec98ed54f0
node_classification,accuracy,0.9721254110336304,0.7872340679168701,0.8585858345031738,,,,,,,,,,,,0.9519230769230769,0.972083789210842,0.972937622979459,0.0751049593091011,0.043103788048028946,0.9721254355400697,0.9721254110336304,0.9582794362087491,0.0247323177754879,0.9724012459843405,0.7741935483870968,0.7872340425531915,0.7871382145739275,1.292617917060852,0.37288743257522583,0.7872340425531915,0.7872340679168701,0.6801633208574345,0.17011991143226624,0.7871382145739275,0.8064516129032258,0.8582198799590104,0.859094982078853,0.44581326842308044,0.23188810050487518,0.8585858585858586,0.8585858345031738,0.7900483665020588,0.11030077934265137,0.8574879227053139,,,,0.9166666865348816,0.8253968358039856,0.11681367042518273,0.5373737373737374,0.1455688774585724,5.38098348101812e-08,4.5495166745013194e-08,4.291534423828125e-06,4.76837158203125e-06,0.0,0.0,0.0,0.0,0.8585858345031738,,,,,,,,,0.12217757850885391,0.07290223240852356,0.0,0.04927534610033035,0.2897256016731262,0.2600541114807129,0.29671525955200195,0.0,0.5795605182647705,2.526394844055176,1.4027807712554932,atlas_het,graphatlas_c_membership,graphatlas_certified,ov0.10_cross0.30,,membership_only,1.0,full,none,False,dot,0,90,115,0,115,0.7872340679168701,64834,480,6540,0,21.903287887573242,cpu,0,0.9431924223899841,0.08887758105993271,0.2014123648405075,1.0,0.05680752545595169,0.0007131214370019734,0.9608802199363708,1.7065749168395996,0.07505327463150024,0.1289752870798111,-8.67781135838186e-09,0.7065749168395996,1.265940063888138e-08,0.3574274480342865,1.7065749168395996,0.7065749168395996,0.0548895001411438,0.7897946238517761,2.496855415756727e-07,0.028551770374178886,0.0568075031042099,0.35834163427352905,1.661773681640625,1.6687500476837158,0.668749988079071,0.355099618434906,0.6790300607681274,0.07948114722967148,0.49601948261260986,atlas_het__node_classification__graphatlas_c_membership__split0__seed0__25272dd95e8e,25272dd95e8e,975d6eec98ed54f0
node_classification,accuracy,0.8815330862998962,0.8105263113975525,0.8163265585899353,,,,,,,,,,,,0.8390804597701149,0.8809377467646843,0.879353452586638,0.23581379652023315,0.14761283993721008,0.8815331010452961,0.8815330862998962,0.8224627204882384,0.022951137274503708,0.8804430298214303,0.7575757575757576,0.8106798245614035,0.8098223615464994,0.5564759373664856,0.28484344482421875,0.8105263157894737,0.8105263113975525,0.716139925667981,0.10134170949459076,0.8089015151515152,0.7272727272727273,0.8150328984052638,0.8138528138528139,0.6400502920150757,0.26789307594299316,0.8163265306122449,0.8163265585899353,0.727185556718623,0.1101035475730896,0.8134061930783242,,,,0.8048780560493469,0.8245614171028137,-0.03406430786924759,0.5356125356125356,0.17436683177947998,8.414424712555046e-08,7.647906841157237e-08,8.58306884765625e-06,7.62939453125e-06,0.0,0.0,0.0,0.0,0.8163265585899353,,,,,,,,,0.07104384154081345,0.05149763822555542,0.0,0.019546201452612877,0.12265302985906601,0.09688238054513931,0.25770658254623413,1.5501527741434984e-05,0.5842950940132141,2.3522300720214844,0.802025318145752,atlas_het,graphatlas_c_membership,graphatlas_certified,ov0.10_cross0.00,,membership_only,1.0,full,none,False,dot,1,50,75,0,75,0.8105263113975525,64834,480,6456,0,14.41733717918396,cpu,0,0.9615113139152527,0.043453603982925415,0.5855559706687927,1.0,0.03848859667778015,0.0,0.9960647225379944,1.4214683771133423,0.05387793108820915,0.08535919338464737,-3.173332485673086e-09,0.4214684069156647,6.34252517173195e-09,0.1911536008119583,1.4214683771133423,0.4214684069156647,0.05255764722824097,0.279793381690979,2.342312228620358e-07,0.010030205361545086,0.03848860412836075,0.20983104407787323,2.2470569610595703,1.3583333492279053,0.3583333194255829,0.1931464523077011,0.6465350389480591,0.017237432301044464,0.7823324203491211,atlas_het__node_classification__graphatlas_c_membership__split0__seed1__18ab8a8844c7,18ab8a8844c7,975d6eec98ed54f0
node_classification,accuracy,0.8815330862998962,0.8105263113975525,0.8163265585899353,,,,,,,,,,,,0.8390804597701149,0.8809377467646843,0.879353452586638,0.23581379652023315,0.14761283993721008,0.8815331010452961,0.8815330862998962,0.8224627204882384,0.022951137274503708,0.8804430298214303,0.7575757575757576,0.8106798245614035,0.8098223615464994,0.5564759373664856,0.28484344482421875,0.8105263157894737,0.8105263113975525,0.716139925667981,0.10134170949459076,0.8089015151515152,0.7272727272727273,0.8150328984052638,0.8138528138528139,0.6400502920150757,0.26789307594299316,0.8163265306122449,0.8163265585899353,0.727185556718623,0.1101035475730896,0.8134061930783242,,,,0.8048780560493469,0.8245614171028137,-0.03406430786924759,0.5356125356125356,0.17436683177947998,8.414424712555046e-08,7.647906841157237e-08,8.58306884765625e-06,7.62939453125e-06,0.0,0.0,0.0,0.0,0.8163265585899353,,,,,,,,,0.07104384154081345,0.05149763822555542,0.0,0.019546201452612877,0.12265302985906601,0.09688238054513931,0.25770658254623413,1.5501527741434984e-05,0.5842950940132141,2.3522300720214844,0.802025318145752,atlas_het,graphatlas_c_membership,graphatlas_certified,ov0.10_cross0.15,,membership_only,1.0,full,none,False,dot,1,50,75,0,75,0.8105263113975525,64834,480,6456,0,14.450042963027954,cpu,0,0.9615113139152527,0.043453603982925415,0.5855559706687927,1.0,0.03848859667778015,0.0,0.9960647225379944,1.4214683771133423,0.05387793108820915,0.08535919338464737,-3.173332485673086e-09,0.4214684069156647,6.34252517173195e-09,0.1911536008119583,1.4214683771133423,0.4214684069156647,0.05255764722824097,0.279793381690979,2.342312228620358e-07,0.010030205361545086,0.03848860412836075,0.20983104407787323,2.2470569610595703,1.3583333492279053,0.3583333194255829,0.1931464523077011,0.6465350389480591,0.017237432301044464,0.7823324203491211,atlas_het__node_classification__graphatlas_c_membership__split0__seed1__311fc96c2555,311fc96c2555,975d6eec98ed54f0
node_classification,accuracy,0.8815330862998962,0.8105263113975525,0.8163265585899353,,,,,,,,,,,,0.8390804597701149,0.8809377467646843,0.879353452586638,0.23581379652023315,0.14761283993721008,0.8815331010452961,0.8815330862998962,0.8224627204882384,0.022951137274503708,0.8804430298214303,0.7575757575757576,0.8106798245614035,0.8098223615464994,0.5564759373664856,0.28484344482421875,0.8105263157894737,0.8105263113975525,0.716139925667981,0.10134170949459076,0.8089015151515152,0.7272727272727273,0.8150328984052638,0.8138528138528139,0.6400502920150757,0.26789307594299316,0.8163265306122449,0.8163265585899353,0.727185556718623,0.1101035475730896,0.8134061930783242,,,,0.8048780560493469,0.8245614171028137,-0.03406430786924759,0.5356125356125356,0.17436683177947998,8.414424712555046e-08,7.647906841157237e-08,8.58306884765625e-06,7.62939453125e-06,0.0,0.0,0.0,0.0,0.8163265585899353,,,,,,,,,0.07104384154081345,0.05149763822555542,0.0,0.019546201452612877,0.12265302985906601,0.09688238054513931,0.25770658254623413,1.5501527741434984e-05,0.5842950940132141,2.3522300720214844,0.802025318145752,atlas_het,graphatlas_c_membership,graphatlas_certified,ov0.10_cross0.30,,membership_only,1.0,full,none,False,dot,1,50,75,0,75,0.8105263113975525,64834,480,6456,0,14.354677677154541,cpu,0,0.9615113139152527,0.043453603982925415,0.5855559706687927,1.0,0.03848859667778015,0.0,0.9960647225379944,1.4214683771133423,0.05387793108820915,0.08535919338464737,-3.173332485673086e-09,0.4214684069156647,6.34252517173195e-09,0.1911536008119583,1.4214683771133423,0.4214684069156647,0.05255764722824097,0.279793381690979,2.342312228620358e-07,0.010030205361545086,0.03848860412836075,0.20983104407787323,2.2470569610595703,1.3583333492279053,0.3583333194255829,0.1931464523077011,0.6465350389480591,0.017237432301044464,0.7823324203491211,atlas_het__node_classification__graphatlas_c_membership__split0__seed1__c0a2a4cef721,c0a2a4cef721,975d6eec98ed54f0
node_classification,accuracy,0.9268292784690857,0.8315789699554443,0.704081654548645,,,,,,,,,,,,0.8068181818181818,0.9252249293366622,0.9221972606599653,0.19674238562583923,0.11778781563043594,0.926829268292683,0.9268292784690857,0.8924920494062909,0.06128670275211334,0.9236515712633286,0.8125,0.8319411599612867,0.8310091277890467,1.2000609636306763,0.30216488242149353,0.8315789473684211,0.8315789699554443,0.747330657153063,0.11488177627325058,0.8325721163426513,0.5,0.6978541416566627,0.6953823953823953,1.1976310014724731,0.46010273694992065,0.7040816326530612,0.704081654548645,0.5625552083247347,0.212575301527977,0.6950980392156864,,,,0.6904761791229248,0.7142857313156128,0.0840335755107101,0.4936708860759494,0.09987619519233704,6.712496514182931e-08,7.678010405243185e-08,7.62939453125e-06,9.5367431640625e-06,0.0,0.0,0.0,0.0,0.704081654548645,,,,,,,,,0.07527701556682587,0.051829684525728226,0.0,0.02344733104109764,0.1396551877260208,0.10453996807336807,0.351152241230011,0.0,0.49434423446655273,2.825955390930176,1.4143176078796387,atlas_het,graphatlas_c_membership,graphatlas_certified,ov0.10_cross0.00,,membership_only,1.0,full,none,False,dot,2,65,90,0,90,0.8315789699554443,64834,480,6506,0,17.27957057952881,cpu,0,0.9497790336608887,0.06865692883729935,0.16324269771575928,1.0,0.05022096261382103,0.0006455083494074643,0.9774609804153442,1.6636950969696045,0.05984744802117348,0.09730026125907898,-1.8295711612381638e-09,0.6636950373649597,1.007843231093375e-08,0.33279311656951904,1.6636950969696045,0.6636950373649597,0.04795491695404053,0.5852214097976685,2.4718454483263486e-07,0.02027205377817154,0.050220951437950134,0.3562754690647125,1.8562865257263184,1.6041666269302368,0.6041666865348816,0.33363431692123413,0.6661688685417175,0.061513300985097885,0.5533933639526367,atlas_het__node_classification__graphatlas_c_membership__split0__seed2__3983c8408d4c,3983c8408d4c,975d6eec98ed54f0
node_classification,accuracy,0.9268292784690857,0.8315789699554443,0.704081654548645,,,,,,,,,,,,0.8068181818181818,0.9252249293366622,0.9221972606599653,0.19674238562583923,0.11778781563043594,0.926829268292683,0.9268292784690857,0.8924920494062909,0.06128670275211334,0.9236515712633286,0.8125,0.8319411599612867,0.8310091277890467,1.2000609636306763,0.30216488242149353,0.8315789473684211,0.8315789699554443,0.747330657153063,0.11488177627325058,0.8325721163426513,0.5,0.6978541416566627,0.6953823953823953,1.1976310014724731,0.46010273694992065,0.7040816326530612,0.704081654548645,0.5625552083247347,0.212575301527977,0.6950980392156864,,,,0.6904761791229248,0.7142857313156128,0.0840335755107101,0.4936708860759494,0.09987619519233704,6.712496514182931e-08,7.678010405243185e-08,7.62939453125e-06,9.5367431640625e-06,0.0,0.0,0.0,0.0,0.704081654548645,,,,,,,,,0.07527701556682587,0.051829684525728226,0.0,0.02344733104109764,0.1396551877260208,0.10453996807336807,0.351152241230011,0.0,0.49434423446655273,2.825955390930176,1.4143176078796387,atlas_het,graphatlas_c_membership,graphatlas_certified,ov0.10_cross0.15,,membership_only,1.0,full,none,False,dot,2,65,90,0,90,0.8315789699554443,64834,480,6506,0,17.145941734313965,cpu,0,0.9497790336608887,0.06865692883729935,0.16324269771575928,1.0,0.05022096261382103,0.0006455083494074643,0.9774609804153442,1.6636950969696045,0.05984744802117348,0.09730026125907898,-1.8295711612381638e-09,0.6636950373649597,1.007843231093375e-08,0.33279311656951904,1.6636950969696045,0.6636950373649597,0.04795491695404053,0.5852214097976685,2.4718454483263486e-07,0.02027205377817154,0.050220951437950134,0.3562754690647125,1.8562865257263184,1.6041666269302368,0.6041666865348816,0.33363431692123413,0.6661688685417175,0.061513300985097885,0.5533933639526367,atlas_het__node_classification__graphatlas_c_membership__split0__seed2__e213dfb19c0d,e213dfb19c0d,975d6eec98ed54f0
node_classification,accuracy,0.9268292784690857,0.8315789699554443,0.704081654548645,,,,,,,,,,,,0.8068181818181818,0.9252249293366622,0.9221972606599653,0.19674238562583923,0.11778781563043594,0.926829268292683,0.9268292784690857,0.8924920494062909,0.06128670275211334,0.9236515712633286,0.8125,0.8319411599612867,0.8310091277890467,1.2000609636306763,0.30216488242149353,0.8315789473684211,0.8315789699554443,0.747330657153063,0.11488177627325058,0.8325721163426513,0.5,0.6978541416566627,0.6953823953823953,1.1976310014724731,0.46010273694992065,0.7040816326530612,0.704081654548645,0.5625552083247347,0.212575301527977,0.6950980392156864,,,,0.6904761791229248,0.7142857313156128,0.0840335755107101,0.4936708860759494,0.09987619519233704,6.712496514182931e-08,7.678010405243185e-08,7.62939453125e-06,9.5367431640625e-06,0.0,0.0,0.0,0.0,0.704081654548645,,,,,,,,,0.07527701556682587,0.051829684525728226,0.0,0.02344733104109764,0.1396551877260208,0.10453996807336807,0.351152241230011,0.0,0.49434423446655273,2.825955390930176,1.4143176078796387,atlas_het,graphatlas_c_membership,graphatlas_certified,ov0.10_cross0.30,,membership_only,1.0,full,none,False,dot,2,65,90,0,90,0.8315789699554443,64834,480,6506,0,17.08391308784485,cpu,0,0.9497790336608887,0.06865692883729935,0.16324269771575928,1.0,0.05022096261382103,0.0006455083494074643,0.9774609804153442,1.6636950969696045,0.05984744802117348,0.09730026125907898,-1.8295711612381638e-09,0.6636950373649597,1.007843231093375e-08,0.33279311656951904,1.6636950969696045,0.6636950373649597,0.04795491695404053,0.5852214097976685,2.4718454483263486e-07,0.02027205377817154,0.050220951437950134,0.3562754690647125,1.8562865257263184,1.6041666269302368,0.6041666865348816,0.33363431692123413,0.6661688685417175,0.061513300985097885,0.5533933639526367,atlas_het__node_classification__graphatlas_c_membership__split0__seed2__d96cf84c9aca,d96cf84c9aca,975d6eec98ed54f0
node_classification,accuracy,0.9407665729522705,0.8315789699554443,0.7346938848495483,,,,,,,,,,,,0.9313725490196079,0.9408586374781062,0.9407039924403495,0.14499951899051666,0.08547105640172958,0.9407665505226481,0.9407665729522705,0.910897089917546,0.03880756348371506,0.9415019597644566,0.7352941176470589,0.8298922745460142,0.8380537400145244,0.7837139964103699,0.30436649918556213,0.8315789473684211,0.8315789699554443,0.7492482877269542,0.13528069853782654,0.8331384015594542,0.6551724137931034,0.7360939872666952,0.730435622524872,1.2211167812347412,0.47008004784584045,0.7346938775510204,0.7346938848495483,0.6025653863836059,0.20192377269268036,0.733193980955175,,,,0.8275862336158752,0.695652186870575,0.08650066004078763,0.36936936936936937,0.13228516280651093,6.530004270643985e-08,5.522156243387144e-08,7.62939453125e-06,7.62939453125e-06,0.0,0.0,0.0,0.0,0.7346938848495483,,,,,,,,,0.06174890697002411,0.03958176076412201,0.0,0.02216714806854725,0.14916691184043884,0.13642534613609314,0.12741583585739136,0.0,0.7123196721076965,1.8110606670379639,0.794086754322052,atlas_het,graphatlas_c_membership,graphatlas_certified,ov0.10_cross0.00,,membership_only,1.0,full,none,False,dot,3,60,85,0,85,0.8315789699554443,64834,480,6486,0,16.063786029815674,cpu,0,0.9281009435653687,0.09888719767332077,0.20827500522136688,1.0,0.07189907878637314,0.00017486594151705503,0.9441012144088745,1.5901942253112793,0.09156733751296997,0.190885528922081,-6.904250948736035e-09,0.5901942849159241,9.733225780905741e-09,0.31812456250190735,1.5901942253112793,0.5901942849159241,0.06999838352203369,0.7091732025146484,2.3518055058957543e-07,0.026199905201792717,0.07189907878637314,0.3548053205013275,1.98134446144104,1.5479166507720947,0.5479166507720947,0.3171410858631134,0.6854644417762756,0.049896541982889175,0.4982486665248871,atlas_het__node_classification__graphatlas_c_membership__split0__seed3__a98803fa6228,a98803fa6228,975d6eec98ed54f0
node_classification,accuracy,0.9407665729522705,0.8315789699554443,0.7346938848495483,,,,,,,,,,,,0.9313725490196079,0.9408586374781062,0.9407039924403495,0.14499951899051666,0.08547105640172958,0.9407665505226481,0.9407665729522705,0.910897089917546,0.03880756348371506,0.9415019597644566,0.7352941176470589,0.8298922745460142,0.8380537400145244,0.7837139964103699,0.30436649918556213,0.8315789473684211,0.8315789699554443,0.7492482877269542,0.13528069853782654,0.8331384015594542,0.6551724137931034,0.7360939872666952,0.730435622524872,1.2211167812347412,0.47008004784584045,0.7346938775510204,0.7346938848495483,0.6025653863836059,0.20192377269268036,0.733193980955175,,,,0.8275862336158752,0.695652186870575,0.08650066004078763,0.36936936936936937,0.13228516280651093,6.530004270643985e-08,5.522156243387144e-08,7.62939453125e-06,7.62939453125e-06,0.0,0.0,0.0,0.0,0.7346938848495483,,,,,,,,,0.06174890697002411,0.03958176076412201,0.0,0.02216714806854725,0.14916691184043884,0.13642534613609314,0.12741583585739136,0.0,0.7123196721076965,1.8110606670379639,0.794086754322052,atlas_het,graphatlas_c_membership,graphatlas_certified,ov0.10_cross0.15,,membership_only,1.0,full,none,False,dot,3,60,85,0,85,0.8315789699554443,64834,480,6486,0,16.135416507720947,cpu,0,0.9281009435653687,0.09888719767332077,0.20827500522136688,1.0,0.07189907878637314,0.00017486594151705503,0.9441012144088745,1.5901942253112793,0.09156733751296997,0.190885528922081,-6.904250948736035e-09,0.5901942849159241,9.733225780905741e-09,0.31812456250190735,1.5901942253112793,0.5901942849159241,0.06999838352203369,0.7091732025146484,2.3518055058957543e-07,0.026199905201792717,0.07189907878637314,0.3548053205013275,1.98134446144104,1.5479166507720947,0.5479166507720947,0.3171410858631134,0.6854644417762756,0.049896541982889175,0.4982486665248871,atlas_het__node_classification__graphatlas_c_membership__split0__seed3__a95b79902ae8,a95b79902ae8,975d6eec98ed54f0
node_classification,accuracy,0.9407665729522705,0.8315789699554443,0.7346938848495483,,,,,,,,,,,,0.9313725490196079,0.9408586374781062,0.9407039924403495,0.14499951899051666,0.08547105640172958,0.9407665505226481,0.9407665729522705,0.910897089917546,0.03880756348371506,0.9415019597644566,0.7352941176470589,0.8298922745460142,0.8380537400145244,0.7837139964103699,0.30436649918556213,0.8315789473684211,0.8315789699554443,0.7492482877269542,0.13528069853782654,0.8331384015594542,0.6551724137931034,0.7360939872666952,0.730435622524872,1.2211167812347412,0.47008004784584045,0.7346938775510204,0.7346938848495483,0.6025653863836059,0.20192377269268036,0.733193980955175,,,,0.8275862336158752,0.695652186870575,0.08650066004078763,0.36936936936936937,0.13228516280651093,6.530004270643985e-08,5.522156243387144e-08,7.62939453125e-06,7.62939453125e-06,0.0,0.0,0.0,0.0,0.7346938848495483,,,,,,,,,0.06174890697002411,0.03958176076412201,0.0,0.02216714806854725,0.14916691184043884,0.13642534613609314,0.12741583585739136,0.0,0.7123196721076965,1.8110606670379639,0.794086754322052,atlas_het,graphatlas_c_membership,graphatlas_certified,ov0.10_cross0.30,,membership_only,1.0,full,none,False,dot,3,60,85,0,85,0.8315789699554443,64834,480,6486,0,16.05995225906372,cpu,0,0.9281009435653687,0.09888719767332077,0.20827500522136688,1.0,0.07189907878637314,0.00017486594151705503,0.9441012144088745,1.5901942253112793,0.09156733751296997,0.190885528922081,-6.904250948736035e-09,0.5901942849159241,9.733225780905741e-09,0.31812456250190735,1.5901942253112793,0.5901942849159241,0.06999838352203369,0.7091732025146484,2.3518055058957543e-07,0.026199905201792717,0.07189907878637314,0.3548053205013275,1.98134446144104,1.5479166507720947,0.5479166507720947,0.3171410858631134,0.6854644417762756,0.049896541982889175,0.4982486665248871,atlas_het__node_classification__graphatlas_c_membership__split0__seed3__ac492ae5699f,ac492ae5699f,975d6eec98ed54f0
node_classification,accuracy,0.9790940880775452,0.8315789699554443,0.8061224222183228,,,,,,,,,,,,0.9529411764705882,0.9790453437992286,0.9776470588235293,0.07509537041187286,0.04032997041940689,0.9790940766550522,0.9790940880775452,0.9687427038622419,0.016392800956964493,0.9785845780414433,0.75,0.8296866920892769,0.8278371954842543,0.9632441401481628,0.2811790108680725,0.8315789473684211,0.8315789699554443,0.7475365469811249,0.11807911098003387,0.8280457550522321,0.7941176470588235,0.8066659340545876,0.8058823529411766,1.2147759199142456,0.3571177124977112,0.8061224489795918,0.8061224222183228,0.7088492905151704,0.17168456315994263,0.8069362629949527,,,,0.8823529481887817,0.765625,0.14954880562721679,0.49417249417249415,0.130317822098732,5.609091857650128e-08,5.961161519962843e-08,5.7220458984375e-06,9.5367431640625e-06,0.0,0.0,0.0,0.0,0.8061224222183228,,,,,,,,,0.05525558814406395,0.037228554487228394,0.0,0.018027033656835556,0.12103305757045746,0.10966930538415909,0.1136375442147255,0.0,0.6151207685470581,2.30452036857605,1.533030390739441,atlas_het,graphatlas_c_membership,graphatlas_certified,ov0.10_cross0.00,,membership_only,1.0,full,none,False,dot,4,85,110,0,110,0.8315789699554443,64834,480,6552,0,20.867642402648926,cpu,0,0.9535783529281616,0.05616826191544533,0.6382454037666321,1.0,0.0464215986430645,0.0,0.987960934638977,1.5782966613769531,0.0706738829612732,0.12806986272335052,-3.5675684628699855e-09,0.5782967209815979,9.339344408942907e-09,0.2874413728713989,1.5782966613769531,0.5782967209815979,0.05901843309402466,0.29490208625793457,2.3265016579898656e-07,0.021063709631562233,0.046421583741903305,0.33029645681381226,2.000610589981079,1.5291666984558105,0.5291666388511658,0.2904545068740845,0.674511194229126,0.07063613086938858,0.5966548919677734,atlas_het__node_classification__graphatlas_c_membership__split0__seed4__ee4988dc709c,ee4988dc709c,975d6eec98ed54f0
node_classification,accuracy,0.9790940880775452,0.8315789699554443,0.8061224222183228,,,,,,,,,,,,0.9529411764705882,0.9790453437992286,0.9776470588235293,0.07509537041187286,0.04032997041940689,0.9790940766550522,0.9790940880775452,0.9687427038622419,0.016392800956964493,0.9785845780414433,0.75,0.8296866920892769,0.8278371954842543,0.9632441401481628,0.2811790108680725,0.8315789473684211,0.8315789699554443,0.7475365469811249,0.11807911098003387,0.8280457550522321,0.7941176470588235,0.8066659340545876,0.8058823529411766,1.2147759199142456,0.3571177124977112,0.8061224489795918,0.8061224222183228,0.7088492905151704,0.17168456315994263,0.8069362629949527,,,,0.8823529481887817,0.765625,0.14954880562721679,0.49417249417249415,0.130317822098732,5.609091857650128e-08,5.961161519962843e-08,5.7220458984375e-06,9.5367431640625e-06,0.0,0.0,0.0,0.0,0.8061224222183228,,,,,,,,,0.05525558814406395,0.037228554487228394,0.0,0.018027033656835556,0.12103305757045746,0.10966930538415909,0.1136375442147255,0.0,0.6151207685470581,2.30452036857605,1.533030390739441,atlas_het,graphatlas_c_membership,graphatlas_certified,ov0.10_cross0.15,,membership_only,1.0,full,none,False,dot,4,85,110,0,110,0.8315789699554443,64834,480,6552,0,20.993823289871216,cpu,0,0.9535783529281616,0.05616826191544533,0.6382454037666321,1.0,0.0464215986430645,0.0,0.987960934638977,1.5782966613769531,0.0706738829612732,0.12806986272335052,-3.5675684628699855e-09,0.5782967209815979,9.339344408942907e-09,0.2874413728713989,1.5782966613769531,0.5782967209815979,0.05901843309402466,0.29490208625793457,2.3265016579898656e-07,0.021063709631562233,0.046421583741903305,0.33029645681381226,2.000610589981079,1.5291666984558105,0.5291666388511658,0.2904545068740845,0.674511194229126,0.07063613086938858,0.5966548919677734,atlas_het__node_classification__graphatlas_c_membership__split0__seed4__2068d8e775e7,2068d8e775e7,975d6eec98ed54f0
node_classification,accuracy,0.9790940880775452,0.8315789699554443,0.8061224222183228,,,,,,,,,,,,0.9529411764705882,0.9790453437992286,0.9776470588235293,0.07509537041187286,0.04032997041940689,0.9790940766550522,0.9790940880775452,0.9687427038622419,0.016392800956964493,0.9785845780414433,0.75,0.8296866920892769,0.8278371954842543,0.9632441401481628,0.2811790108680725,0.8315789473684211,0.8315789699554443,0.7475365469811249,0.11807911098003387,0.8280457550522321,0.7941176470588235,0.8066659340545876,0.8058823529411766,1.2147759199142456,0.3571177124977112,0.8061224489795918,0.8061224222183228,0.7088492905151704,0.17168456315994263,0.8069362629949527,,,,0.8823529481887817,0.765625,0.14954880562721679,0.49417249417249415,0.130317822098732,5.609091857650128e-08,5.961161519962843e-08,5.7220458984375e-06,9.5367431640625e-06,0.0,0.0,0.0,0.0,0.8061224222183228,,,,,,,,,0.05525558814406395,0.037228554487228394,0.0,0.018027033656835556,0.12103305757045746,0.10966930538415909,0.1136375442147255,0.0,0.6151207685470581,2.30452036857605,1.533030390739441,atlas_het,graphatlas_c_membership,graphatlas_certified,ov0.10_cross0.30,,membership_only,1.0,full,none,False,dot,4,85,110,0,110,0.8315789699554443,64834,480,6552,0,20.778244256973267,cpu,0,0.9535783529281616,0.05616826191544533,0.6382454037666321,1.0,0.0464215986430645,0.0,0.987960934638977,1.5782966613769531,0.0706738829612732,0.12806986272335052,-3.5675684628699855e-09,0.5782967209815979,9.339344408942907e-09,0.2874413728713989,1.5782966613769531,0.5782967209815979,0.05901843309402466,0.29490208625793457,2.3265016579898656e-07,0.021063709631562233,0.046421583741903305,0.33029645681381226,2.000610589981079,1.5291666984558105,0.5291666388511658,0.2904545068740845,0.674511194229126,0.07063613086938858,0.5966548919677734,atlas_het__node_classification__graphatlas_c_membership__split0__seed4__790209297654,790209297654,975d6eec98ed54f0
node_classification,accuracy,0.9756097793579102,0.7765957713127136,0.9090909361839294,,,,,,,,,,,,0.9615384615384616,0.9755625375942458,0.9765411893071468,0.05934286117553711,0.03365118056535721,0.975609756097561,0.9756097793579102,0.9634765360584188,0.02108658477663994,0.9760345376332605,0.7419354838709677,0.7763965961752721,0.7780758577068202,1.3300530910491943,0.3840869665145874,0.776595744680851,0.7765957713127136,0.6645700278594993,0.18614983558654785,0.777204736296647,0.8611111111111112,0.9089223542286308,0.9110289725209081,0.4557449519634247,0.16321587562561035,0.9090909090909091,0.9090909361839294,0.8652961438339546,0.06057003140449524,0.90944940580176,,,,0.9722222089767456,0.8730158805847168,0.07260402089680369,0.48148148148148145,0.1586313545703888,7.033278137669186e-08,5.337068742505835e-08,6.4373016357421875e-06,4.76837158203125e-06,0.0,0.0,0.0,0.0,0.9090909361839294,,,,,,,,,0.06399188935756683,0.04143918305635452,0.0,0.02255270816385746,0.14466159045696259,0.1272132843732834,0.17448294162750244,1.935097770910943e-08,0.6585807204246521,2.2248942852020264,0.9539615511894226,atlas_het,graphatlas_c_q_reference,graphatlas_certified,ov0.10_cross0.00,,q_reference_max,1.0,full,none,False,dot,0,110,120,0,120,0.7765957713127136,64834,480,6540,0,23.574604511260986,cpu,0,0.9412750601768494,0.09067712724208832,0.1409704089164734,1.0,0.05872496962547302,0.000748761638533324,0.9562838673591614,1.595107078552246,0.06846562027931213,0.11968851089477539,0.6231821775436401,0.5951070189476013,0.30642765760421753,0.0,1.595107078552246,0.5951070189476013,0.053908467292785645,0.8122183084487915,2.511895331736014e-07,0.021800905466079712,0.05872498080134392,0.3241269886493683,1.0,1.537500023841858,0.5375000238418579,0.2923888862133026,0.6768030524253845,0.037538520991802216,0.49793368577957153,atlas_het__node_classification__graphatlas_c_q_reference__split0__seed0__a4065302bdb1,a4065302bdb1,975d6eec98ed54f0
node_classification,accuracy,0.9756097793579102,0.7765957713127136,0.9090909361839294,,,,,,,,,,,,0.9615384615384616,0.9755625375942458,0.9765411893071468,0.05934286117553711,0.03365118056535721,0.975609756097561,0.9756097793579102,0.9634765360584188,0.02108658477663994,0.9760345376332605,0.7419354838709677,0.7763965961752721,0.7780758577068202,1.3300530910491943,0.3840869665145874,0.776595744680851,0.7765957713127136,0.6645700278594993,0.18614983558654785,0.777204736296647,0.8611111111111112,0.9089223542286308,0.9110289725209081,0.4557449519634247,0.16321587562561035,0.9090909090909091,0.9090909361839294,0.8652961438339546,0.06057003140449524,0.90944940580176,,,,0.9722222089767456,0.8730158805847168,0.07260402089680369,0.48148148148148145,0.1586313545703888,7.033278137669186e-08,5.337068742505835e-08,6.4373016357421875e-06,4.76837158203125e-06,0.0,0.0,0.0,0.0,0.9090909361839294,,,,,,,,,0.06399188935756683,0.04143918305635452,0.0,0.02255270816385746,0.14466159045696259,0.1272132843732834,0.17448294162750244,1.935097770910943e-08,0.6585807204246521,2.2248942852020264,0.9539615511894226,atlas_het,graphatlas_c_q_reference,graphatlas_certified,ov0.10_cross0.15,,q_reference_max,1.0,full,none,False,dot,0,110,120,0,120,0.7765957713127136,64834,480,6540,0,23.61004328727722,cpu,0,0.9412750601768494,0.09067712724208832,0.1409704089164734,1.0,0.05872496962547302,0.000748761638533324,0.9562838673591614,1.595107078552246,0.06846562027931213,0.11968851089477539,0.6231821775436401,0.5951070189476013,0.30642765760421753,0.0,1.595107078552246,0.5951070189476013,0.053908467292785645,0.8122183084487915,2.511895331736014e-07,0.021800905466079712,0.05872498080134392,0.3241269886493683,1.0,1.537500023841858,0.5375000238418579,0.2923888862133026,0.6768030524253845,0.037538520991802216,0.49793368577957153,atlas_het__node_classification__graphatlas_c_q_reference__split0__seed0__160a430aa311,160a430aa311,975d6eec98ed54f0
node_classification,accuracy,0.9756097793579102,0.7765957713127136,0.9090909361839294,,,,,,,,,,,,0.9615384615384616,0.9755625375942458,0.9765411893071468,0.05934286117553711,0.03365118056535721,0.975609756097561,0.9756097793579102,0.9634765360584188,0.02108658477663994,0.9760345376332605,0.7419354838709677,0.7763965961752721,0.7780758577068202,1.3300530910491943,0.3840869665145874,0.776595744680851,0.7765957713127136,0.6645700278594993,0.18614983558654785,0.777204736296647,0.8611111111111112,0.9089223542286308,0.9110289725209081,0.4557449519634247,0.16321587562561035,0.9090909090909091,0.9090909361839294,0.8652961438339546,0.06057003140449524,0.90944940580176,,,,0.9722222089767456,0.8730158805847168,0.07260402089680369,0.48148148148148145,0.1586313545703888,7.033278137669186e-08,5.337068742505835e-08,6.4373016357421875e-06,4.76837158203125e-06,0.0,0.0,0.0,0.0,0.9090909361839294,,,,,,,,,0.06399188935756683,0.04143918305635452,0.0,0.02255270816385746,0.14466159045696259,0.1272132843732834,0.17448294162750244,1.935097770910943e-08,0.6585807204246521,2.2248942852020264,0.9539615511894226,atlas_het,graphatlas_c_q_reference,graphatlas_certified,ov0.10_cross0.30,,q_reference_max,1.0,full,none,False,dot,0,110,120,0,120,0.7765957713127136,64834,480,6540,0,23.528268337249756,cpu,0,0.9412750601768494,0.09067712724208832,0.1409704089164734,1.0,0.05872496962547302,0.000748761638533324,0.9562838673591614,1.595107078552246,0.06846562027931213,0.11968851089477539,0.6231821775436401,0.5951070189476013,0.30642765760421753,0.0,1.595107078552246,0.5951070189476013,0.053908467292785645,0.8122183084487915,2.511895331736014e-07,0.021800905466079712,0.05872498080134392,0.3241269886493683,1.0,1.537500023841858,0.5375000238418579,0.2923888862133026,0.6768030524253845,0.037538520991802216,0.49793368577957153,atlas_het__node_classification__graphatlas_c_q_reference__split0__seed0__6d52601b008e,6d52601b008e,975d6eec98ed54f0
node_classification,accuracy,0.9024389982223511,0.8105263113975525,0.795918345451355,,,,,,,,,,,,0.8045977011494253,0.9016794593411774,0.898095556682105,0.26881036162376404,0.15776705741882324,0.9024390243902439,0.9024389982223511,0.8552543610141408,0.05727987363934517,0.9003623188405797,0.7575757575757576,0.8098436341068374,0.8084291187739462,0.7278807759284973,0.32084184885025024,0.8105263157894737,0.8105263113975525,0.7188199190348493,0.12846848368644714,0.8083117630140926,0.7272727272727273,0.7940181498082921,0.7916305916305917,0.7146925926208496,0.2993388772010803,0.7959183673469388,0.795918345451355,0.6959514606826281,0.09386184811592102,0.7915844069746468,,,,0.8292682766914368,0.7719298005104065,-0.026580686391081975,0.5582655826558266,0.17610999941825867,9.807433798414422e-08,8.24734200932653e-08,6.67572021484375e-06,7.62939453125e-06,0.0,0.0,0.0,0.0,0.795918345451355,,,,,,,,,0.06667013466358185,0.04659551754593849,0.0,0.020074618980288506,0.1535143107175827,0.12545762956142426,0.28056690096855164,4.909947165288031e-05,0.5870072841644287,2.363921642303467,0.6711910963058472,atlas_het,graphatlas_c_q_reference,graphatlas_certified,ov0.10_cross0.00,,q_reference_max,1.0,full,none,False,dot,1,45,70,0,70,0.8105263113975525,64834,480,6456,0,13.96495771408081,cpu,0,0.9434577822685242,0.062081847339868546,0.5480136275291443,1.0,0.05654211714863777,0.0,0.9934576749801636,1.4543061256408691,0.09292778372764587,0.14904943108558655,0.5713528394699097,0.45430606603622437,0.25892168283462524,0.0,1.4543061256408691,0.45430606603622437,0.08681589365005493,0.2374550700187683,2.354731947207256e-07,0.019036151468753815,0.05654212087392807,0.24121689796447754,1.0,1.3958333730697632,0.3958333432674408,0.21695420145988464,0.657079815864563,0.027021873742341995,0.7372721433639526,atlas_het__node_classification__graphatlas_c_q_reference__split0__seed1__45369f682111,45369f682111,975d6eec98ed54f0
node_classification,accuracy,0.9024389982223511,0.8105263113975525,0.795918345451355,,,,,,,,,,,,0.8045977011494253,0.9016794593411774,0.898095556682105,0.26881036162376404,0.15776705741882324,0.9024390243902439,0.9024389982223511,0.8552543610141408,0.05727987363934517,0.9003623188405797,0.7575757575757576,0.8098436341068374,0.8084291187739462,0.7278807759284973,0.32084184885025024,0.8105263157894737,0.8105263113975525,0.7188199190348493,0.12846848368644714,0.8083117630140926,0.7272727272727273,0.7940181498082921,0.7916305916305917,0.7146925926208496,0.2993388772010803,0.7959183673469388,0.795918345451355,0.6959514606826281,0.09386184811592102,0.7915844069746468,,,,0.8292682766914368,0.7719298005104065,-0.026580686391081975,0.5582655826558266,0.17610999941825867,9.807433798414422e-08,8.24734200932653e-08,6.67572021484375e-06,7.62939453125e-06,0.0,0.0,0.0,0.0,0.795918345451355,,,,,,,,,0.06667013466358185,0.04659551754593849,0.0,0.020074618980288506,0.1535143107175827,0.12545762956142426,0.28056690096855164,4.909947165288031e-05,0.5870072841644287,2.363921642303467,0.6711910963058472,atlas_het,graphatlas_c_q_reference,graphatlas_certified,ov0.10_cross0.15,,q_reference_max,1.0,full,none,False,dot,1,45,70,0,70,0.8105263113975525,64834,480,6456,0,14.028162717819214,cpu,0,0.9434577822685242,0.062081847339868546,0.5480136275291443,1.0,0.05654211714863777,0.0,0.9934576749801636,1.4543061256408691,0.09292778372764587,0.14904943108558655,0.5713528394699097,0.45430606603622437,0.25892168283462524,0.0,1.4543061256408691,0.45430606603622437,0.08681589365005493,0.2374550700187683,2.354731947207256e-07,0.019036151468753815,0.05654212087392807,0.24121689796447754,1.0,1.3958333730697632,0.3958333432674408,0.21695420145988464,0.657079815864563,0.027021873742341995,0.7372721433639526,atlas_het__node_classification__graphatlas_c_q_reference__split0__seed1__d939feb4c8e1,d939feb4c8e1,975d6eec98ed54f0
node_classification,accuracy,0.9024389982223511,0.8105263113975525,0.795918345451355,,,,,,,,,,,,0.8045977011494253,0.9016794593411774,0.898095556682105,0.26881036162376404,0.15776705741882324,0.9024390243902439,0.9024389982223511,0.8552543610141408,0.05727987363934517,0.9003623188405797,0.7575757575757576,0.8098436341068374,0.8084291187739462,0.7278807759284973,0.32084184885025024,0.8105263157894737,0.8105263113975525,0.7188199190348493,0.12846848368644714,0.8083117630140926,0.7272727272727273,0.7940181498082921,0.7916305916305917,0.7146925926208496,0.2993388772010803,0.7959183673469388,0.795918345451355,0.6959514606826281,0.09386184811592102,0.7915844069746468,,,,0.8292682766914368,0.7719298005104065,-0.026580686391081975,0.5582655826558266,0.17610999941825867,9.807433798414422e-08,8.24734200932653e-08,6.67572021484375e-06,7.62939453125e-06,0.0,0.0,0.0,0.0,0.795918345451355,,,,,,,,,0.06667013466358185,0.04659551754593849,0.0,0.020074618980288506,0.1535143107175827,0.12545762956142426,0.28056690096855164,4.909947165288031e-05,0.5870072841644287,2.363921642303467,0.6711910963058472,atlas_het,graphatlas_c_q_reference,graphatlas_certified,ov0.10_cross0.30,,q_reference_max,1.0,full,none,False,dot,1,45,70,0,70,0.8105263113975525,64834,480,6456,0,13.963806390762329,cpu,0,0.9434577822685242,0.062081847339868546,0.5480136275291443,1.0,0.05654211714863777,0.0,0.9934576749801636,1.4543061256408691,0.09292778372764587,0.14904943108558655,0.5713528394699097,0.45430606603622437,0.25892168283462524,0.0,1.4543061256408691,0.45430606603622437,0.08681589365005493,0.2374550700187683,2.354731947207256e-07,0.019036151468753815,0.05654212087392807,0.24121689796447754,1.0,1.3958333730697632,0.3958333432674408,0.21695420145988464,0.657079815864563,0.027021873742341995,0.7372721433639526,atlas_het__node_classification__graphatlas_c_q_reference__split0__seed1__9c33ad5601bb,9c33ad5601bb,975d6eec98ed54f0
node_classification,accuracy,0.9233449697494507,0.8315789699554443,0.7142857313156128,,,,,,,,,,,,0.8969072164948454,0.9232485167331189,0.9217409081720785,0.1724875569343567,0.1063772663474083,0.9233449477351916,0.9233449697494507,0.8855258201432535,0.05171797424554825,0.9221990605807165,0.78125,0.8324784314412389,0.8320867139959431,1.3741005659103394,0.2879296839237213,0.8315789473684211,0.8315789699554443,0.7498761171515079,0.13372217118740082,0.8314963167222658,0.6333333333333333,0.7128923538657324,0.7089466089466089,1.4098867177963257,0.47169849276542664,0.7142857142857143,0.7142857313156128,0.5785029099876885,0.22312428057193756,0.711472225559694,,,,0.6190476417541504,0.7857142686843872,0.045262229531613796,0.5540796963946869,0.08080512285232544,7.546039171302255e-08,7.684005964847529e-08,1.1444091796875e-05,9.5367431640625e-06,0.0,0.0,0.0,0.0,0.7142857313156128,,,,,,,,,0.07426309585571289,0.05644000694155693,0.0,0.01782309263944626,0.1565726101398468,0.12838897109031677,0.2818364202976227,0.0,0.5538783073425293,2.4855403900146484,1.5412908792495728,atlas_het,graphatlas_c_q_reference,graphatlas_certified,ov0.10_cross0.00,,q_reference_max,1.0,full,none,False,dot,2,70,95,0,95,0.8315789699554443,64834,480,6506,0,18.758702278137207,cpu,0,0.9584534764289856,0.04899446666240692,0.4021192789077759,1.0,0.04154649376869202,0.0,0.9921143651008606,1.7434675693511963,0.046441029757261276,0.08057701587677002,0.816112756729126,0.7434675693511963,0.4218895137310028,0.0,1.7434675693511963,0.7434675693511963,0.04233574867248535,0.3775157928466797,2.493465842690057e-07,0.01828499510884285,0.04154649004340172,0.3970656096935272,1.0,1.7145832777023315,0.7145833373069763,0.39519256353378296,0.6865128874778748,0.07970168441534042,0.508091926574707,atlas_het__node_classification__graphatlas_c_q_reference__split0__seed2__d58278690af5,d58278690af5,975d6eec98ed54f0
node_classification,accuracy,0.9233449697494507,0.8315789699554443,0.7142857313156128,,,,,,,,,,,,0.8969072164948454,0.9232485167331189,0.9217409081720785,0.1724875569343567,0.1063772663474083,0.9233449477351916,0.9233449697494507,0.8855258201432535,0.05171797424554825,0.9221990605807165,0.78125,0.8324784314412389,0.8320867139959431,1.3741005659103394,0.2879296839237213,0.8315789473684211,0.8315789699554443,0.7498761171515079,0.13372217118740082,0.8314963167222658,0.6333333333333333,0.7128923538657324,0.7089466089466089,1.4098867177963257,0.47169849276542664,0.7142857142857143,0.7142857313156128,0.5785029099876885,0.22312428057193756,0.711472225559694,,,,0.6190476417541504,0.7857142686843872,0.045262229531613796,0.5540796963946869,0.08080512285232544,7.546039171302255e-08,7.684005964847529e-08,1.1444091796875e-05,9.5367431640625e-06,0.0,0.0,0.0,0.0,0.7142857313156128,,,,,,,,,0.07426309585571289,0.05644000694155693,0.0,0.01782309263944626,0.1565726101398468,0.12838897109031677,0.2818364202976227,0.0,0.5538783073425293,2.4855403900146484,1.5412908792495728,atlas_het,graphatlas_c_q_reference,graphatlas_certified,ov0.10_cross0.15,,q_reference_max,1.0,full,none,False,dot,2,70,95,0,95,0.8315789699554443,64834,480,6506,0,18.760186195373535,cpu,0,0.9584534764289856,0.04899446666240692,0.4021192789077759,1.0,0.04154649376869202,0.0,0.9921143651008606,1.7434675693511963,0.046441029757261276,0.08057701587677002,0.816112756729126,0.7434675693511963,0.4218895137310028,0.0,1.7434675693511963,0.7434675693511963,0.04233574867248535,0.3775157928466797,2.493465842690057e-07,0.01828499510884285,0.04154649004340172,0.3970656096935272,1.0,1.7145832777023315,0.7145833373069763,0.39519256353378296,0.6865128874778748,0.07970168441534042,0.508091926574707,atlas_het__node_classification__graphatlas_c_q_reference__split0__seed2__7ce1271762b5,7ce1271762b5,975d6eec98ed54f0
node_classification,accuracy,0.9233449697494507,0.8315789699554443,0.7142857313156128,,,,,,,,,,,,0.8969072164948454,0.9232485167331189,0.9217409081720785,0.1724875569343567,0.1063772663474083,0.9233449477351916,0.9233449697494507,0.8855258201432535,0.05171797424554825,0.9221990605807165,0.78125,0.8324784314412389,0.8320867139959431,1.3741005659103394,0.2879296839237213,0.8315789473684211,0.8315789699554443,0.7498761171515079,0.13372217118740082,0.8314963167222658,0.6333333333333333,0.7128923538657324,0.7089466089466089,1.4098867177963257,0.47169849276542664,0.7142857142857143,0.7142857313156128,0.5785029099876885,0.22312428057193756,0.711472225559694,,,,0.6190476417541504,0.7857142686843872,0.045262229531613796,0.5540796963946869,0.08080512285232544,7.546039171302255e-08,7.684005964847529e-08,1.1444091796875e-05,9.5367431640625e-06,0.0,0.0,0.0,0.0,0.7142857313156128,,,,,,,,,0.07426309585571289,0.05644000694155693,0.0,0.01782309263944626,0.1565726101398468,0.12838897109031677,0.2818364202976227,0.0,0.5538783073425293,2.4855403900146484,1.5412908792495728,atlas_het,graphatlas_c_q_reference,graphatlas_certified,ov0.10_cross0.30,,q_reference_max,1.0,full,none,False,dot,2,70,95,0,95,0.8315789699554443,64834,480,6506,0,18.78296136856079,cpu,0,0.9584534764289856,0.04899446666240692,0.4021192789077759,1.0,0.04154649376869202,0.0,0.9921143651008606,1.7434675693511963,0.046441029757261276,0.08057701587677002,0.816112756729126,0.7434675693511963,0.4218895137310028,0.0,1.7434675693511963,0.7434675693511963,0.04233574867248535,0.3775157928466797,2.493465842690057e-07,0.01828499510884285,0.04154649004340172,0.3970656096935272,1.0,1.7145832777023315,0.7145833373069763,0.39519256353378296,0.6865128874778748,0.07970168441534042,0.508091926574707,atlas_het__node_classification__graphatlas_c_q_reference__split0__seed2__a5db14b031c7,a5db14b031c7,975d6eec98ed54f0
node_classification,accuracy,0.9616724848747253,0.8736842274665833,0.7346938848495483,,,,,,,,,,,,0.927710843373494,0.9616487222192629,0.9595637451767857,0.09648127853870392,0.05747734755277634,0.9616724738675958,0.9616724848747253,0.9426739366290646,0.025019917637109756,0.9617015793363675,0.7941176470588235,0.8727255639097745,0.877269426289034,0.8672083020210266,0.2534187436103821,0.8736842105263158,0.8736842274665833,0.8115603526817265,0.11744917929172516,0.8741071428571429,0.6551724137931034,0.7349473951071113,0.7301555104800541,1.99005126953125,0.4796256721019745,0.7346938775510204,0.7346938848495483,0.6007846759056732,0.2354971319437027,0.7308488612836439,,,,0.7241379022598267,0.739130437374115,0.07173936139918093,0.4861111111111111,0.13530908524990082,5.2496691438363996e-08,3.942709270177147e-08,9.5367431640625e-06,5.7220458984375e-06,0.0,0.0,0.0,0.0,0.7346938848495483,,,,,,,,,0.05584460496902466,0.03463924303650856,0.0,0.021205363795161247,0.14630447328090668,0.1302463263273239,0.1605815589427948,0.0,0.6786348819732666,1.9773800373077393,0.9925730228424072,atlas_het,graphatlas_c_q_reference,graphatlas_certified,ov0.10_cross0.00,,q_reference_max,1.0,full,none,False,dot,3,85,110,0,110,0.8736842274665833,64834,480,6486,0,21.518596649169922,cpu,0,0.949245274066925,0.06584649533033371,0.4845764636993408,1.0,0.05075478553771973,0.0,0.972617506980896,1.5689176321029663,0.06085684150457382,0.1408718079328537,0.651334285736084,0.5689176917076111,0.32197263836860657,0.0,1.5689176321029663,0.5689176917076111,0.03960108757019043,0.4379478693008423,2.6634646133061324e-07,0.017268860712647438,0.050754789263010025,0.3647505044937134,1.0,1.5229166746139526,0.5229166746139526,0.3035351037979126,0.6825803518295288,0.10714077949523926,0.503132700920105,atlas_het__node_classification__graphatlas_c_q_reference__split0__seed3__1887cf4625e0,1887cf4625e0,975d6eec98ed54f0
node_classification,accuracy,0.9616724848747253,0.8736842274665833,0.7346938848495483,,,,,,,,,,,,0.927710843373494,0.9616487222192629,0.9595637451767857,0.09648127853870392,0.05747734755277634,0.9616724738675958,0.9616724848747253,0.9426739366290646,0.025019917637109756,0.9617015793363675,0.7941176470588235,0.8727255639097745,0.877269426289034,0.8672083020210266,0.2534187436103821,0.8736842105263158,0.8736842274665833,0.8115603526817265,0.11744917929172516,0.8741071428571429,0.6551724137931034,0.7349473951071113,0.7301555104800541,1.99005126953125,0.4796256721019745,0.7346938775510204,0.7346938848495483,0.6007846759056732,0.2354971319437027,0.7308488612836439,,,,0.7241379022598267,0.739130437374115,0.07173936139918093,0.4861111111111111,0.13530908524990082,5.2496691438363996e-08,3.942709270177147e-08,9.5367431640625e-06,5.7220458984375e-06,0.0,0.0,0.0,0.0,0.7346938848495483,,,,,,,,,0.05584460496902466,0.03463924303650856,0.0,0.021205363795161247,0.14630447328090668,0.1302463263273239,0.1605815589427948,0.0,0.6786348819732666,1.9773800373077393,0.9925730228424072,atlas_het,graphatlas_c_q_reference,graphatlas_certified,ov0.10_cross0.15,,q_reference_max,1.0,full,none,False,dot,3,85,110,0,110,0.8736842274665833,64834,480,6486,0,21.506635665893555,cpu,0,0.949245274066925,0.06584649533033371,0.4845764636993408,1.0,0.05075478553771973,0.0,0.972617506980896,1.5689176321029663,0.06085684150457382,0.1408718079328537,0.651334285736084,0.5689176917076111,0.32197263836860657,0.0,1.5689176321029663,0.5689176917076111,0.03960108757019043,0.4379478693008423,2.6634646133061324e-07,0.017268860712647438,0.050754789263010025,0.3647505044937134,1.0,1.5229166746139526,0.5229166746139526,0.3035351037979126,0.6825803518295288,0.10714077949523926,0.503132700920105,atlas_het__node_classification__graphatlas_c_q_reference__split0__seed3__cee0d7f556e1,cee0d7f556e1,975d6eec98ed54f0
node_classification,accuracy,0.9616724848747253,0.8736842274665833,0.7346938848495483,,,,,,,,,,,,0.927710843373494,0.9616487222192629,0.9595637451767857,0.09648127853870392,0.05747734755277634,0.9616724738675958,0.9616724848747253,0.9426739366290646,0.025019917637109756,0.9617015793363675,0.7941176470588235,0.8727255639097745,0.877269426289034,0.8672083020210266,0.2534187436103821,0.8736842105263158,0.8736842274665833,0.8115603526817265,0.11744917929172516,0.8741071428571429,0.6551724137931034,0.7349473951071113,0.7301555104800541,1.99005126953125,0.4796256721019745,0.7346938775510204,0.7346938848495483,0.6007846759056732,0.2354971319437027,0.7308488612836439,,,,0.7241379022598267,0.739130437374115,0.07173936139918093,0.4861111111111111,0.13530908524990082,5.2496691438363996e-08,3.942709270177147e-08,9.5367431640625e-06,5.7220458984375e-06,0.0,0.0,0.0,0.0,0.7346938848495483,,,,,,,,,0.05584460496902466,0.03463924303650856,0.0,0.021205363795161247,0.14630447328090668,0.1302463263273239,0.1605815589427948,0.0,0.6786348819732666,1.9773800373077393,0.9925730228424072,atlas_het,graphatlas_c_q_reference,graphatlas_certified,ov0.10_cross0.30,,q_reference_max,1.0,full,none,False,dot,3,85,110,0,110,0.8736842274665833,64834,480,6486,0,21.618080377578735,cpu,0,0.949245274066925,0.06584649533033371,0.4845764636993408,1.0,0.05075478553771973,0.0,0.972617506980896,1.5689176321029663,0.06085684150457382,0.1408718079328537,0.651334285736084,0.5689176917076111,0.32197263836860657,0.0,1.5689176321029663,0.5689176917076111,0.03960108757019043,0.4379478693008423,2.6634646133061324e-07,0.017268860712647438,0.050754789263010025,0.3647505044937134,1.0,1.5229166746139526,0.5229166746139526,0.3035351037979126,0.6825803518295288,0.10714077949523926,0.503132700920105,atlas_het__node_classification__graphatlas_c_q_reference__split0__seed3__01b31c377590,01b31c377590,975d6eec98ed54f0
node_classification,accuracy,0.9616724848747253,0.8315789699554443,0.795918345451355,,,,,,,,,,,,0.9411764705882353,0.9616903027813394,0.9619607843137254,0.07490837574005127,0.04636343568563461,0.9616724738675958,0.9616724848747253,0.9425068999295915,0.01804385520517826,0.9624899464736391,0.7142857142857143,0.8285524769217022,0.8263305322128852,1.2686359882354736,0.3098050653934479,0.8315789473684211,0.8315789699554443,0.7555906148484143,0.14165614545345306,0.8254538330939011,0.7333333333333333,0.7968854014112635,0.7934640522875817,1.3182332515716553,0.3537081778049469,0.7959183673469388,0.795918345451355,0.6960464070383086,0.16852515935897827,0.795384824479652,,,,0.8235294222831726,0.78125,0.07242238260709821,0.5064377682403434,0.0684996172785759,3.9076400781823395e-08,4.450022927926511e-08,8.58306884765625e-06,9.5367431640625e-06,0.0,0.0,0.0,0.0,0.795918345451355,,,,,,,,,0.053573910146951675,0.031782448291778564,0.0,0.02179146185517311,0.0885174348950386,0.07650686800479889,0.12010564655065536,3.8793854173491127e-07,0.5902800559997559,2.402834892272949,1.2702919244766235,atlas_het,graphatlas_c_q_reference,graphatlas_certified,ov0.10_cross0.00,,q_reference_max,1.0,full,none,False,dot,4,85,110,0,110,0.8315789699554443,64834,480,6552,0,21.588530778884888,cpu,0,0.9725142121315002,0.02897466905415058,0.7773100137710571,1.0,0.027485789731144905,0.0,1.0,1.6625458002090454,0.03787745162844658,0.07028701901435852,0.67589271068573,0.6625458002090454,0.34728655219078064,0.0,1.6625458002090454,0.6625458002090454,0.03371751308441162,0.1494653820991516,2.435195938232937e-07,0.012289264239370823,0.02748580276966095,0.3671976327896118,1.0,1.6062500476837158,0.606249988079071,0.3515251576900482,0.6877732276916504,0.09574546664953232,0.5751141905784607,atlas_het__node_classification__graphatlas_c_q_reference__split0__seed4__29bbdf825801,29bbdf825801,975d6eec98ed54f0
node_classification,accuracy,0.9616724848747253,0.8315789699554443,0.795918345451355,,,,,,,,,,,,0.9411764705882353,0.9616903027813394,0.9619607843137254,0.07490837574005127,0.04636343568563461,0.9616724738675958,0.9616724848747253,0.9425068999295915,0.01804385520517826,0.9624899464736391,0.7142857142857143,0.8285524769217022,0.8263305322128852,1.2686359882354736,0.3098050653934479,0.8315789473684211,0.8315789699554443,0.7555906148484143,0.14165614545345306,0.8254538330939011,0.7333333333333333,0.7968854014112635,0.7934640522875817,1.3182332515716553,0.3537081778049469,0.7959183673469388,0.795918345451355,0.6960464070383086,0.16852515935897827,0.795384824479652,,,,0.8235294222831726,0.78125,0.07242238260709821,0.5064377682403434,0.0684996172785759,3.9076400781823395e-08,4.450022927926511e-08,8.58306884765625e-06,9.5367431640625e-06,0.0,0.0,0.0,0.0,0.795918345451355,,,,,,,,,0.053573910146951675,0.031782448291778564,0.0,0.02179146185517311,0.0885174348950386,0.07650686800479889,0.12010564655065536,3.8793854173491127e-07,0.5902800559997559,2.402834892272949,1.2702919244766235,atlas_het,graphatlas_c_q_reference,graphatlas_certified,ov0.10_cross0.15,,q_reference_max,1.0,full,none,False,dot,4,85,110,0,110,0.8315789699554443,64834,480,6552,0,21.649481058120728,cpu,0,0.9725142121315002,0.02897466905415058,0.7773100137710571,1.0,0.027485789731144905,0.0,1.0,1.6625458002090454,0.03787745162844658,0.07028701901435852,0.67589271068573,0.6625458002090454,0.34728655219078064,0.0,1.6625458002090454,0.6625458002090454,0.03371751308441162,0.1494653820991516,2.435195938232937e-07,0.012289264239370823,0.02748580276966095,0.3671976327896118,1.0,1.6062500476837158,0.606249988079071,0.3515251576900482,0.6877732276916504,0.09574546664953232,0.5751141905784607,atlas_het__node_classification__graphatlas_c_q_reference__split0__seed4__812868732e1f,812868732e1f,975d6eec98ed54f0
node_classification,accuracy,0.9616724848747253,0.8315789699554443,0.795918345451355,,,,,,,,,,,,0.9411764705882353,0.9616903027813394,0.9619607843137254,0.07490837574005127,0.04636343568563461,0.9616724738675958,0.9616724848747253,0.9425068999295915,0.01804385520517826,0.9624899464736391,0.7142857142857143,0.8285524769217022,0.8263305322128852,1.2686359882354736,0.3098050653934479,0.8315789473684211,0.8315789699554443,0.7555906148484143,0.14165614545345306,0.8254538330939011,0.7333333333333333,0.7968854014112635,0.7934640522875817,1.3182332515716553,0.3537081778049469,0.7959183673469388,0.795918345451355,0.6960464070383086,0.16852515935897827,0.795384824479652,,,,0.8235294222831726,0.78125,0.07242238260709821,0.5064377682403434,0.0684996172785759,3.9076400781823395e-08,4.450022927926511e-08,8.58306884765625e-06,9.5367431640625e-06,0.0,0.0,0.0,0.0,0.795918345451355,,,,,,,,,0.053573910146951675,0.031782448291778564,0.0,0.02179146185517311,0.0885174348950386,0.07650686800479889,0.12010564655065536,3.8793854173491127e-07,0.5902800559997559,2.402834892272949,1.2702919244766235,atlas_het,graphatlas_c_q_reference,graphatlas_certified,ov0.10_cross0.30,,q_reference_max,1.0,full,none,False,dot,4,85,110,0,110,0.8315789699554443,64834,480,6552,0,21.821765661239624,cpu,0,0.9725142121315002,0.02897466905415058,0.7773100137710571,1.0,0.027485789731144905,0.0,1.0,1.6625458002090454,0.03787745162844658,0.07028701901435852,0.67589271068573,0.6625458002090454,0.34728655219078064,0.0,1.6625458002090454,0.6625458002090454,0.03371751308441162,0.1494653820991516,2.435195938232937e-07,0.012289264239370823,0.02748580276966095,0.3671976327896118,1.0,1.6062500476837158,0.606249988079071,0.3515251576900482,0.6877732276916504,0.09574546664953232,0.5751141905784607,atlas_het__node_classification__graphatlas_c_q_reference__split0__seed4__f4dd8f51ac00,f4dd8f51ac00,975d6eec98ed54f0
node_classification,accuracy,0.9128919839859009,0.7553191781044006,0.8888888955116272,,,,,,,,,,,,0.8846153846153846,0.9127765325396949,0.914243856390641,0.21179625391960144,0.12872008979320526,0.9128919860627178,0.9128919839859009,0.86925445453274,0.03221486508846283,0.9135749169899814,0.7352941176470589,0.7564007495489645,0.7567776832646297,1.2141188383102417,0.4377204477787018,0.7553191489361702,0.7553191781044006,0.6352341253723133,0.1937902569770813,0.7557985015612134,0.8709677419354839,0.888934852315134,0.8887022102747909,0.38908055424690247,0.18279127776622772,0.8888888888888888,0.8888888955116272,0.8332056683735726,0.0893927663564682,0.8882279616491339,,,,0.8888888955116272,0.8888888955116272,0.12245254981560354,0.5553398058252427,0.2076413780450821,7.84676075227253e-08,5.7775206840915416e-08,5.7220458984375e-06,4.76837158203125e-06,0.0,0.0,0.0,0.0,0.8888888955116272,,,,,,,,,0.18059846758842468,0.12358979135751724,0.0,0.05700867623090744,0.25816547870635986,0.1957772672176361,0.6238821148872375,1.4650802313553868e-06,0.5313098430633545,2.762493848800659,1.4341286420822144,atlas_het,graphatlas_c_q_shuffle_edge,graphatlas_certified,ov0.10_cross0.00,,q_shuffle_edge,1.0,full,none,False,dot,0,50,75,0,75,0.7553191781044006,64834,480,6540,0,18.020537614822388,cpu,0,0.9617881178855896,0.060174595564603806,0.6261510848999023,1.0,0.03821193054318428,0.0,0.9846056699752808,1.748318076133728,0.0560297928750515,0.14206549525260925,0.0004174458154011518,0.7483180165290833,0.006959923543035984,0.3723714053630829,1.748318076133728,0.7483180165290833,0.02654474973678589,0.37271440029144287,2.4877527948774514e-07,0.020924601703882217,0.03821191564202309,0.34966254234313965,0.5864933729171753,1.7104166746139526,0.7104166746139526,0.3658476173877716,0.6632435917854309,0.03938507288694382,0.5172737836837769,atlas_het__node_classification__graphatlas_c_q_shuffle_edge__split0__seed0__a977f6d98878,a977f6d98878,975d6eec98ed54f0
node_classification,accuracy,0.9128919839859009,0.7553191781044006,0.8888888955116272,,,,,,,,,,,,0.8846153846153846,0.9127765325396949,0.914243856390641,0.21179625391960144,0.12872008979320526,0.9128919860627178,0.9128919839859009,0.86925445453274,0.03221486508846283,0.9135749169899814,0.7352941176470589,0.7564007495489645,0.7567776832646297,1.2141188383102417,0.4377204477787018,0.7553191489361702,0.7553191781044006,0.6352341253723133,0.1937902569770813,0.7557985015612134,0.8709677419354839,0.888934852315134,0.8887022102747909,0.38908055424690247,0.18279127776622772,0.8888888888888888,0.8888888955116272,0.8332056683735726,0.0893927663564682,0.8882279616491339,,,,0.8888888955116272,0.8888888955116272,0.12245254981560354,0.5553398058252427,0.2076413780450821,7.84676075227253e-08,5.7775206840915416e-08,5.7220458984375e-06,4.76837158203125e-06,0.0,0.0,0.0,0.0,0.8888888955116272,,,,,,,,,0.18059846758842468,0.12358979135751724,0.0,0.05700867623090744,0.25816547870635986,0.1957772672176361,0.6238821148872375,1.4650802313553868e-06,0.5313098430633545,2.762493848800659,1.4341286420822144,atlas_het,graphatlas_c_q_shuffle_edge,graphatlas_certified,ov0.10_cross0.15,,q_shuffle_edge,1.0,full,none,False,dot,0,50,75,0,75,0.7553191781044006,64834,480,6540,0,17.95089864730835,cpu,0,0.9617881178855896,0.060174595564603806,0.6261510848999023,1.0,0.03821193054318428,0.0,0.9846056699752808,1.748318076133728,0.0560297928750515,0.14206549525260925,0.0004174458154011518,0.7483180165290833,0.006959923543035984,0.3723714053630829,1.748318076133728,0.7483180165290833,0.02654474973678589,0.37271440029144287,2.4877527948774514e-07,0.020924601703882217,0.03821191564202309,0.34966254234313965,0.5864933729171753,1.7104166746139526,0.7104166746139526,0.3658476173877716,0.6632435917854309,0.03938507288694382,0.5172737836837769,atlas_het__node_classification__graphatlas_c_q_shuffle_edge__split0__seed0__19bb552364b2,19bb552364b2,975d6eec98ed54f0
node_classification,accuracy,0.9128919839859009,0.7553191781044006,0.8888888955116272,,,,,,,,,,,,0.8846153846153846,0.9127765325396949,0.914243856390641,0.21179625391960144,0.12872008979320526,0.9128919860627178,0.9128919839859009,0.86925445453274,0.03221486508846283,0.9135749169899814,0.7352941176470589,0.7564007495489645,0.7567776832646297,1.2141188383102417,0.4377204477787018,0.7553191489361702,0.7553191781044006,0.6352341253723133,0.1937902569770813,0.7557985015612134,0.8709677419354839,0.888934852315134,0.8887022102747909,0.38908055424690247,0.18279127776622772,0.8888888888888888,0.8888888955116272,0.8332056683735726,0.0893927663564682,0.8882279616491339,,,,0.8888888955116272,0.8888888955116272,0.12245254981560354,0.5553398058252427,0.2076413780450821,7.84676075227253e-08,5.7775206840915416e-08,5.7220458984375e-06,4.76837158203125e-06,0.0,0.0,0.0,0.0,0.8888888955116272,,,,,,,,,0.18059846758842468,0.12358979135751724,0.0,0.05700867623090744,0.25816547870635986,0.1957772672176361,0.6238821148872375,1.4650802313553868e-06,0.5313098430633545,2.762493848800659,1.4341286420822144,atlas_het,graphatlas_c_q_shuffle_edge,graphatlas_certified,ov0.10_cross0.30,,q_shuffle_edge,1.0,full,none,False,dot,0,50,75,0,75,0.7553191781044006,64834,480,6540,0,17.98504114151001,cpu,0,0.9617881178855896,0.060174595564603806,0.6261510848999023,1.0,0.03821193054318428,0.0,0.9846056699752808,1.748318076133728,0.0560297928750515,0.14206549525260925,0.0004174458154011518,0.7483180165290833,0.006959923543035984,0.3723714053630829,1.748318076133728,0.7483180165290833,0.02654474973678589,0.37271440029144287,2.4877527948774514e-07,0.020924601703882217,0.03821191564202309,0.34966254234313965,0.5864933729171753,1.7104166746139526,0.7104166746139526,0.3658476173877716,0.6632435917854309,0.03938507288694382,0.5172737836837769,atlas_het__node_classification__graphatlas_c_q_shuffle_edge__split0__seed0__f5d6d197736f,f5d6d197736f,975d6eec98ed54f0
node_classification,accuracy,0.8815330862998962,0.8315789699554443,0.8367347121238708,,,,,,,,,,,,0.8390804597701149,0.8814499385105824,0.8795534725886381,0.22891466319561005,0.142816424369812,0.8815331010452961,0.8815330862998962,0.8221931422799132,0.039991289377212524,0.8809849029301938,0.7931034482758621,0.8321718246071502,0.8300243817485198,0.5548194050788879,0.2861442565917969,0.8315789473684211,0.8315789699554443,0.7472126076834973,0.11311084777116776,0.8300501758128878,0.7272727272727273,0.8361113903689553,0.8360750360750361,0.5979984998703003,0.25204724073410034,0.8367346938775511,0.8367347121238708,0.7604337429210923,0.0782061219215393,0.8354387885422367,,,,0.8536585569381714,0.8245614171028137,-0.03406430786924759,0.5626740947075209,0.17367056012153625,8.910274118534289e-08,8.424499498005389e-08,9.5367431640625e-06,7.62939453125e-06,0.0,0.0,0.0,0.0,0.8367347121238708,,,,,,,,,0.07502751052379608,0.055405598133802414,0.0,0.01962191052734852,0.13049860298633575,0.10423505306243896,0.26263540983200073,2.030086216109339e-05,0.5801178812980652,2.385179042816162,0.7476016283035278,atlas_het,graphatlas_c_q_shuffle_edge,graphatlas_certified,ov0.10_cross0.00,,q_shuffle_edge,1.0,full,none,False,dot,1,50,75,0,75,0.8315789699554443,64834,480,6456,0,18.130038261413574,cpu,0,0.9635341763496399,0.04183148592710495,0.5753603577613831,1.0,0.03646591305732727,0.0,0.99586421251297,1.4357186555862427,0.05005441978573799,0.07926410436630249,0.0001424612564733252,0.43571871519088745,0.003641995135694742,0.1974838525056839,1.4357186555862427,0.43571871519088745,0.048035621643066406,0.28421854972839355,2.413171955595317e-07,0.009660514071583748,0.03646592050790787,0.2120046317577362,0.7429780960083008,1.375,0.375,0.19870246946811676,0.6432657241821289,0.019127536565065384,0.7832401394844055,atlas_het__node_classification__graphatlas_c_q_shuffle_edge__split0__seed1__cce59e265748,cce59e265748,975d6eec98ed54f0
node_classification,accuracy,0.8815330862998962,0.8315789699554443,0.8367347121238708,,,,,,,,,,,,0.8390804597701149,0.8814499385105824,0.8795534725886381,0.22891466319561005,0.142816424369812,0.8815331010452961,0.8815330862998962,0.8221931422799132,0.039991289377212524,0.8809849029301938,0.7931034482758621,0.8321718246071502,0.8300243817485198,0.5548194050788879,0.2861442565917969,0.8315789473684211,0.8315789699554443,0.7472126076834973,0.11311084777116776,0.8300501758128878,0.7272727272727273,0.8361113903689553,0.8360750360750361,0.5979984998703003,0.25204724073410034,0.8367346938775511,0.8367347121238708,0.7604337429210923,0.0782061219215393,0.8354387885422367,,,,0.8536585569381714,0.8245614171028137,-0.03406430786924759,0.5626740947075209,0.17367056012153625,8.910274118534289e-08,8.424499498005389e-08,9.5367431640625e-06,7.62939453125e-06,0.0,0.0,0.0,0.0,0.8367347121238708,,,,,,,,,0.07502751052379608,0.055405598133802414,0.0,0.01962191052734852,0.13049860298633575,0.10423505306243896,0.26263540983200073,2.030086216109339e-05,0.5801178812980652,2.385179042816162,0.7476016283035278,atlas_het,graphatlas_c_q_shuffle_edge,graphatlas_certified,ov0.10_cross0.15,,q_shuffle_edge,1.0,full,none,False,dot,1,50,75,0,75,0.8315789699554443,64834,480,6456,0,17.904646396636963,cpu,0,0.9635341763496399,0.04183148592710495,0.5753603577613831,1.0,0.03646591305732727,0.0,0.99586421251297,1.4357186555862427,0.05005441978573799,0.07926410436630249,0.0001424612564733252,0.43571871519088745,0.003641995135694742,0.1974838525056839,1.4357186555862427,0.43571871519088745,0.048035621643066406,0.28421854972839355,2.413171955595317e-07,0.009660514071583748,0.03646592050790787,0.2120046317577362,0.7429780960083008,1.375,0.375,0.19870246946811676,0.6432657241821289,0.019127536565065384,0.7832401394844055,atlas_het__node_classification__graphatlas_c_q_shuffle_edge__split0__seed1__30935561d8a4,30935561d8a4,975d6eec98ed54f0
node_classification,accuracy,0.8815330862998962,0.8315789699554443,0.8367347121238708,,,,,,,,,,,,0.8390804597701149,0.8814499385105824,0.8795534725886381,0.22891466319561005,0.142816424369812,0.8815331010452961,0.8815330862998962,0.8221931422799132,0.039991289377212524,0.8809849029301938,0.7931034482758621,0.8321718246071502,0.8300243817485198,0.5548194050788879,0.2861442565917969,0.8315789473684211,0.8315789699554443,0.7472126076834973,0.11311084777116776,0.8300501758128878,0.7272727272727273,0.8361113903689553,0.8360750360750361,0.5979984998703003,0.25204724073410034,0.8367346938775511,0.8367347121238708,0.7604337429210923,0.0782061219215393,0.8354387885422367,,,,0.8536585569381714,0.8245614171028137,-0.03406430786924759,0.5626740947075209,0.17367056012153625,8.910274118534289e-08,8.424499498005389e-08,9.5367431640625e-06,7.62939453125e-06,0.0,0.0,0.0,0.0,0.8367347121238708,,,,,,,,,0.07502751052379608,0.055405598133802414,0.0,0.01962191052734852,0.13049860298633575,0.10423505306243896,0.26263540983200073,2.030086216109339e-05,0.5801178812980652,2.385179042816162,0.7476016283035278,atlas_het,graphatlas_c_q_shuffle_edge,graphatlas_certified,ov0.10_cross0.30,,q_shuffle_edge,1.0,full,none,False,dot,1,50,75,0,75,0.8315789699554443,64834,480,6456,0,17.780945539474487,cpu,0,0.9635341763496399,0.04183148592710495,0.5753603577613831,1.0,0.03646591305732727,0.0,0.99586421251297,1.4357186555862427,0.05005441978573799,0.07926410436630249,0.0001424612564733252,0.43571871519088745,0.003641995135694742,0.1974838525056839,1.4357186555862427,0.43571871519088745,0.048035621643066406,0.28421854972839355,2.413171955595317e-07,0.009660514071583748,0.03646592050790787,0.2120046317577362,0.7429780960083008,1.375,0.375,0.19870246946811676,0.6432657241821289,0.019127536565065384,0.7832401394844055,atlas_het__node_classification__graphatlas_c_q_shuffle_edge__split0__seed1__f759be5501fd,f759be5501fd,975d6eec98ed54f0
node_classification,accuracy,0.9790940880775452,0.821052610874176,0.7346938848495483,,,,,,,,,,,,0.9318181818181818,0.9789424751291398,0.9772727272727272,0.10437602549791336,0.05309270694851875,0.9790940766550522,0.9790940880775452,0.969089012844563,0.05904877930879593,0.9785514107495531,0.6896551724137931,0.818638968110974,0.8156693711967545,1.2278584241867065,0.2884942293167114,0.8210526315789474,0.821052610874176,0.7324108392603752,0.09641901403665543,0.8160907507173785,0.5666666666666667,0.731087923891361,0.7282828282828283,1.0404435396194458,0.43702635169029236,0.7346938775510204,0.7346938848495483,0.6059746012545852,0.2055540382862091,0.7294235588972432,,,,0.6904761791229248,0.7678571343421936,0.02355792217110393,0.5287846481876333,0.1336742788553238,7.186354622490398e-08,7.681596514430566e-08,1.52587890625e-05,1.52587890625e-05,0.0,0.0,0.0,0.0,0.7346938848495483,,,,,,,,,0.1116134375333786,0.07290320098400116,0.0,0.03871023654937744,0.1492932140827179,0.11205318570137024,0.37240007519721985,1.8366383301327005e-05,0.4899361729621887,2.938262939453125,1.4577407836914062,atlas_het,graphatlas_c_q_shuffle_edge,graphatlas_certified,ov0.10_cross0.00,,q_shuffle_edge,1.0,full,none,False,dot,2,80,105,0,105,0.821052610874176,64834,480,6506,0,25.00063467025757,cpu,0,0.9663639664649963,0.06200018525123596,0.07047107070684433,1.0,0.033636029809713364,0.0009764565620571375,0.9849734306335449,1.6524746417999268,0.03600596264004707,0.06742767244577408,0.00026789141702465713,0.6524746417999268,0.0048907725140452385,0.3321148157119751,1.6524746417999268,0.6524746417999268,0.025933027267456055,0.7479509115219116,2.5242570700356737e-07,0.013655941933393478,0.03363606333732605,0.37773582339286804,0.6236807107925415,1.59375,0.59375,0.3303403854370117,0.6780979037284851,0.0831199660897255,0.49167805910110474,atlas_het__node_classification__graphatlas_c_q_shuffle_edge__split0__seed2__07303a7fdb8d,07303a7fdb8d,975d6eec98ed54f0
node_classification,accuracy,0.9790940880775452,0.821052610874176,0.7346938848495483,,,,,,,,,,,,0.9318181818181818,0.9789424751291398,0.9772727272727272,0.10437602549791336,0.05309270694851875,0.9790940766550522,0.9790940880775452,0.969089012844563,0.05904877930879593,0.9785514107495531,0.6896551724137931,0.818638968110974,0.8156693711967545,1.2278584241867065,0.2884942293167114,0.8210526315789474,0.821052610874176,0.7324108392603752,0.09641901403665543,0.8160907507173785,0.5666666666666667,0.731087923891361,0.7282828282828283,1.0404435396194458,0.43702635169029236,0.7346938775510204,0.7346938848495483,0.6059746012545852,0.2055540382862091,0.7294235588972432,,,,0.6904761791229248,0.7678571343421936,0.02355792217110393,0.5287846481876333,0.1336742788553238,7.186354622490398e-08,7.681596514430566e-08,1.52587890625e-05,1.52587890625e-05,0.0,0.0,0.0,0.0,0.7346938848495483,,,,,,,,,0.1116134375333786,0.07290320098400116,0.0,0.03871023654937744,0.1492932140827179,0.11205318570137024,0.37240007519721985,1.8366383301327005e-05,0.4899361729621887,2.938262939453125,1.4577407836914062,atlas_het,graphatlas_c_q_shuffle_edge,graphatlas_certified,ov0.10_cross0.15,,q_shuffle_edge,1.0,full,none,False,dot,2,80,105,0,105,0.821052610874176,64834,480,6506,0,24.985126495361328,cpu,0,0.9663639664649963,0.06200018525123596,0.07047107070684433,1.0,0.033636029809713364,0.0009764565620571375,0.9849734306335449,1.6524746417999268,0.03600596264004707,0.06742767244577408,0.00026789141702465713,0.6524746417999268,0.0048907725140452385,0.3321148157119751,1.6524746417999268,0.6524746417999268,0.025933027267456055,0.7479509115219116,2.5242570700356737e-07,0.013655941933393478,0.03363606333732605,0.37773582339286804,0.6236807107925415,1.59375,0.59375,0.3303403854370117,0.6780979037284851,0.0831199660897255,0.49167805910110474,atlas_het__node_classification__graphatlas_c_q_shuffle_edge__split0__seed2__9203bdb890eb,9203bdb890eb,975d6eec98ed54f0
node_classification,accuracy,0.9790940880775452,0.821052610874176,0.7346938848495483,,,,,,,,,,,,0.9318181818181818,0.9789424751291398,0.9772727272727272,0.10437602549791336,0.05309270694851875,0.9790940766550522,0.9790940880775452,0.969089012844563,0.05904877930879593,0.9785514107495531,0.6896551724137931,0.818638968110974,0.8156693711967545,1.2278584241867065,0.2884942293167114,0.8210526315789474,0.821052610874176,0.7324108392603752,0.09641901403665543,0.8160907507173785,0.5666666666666667,0.731087923891361,0.7282828282828283,1.0404435396194458,0.43702635169029236,0.7346938775510204,0.7346938848495483,0.6059746012545852,0.2055540382862091,0.7294235588972432,,,,0.6904761791229248,0.7678571343421936,0.02355792217110393,0.5287846481876333,0.1336742788553238,7.186354622490398e-08,7.681596514430566e-08,1.52587890625e-05,1.52587890625e-05,0.0,0.0,0.0,0.0,0.7346938848495483,,,,,,,,,0.1116134375333786,0.07290320098400116,0.0,0.03871023654937744,0.1492932140827179,0.11205318570137024,0.37240007519721985,1.8366383301327005e-05,0.4899361729621887,2.938262939453125,1.4577407836914062,atlas_het,graphatlas_c_q_shuffle_edge,graphatlas_certified,ov0.10_cross0.30,,q_shuffle_edge,1.0,full,none,False,dot,2,80,105,0,105,0.821052610874176,64834,480,6506,0,24.72735595703125,cpu,0,0.9663639664649963,0.06200018525123596,0.07047107070684433,1.0,0.033636029809713364,0.0009764565620571375,0.9849734306335449,1.6524746417999268,0.03600596264004707,0.06742767244577408,0.00026789141702465713,0.6524746417999268,0.0048907725140452385,0.3321148157119751,1.6524746417999268,0.6524746417999268,0.025933027267456055,0.7479509115219116,2.5242570700356737e-07,0.013655941933393478,0.03363606333732605,0.37773582339286804,0.6236807107925415,1.59375,0.59375,0.3303403854370117,0.6780979037284851,0.0831199660897255,0.49167805910110474,atlas_het__node_classification__graphatlas_c_q_shuffle_edge__split0__seed2__a02c22b36408,a02c22b36408,975d6eec98ed54f0
node_classification,accuracy,0.891986072063446,0.800000011920929,0.7244898080825806,,,,,,,,,,,,0.8433734939759037,0.8919060623600737,0.8889676352468698,0.2230888456106186,0.14026568830013275,0.89198606271777,0.891986072063446,0.837694139681263,0.04578905925154686,0.8915440618801173,0.6764705882352942,0.7983118117605769,0.8086419753086419,0.8468422889709473,0.3323391079902649,0.8,0.800000011920929,0.7086857599071679,0.13125917315483093,0.7997777160322311,0.6551724137931034,0.7259818458798052,0.7209118130010624,1.3597784042358398,0.47932684421539307,0.7244897959183674,0.7244898080825806,0.5875950696701688,0.21023447811603546,0.723050973050973,,,,0.6896551847457886,0.739130437374115,0.038922913304713674,0.3991031390134529,0.21990521252155304,7.790136180574336e-08,6.980847899740183e-08,9.5367431640625e-06,7.62939453125e-06,0.0,0.0,0.0,0.0,0.7244898080825806,,,,,,,,,0.059953369200229645,0.022605469450354576,0.0,0.03734789788722992,0.24900643527507782,0.20790298283100128,0.41103434562683105,0.0,0.6785087585449219,1.9084415435791016,1.1177465915679932,atlas_het,graphatlas_c_q_shuffle_edge,graphatlas_certified,ov0.10_cross0.00,,q_shuffle_edge,1.0,full,none,False,dot,3,40,65,0,65,0.800000011920929,64834,480,6486,0,15.597954511642456,cpu,0,0.8980910778045654,0.12340336292982101,0.3982572853565216,1.0,0.10190889984369278,0.0,0.8821383118629456,1.5971323251724243,0.14380310475826263,0.3109382688999176,0.0027568715158849955,0.5971322655677795,0.020030928775668144,0.3273148834705353,1.5971323251724243,0.5971322655677795,0.12604176998138428,0.5738325119018555,2.331126438548381e-07,0.04710381478071213,0.10190889239311218,0.33601516485214233,0.7405180335044861,1.5520833730697632,0.5520833134651184,0.3290150761604309,0.6889657974243164,0.0040064044296741486,0.5447813272476196,atlas_het__node_classification__graphatlas_c_q_shuffle_edge__split0__seed3__e8418d568285,e8418d568285,975d6eec98ed54f0
node_classification,accuracy,0.891986072063446,0.800000011920929,0.7244898080825806,,,,,,,,,,,,0.8433734939759037,0.8919060623600737,0.8889676352468698,0.2230888456106186,0.14026568830013275,0.89198606271777,0.891986072063446,0.837694139681263,0.04578905925154686,0.8915440618801173,0.6764705882352942,0.7983118117605769,0.8086419753086419,0.8468422889709473,0.3323391079902649,0.8,0.800000011920929,0.7086857599071679,0.13125917315483093,0.7997777160322311,0.6551724137931034,0.7259818458798052,0.7209118130010624,1.3597784042358398,0.47932684421539307,0.7244897959183674,0.7244898080825806,0.5875950696701688,0.21023447811603546,0.723050973050973,,,,0.6896551847457886,0.739130437374115,0.038922913304713674,0.3991031390134529,0.21990521252155304,7.790136180574336e-08,6.980847899740183e-08,9.5367431640625e-06,7.62939453125e-06,0.0,0.0,0.0,0.0,0.7244898080825806,,,,,,,,,0.059953369200229645,0.022605469450354576,0.0,0.03734789788722992,0.24900643527507782,0.20790298283100128,0.41103434562683105,0.0,0.6785087585449219,1.9084415435791016,1.1177465915679932,atlas_het,graphatlas_c_q_shuffle_edge,graphatlas_certified,ov0.10_cross0.15,,q_shuffle_edge,1.0,full,none,False,dot,3,40,65,0,65,0.800000011920929,64834,480,6486,0,15.734424114227295,cpu,0,0.8980910778045654,0.12340336292982101,0.3982572853565216,1.0,0.10190889984369278,0.0,0.8821383118629456,1.5971323251724243,0.14380310475826263,0.3109382688999176,0.0027568715158849955,0.5971322655677795,0.020030928775668144,0.3273148834705353,1.5971323251724243,0.5971322655677795,0.12604176998138428,0.5738325119018555,2.331126438548381e-07,0.04710381478071213,0.10190889239311218,0.33601516485214233,0.7405180335044861,1.5520833730697632,0.5520833134651184,0.3290150761604309,0.6889657974243164,0.0040064044296741486,0.5447813272476196,atlas_het__node_classification__graphatlas_c_q_shuffle_edge__split0__seed3__12d25770b9bf,12d25770b9bf,975d6eec98ed54f0
node_classification,accuracy,0.891986072063446,0.800000011920929,0.7244898080825806,,,,,,,,,,,,0.8433734939759037,0.8919060623600737,0.8889676352468698,0.2230888456106186,0.14026568830013275,0.89198606271777,0.891986072063446,0.837694139681263,0.04578905925154686,0.8915440618801173,0.6764705882352942,0.7983118117605769,0.8086419753086419,0.8468422889709473,0.3323391079902649,0.8,0.800000011920929,0.7086857599071679,0.13125917315483093,0.7997777160322311,0.6551724137931034,0.7259818458798052,0.7209118130010624,1.3597784042358398,0.47932684421539307,0.7244897959183674,0.7244898080825806,0.5875950696701688,0.21023447811603546,0.723050973050973,,,,0.6896551847457886,0.739130437374115,0.038922913304713674,0.3991031390134529,0.21990521252155304,7.790136180574336e-08,6.980847899740183e-08,9.5367431640625e-06,7.62939453125e-06,0.0,0.0,0.0,0.0,0.7244898080825806,,,,,,,,,0.059953369200229645,0.022605469450354576,0.0,0.03734789788722992,0.24900643527507782,0.20790298283100128,0.41103434562683105,0.0,0.6785087585449219,1.9084415435791016,1.1177465915679932,atlas_het,graphatlas_c_q_shuffle_edge,graphatlas_certified,ov0.10_cross0.30,,q_shuffle_edge,1.0,full,none,False,dot,3,40,65,0,65,0.800000011920929,64834,480,6486,0,15.629314661026001,cpu,0,0.8980910778045654,0.12340336292982101,0.3982572853565216,1.0,0.10190889984369278,0.0,0.8821383118629456,1.5971323251724243,0.14380310475826263,0.3109382688999176,0.0027568715158849955,0.5971322655677795,0.020030928775668144,0.3273148834705353,1.5971323251724243,0.5971322655677795,0.12604176998138428,0.5738325119018555,2.331126438548381e-07,0.04710381478071213,0.10190889239311218,0.33601516485214233,0.7405180335044861,1.5520833730697632,0.5520833134651184,0.3290150761604309,0.6889657974243164,0.0040064044296741486,0.5447813272476196,atlas_het__node_classification__graphatlas_c_q_shuffle_edge__split0__seed3__964543e776fc,964543e776fc,975d6eec98ed54f0
node_classification,accuracy,0.9790940880775452,0.8421052694320679,0.8265306353569031,,,,,,,,,,,,0.9529411764705882,0.9791896184826793,0.9776470588235293,0.057561807334423065,0.0313432440161705,0.9790940766550522,0.9790940880775452,0.9689986945691411,0.015118075534701347,0.9790770585951308,0.7647058823529411,0.8412111668623893,0.8436465495289024,0.8896563649177551,0.2509703040122986,0.8421052631578947,0.8421052694320679,0.7644215163207975,0.11264365911483765,0.8408130493576741,0.7333333333333333,0.8263457968885921,0.8228758169934641,0.9503903985023499,0.31739217042922974,0.826530612244898,0.8265306353569031,0.7410872474304369,0.15375013649463654,0.8242118371894868,,,,0.8823529481887817,0.796875,0.07320890133467829,0.4920273348519362,0.13049128651618958,4.780479301302876e-08,4.907108319684994e-08,5.7220458984375e-06,6.67572021484375e-06,0.0,0.0,0.0,0.0,0.8265306353569031,,,,,,,,,0.0855044424533844,0.05682055652141571,0.0,0.028683889657258987,0.15261533856391907,0.12973777949810028,0.2287755310535431,0.0,0.6289708614349365,2.23514461517334,1.921590805053711,atlas_het,graphatlas_c_q_shuffle_edge,graphatlas_certified,ov0.10_cross0.00,,q_shuffle_edge,1.0,full,none,False,dot,4,95,120,0,120,0.8421052694320679,64834,480,6552,0,28.192508935928345,cpu,0,0.9537244439125061,0.05839402973651886,0.6020877361297607,1.0,0.046275533735752106,0.0,0.9835943579673767,1.5926434993743896,0.07310423254966736,0.13273431360721588,0.0004377341829240322,0.5926434397697449,0.007747432682663202,0.3042623996734619,1.5926434993743896,0.5926434397697449,0.06514042615890503,0.3126983046531677,2.3415283578742674e-07,0.021700698882341385,0.04627552255988121,0.3357850909233093,0.678113579750061,1.5499999523162842,0.550000011920929,0.3050193190574646,0.6796915531158447,0.06516429781913757,0.6339311003684998,atlas_het__node_classification__graphatlas_c_q_shuffle_edge__split0__seed4__39d384a1ff49,39d384a1ff49,975d6eec98ed54f0
node_classification,accuracy,0.9790940880775452,0.8421052694320679,0.8265306353569031,,,,,,,,,,,,0.9529411764705882,0.9791896184826793,0.9776470588235293,0.057561807334423065,0.0313432440161705,0.9790940766550522,0.9790940880775452,0.9689986945691411,0.015118075534701347,0.9790770585951308,0.7647058823529411,0.8412111668623893,0.8436465495289024,0.8896563649177551,0.2509703040122986,0.8421052631578947,0.8421052694320679,0.7644215163207975,0.11264365911483765,0.8408130493576741,0.7333333333333333,0.8263457968885921,0.8228758169934641,0.9503903985023499,0.31739217042922974,0.826530612244898,0.8265306353569031,0.7410872474304369,0.15375013649463654,0.8242118371894868,,,,0.8823529481887817,0.796875,0.07320890133467829,0.4920273348519362,0.13049128651618958,4.780479301302876e-08,4.907108319684994e-08,5.7220458984375e-06,6.67572021484375e-06,0.0,0.0,0.0,0.0,0.8265306353569031,,,,,,,,,0.0855044424533844,0.05682055652141571,0.0,0.028683889657258987,0.15261533856391907,0.12973777949810028,0.2287755310535431,0.0,0.6289708614349365,2.23514461517334,1.921590805053711,atlas_het,graphatlas_c_q_shuffle_edge,graphatlas_certified,ov0.10_cross0.15,,q_shuffle_edge,1.0,full,none,False,dot,4,95,120,0,120,0.8421052694320679,64834,480,6552,0,28.53087830543518,cpu,0,0.9537244439125061,0.05839402973651886,0.6020877361297607,1.0,0.046275533735752106,0.0,0.9835943579673767,1.5926434993743896,0.07310423254966736,0.13273431360721588,0.0004377341829240322,0.5926434397697449,0.007747432682663202,0.3042623996734619,1.5926434993743896,0.5926434397697449,0.06514042615890503,0.3126983046531677,2.3415283578742674e-07,0.021700698882341385,0.04627552255988121,0.3357850909233093,0.678113579750061,1.5499999523162842,0.550000011920929,0.3050193190574646,0.6796915531158447,0.06516429781913757,0.6339311003684998,atlas_het__node_classification__graphatlas_c_q_shuffle_edge__split0__seed4__5dcde899819a,5dcde899819a,975d6eec98ed54f0
node_classification,accuracy,0.9790940880775452,0.8421052694320679,0.8265306353569031,,,,,,,,,,,,0.9529411764705882,0.9791896184826793,0.9776470588235293,0.057561807334423065,0.0313432440161705,0.9790940766550522,0.9790940880775452,0.9689986945691411,0.015118075534701347,0.9790770585951308,0.7647058823529411,0.8412111668623893,0.8436465495289024,0.8896563649177551,0.2509703040122986,0.8421052631578947,0.8421052694320679,0.7644215163207975,0.11264365911483765,0.8408130493576741,0.7333333333333333,0.8263457968885921,0.8228758169934641,0.9503903985023499,0.31739217042922974,0.826530612244898,0.8265306353569031,0.7410872474304369,0.15375013649463654,0.8242118371894868,,,,0.8823529481887817,0.796875,0.07320890133467829,0.4920273348519362,0.13049128651618958,4.780479301302876e-08,4.907108319684994e-08,5.7220458984375e-06,6.67572021484375e-06,0.0,0.0,0.0,0.0,0.8265306353569031,,,,,,,,,0.0855044424533844,0.05682055652141571,0.0,0.028683889657258987,0.15261533856391907,0.12973777949810028,0.2287755310535431,0.0,0.6289708614349365,2.23514461517334,1.921590805053711,atlas_het,graphatlas_c_q_shuffle_edge,graphatlas_certified,ov0.10_cross0.30,,q_shuffle_edge,1.0,full,none,False,dot,4,95,120,0,120,0.8421052694320679,64834,480,6552,0,28.34524416923523,cpu,0,0.9537244439125061,0.05839402973651886,0.6020877361297607,1.0,0.046275533735752106,0.0,0.9835943579673767,1.5926434993743896,0.07310423254966736,0.13273431360721588,0.0004377341829240322,0.5926434397697449,0.007747432682663202,0.3042623996734619,1.5926434993743896,0.5926434397697449,0.06514042615890503,0.3126983046531677,2.3415283578742674e-07,0.021700698882341385,0.04627552255988121,0.3357850909233093,0.678113579750061,1.5499999523162842,0.550000011920929,0.3050193190574646,0.6796915531158447,0.06516429781913757,0.6339311003684998,atlas_het__node_classification__graphatlas_c_q_shuffle_edge__split0__seed4__d912703fe3a1,d912703fe3a1,975d6eec98ed54f0
node_classification,accuracy,0.9616724848747253,0.7659574747085571,0.9090909361839294,,,,,,,,,,,,0.9423076923076923,0.9615824954607244,0.9628395152540503,0.1208934560418129,0.06789932399988174,0.9616724738675958,0.9616724848747253,0.9425435345711937,0.034885141998529434,0.9621329487357109,0.7419354838709677,0.7663120567375886,0.7648912735283213,1.2842406034469604,0.4188379645347595,0.7659574468085106,0.7659574747085571,0.6488601565158217,0.2011640965938568,0.7647058823529411,0.8888888888888888,0.9090972697949882,0.9098715651135006,0.3133310377597809,0.15220016241073608,0.9090909090909091,0.9090909361839294,0.8638036809815951,0.06856437027454376,0.9095107155601267,,,,0.9444444179534912,0.8888888955116272,0.08154910855631647,0.5335892514395394,0.18791696429252625,6.363281102039764e-08,4.943550990788026e-08,5.7220458984375e-06,7.62939453125e-06,0.0,0.0,0.0,0.0,0.9090909361839294,,,,,,,,,0.15790997445583344,0.11694174259901047,0.0,0.040968235582113266,0.2581949830055237,0.19899579882621765,0.591992199420929,0.0,0.5434746742248535,2.709639549255371,1.7314099073410034,atlas_het,graphatlas_c_q_shuffle_source,graphatlas_certified,ov0.10_cross0.00,,q_shuffle_source,1.0,full,none,False,dot,0,60,85,0,85,0.7659574747085571,64834,480,6540,0,19.831085681915283,cpu,0,0.959213376045227,0.0596562996506691,0.5834228992462158,1.0,0.040786709636449814,0.0,0.9792183041572571,1.7666666507720947,0.058247160166502,0.1316283643245697,0.0005560965510085225,0.7666666507720947,0.00877696368843317,0.40501758456230164,1.7666666507720947,0.7666666507720947,0.03568917512893677,0.40849024057388306,2.4424551270385564e-07,0.021608931943774223,0.04078669100999832,0.3751148283481598,0.630479097366333,1.7229167222976685,0.7229166626930237,0.4017927050590515,0.6777451038360596,0.05384821444749832,0.4950876832008362,atlas_het__node_classification__graphatlas_c_q_shuffle_source__split0__seed0__de8bbe8bb930,de8bbe8bb930,975d6eec98ed54f0
node_classification,accuracy,0.9616724848747253,0.7659574747085571,0.9090909361839294,,,,,,,,,,,,0.9423076923076923,0.9615824954607244,0.9628395152540503,0.1208934560418129,0.06789932399988174,0.9616724738675958,0.9616724848747253,0.9425435345711937,0.034885141998529434,0.9621329487357109,0.7419354838709677,0.7663120567375886,0.7648912735283213,1.2842406034469604,0.4188379645347595,0.7659574468085106,0.7659574747085571,0.6488601565158217,0.2011640965938568,0.7647058823529411,0.8888888888888888,0.9090972697949882,0.9098715651135006,0.3133310377597809,0.15220016241073608,0.9090909090909091,0.9090909361839294,0.8638036809815951,0.06856437027454376,0.9095107155601267,,,,0.9444444179534912,0.8888888955116272,0.08154910855631647,0.5335892514395394,0.18791696429252625,6.363281102039764e-08,4.943550990788026e-08,5.7220458984375e-06,7.62939453125e-06,0.0,0.0,0.0,0.0,0.9090909361839294,,,,,,,,,0.15790997445583344,0.11694174259901047,0.0,0.040968235582113266,0.2581949830055237,0.19899579882621765,0.591992199420929,0.0,0.5434746742248535,2.709639549255371,1.7314099073410034,atlas_het,graphatlas_c_q_shuffle_source,graphatlas_certified,ov0.10_cross0.15,,q_shuffle_source,1.0,full,none,False,dot,0,60,85,0,85,0.7659574747085571,64834,480,6540,0,19.676615715026855,cpu,0,0.959213376045227,0.0596562996506691,0.5834228992462158,1.0,0.040786709636449814,0.0,0.9792183041572571,1.7666666507720947,0.058247160166502,0.1316283643245697,0.0005560965510085225,0.7666666507720947,0.00877696368843317,0.40501758456230164,1.7666666507720947,0.7666666507720947,0.03568917512893677,0.40849024057388306,2.4424551270385564e-07,0.021608931943774223,0.04078669100999832,0.3751148283481598,0.630479097366333,1.7229167222976685,0.7229166626930237,0.4017927050590515,0.6777451038360596,0.05384821444749832,0.4950876832008362,atlas_het__node_classification__graphatlas_c_q_shuffle_source__split0__seed0__bc46afb5042a,bc46afb5042a,975d6eec98ed54f0
node_classification,accuracy,0.9616724848747253,0.7659574747085571,0.9090909361839294,,,,,,,,,,,,0.9423076923076923,0.9615824954607244,0.9628395152540503,0.1208934560418129,0.06789932399988174,0.9616724738675958,0.9616724848747253,0.9425435345711937,0.034885141998529434,0.9621329487357109,0.7419354838709677,0.7663120567375886,0.7648912735283213,1.2842406034469604,0.4188379645347595,0.7659574468085106,0.7659574747085571,0.6488601565158217,0.2011640965938568,0.7647058823529411,0.8888888888888888,0.9090972697949882,0.9098715651135006,0.3133310377597809,0.15220016241073608,0.9090909090909091,0.9090909361839294,0.8638036809815951,0.06856437027454376,0.9095107155601267,,,,0.9444444179534912,0.8888888955116272,0.08154910855631647,0.5335892514395394,0.18791696429252625,6.363281102039764e-08,4.943550990788026e-08,5.7220458984375e-06,7.62939453125e-06,0.0,0.0,0.0,0.0,0.9090909361839294,,,,,,,,,0.15790997445583344,0.11694174259901047,0.0,0.040968235582113266,0.2581949830055237,0.19899579882621765,0.591992199420929,0.0,0.5434746742248535,2.709639549255371,1.7314099073410034,atlas_het,graphatlas_c_q_shuffle_source,graphatlas_certified,ov0.10_cross0.30,,q_shuffle_source,1.0,full,none,False,dot,0,60,85,0,85,0.7659574747085571,64834,480,6540,0,19.863600254058838,cpu,0,0.959213376045227,0.0596562996506691,0.5834228992462158,1.0,0.040786709636449814,0.0,0.9792183041572571,1.7666666507720947,0.058247160166502,0.1316283643245697,0.0005560965510085225,0.7666666507720947,0.00877696368843317,0.40501758456230164,1.7666666507720947,0.7666666507720947,0.03568917512893677,0.40849024057388306,2.4424551270385564e-07,0.021608931943774223,0.04078669100999832,0.3751148283481598,0.630479097366333,1.7229167222976685,0.7229166626930237,0.4017927050590515,0.6777451038360596,0.05384821444749832,0.4950876832008362,atlas_het__node_classification__graphatlas_c_q_shuffle_source__split0__seed0__82270160d991,82270160d991,975d6eec98ed54f0
node_classification,accuracy,0.888501763343811,0.8105263113975525,0.8163265585899353,,,,,,,,,,,,0.8383838383838383,0.8875155633113226,0.8864185269101622,0.23132023215293884,0.1444299817085266,0.8885017421602788,0.888501763343811,0.8333031347184189,0.04036134481430054,0.8867905246000706,0.7575757575757576,0.8106798245614035,0.8098223615464994,0.6251903772354126,0.2957357168197632,0.8105263157894737,0.8105263113975525,0.716139925667981,0.10157684981822968,0.8089015151515152,0.7272727272727273,0.815588767496879,0.8138528138528139,0.6697766184806824,0.2818206250667572,0.8163265306122449,0.8163265585899353,0.7284877565598545,0.11280415952205658,0.8141832770311441,,,,0.8292682766914368,0.8070175647735596,-0.031026769145033887,0.5340909090909091,0.18700845539569855,9.436420356223607e-08,7.690370296131732e-08,7.62939453125e-06,9.5367431640625e-06,0.0,0.0,0.0,0.0,0.8163265585899353,,,,,,,,,0.06779496371746063,0.047484010457992554,0.0,0.02031095139682293,0.1277310848236084,0.1029953733086586,0.24735720455646515,1.3780730114376638e-05,0.5828819870948792,2.3621883392333984,0.8245440125465393,atlas_het,graphatlas_c_q_shuffle_source,graphatlas_certified,ov0.10_cross0.00,,q_shuffle_source,1.0,full,none,False,dot,1,50,75,0,75,0.8105263113975525,64834,480,6456,0,17.53696846961975,cpu,0,0.9543231129646301,0.052161604166030884,0.5347809791564941,1.0,0.045676980167627335,0.0,0.9929986596107483,1.4064435958862305,0.0692911297082901,0.10307025909423828,0.00012631542631424963,0.40644362568855286,0.003466908587142825,0.1921779364347458,1.4064435958862305,0.40644362568855286,0.0704646110534668,0.2783559560775757,2.370734080159309e-07,0.01260489970445633,0.045676980167627335,0.21559211611747742,0.7671933174133301,1.3604166507720947,0.3604166805744171,0.19421608746051788,0.6502676010131836,0.01525245700031519,0.7686148285865784,atlas_het__node_classification__graphatlas_c_q_shuffle_source__split0__seed1__77d32de3ce07,77d32de3ce07,975d6eec98ed54f0
node_classification,accuracy,0.888501763343811,0.8105263113975525,0.8163265585899353,,,,,,,,,,,,0.8383838383838383,0.8875155633113226,0.8864185269101622,0.23132023215293884,0.1444299817085266,0.8885017421602788,0.888501763343811,0.8333031347184189,0.04036134481430054,0.8867905246000706,0.7575757575757576,0.8106798245614035,0.8098223615464994,0.6251903772354126,0.2957357168197632,0.8105263157894737,0.8105263113975525,0.716139925667981,0.10157684981822968,0.8089015151515152,0.7272727272727273,0.815588767496879,0.8138528138528139,0.6697766184806824,0.2818206250667572,0.8163265306122449,0.8163265585899353,0.7284877565598545,0.11280415952205658,0.8141832770311441,,,,0.8292682766914368,0.8070175647735596,-0.031026769145033887,0.5340909090909091,0.18700845539569855,9.436420356223607e-08,7.690370296131732e-08,7.62939453125e-06,9.5367431640625e-06,0.0,0.0,0.0,0.0,0.8163265585899353,,,,,,,,,0.06779496371746063,0.047484010457992554,0.0,0.02031095139682293,0.1277310848236084,0.1029953733086586,0.24735720455646515,1.3780730114376638e-05,0.5828819870948792,2.3621883392333984,0.8245440125465393,atlas_het,graphatlas_c_q_shuffle_source,graphatlas_certified,ov0.10_cross0.15,,q_shuffle_source,1.0,full,none,False,dot,1,50,75,0,75,0.8105263113975525,64834,480,6456,0,17.36380362510681,cpu,0,0.9543231129646301,0.052161604166030884,0.5347809791564941,1.0,0.045676980167627335,0.0,0.9929986596107483,1.4064435958862305,0.0692911297082901,0.10307025909423828,0.00012631542631424963,0.40644362568855286,0.003466908587142825,0.1921779364347458,1.4064435958862305,0.40644362568855286,0.0704646110534668,0.2783559560775757,2.370734080159309e-07,0.01260489970445633,0.045676980167627335,0.21559211611747742,0.7671933174133301,1.3604166507720947,0.3604166805744171,0.19421608746051788,0.6502676010131836,0.01525245700031519,0.7686148285865784,atlas_het__node_classification__graphatlas_c_q_shuffle_source__split0__seed1__47e42f041864,47e42f041864,975d6eec98ed54f0
node_classification,accuracy,0.888501763343811,0.8105263113975525,0.8163265585899353,,,,,,,,,,,,0.8383838383838383,0.8875155633113226,0.8864185269101622,0.23132023215293884,0.1444299817085266,0.8885017421602788,0.888501763343811,0.8333031347184189,0.04036134481430054,0.8867905246000706,0.7575757575757576,0.8106798245614035,0.8098223615464994,0.6251903772354126,0.2957357168197632,0.8105263157894737,0.8105263113975525,0.716139925667981,0.10157684981822968,0.8089015151515152,0.7272727272727273,0.815588767496879,0.8138528138528139,0.6697766184806824,0.2818206250667572,0.8163265306122449,0.8163265585899353,0.7284877565598545,0.11280415952205658,0.8141832770311441,,,,0.8292682766914368,0.8070175647735596,-0.031026769145033887,0.5340909090909091,0.18700845539569855,9.436420356223607e-08,7.690370296131732e-08,7.62939453125e-06,9.5367431640625e-06,0.0,0.0,0.0,0.0,0.8163265585899353,,,,,,,,,0.06779496371746063,0.047484010457992554,0.0,0.02031095139682293,0.1277310848236084,0.1029953733086586,0.24735720455646515,1.3780730114376638e-05,0.5828819870948792,2.3621883392333984,0.8245440125465393,atlas_het,graphatlas_c_q_shuffle_source,graphatlas_certified,ov0.10_cross0.30,,q_shuffle_source,1.0,full,none,False,dot,1,50,75,0,75,0.8105263113975525,64834,480,6456,0,17.37296438217163,cpu,0,0.9543231129646301,0.052161604166030884,0.5347809791564941,1.0,0.045676980167627335,0.0,0.9929986596107483,1.4064435958862305,0.0692911297082901,0.10307025909423828,0.00012631542631424963,0.40644362568855286,0.003466908587142825,0.1921779364347458,1.4064435958862305,0.40644362568855286,0.0704646110534668,0.2783559560775757,2.370734080159309e-07,0.01260489970445633,0.045676980167627335,0.21559211611747742,0.7671933174133301,1.3604166507720947,0.3604166805744171,0.19421608746051788,0.6502676010131836,0.01525245700031519,0.7686148285865784,atlas_het__node_classification__graphatlas_c_q_shuffle_source__split0__seed1__3bcf11531e84,3bcf11531e84,975d6eec98ed54f0
node_classification,accuracy,0.9337978959083557,0.821052610874176,0.7244898080825806,,,,,,,,,,,,0.875,0.9334462039024084,0.931684185701772,0.2013217806816101,0.12024401873350143,0.9337979094076655,0.9337978959083557,0.9011660038247908,0.06276949495077133,0.9328627841299898,0.7931034482758621,0.821055230048365,0.8201276200135226,1.2796964645385742,0.3238377273082733,0.8210526315789474,0.821052610874176,0.7310207541701728,0.12833259999752045,0.8212640016987843,0.6333333333333333,0.7238253809682381,0.7202020202020202,1.1675083637237549,0.44541433453559875,0.7244897959183674,0.7244898080825806,0.5878482689059551,0.15824618935585022,0.7231459898126564,,,,0.6904761791229248,0.75,0.07567400209064289,0.4747252747252747,0.09747429937124252,7.0558861864356e-08,7.179590255645962e-08,1.52587890625e-05,1.1444091796875e-05,0.0,0.0,0.0,0.0,0.7244898080825806,,,,,,,,,0.08828157186508179,0.0625334158539772,0.0,0.025748159736394882,0.13368533551692963,0.09728936851024628,0.3639596998691559,0.0,0.47582072019577026,2.9769787788391113,1.3318512439727783,atlas_het,graphatlas_c_q_shuffle_source,graphatlas_certified,ov0.10_cross0.00,,q_shuffle_source,1.0,full,none,False,dot,2,65,90,0,90,0.821052610874176,64834,480,6506,0,20.915051460266113,cpu,0,0.9636952877044678,0.05612420663237572,0.22423523664474487,1.0,0.03630471229553223,0.00011504832218633965,0.9864243268966675,1.603135585784912,0.04555065929889679,0.07840994000434875,0.00022277716198004782,0.6031355857849121,0.005298035219311714,0.3240804076194763,1.603135585784912,0.6031355857849121,0.039762675762176514,0.4751513600349426,2.3827456629987864e-07,0.014616113156080246,0.03630473092198372,0.3749312460422516,0.6201454997062683,1.5645833015441895,0.5645833611488342,0.32625624537467957,0.6879610419273376,0.1402062028646469,0.5389403700828552,atlas_het__node_classification__graphatlas_c_q_shuffle_source__split0__seed2__88a5145556e9,88a5145556e9,975d6eec98ed54f0
node_classification,accuracy,0.9337978959083557,0.821052610874176,0.7244898080825806,,,,,,,,,,,,0.875,0.9334462039024084,0.931684185701772,0.2013217806816101,0.12024401873350143,0.9337979094076655,0.9337978959083557,0.9011660038247908,0.06276949495077133,0.9328627841299898,0.7931034482758621,0.821055230048365,0.8201276200135226,1.2796964645385742,0.3238377273082733,0.8210526315789474,0.821052610874176,0.7310207541701728,0.12833259999752045,0.8212640016987843,0.6333333333333333,0.7238253809682381,0.7202020202020202,1.1675083637237549,0.44541433453559875,0.7244897959183674,0.7244898080825806,0.5878482689059551,0.15824618935585022,0.7231459898126564,,,,0.6904761791229248,0.75,0.07567400209064289,0.4747252747252747,0.09747429937124252,7.0558861864356e-08,7.179590255645962e-08,1.52587890625e-05,1.1444091796875e-05,0.0,0.0,0.0,0.0,0.7244898080825806,,,,,,,,,0.08828157186508179,0.0625334158539772,0.0,0.025748159736394882,0.13368533551692963,0.09728936851024628,0.3639596998691559,0.0,0.47582072019577026,2.9769787788391113,1.3318512439727783,atlas_het,graphatlas_c_q_shuffle_source,graphatlas_certified,ov0.10_cross0.15,,q_shuffle_source,1.0,full,none,False,dot,2,65,90,0,90,0.821052610874176,64834,480,6506,0,20.849051475524902,cpu,0,0.9636952877044678,0.05612420663237572,0.22423523664474487,1.0,0.03630471229553223,0.00011504832218633965,0.9864243268966675,1.603135585784912,0.04555065929889679,0.07840994000434875,0.00022277716198004782,0.6031355857849121,0.005298035219311714,0.3240804076194763,1.603135585784912,0.6031355857849121,0.039762675762176514,0.4751513600349426,2.3827456629987864e-07,0.014616113156080246,0.03630473092198372,0.3749312460422516,0.6201454997062683,1.5645833015441895,0.5645833611488342,0.32625624537467957,0.6879610419273376,0.1402062028646469,0.5389403700828552,atlas_het__node_classification__graphatlas_c_q_shuffle_source__split0__seed2__d621569de74e,d621569de74e,975d6eec98ed54f0
node_classification,accuracy,0.9337978959083557,0.821052610874176,0.7244898080825806,,,,,,,,,,,,0.875,0.9334462039024084,0.931684185701772,0.2013217806816101,0.12024401873350143,0.9337979094076655,0.9337978959083557,0.9011660038247908,0.06276949495077133,0.9328627841299898,0.7931034482758621,0.821055230048365,0.8201276200135226,1.2796964645385742,0.3238377273082733,0.8210526315789474,0.821052610874176,0.7310207541701728,0.12833259999752045,0.8212640016987843,0.6333333333333333,0.7238253809682381,0.7202020202020202,1.1675083637237549,0.44541433453559875,0.7244897959183674,0.7244898080825806,0.5878482689059551,0.15824618935585022,0.7231459898126564,,,,0.6904761791229248,0.75,0.07567400209064289,0.4747252747252747,0.09747429937124252,7.0558861864356e-08,7.179590255645962e-08,1.52587890625e-05,1.1444091796875e-05,0.0,0.0,0.0,0.0,0.7244898080825806,,,,,,,,,0.08828157186508179,0.0625334158539772,0.0,0.025748159736394882,0.13368533551692963,0.09728936851024628,0.3639596998691559,0.0,0.47582072019577026,2.9769787788391113,1.3318512439727783,atlas_het,graphatlas_c_q_shuffle_source,graphatlas_certified,ov0.10_cross0.30,,q_shuffle_source,1.0,full,none,False,dot,2,65,90,0,90,0.821052610874176,64834,480,6506,0,20.893846035003662,cpu,0,0.9636952877044678,0.05612420663237572,0.22423523664474487,1.0,0.03630471229553223,0.00011504832218633965,0.9864243268966675,1.603135585784912,0.04555065929889679,0.07840994000434875,0.00022277716198004782,0.6031355857849121,0.005298035219311714,0.3240804076194763,1.603135585784912,0.6031355857849121,0.039762675762176514,0.4751513600349426,2.3827456629987864e-07,0.014616113156080246,0.03630473092198372,0.3749312460422516,0.6201454997062683,1.5645833015441895,0.5645833611488342,0.32625624537467957,0.6879610419273376,0.1402062028646469,0.5389403700828552,atlas_het__node_classification__graphatlas_c_q_shuffle_source__split0__seed2__d80c35674cde,d80c35674cde,975d6eec98ed54f0
node_classification,accuracy,0.9094076752662659,0.8315789699554443,0.7857142686843872,,,,,,,,,,,,0.8921568627450981,0.9094166945611881,0.9097960469328293,0.17903564870357513,0.11285186558961868,0.9094076655052264,0.9094076752662659,0.8637660537026195,0.03832317143678665,0.9094640670350121,0.7352941176470589,0.8301752155695133,0.8380537400145244,0.7253516912460327,0.3016107678413391,0.8315789473684211,0.8315789699554443,0.7506684491978609,0.13060906529426575,0.8323640023306319,0.7352941176470589,0.7852101950723531,0.7836858881483627,1.3197065591812134,0.4210192561149597,0.7857142857142857,0.7857142686843872,0.6775862401895745,0.23092558979988098,0.7833199229689338,,,,0.8965517282485962,0.739130437374115,0.07514496657834428,0.42105263157894735,0.2107720524072647,7.217834507855514e-08,6.959003684414711e-08,1.1444091796875e-05,9.5367431640625e-06,0.0,0.0,0.0,0.0,0.7857142686843872,,,,,,,,,0.07479517161846161,0.03346105292439461,0.0,0.0413341224193573,0.16750727593898773,0.14737361669540405,0.20133648812770844,0.0,0.6852715015411377,1.8968149423599243,0.9866259098052979,atlas_het,graphatlas_c_q_shuffle_source,graphatlas_certified,ov0.10_cross0.00,,q_shuffle_source,1.0,full,none,False,dot,3,45,70,0,70,0.8315789699554443,64834,480,6486,0,16.25882124900818,cpu,0,0.934482216835022,0.08660903573036194,0.3335013687610626,1.0,0.06551777571439743,0.0,0.9554433822631836,1.653407335281372,0.08501451462507248,0.18812508881092072,0.0011045722058042884,0.6534073352813721,0.011112856678664684,0.34288090467453003,1.653407335281372,0.6534073352813721,0.05051964521408081,0.5326714515686035,2.3993570152924804e-07,0.03077545017004013,0.06551777571439743,0.360830157995224,0.6482680439949036,1.6124999523162842,0.612500011920929,0.3439658284187317,0.6837155222892761,0.04687643423676491,0.514820396900177,atlas_het__node_classification__graphatlas_c_q_shuffle_source__split0__seed3__315a1adf8c5c,315a1adf8c5c,975d6eec98ed54f0
node_classification,accuracy,0.9094076752662659,0.8315789699554443,0.7857142686843872,,,,,,,,,,,,0.8921568627450981,0.9094166945611881,0.9097960469328293,0.17903564870357513,0.11285186558961868,0.9094076655052264,0.9094076752662659,0.8637660537026195,0.03832317143678665,0.9094640670350121,0.7352941176470589,0.8301752155695133,0.8380537400145244,0.7253516912460327,0.3016107678413391,0.8315789473684211,0.8315789699554443,0.7506684491978609,0.13060906529426575,0.8323640023306319,0.7352941176470589,0.7852101950723531,0.7836858881483627,1.3197065591812134,0.4210192561149597,0.7857142857142857,0.7857142686843872,0.6775862401895745,0.23092558979988098,0.7833199229689338,,,,0.8965517282485962,0.739130437374115,0.07514496657834428,0.42105263157894735,0.2107720524072647,7.217834507855514e-08,6.959003684414711e-08,1.1444091796875e-05,9.5367431640625e-06,0.0,0.0,0.0,0.0,0.7857142686843872,,,,,,,,,0.07479517161846161,0.03346105292439461,0.0,0.0413341224193573,0.16750727593898773,0.14737361669540405,0.20133648812770844,0.0,0.6852715015411377,1.8968149423599243,0.9866259098052979,atlas_het,graphatlas_c_q_shuffle_source,graphatlas_certified,ov0.10_cross0.15,,q_shuffle_source,1.0,full,none,False,dot,3,45,70,0,70,0.8315789699554443,64834,480,6486,0,16.454713582992554,cpu,0,0.934482216835022,0.08660903573036194,0.3335013687610626,1.0,0.06551777571439743,0.0,0.9554433822631836,1.653407335281372,0.08501451462507248,0.18812508881092072,0.0011045722058042884,0.6534073352813721,0.011112856678664684,0.34288090467453003,1.653407335281372,0.6534073352813721,0.05051964521408081,0.5326714515686035,2.3993570152924804e-07,0.03077545017004013,0.06551777571439743,0.360830157995224,0.6482680439949036,1.6124999523162842,0.612500011920929,0.3439658284187317,0.6837155222892761,0.04687643423676491,0.514820396900177,atlas_het__node_classification__graphatlas_c_q_shuffle_source__split0__seed3__e459cf9bc70b,e459cf9bc70b,975d6eec98ed54f0
node_classification,accuracy,0.9094076752662659,0.8315789699554443,0.7857142686843872,,,,,,,,,,,,0.8921568627450981,0.9094166945611881,0.9097960469328293,0.17903564870357513,0.11285186558961868,0.9094076655052264,0.9094076752662659,0.8637660537026195,0.03832317143678665,0.9094640670350121,0.7352941176470589,0.8301752155695133,0.8380537400145244,0.7253516912460327,0.3016107678413391,0.8315789473684211,0.8315789699554443,0.7506684491978609,0.13060906529426575,0.8323640023306319,0.7352941176470589,0.7852101950723531,0.7836858881483627,1.3197065591812134,0.4210192561149597,0.7857142857142857,0.7857142686843872,0.6775862401895745,0.23092558979988098,0.7833199229689338,,,,0.8965517282485962,0.739130437374115,0.07514496657834428,0.42105263157894735,0.2107720524072647,7.217834507855514e-08,6.959003684414711e-08,1.1444091796875e-05,9.5367431640625e-06,0.0,0.0,0.0,0.0,0.7857142686843872,,,,,,,,,0.07479517161846161,0.03346105292439461,0.0,0.0413341224193573,0.16750727593898773,0.14737361669540405,0.20133648812770844,0.0,0.6852715015411377,1.8968149423599243,0.9866259098052979,atlas_het,graphatlas_c_q_shuffle_source,graphatlas_certified,ov0.10_cross0.30,,q_shuffle_source,1.0,full,none,False,dot,3,45,70,0,70,0.8315789699554443,64834,480,6486,0,16.24235463142395,cpu,0,0.934482216835022,0.08660903573036194,0.3335013687610626,1.0,0.06551777571439743,0.0,0.9554433822631836,1.653407335281372,0.08501451462507248,0.18812508881092072,0.0011045722058042884,0.6534073352813721,0.011112856678664684,0.34288090467453003,1.653407335281372,0.6534073352813721,0.05051964521408081,0.5326714515686035,2.3993570152924804e-07,0.03077545017004013,0.06551777571439743,0.360830157995224,0.6482680439949036,1.6124999523162842,0.612500011920929,0.3439658284187317,0.6837155222892761,0.04687643423676491,0.514820396900177,atlas_het__node_classification__graphatlas_c_q_shuffle_source__split0__seed3__b22c2d7cd002,b22c2d7cd002,975d6eec98ed54f0
node_classification,accuracy,0.9581881761550903,0.8315789699554443,0.7755101919174194,,,,,,,,,,,,0.9411764705882353,0.9581694069436338,0.9572549019607842,0.08751806616783142,0.05068252608180046,0.9581881533101045,0.9581881761550903,0.9371140053465411,0.020613888278603554,0.9575782437589607,0.7142857142857143,0.8293006172720805,0.8257363551481198,0.9891202449798584,0.2789806127548218,0.8315789473684211,0.8315789699554443,0.7480482242207961,0.122579425573349,0.8272074047010108,0.7333333333333333,0.7762939031411937,0.7738562091503267,1.0953762531280518,0.3673326075077057,0.7755102040816326,0.7755101919174194,0.6635312031571219,0.17469683289527893,0.7756008359456635,,,,0.8235294222831726,0.75,0.12336411048953438,0.5132743362831859,0.129768505692482,6.428038545891468e-08,5.866203167670392e-08,7.62939453125e-06,1.1444091796875e-05,0.0,0.0,0.0,0.0,0.7755101919174194,,,,,,,,,0.19446894526481628,0.13875031471252441,0.0,0.05571862310171127,0.19403325021266937,0.17841576039791107,0.15617495775222778,0.0,0.6469296216964722,2.129136562347412,1.3263849020004272,atlas_het,graphatlas_c_q_shuffle_source,graphatlas_certified,ov0.10_cross0.00,,q_shuffle_source,1.0,full,none,False,dot,4,85,110,0,110,0.8315789699554443,64834,480,6552,0,25.43284773826599,cpu,0,0.9448813796043396,0.05580469220876694,0.6653146743774414,1.0,0.05511850863695145,0.0,0.9977370500564575,1.6272894144058228,0.07384700328111649,0.1385035663843155,0.00038962849066592753,0.627289354801178,0.00793814193457365,0.32332944869995117,1.6272894144058228,0.627289354801178,0.0717284083366394,0.24492532014846802,2.336352054044255e-07,0.025221552699804306,0.05511850491166115,0.352857768535614,0.6331908702850342,1.5770833492279053,0.5770833492279053,0.3270842134952545,0.6795988082885742,0.09925646334886551,0.5829370617866516,atlas_het__node_classification__graphatlas_c_q_shuffle_source__split0__seed4__95af290dc34d,95af290dc34d,975d6eec98ed54f0
node_classification,accuracy,0.9581881761550903,0.8315789699554443,0.7755101919174194,,,,,,,,,,,,0.9411764705882353,0.9581694069436338,0.9572549019607842,0.08751806616783142,0.05068252608180046,0.9581881533101045,0.9581881761550903,0.9371140053465411,0.020613888278603554,0.9575782437589607,0.7142857142857143,0.8293006172720805,0.8257363551481198,0.9891202449798584,0.2789806127548218,0.8315789473684211,0.8315789699554443,0.7480482242207961,0.122579425573349,0.8272074047010108,0.7333333333333333,0.7762939031411937,0.7738562091503267,1.0953762531280518,0.3673326075077057,0.7755102040816326,0.7755101919174194,0.6635312031571219,0.17469683289527893,0.7756008359456635,,,,0.8235294222831726,0.75,0.12336411048953438,0.5132743362831859,0.129768505692482,6.428038545891468e-08,5.866203167670392e-08,7.62939453125e-06,1.1444091796875e-05,0.0,0.0,0.0,0.0,0.7755101919174194,,,,,,,,,0.19446894526481628,0.13875031471252441,0.0,0.05571862310171127,0.19403325021266937,0.17841576039791107,0.15617495775222778,0.0,0.6469296216964722,2.129136562347412,1.3263849020004272,atlas_het,graphatlas_c_q_shuffle_source,graphatlas_certified,ov0.10_cross0.15,,q_shuffle_source,1.0,full,none,False,dot,4,85,110,0,110,0.8315789699554443,64834,480,6552,0,25.59441041946411,cpu,0,0.9448813796043396,0.05580469220876694,0.6653146743774414,1.0,0.05511850863695145,0.0,0.9977370500564575,1.6272894144058228,0.07384700328111649,0.1385035663843155,0.00038962849066592753,0.627289354801178,0.00793814193457365,0.32332944869995117,1.6272894144058228,0.627289354801178,0.0717284083366394,0.24492532014846802,2.336352054044255e-07,0.025221552699804306,0.05511850491166115,0.352857768535614,0.6331908702850342,1.5770833492279053,0.5770833492279053,0.3270842134952545,0.6795988082885742,0.09925646334886551,0.5829370617866516,atlas_het__node_classification__graphatlas_c_q_shuffle_source__split0__seed4__6483adcaf90e,6483adcaf90e,975d6eec98ed54f0
node_classification,accuracy,0.9581881761550903,0.8315789699554443,0.7755101919174194,,,,,,,,,,,,0.9411764705882353,0.9581694069436338,0.9572549019607842,0.08751806616783142,0.05068252608180046,0.9581881533101045,0.9581881761550903,0.9371140053465411,0.020613888278603554,0.9575782437589607,0.7142857142857143,0.8293006172720805,0.8257363551481198,0.9891202449798584,0.2789806127548218,0.8315789473684211,0.8315789699554443,0.7480482242207961,0.122579425573349,0.8272074047010108,0.7333333333333333,0.7762939031411937,0.7738562091503267,1.0953762531280518,0.3673326075077057,0.7755102040816326,0.7755101919174194,0.6635312031571219,0.17469683289527893,0.7756008359456635,,,,0.8235294222831726,0.75,0.12336411048953438,0.5132743362831859,0.129768505692482,6.428038545891468e-08,5.866203167670392e-08,7.62939453125e-06,1.1444091796875e-05,0.0,0.0,0.0,0.0,0.7755101919174194,,,,,,,,,0.19446894526481628,0.13875031471252441,0.0,0.05571862310171127,0.19403325021266937,0.17841576039791107,0.15617495775222778,0.0,0.6469296216964722,2.129136562347412,1.3263849020004272,atlas_het,graphatlas_c_q_shuffle_source,graphatlas_certified,ov0.10_cross0.30,,q_shuffle_source,1.0,full,none,False,dot,4,85,110,0,110,0.8315789699554443,64834,480,6552,0,25.32451581954956,cpu,0,0.9448813796043396,0.05580469220876694,0.6653146743774414,1.0,0.05511850863695145,0.0,0.9977370500564575,1.6272894144058228,0.07384700328111649,0.1385035663843155,0.00038962849066592753,0.627289354801178,0.00793814193457365,0.32332944869995117,1.6272894144058228,0.627289354801178,0.0717284083366394,0.24492532014846802,2.336352054044255e-07,0.025221552699804306,0.05511850491166115,0.352857768535614,0.6331908702850342,1.5770833492279053,0.5770833492279053,0.3270842134952545,0.6795988082885742,0.09925646334886551,0.5829370617866516,atlas_het__node_classification__graphatlas_c_q_shuffle_source__split0__seed4__2d777070cf04,2d777070cf04,975d6eec98ed54f0
node_classification,accuracy,0.9059233665466309,0.7659574747085571,0.8989899158477783,,,,,,,,,,,,0.875,0.9058108211566093,0.907293409833453,0.21418921649456024,0.1311853528022766,0.9059233449477352,0.9059233665466309,0.8586988616595069,0.033685412257909775,0.9068776446406733,0.7419354838709677,0.7662082853954851,0.7665816048332571,1.1436872482299805,0.42197632789611816,0.7659574468085106,0.7659574747085571,0.6494898334889313,0.17564991116523743,0.7656281434358263,0.8709677419354839,0.8988306693644533,0.8991188769414576,0.3524581789970398,0.1733035296201706,0.898989898989899,0.8989899158477783,0.8486196319018405,0.05963350459933281,0.8985817538114929,,,,0.9166666865348816,0.8888888955116272,0.10400318550371665,0.5680473372781065,0.20269285142421722,6.997765211735896e-08,5.5732638060135287e-08,5.7220458984375e-06,5.7220458984375e-06,0.0,0.0,0.0,0.0,0.8989899158477783,,,,,,,,,0.1599913239479065,0.10943001508712769,0.0,0.05056130141019821,0.281651109457016,0.21632428467273712,0.6532683968544006,6.99339295806567e-07,0.5331412553787231,2.761190414428711,1.4188843965530396,atlas_het,graphatlas_c_random,graphatlas_certified,ov0.10_cross0.00,,random,1.0,full,none,False,dot,0,50,75,0,75,0.7659574747085571,64834,480,6540,0,15.448745489120483,cpu,0,0.9593698978424072,0.06107566878199577,0.6306517124176025,1.0,0.04063013568520546,0.0,0.9796736240386963,1.7425076961517334,0.05793212354183197,0.14784826338291168,0.010686188004910946,0.7425076365470886,0.04153704270720482,0.36960741877555847,1.7425076961517334,0.7425076365470886,0.028619825839996338,0.37437593936920166,2.5541228865222365e-07,0.022346507757902145,0.040630146861076355,0.35468488931655884,0.5473496317863464,1.693750023841858,0.6937500238418579,0.36826246976852417,0.6668465733528137,0.042448800057172775,0.5078213214874268,atlas_het__node_classification__graphatlas_c_random__split0__seed0__3f4af3088c7b,3f4af3088c7b,975d6eec98ed54f0
node_classification,accuracy,0.9059233665466309,0.7659574747085571,0.8989899158477783,,,,,,,,,,,,0.875,0.9058108211566093,0.907293409833453,0.21418921649456024,0.1311853528022766,0.9059233449477352,0.9059233665466309,0.8586988616595069,0.033685412257909775,0.9068776446406733,0.7419354838709677,0.7662082853954851,0.7665816048332571,1.1436872482299805,0.42197632789611816,0.7659574468085106,0.7659574747085571,0.6494898334889313,0.17564991116523743,0.7656281434358263,0.8709677419354839,0.8988306693644533,0.8991188769414576,0.3524581789970398,0.1733035296201706,0.898989898989899,0.8989899158477783,0.8486196319018405,0.05963350459933281,0.8985817538114929,,,,0.9166666865348816,0.8888888955116272,0.10400318550371665,0.5680473372781065,0.20269285142421722,6.997765211735896e-08,5.5732638060135287e-08,5.7220458984375e-06,5.7220458984375e-06,0.0,0.0,0.0,0.0,0.8989899158477783,,,,,,,,,0.1599913239479065,0.10943001508712769,0.0,0.05056130141019821,0.281651109457016,0.21632428467273712,0.6532683968544006,6.99339295806567e-07,0.5331412553787231,2.761190414428711,1.4188843965530396,atlas_het,graphatlas_c_random,graphatlas_certified,ov0.10_cross0.15,,random,1.0,full,none,False,dot,0,50,75,0,75,0.7659574747085571,64834,480,6540,0,15.711435556411743,cpu,0,0.9593698978424072,0.06107566878199577,0.6306517124176025,1.0,0.04063013568520546,0.0,0.9796736240386963,1.7425076961517334,0.05793212354183197,0.14784826338291168,0.010686188004910946,0.7425076365470886,0.04153704270720482,0.36960741877555847,1.7425076961517334,0.7425076365470886,0.028619825839996338,0.37437593936920166,2.5541228865222365e-07,0.022346507757902145,0.040630146861076355,0.35468488931655884,0.5473496317863464,1.693750023841858,0.6937500238418579,0.36826246976852417,0.6668465733528137,0.042448800057172775,0.5078213214874268,atlas_het__node_classification__graphatlas_c_random__split0__seed0__547e39d6f5fd,547e39d6f5fd,975d6eec98ed54f0
node_classification,accuracy,0.9059233665466309,0.7659574747085571,0.8989899158477783,,,,,,,,,,,,0.875,0.9058108211566093,0.907293409833453,0.21418921649456024,0.1311853528022766,0.9059233449477352,0.9059233665466309,0.8586988616595069,0.033685412257909775,0.9068776446406733,0.7419354838709677,0.7662082853954851,0.7665816048332571,1.1436872482299805,0.42197632789611816,0.7659574468085106,0.7659574747085571,0.6494898334889313,0.17564991116523743,0.7656281434358263,0.8709677419354839,0.8988306693644533,0.8991188769414576,0.3524581789970398,0.1733035296201706,0.898989898989899,0.8989899158477783,0.8486196319018405,0.05963350459933281,0.8985817538114929,,,,0.9166666865348816,0.8888888955116272,0.10400318550371665,0.5680473372781065,0.20269285142421722,6.997765211735896e-08,5.5732638060135287e-08,5.7220458984375e-06,5.7220458984375e-06,0.0,0.0,0.0,0.0,0.8989899158477783,,,,,,,,,0.1599913239479065,0.10943001508712769,0.0,0.05056130141019821,0.281651109457016,0.21632428467273712,0.6532683968544006,6.99339295806567e-07,0.5331412553787231,2.761190414428711,1.4188843965530396,atlas_het,graphatlas_c_random,graphatlas_certified,ov0.10_cross0.30,,random,1.0,full,none,False,dot,0,50,75,0,75,0.7659574747085571,64834,480,6540,0,15.528812170028687,cpu,0,0.9593698978424072,0.06107566878199577,0.6306517124176025,1.0,0.04063013568520546,0.0,0.9796736240386963,1.7425076961517334,0.05793212354183197,0.14784826338291168,0.010686188004910946,0.7425076365470886,0.04153704270720482,0.36960741877555847,1.7425076961517334,0.7425076365470886,0.028619825839996338,0.37437593936920166,2.5541228865222365e-07,0.022346507757902145,0.040630146861076355,0.35468488931655884,0.5473496317863464,1.693750023841858,0.6937500238418579,0.36826246976852417,0.6668465733528137,0.042448800057172775,0.5078213214874268,atlas_het__node_classification__graphatlas_c_random__split0__seed0__2ca6db5f63f0,2ca6db5f63f0,975d6eec98ed54f0
node_classification,accuracy,0.8606271743774414,0.8105263113975525,0.8265306353569031,,,,,,,,,,,,0.8160919540229885,0.8605468896120899,0.8585559705395825,0.29453518986701965,0.1786629855632782,0.8606271777003485,0.8606271743774414,0.7904957649436338,0.06151631474494934,0.8590568666712181,0.7586206896551724,0.8115698270467465,0.8084291187739464,0.7371639609336853,0.36309418082237244,0.8105263157894737,0.8105263113975525,0.7158315398007516,0.1639438420534134,0.808910953706046,0.7272727272727273,0.8255884967436947,0.824963924963925,0.5258469581604004,0.2558167576789856,0.826530612244898,0.8265306353569031,0.7436754883478198,0.10835248976945877,0.8244480894234858,,,,0.9024389982223511,0.7719298005104065,-0.031097172840057138,0.5195530726256983,0.16431114077568054,8.820303065704138e-08,8.17228595906272e-08,7.62939453125e-06,4.291534423828125e-06,0.0,0.0,0.0,0.0,0.8265306353569031,,,,,,,,,0.11303126811981201,0.07811611145734787,0.0,0.03491515293717384,0.19454419612884521,0.15191730856895447,0.4262688457965851,9.758066880749539e-05,0.587390661239624,2.5408127307891846,1.0699241161346436,atlas_het,graphatlas_c_random,graphatlas_certified,ov0.10_cross0.00,,random,1.0,full,none,False,dot,1,40,65,0,65,0.8105263113975525,64834,480,6456,0,13.352009057998657,cpu,0,0.9595040082931519,0.04728834331035614,0.48928144574165344,1.0,0.040496017783880234,0.0,0.9961742162704468,1.414343237876892,0.05363946408033371,0.10612394660711288,0.005270879250019789,0.4143432378768921,0.020816650241613388,0.1906825751066208,1.414343237876892,0.4143432378768921,0.04908585548400879,0.21843403577804565,2.488379777787486e-07,0.011898116208612919,0.04049601033329964,0.2149878889322281,0.7976559400558472,1.3729166984558105,0.37291666865348816,0.19452278316020966,0.6376731991767883,0.016301902011036873,0.7745077610015869,atlas_het__node_classification__graphatlas_c_random__split0__seed1__afabde49c09f,afabde49c09f,975d6eec98ed54f0
node_classification,accuracy,0.8606271743774414,0.8105263113975525,0.8265306353569031,,,,,,,,,,,,0.8160919540229885,0.8605468896120899,0.8585559705395825,0.29453518986701965,0.1786629855632782,0.8606271777003485,0.8606271743774414,0.7904957649436338,0.06151631474494934,0.8590568666712181,0.7586206896551724,0.8115698270467465,0.8084291187739464,0.7371639609336853,0.36309418082237244,0.8105263157894737,0.8105263113975525,0.7158315398007516,0.1639438420534134,0.808910953706046,0.7272727272727273,0.8255884967436947,0.824963924963925,0.5258469581604004,0.2558167576789856,0.826530612244898,0.8265306353569031,0.7436754883478198,0.10835248976945877,0.8244480894234858,,,,0.9024389982223511,0.7719298005104065,-0.031097172840057138,0.5195530726256983,0.16431114077568054,8.820303065704138e-08,8.17228595906272e-08,7.62939453125e-06,4.291534423828125e-06,0.0,0.0,0.0,0.0,0.8265306353569031,,,,,,,,,0.11303126811981201,0.07811611145734787,0.0,0.03491515293717384,0.19454419612884521,0.15191730856895447,0.4262688457965851,9.758066880749539e-05,0.587390661239624,2.5408127307891846,1.0699241161346436,atlas_het,graphatlas_c_random,graphatlas_certified,ov0.10_cross0.15,,random,1.0,full,none,False,dot,1,40,65,0,65,0.8105263113975525,64834,480,6456,0,13.614270210266113,cpu,0,0.9595040082931519,0.04728834331035614,0.48928144574165344,1.0,0.040496017783880234,0.0,0.9961742162704468,1.414343237876892,0.05363946408033371,0.10612394660711288,0.005270879250019789,0.4143432378768921,0.020816650241613388,0.1906825751066208,1.414343237876892,0.4143432378768921,0.04908585548400879,0.21843403577804565,2.488379777787486e-07,0.011898116208612919,0.04049601033329964,0.2149878889322281,0.7976559400558472,1.3729166984558105,0.37291666865348816,0.19452278316020966,0.6376731991767883,0.016301902011036873,0.7745077610015869,atlas_het__node_classification__graphatlas_c_random__split0__seed1__265dc8dbc2fd,265dc8dbc2fd,975d6eec98ed54f0
node_classification,accuracy,0.8606271743774414,0.8105263113975525,0.8265306353569031,,,,,,,,,,,,0.8160919540229885,0.8605468896120899,0.8585559705395825,0.29453518986701965,0.1786629855632782,0.8606271777003485,0.8606271743774414,0.7904957649436338,0.06151631474494934,0.8590568666712181,0.7586206896551724,0.8115698270467465,0.8084291187739464,0.7371639609336853,0.36309418082237244,0.8105263157894737,0.8105263113975525,0.7158315398007516,0.1639438420534134,0.808910953706046,0.7272727272727273,0.8255884967436947,0.824963924963925,0.5258469581604004,0.2558167576789856,0.826530612244898,0.8265306353569031,0.7436754883478198,0.10835248976945877,0.8244480894234858,,,,0.9024389982223511,0.7719298005104065,-0.031097172840057138,0.5195530726256983,0.16431114077568054,8.820303065704138e-08,8.17228595906272e-08,7.62939453125e-06,4.291534423828125e-06,0.0,0.0,0.0,0.0,0.8265306353569031,,,,,,,,,0.11303126811981201,0.07811611145734787,0.0,0.03491515293717384,0.19454419612884521,0.15191730856895447,0.4262688457965851,9.758066880749539e-05,0.587390661239624,2.5408127307891846,1.0699241161346436,atlas_het,graphatlas_c_random,graphatlas_certified,ov0.10_cross0.30,,random,1.0,full,none,False,dot,1,40,65,0,65,0.8105263113975525,64834,480,6456,0,13.46990966796875,cpu,0,0.9595040082931519,0.04728834331035614,0.48928144574165344,1.0,0.040496017783880234,0.0,0.9961742162704468,1.414343237876892,0.05363946408033371,0.10612394660711288,0.005270879250019789,0.4143432378768921,0.020816650241613388,0.1906825751066208,1.414343237876892,0.4143432378768921,0.04908585548400879,0.21843403577804565,2.488379777787486e-07,0.011898116208612919,0.04049601033329964,0.2149878889322281,0.7976559400558472,1.3729166984558105,0.37291666865348816,0.19452278316020966,0.6376731991767883,0.016301902011036873,0.7745077610015869,atlas_het__node_classification__graphatlas_c_random__split0__seed1__1d75b9f25d66,1d75b9f25d66,975d6eec98ed54f0
node_classification,accuracy,0.9616724848747253,0.821052610874176,0.7551020383834839,,,,,,,,,,,,0.9090909090909091,0.9614558018329282,0.9595561436070836,0.08398520946502686,0.04747522622346878,0.9616724738675958,0.9616724848747253,0.9429372510487695,0.030709367245435715,0.9608208919306555,0.78125,0.8214161567681438,0.8205924611223799,1.6412557363510132,0.3136853873729706,0.8210526315789474,0.821052610874176,0.732467544642086,0.1246737614274025,0.821264687939312,0.6333333333333333,0.7532359823464945,0.7493506493506494,1.211538314819336,0.41625744104385376,0.7551020408163265,0.7551020383834839,0.6355536852999241,0.21469713747501373,0.7518142235123367,,,,0.7857142686843872,0.7321428656578064,0.13251636123931612,0.47685185185185186,0.12332077324390411,6.422811082984481e-08,6.434824939560713e-08,7.62939453125e-06,1.1444091796875e-05,0.0,0.0,0.0,0.0,0.7551020383834839,,,,,,,,,0.1822052001953125,0.11650804430246353,0.0,0.06569716334342957,0.18059569597244263,0.14409980177879333,0.36495888233184814,4.134816481382586e-05,0.5393317937850952,2.7061429023742676,1.0112693309783936,atlas_het,graphatlas_c_random,graphatlas_certified,ov0.10_cross0.00,,random,1.0,full,none,False,dot,2,90,115,0,115,0.821052610874176,64834,480,6506,0,23.359803438186646,cpu,0,0.9661450982093811,0.044054362922906876,0.2758999764919281,1.0,0.03385492414236069,0.0,0.9938819408416748,1.5651706457138062,0.03969379514455795,0.06104445457458496,0.00850384496152401,0.5651705861091614,0.033589355647563934,0.29501795768737793,1.5651706457138062,0.5651705861091614,0.040442466735839844,0.5245449542999268,2.5382740886925603e-07,0.01191484834998846,0.033854931592941284,0.36453449726104736,0.6849575042724609,1.5166666507720947,0.5166666507720947,0.30003851652145386,0.679360032081604,0.13444353640079498,0.5379407405853271,atlas_het__node_classification__graphatlas_c_random__split0__seed2__9ed97f262d25,9ed97f262d25,975d6eec98ed54f0
node_classification,accuracy,0.9616724848747253,0.821052610874176,0.7551020383834839,,,,,,,,,,,,0.9090909090909091,0.9614558018329282,0.9595561436070836,0.08398520946502686,0.04747522622346878,0.9616724738675958,0.9616724848747253,0.9429372510487695,0.030709367245435715,0.9608208919306555,0.78125,0.8214161567681438,0.8205924611223799,1.6412557363510132,0.3136853873729706,0.8210526315789474,0.821052610874176,0.732467544642086,0.1246737614274025,0.821264687939312,0.6333333333333333,0.7532359823464945,0.7493506493506494,1.211538314819336,0.41625744104385376,0.7551020408163265,0.7551020383834839,0.6355536852999241,0.21469713747501373,0.7518142235123367,,,,0.7857142686843872,0.7321428656578064,0.13251636123931612,0.47685185185185186,0.12332077324390411,6.422811082984481e-08,6.434824939560713e-08,7.62939453125e-06,1.1444091796875e-05,0.0,0.0,0.0,0.0,0.7551020383834839,,,,,,,,,0.1822052001953125,0.11650804430246353,0.0,0.06569716334342957,0.18059569597244263,0.14409980177879333,0.36495888233184814,4.134816481382586e-05,0.5393317937850952,2.7061429023742676,1.0112693309783936,atlas_het,graphatlas_c_random,graphatlas_certified,ov0.10_cross0.15,,random,1.0,full,none,False,dot,2,90,115,0,115,0.821052610874176,64834,480,6506,0,24.05577039718628,cpu,0,0.9661450982093811,0.044054362922906876,0.2758999764919281,1.0,0.03385492414236069,0.0,0.9938819408416748,1.5651706457138062,0.03969379514455795,0.06104445457458496,0.00850384496152401,0.5651705861091614,0.033589355647563934,0.29501795768737793,1.5651706457138062,0.5651705861091614,0.040442466735839844,0.5245449542999268,2.5382740886925603e-07,0.01191484834998846,0.033854931592941284,0.36453449726104736,0.6849575042724609,1.5166666507720947,0.5166666507720947,0.30003851652145386,0.679360032081604,0.13444353640079498,0.5379407405853271,atlas_het__node_classification__graphatlas_c_random__split0__seed2__9fd1634542ff,9fd1634542ff,975d6eec98ed54f0
node_classification,accuracy,0.9616724848747253,0.821052610874176,0.7551020383834839,,,,,,,,,,,,0.9090909090909091,0.9614558018329282,0.9595561436070836,0.08398520946502686,0.04747522622346878,0.9616724738675958,0.9616724848747253,0.9429372510487695,0.030709367245435715,0.9608208919306555,0.78125,0.8214161567681438,0.8205924611223799,1.6412557363510132,0.3136853873729706,0.8210526315789474,0.821052610874176,0.732467544642086,0.1246737614274025,0.821264687939312,0.6333333333333333,0.7532359823464945,0.7493506493506494,1.211538314819336,0.41625744104385376,0.7551020408163265,0.7551020383834839,0.6355536852999241,0.21469713747501373,0.7518142235123367,,,,0.7857142686843872,0.7321428656578064,0.13251636123931612,0.47685185185185186,0.12332077324390411,6.422811082984481e-08,6.434824939560713e-08,7.62939453125e-06,1.1444091796875e-05,0.0,0.0,0.0,0.0,0.7551020383834839,,,,,,,,,0.1822052001953125,0.11650804430246353,0.0,0.06569716334342957,0.18059569597244263,0.14409980177879333,0.36495888233184814,4.134816481382586e-05,0.5393317937850952,2.7061429023742676,1.0112693309783936,atlas_het,graphatlas_c_random,graphatlas_certified,ov0.10_cross0.30,,random,1.0,full,none,False,dot,2,90,115,0,115,0.821052610874176,64834,480,6506,0,23.863022327423096,cpu,0,0.9661450982093811,0.044054362922906876,0.2758999764919281,1.0,0.03385492414236069,0.0,0.9938819408416748,1.5651706457138062,0.03969379514455795,0.06104445457458496,0.00850384496152401,0.5651705861091614,0.033589355647563934,0.29501795768737793,1.5651706457138062,0.5651705861091614,0.040442466735839844,0.5245449542999268,2.5382740886925603e-07,0.01191484834998846,0.033854931592941284,0.36453449726104736,0.6849575042724609,1.5166666507720947,0.5166666507720947,0.30003851652145386,0.679360032081604,0.13444353640079498,0.5379407405853271,atlas_het__node_classification__graphatlas_c_random__split0__seed2__e8d8c478c810,e8d8c478c810,975d6eec98ed54f0
node_classification,accuracy,0.9721254110336304,0.8631578683853149,0.7346938848495483,,,,,,,,,,,,0.9607843137254902,0.9721234259348265,0.9723600283486888,0.08681641519069672,0.04983065649867058,0.9721254355400697,0.9721254110336304,0.9580741958769766,0.026987221091985703,0.9723581435228562,0.7352941176470589,0.8604267063654687,0.8700072621641248,1.1748321056365967,0.27781960368156433,0.8631578947368421,0.8631578683853149,0.7982954545454546,0.1465625762939453,0.8629058742518142,0.6206896551724138,0.7333524959279487,0.7281850671303004,1.7821989059448242,0.4794611930847168,0.7346938775510204,0.7346938848495483,0.6006702414617571,0.22607474029064178,0.729264475743349,,,,0.7586206793785095,0.7246376872062683,0.08950426400730387,0.3472222222222222,0.13526901602745056,5.3028880842020953e-08,4.307974066364295e-08,1.52587890625e-05,1.1444091796875e-05,0.0,0.0,0.0,0.0,0.7346938848495483,,,,,,,,,0.046879738569259644,0.018270567059516907,0.0,0.028609171509742737,0.14510254561901093,0.1334240734577179,0.11678482592105865,0.0,0.6797283291816711,1.932182788848877,1.1501489877700806,atlas_het,graphatlas_c_random,graphatlas_certified,ov0.10_cross0.00,,random,1.0,full,none,False,dot,3,75,100,0,100,0.8631578683853149,64834,480,6486,0,20.294150829315186,cpu,0,0.9125990867614746,0.12030089646577835,0.25886136293411255,1.0,0.08740091323852539,0.0,0.8989226222038269,1.5595128536224365,0.1234789565205574,0.3034323751926422,0.008968713693320751,0.5595127940177917,0.03495043143630028,0.300102174282074,1.5595128536224365,0.5595127940177917,0.08769780397415161,0.6522293090820312,2.429280812066281e-07,0.0321611724793911,0.0874009057879448,0.3539751470088959,0.7050056457519531,1.5229166746139526,0.5229166746139526,0.30416107177734375,0.6810929179191589,0.05791982635855675,0.5148397088050842,atlas_het__node_classification__graphatlas_c_random__split0__seed3__4a9a89dc9309,4a9a89dc9309,975d6eec98ed54f0
node_classification,accuracy,0.9721254110336304,0.8631578683853149,0.7346938848495483,,,,,,,,,,,,0.9607843137254902,0.9721234259348265,0.9723600283486888,0.08681641519069672,0.04983065649867058,0.9721254355400697,0.9721254110336304,0.9580741958769766,0.026987221091985703,0.9723581435228562,0.7352941176470589,0.8604267063654687,0.8700072621641248,1.1748321056365967,0.27781960368156433,0.8631578947368421,0.8631578683853149,0.7982954545454546,0.1465625762939453,0.8629058742518142,0.6206896551724138,0.7333524959279487,0.7281850671303004,1.7821989059448242,0.4794611930847168,0.7346938775510204,0.7346938848495483,0.6006702414617571,0.22607474029064178,0.729264475743349,,,,0.7586206793785095,0.7246376872062683,0.08950426400730387,0.3472222222222222,0.13526901602745056,5.3028880842020953e-08,4.307974066364295e-08,1.52587890625e-05,1.1444091796875e-05,0.0,0.0,0.0,0.0,0.7346938848495483,,,,,,,,,0.046879738569259644,0.018270567059516907,0.0,0.028609171509742737,0.14510254561901093,0.1334240734577179,0.11678482592105865,0.0,0.6797283291816711,1.932182788848877,1.1501489877700806,atlas_het,graphatlas_c_random,graphatlas_certified,ov0.10_cross0.15,,random,1.0,full,none,False,dot,3,75,100,0,100,0.8631578683853149,64834,480,6486,0,20.365869760513306,cpu,0,0.9125990867614746,0.12030089646577835,0.25886136293411255,1.0,0.08740091323852539,0.0,0.8989226222038269,1.5595128536224365,0.1234789565205574,0.3034323751926422,0.008968713693320751,0.5595127940177917,0.03495043143630028,0.300102174282074,1.5595128536224365,0.5595127940177917,0.08769780397415161,0.6522293090820312,2.429280812066281e-07,0.0321611724793911,0.0874009057879448,0.3539751470088959,0.7050056457519531,1.5229166746139526,0.5229166746139526,0.30416107177734375,0.6810929179191589,0.05791982635855675,0.5148397088050842,atlas_het__node_classification__graphatlas_c_random__split0__seed3__d8472ed4f96f,d8472ed4f96f,975d6eec98ed54f0
node_classification,accuracy,0.9721254110336304,0.8631578683853149,0.7346938848495483,,,,,,,,,,,,0.9607843137254902,0.9721234259348265,0.9723600283486888,0.08681641519069672,0.04983065649867058,0.9721254355400697,0.9721254110336304,0.9580741958769766,0.026987221091985703,0.9723581435228562,0.7352941176470589,0.8604267063654687,0.8700072621641248,1.1748321056365967,0.27781960368156433,0.8631578947368421,0.8631578683853149,0.7982954545454546,0.1465625762939453,0.8629058742518142,0.6206896551724138,0.7333524959279487,0.7281850671303004,1.7821989059448242,0.4794611930847168,0.7346938775510204,0.7346938848495483,0.6006702414617571,0.22607474029064178,0.729264475743349,,,,0.7586206793785095,0.7246376872062683,0.08950426400730387,0.3472222222222222,0.13526901602745056,5.3028880842020953e-08,4.307974066364295e-08,1.52587890625e-05,1.1444091796875e-05,0.0,0.0,0.0,0.0,0.7346938848495483,,,,,,,,,0.046879738569259644,0.018270567059516907,0.0,0.028609171509742737,0.14510254561901093,0.1334240734577179,0.11678482592105865,0.0,0.6797283291816711,1.932182788848877,1.1501489877700806,atlas_het,graphatlas_c_random,graphatlas_certified,ov0.10_cross0.30,,random,1.0,full,none,False,dot,3,75,100,0,100,0.8631578683853149,64834,480,6486,0,20.396562576293945,cpu,0,0.9125990867614746,0.12030089646577835,0.25886136293411255,1.0,0.08740091323852539,0.0,0.8989226222038269,1.5595128536224365,0.1234789565205574,0.3034323751926422,0.008968713693320751,0.5595127940177917,0.03495043143630028,0.300102174282074,1.5595128536224365,0.5595127940177917,0.08769780397415161,0.6522293090820312,2.429280812066281e-07,0.0321611724793911,0.0874009057879448,0.3539751470088959,0.7050056457519531,1.5229166746139526,0.5229166746139526,0.30416107177734375,0.6810929179191589,0.05791982635855675,0.5148397088050842,atlas_het__node_classification__graphatlas_c_random__split0__seed3__dabb245bc916,dabb245bc916,975d6eec98ed54f0
node_classification,accuracy,0.9616724848747253,0.8315789699554443,0.8265306353569031,,,,,,,,,,,,0.9176470588235294,0.9616141856328725,0.9594117647058824,0.12346404790878296,0.06645465642213821,0.9616724738675958,0.9616724848747253,0.942960145213345,0.014912748709321022,0.9613579739347337,0.6785714285714286,0.8278357432041642,0.8242296918767508,1.3105086088180542,0.31122443079948425,0.8315789473684211,0.8315789699554443,0.7536094010692063,0.15370172262191772,0.8226373626373626,0.7333333333333333,0.8276519398968379,0.8228758169934641,1.5147309303283691,0.31087327003479004,0.826530612244898,0.8265306353569031,0.743045375558164,0.15045925974845886,0.8260073260073261,,,,0.8235294222831726,0.828125,0.07451015935860048,0.5,0.09977547079324722,4.289699973014649e-08,5.2923880389244005e-08,1.1444091796875e-05,1.1444091796875e-05,0.0,0.0,0.0,0.0,0.8265306353569031,,,,,,,,,0.06995601952075958,0.04842895269393921,0.0,0.021527068689465523,0.14983625710010529,0.13385485112667084,0.15981414914131165,0.0,0.6709814071655273,2.1243484020233154,1.317319631576538,atlas_het,graphatlas_c_random,graphatlas_certified,ov0.10_cross0.00,,random,1.0,full,none,False,dot,4,85,110,0,110,0.8315789699554443,64834,480,6552,0,22.49129629135132,cpu,0,0.9410654306411743,0.06960619986057281,0.6057940721511841,1.0,0.058934565633535385,0.0,0.975396454334259,1.5753967761993408,0.09696024656295776,0.15440474450588226,0.008288792334496975,0.5753968358039856,0.03272401541471481,0.2915685176849365,1.5753967761993408,0.5753968358039856,0.09206849336624146,0.35706984996795654,2.4028122425079346e-07,0.02983182482421398,0.058934591710567474,0.31485745310783386,0.6837607026100159,1.5354167222976685,0.5354166626930237,0.2962082326412201,0.672415554523468,0.04203714802861214,0.6480650305747986,atlas_het__node_classification__graphatlas_c_random__split0__seed4__892e0a2ebdd8,892e0a2ebdd8,975d6eec98ed54f0
node_classification,accuracy,0.9616724848747253,0.8315789699554443,0.8265306353569031,,,,,,,,,,,,0.9176470588235294,0.9616141856328725,0.9594117647058824,0.12346404790878296,0.06645465642213821,0.9616724738675958,0.9616724848747253,0.942960145213345,0.014912748709321022,0.9613579739347337,0.6785714285714286,0.8278357432041642,0.8242296918767508,1.3105086088180542,0.31122443079948425,0.8315789473684211,0.8315789699554443,0.7536094010692063,0.15370172262191772,0.8226373626373626,0.7333333333333333,0.8276519398968379,0.8228758169934641,1.5147309303283691,0.31087327003479004,0.826530612244898,0.8265306353569031,0.743045375558164,0.15045925974845886,0.8260073260073261,,,,0.8235294222831726,0.828125,0.07451015935860048,0.5,0.09977547079324722,4.289699973014649e-08,5.2923880389244005e-08,1.1444091796875e-05,1.1444091796875e-05,0.0,0.0,0.0,0.0,0.8265306353569031,,,,,,,,,0.06995601952075958,0.04842895269393921,0.0,0.021527068689465523,0.14983625710010529,0.13385485112667084,0.15981414914131165,0.0,0.6709814071655273,2.1243484020233154,1.317319631576538,atlas_het,graphatlas_c_random,graphatlas_certified,ov0.10_cross0.15,,random,1.0,full,none,False,dot,4,85,110,0,110,0.8315789699554443,64834,480,6552,0,22.573564052581787,cpu,0,0.9410654306411743,0.06960619986057281,0.6057940721511841,1.0,0.058934565633535385,0.0,0.975396454334259,1.5753967761993408,0.09696024656295776,0.15440474450588226,0.008288792334496975,0.5753968358039856,0.03272401541471481,0.2915685176849365,1.5753967761993408,0.5753968358039856,0.09206849336624146,0.35706984996795654,2.4028122425079346e-07,0.02983182482421398,0.058934591710567474,0.31485745310783386,0.6837607026100159,1.5354167222976685,0.5354166626930237,0.2962082326412201,0.672415554523468,0.04203714802861214,0.6480650305747986,atlas_het__node_classification__graphatlas_c_random__split0__seed4__003b38e97a2e,003b38e97a2e,975d6eec98ed54f0
node_classification,accuracy,0.9616724848747253,0.8315789699554443,0.8265306353569031,,,,,,,,,,,,0.9176470588235294,0.9616141856328725,0.9594117647058824,0.12346404790878296,0.06645465642213821,0.9616724738675958,0.9616724848747253,0.942960145213345,0.014912748709321022,0.9613579739347337,0.6785714285714286,0.8278357432041642,0.8242296918767508,1.3105086088180542,0.31122443079948425,0.8315789473684211,0.8315789699554443,0.7536094010692063,0.15370172262191772,0.8226373626373626,0.7333333333333333,0.8276519398968379,0.8228758169934641,1.5147309303283691,0.31087327003479004,0.826530612244898,0.8265306353569031,0.743045375558164,0.15045925974845886,0.8260073260073261,,,,0.8235294222831726,0.828125,0.07451015935860048,0.5,0.09977547079324722,4.289699973014649e-08,5.2923880389244005e-08,1.1444091796875e-05,1.1444091796875e-05,0.0,0.0,0.0,0.0,0.8265306353569031,,,,,,,,,0.06995601952075958,0.04842895269393921,0.0,0.021527068689465523,0.14983625710010529,0.13385485112667084,0.15981414914131165,0.0,0.6709814071655273,2.1243484020233154,1.317319631576538,atlas_het,graphatlas_c_random,graphatlas_certified,ov0.10_cross0.30,,random,1.0,full,none,False,dot,4,85,110,0,110,0.8315789699554443,64834,480,6552,0,22.53876757621765,cpu,0,0.9410654306411743,0.06960619986057281,0.6057940721511841,1.0,0.058934565633535385,0.0,0.975396454334259,1.5753967761993408,0.09696024656295776,0.15440474450588226,0.008288792334496975,0.5753968358039856,0.03272401541471481,0.2915685176849365,1.5753967761993408,0.5753968358039856,0.09206849336624146,0.35706984996795654,2.4028122425079346e-07,0.02983182482421398,0.058934591710567474,0.31485745310783386,0.6837607026100159,1.5354167222976685,0.5354166626930237,0.2962082326412201,0.672415554523468,0.04203714802861214,0.6480650305747986,atlas_het__node_classification__graphatlas_c_random__split0__seed4__8a21bbfa40a7,8a21bbfa40a7,975d6eec98ed54f0
