task,metric_name,train_metric,val_metric,test_metric,train_link_roc_auc,val_link_roc_auc,test_link_roc_auc,train_link_average_precision,val_link_average_precision,test_link_average_precision,train_link_mrr,val_link_mrr,test_link_mrr,test_link_hits_at_10,test_link_hits_at_50,train_balanced_accuracy,train_micro_f1,train_mcc,train_weighted_f1,train_nll,train_ece,train_worst_class_recall,train_accuracy,train_macro_f1,train_brier,val_balanced_accuracy,val_micro_f1,val_mcc,val_weighted_f1,val_nll,val_ece,val_worst_class_recall,val_accuracy,val_macro_f1,val_brier,test_balanced_accuracy,test_micro_f1,test_mcc,test_weighted_f1,test_nll,test_ece,test_worst_class_recall,test_accuracy,test_macro_f1,test_brier,train_roc_auc,val_roc_auc,test_roc_auc,boundary_accuracy,interior_accuracy,chart_ari,overlap_f1,reconstruction_error,invariance_error_affine,invariance_error_nonlinear,invariance_logit_max_affine,invariance_logit_max_nonlinear,intervention_flip_rate_affine,intervention_flip_rate_nonlinear,intervention_test_metric_drop_affine,intervention_test_metric_drop_nonlinear,intervention_test_metric_nonlinear,metric_recovery_error,metric_recovery_mean_error,transition_error,local_distortion,cross_chart_distortion,curvature_flat_fraction,curvature_positive_fraction,curvature_negative_fraction,cocycle_error,inverse_cycle_error,triple_cocycle_error,path_consistency_error,metric_compatibility_error,metric_direction_error,metric_scale_error,chart_rank_error,chart_min_relative_singular_value,chart_condition_number,geometry_error,dataset,model,model_family,condition_id,intervention_profile,certified_routing_mode,transportability_beta,readout_mode,coordinate_activation,coordinate_left_linear,link_decoder,seed,best_epoch,last_epoch,resumed_from_epoch,trained_epochs_this_call,best_val_metric,parameters,num_nodes,num_edges,peak_cuda_memory_bytes,runtime_seconds,device,split,transportability_mean,transportability_std,transportability_min,transportability_max,distortion_mean,fraction_q_below_025,fraction_q_above_075,active_source_chart_count,q_route_spread_mean,q_route_spread_p90,routing_kl_from_membership,fraction_edges_with_multiple_source_charts,routing_total_variation_from_membership,routing_entropy_mean,active_target_chart_count,fraction_edges_with_multiple_target_charts,q_route_spread_median,q_route_spread_max,q_delta_closure_error,routing_opportunity,irreducible_transport_risk,cross_chart_mass,q_reference_agreement,mean_active_charts,overlap_ratio,membership_entropy_mean,membership_entropy_p90,chart_utilization_min,chart_utilization_max,run_id,config_hash,source_hash
node_classification,accuracy,0.9128919839859009,0.7553191781044006,0.8989899158477783,,,,,,,,,,,,0.914243856390641,0.9128919860627178,0.86925445453274,0.9127765325396949,0.21669405698776245,0.030448317527770996,0.8846153846153846,0.9128919839859009,0.9135749169899814,0.13163553178310394,0.7567776832646297,0.7553191489361702,0.6343537781915982,0.7557486325159627,1.1749833822250366,0.19062939286231995,0.7352941176470589,0.7553191781044006,0.7553926360377973,0.43042734265327454,0.8991188769414576,0.898989898989899,0.8486196319018405,0.8988306693644533,0.38475337624549866,0.0758884847164154,0.8709677419354839,0.8989899158477783,0.8985817538114929,0.18269012868404388,,,,0.9166666865348816,0.8888888955116272,0.1231596942920175,0.5626204238921002,0.2071196734905243,7.330604034905264e-08,5.94432485456764e-08,4.76837158203125e-06,3.814697265625e-06,0.0,0.0,0.0,0.0,0.8989899158477783,,,,,,,,,0.17538174986839294,0.12020926922559738,0.0,0.05517248064279556,0.2534748911857605,0.19214744865894318,0.6132745742797852,1.496273966949957e-06,0.5324808955192566,2.766631841659546,1.3933022022247314,atlas_het,graphatlas_c,graphatlas_certified,ov0.10_cross0.00,,certificate,1.0,full,none,False,dot,0,50,75,0,75,0.7553191781044006,64834,480,6540,0,15.705996036529541,cpu,0,0.962411105632782,0.05864306539297104,0.6376705765724182,1.0,0.03758889436721802,0.0,0.9850552678108215,1.7587156295776367,0.05513390898704529,0.137766033411026,0.0005021774559281766,0.7587155699729919,0.0075716678984463215,0.38244983553886414,1.7587156295776367,0.7587155699729919,0.026703953742980957,0.3611941933631897,2.510698777768994e-07,0.020922305062413216,0.03758889064192772,0.35589730739593506,0.5809378027915955,1.71875,0.71875,0.3762596845626831,0.6675931215286255,0.042518842965364456,0.5134512186050415,atlas_het__node_classification__graphatlas_c__split0__seed0__c4b3c0ec750a,c4b3c0ec750a,975d6eec98ed54f0
node_classification,accuracy,0.9128919839859009,0.7553191781044006,0.8989899158477783,,,,,,,,,,,,0.914243856390641,0.9128919860627178,0.86925445453274,0.9127765325396949,0.21669405698776245,0.030448317527770996,0.8846153846153846,0.9128919839859009,0.9135749169899814,0.13163553178310394,0.7567776832646297,0.7553191489361702,0.6343537781915982,0.7557486325159627,1.1749833822250366,0.19062939286231995,0.7352941176470589,0.7553191781044006,0.7553926360377973,0.43042734265327454,0.8991188769414576,0.898989898989899,0.8486196319018405,0.8988306693644533,0.38475337624549866,0.0758884847164154,0.8709677419354839,0.8989899158477783,0.8985817538114929,0.18269012868404388,,,,0.9166666865348816,0.8888888955116272,0.1231596942920175,0.5626204238921002,0.2071196734905243,7.330604034905264e-08,5.94432485456764e-08,4.76837158203125e-06,3.814697265625e-06,0.0,0.0,0.0,0.0,0.8989899158477783,,,,,,,,,0.17538174986839294,0.12020926922559738,0.0,0.05517248064279556,0.2534748911857605,0.19214744865894318,0.6132745742797852,1.496273966949957e-06,0.5324808955192566,2.766631841659546,1.3933022022247314,atlas_het,graphatlas_c,graphatlas_certified,ov0.10_cross0.15,,certificate,1.0,full,none,False,dot,0,50,75,0,75,0.7553191781044006,64834,480,6540,0,15.540953397750854,cpu,0,0.962411105632782,0.05864306539297104,0.6376705765724182,1.0,0.03758889436721802,0.0,0.9850552678108215,1.7587156295776367,0.05513390898704529,0.137766033411026,0.0005021774559281766,0.7587155699729919,0.0075716678984463215,0.38244983553886414,1.7587156295776367,0.7587155699729919,0.026703953742980957,0.3611941933631897,2.510698777768994e-07,0.020922305062413216,0.03758889064192772,0.35589730739593506,0.5809378027915955,1.71875,0.71875,0.3762596845626831,0.6675931215286255,0.042518842965364456,0.5134512186050415,atlas_het__node_classification__graphatlas_c__split0__seed0__10fa22a27b4e,10fa22a27b4e,975d6eec98ed54f0
node_classification,accuracy,0.9128919839859009,0.7553191781044006,0.8989899158477783,,,,,,,,,,,,0.914243856390641,0.9128919860627178,0.86925445453274,0.9127765325396949,0.21669405698776245,0.030448317527770996,0.8846153846153846,0.9128919839859009,0.9135749169899814,0.13163553178310394,0.7567776832646297,0.7553191489361702,0.6343537781915982,0.7557486325159627,1.1749833822250366,0.19062939286231995,0.7352941176470589,0.7553191781044006,0.7553926360377973,0.43042734265327454,0.8991188769414576,0.898989898989899,0.8486196319018405,0.8988306693644533,0.38475337624549866,0.0758884847164154,0.8709677419354839,0.8989899158477783,0.8985817538114929,0.18269012868404388,,,,0.9166666865348816,0.8888888955116272,0.1231596942920175,0.5626204238921002,0.2071196734905243,7.330604034905264e-08,5.94432485456764e-08,4.76837158203125e-06,3.814697265625e-06,0.0,0.0,0.0,0.0,0.8989899158477783,,,,,,,,,0.17538174986839294,0.12020926922559738,0.0,0.05517248064279556,0.2534748911857605,0.19214744865894318,0.6132745742797852,1.496273966949957e-06,0.5324808955192566,2.766631841659546,1.3933022022247314,atlas_het,graphatlas_c,graphatlas_certified,ov0.10_cross0.30,,certificate,1.0,full,none,False,dot,0,50,75,0,75,0.7553191781044006,64834,480,6540,0,15.629584074020386,cpu,0,0.962411105632782,0.05864306539297104,0.6376705765724182,1.0,0.03758889436721802,0.0,0.9850552678108215,1.7587156295776367,0.05513390898704529,0.137766033411026,0.0005021774559281766,0.7587155699729919,0.0075716678984463215,0.38244983553886414,1.7587156295776367,0.7587155699729919,0.026703953742980957,0.3611941933631897,2.510698777768994e-07,0.020922305062413216,0.03758889064192772,0.35589730739593506,0.5809378027915955,1.71875,0.71875,0.3762596845626831,0.6675931215286255,0.042518842965364456,0.5134512186050415,atlas_het__node_classification__graphatlas_c__split0__seed0__f7603b147e2a,f7603b147e2a,975d6eec98ed54f0
node_classification,accuracy,0.9128919839859009,0.7553191781044006,0.8989899158477783,,,,,,,,,,,,0.914243856390641,0.9128919860627178,0.86925445453274,0.9127765325396949,0.21669405698776245,0.030448317527770996,0.8846153846153846,0.9128919839859009,0.9135749169899814,0.13163553178310394,0.7567776832646297,0.7553191489361702,0.6343537781915982,0.7557486325159627,1.1749833822250366,0.19062939286231995,0.7352941176470589,0.7553191781044006,0.7553926360377973,0.43042734265327454,0.8991188769414576,0.898989898989899,0.8486196319018405,0.8988306693644533,0.38475337624549866,0.0758884847164154,0.8709677419354839,0.8989899158477783,0.8985817538114929,0.18269012868404388,,,,0.9166666865348816,0.8888888955116272,0.1231596942920175,0.5626204238921002,0.2071196734905243,7.330604034905264e-08,5.94432485456764e-08,4.76837158203125e-06,3.814697265625e-06,0.0,0.0,0.0,0.0,0.8989899158477783,,,,,,,,,0.17538174986839294,0.12020926922559738,0.0,0.05517248064279556,0.2534748911857605,0.19214744865894318,0.6132745742797852,1.496273966949957e-06,0.5324808955192566,2.766631841659546,1.3933022022247314,atlas_het,graphatlas_c,graphatlas_certified,ov0.10_cross0.50,,certificate,1.0,full,none,False,dot,0,50,75,0,75,0.7553191781044006,64834,480,6540,0,15.657036781311035,cpu,0,0.962411105632782,0.05864306539297104,0.6376705765724182,1.0,0.03758889436721802,0.0,0.9850552678108215,1.7587156295776367,0.05513390898704529,0.137766033411026,0.0005021774559281766,0.7587155699729919,0.0075716678984463215,0.38244983553886414,1.7587156295776367,0.7587155699729919,0.026703953742980957,0.3611941933631897,2.510698777768994e-07,0.020922305062413216,0.03758889064192772,0.35589730739593506,0.5809378027915955,1.71875,0.71875,0.3762596845626831,0.6675931215286255,0.042518842965364456,0.5134512186050415,atlas_het__node_classification__graphatlas_c__split0__seed0__fe35257e0820,fe35257e0820,975d6eec98ed54f0
node_classification,accuracy,0.9616724848747253,0.7659574747085571,0.8989899158477783,,,,,,,,,,,,0.9610197257519753,0.9616724738675958,0.9424650498307644,0.9616904442970114,0.07958590239286423,0.02354971319437027,0.9438202247191011,0.9616724848747253,0.9617178193983323,0.048638198524713516,0.7646840716264259,0.7659574468085106,0.649201462047762,0.7646313485323947,1.3678921461105347,0.1874093860387802,0.6774193548387096,0.7659574747085571,0.7641771141166108,0.4186241030693054,0.8964680406212664,0.898989898989899,0.8488190016478788,0.8985551629619426,0.3308822512626648,0.06824665516614914,0.8387096774193549,0.8989899158477783,0.8975275144766671,0.16317737102508545,,,,0.9259259104728699,0.8666666746139526,0.023424603223201428,0.6051080550098232,0.25164249539375305,4.769483652466988e-08,4.384066443208212e-08,5.7220458984375e-06,3.814697265625e-06,0.0,0.0,0.0,0.0,0.8989899158477783,,,,,,,,,0.1056123599410057,0.06201851740479469,0.0,0.043593842536211014,0.21344265341758728,0.17830103635787964,0.35141608119010925,2.668274100869894e-05,0.5747995972633362,2.607090950012207,0.8111368417739868,atlas_het,graphatlas_c,graphatlas_certified,ov0.25_cross0.00,,certificate,1.0,full,none,False,dot,0,70,95,0,95,0.7659574747085571,64834,480,6540,0,19.510982513427734,cpu,0,0.9673827290534973,0.048682644963264465,0.20290064811706543,1.0,0.032617345452308655,0.0005094892112538218,0.9954782724380493,1.515749216079712,0.04606357961893082,0.08907467126846313,0.0001752894459059462,0.5157492160797119,0.0040541235357522964,0.2683597505092621,1.515749216079712,0.5157492160797119,0.03605616092681885,0.752859890460968,2.5414917104171764e-07,0.011595825664699078,0.03261734917759895,0.3217431604862213,0.7144750356674194,1.462499976158142,0.4625000059604645,0.26723185181617737,0.6759180426597595,0.05673262104392052,0.5401262044906616,atlas_het__node_classification__graphatlas_c__split0__seed0__bd6c2411d607,bd6c2411d607,975d6eec98ed54f0
node_classification,accuracy,0.9616724848747253,0.7659574747085571,0.8989899158477783,,,,,,,,,,,,0.9610197257519753,0.9616724738675958,0.9424650498307644,0.9616904442970114,0.07958590239286423,0.02354971319437027,0.9438202247191011,0.9616724848747253,0.9617178193983323,0.048638198524713516,0.7646840716264259,0.7659574468085106,0.649201462047762,0.7646313485323947,1.3678921461105347,0.1874093860387802,0.6774193548387096,0.7659574747085571,0.7641771141166108,0.4186241030693054,0.8964680406212664,0.898989898989899,0.8488190016478788,0.8985551629619426,0.3308822512626648,0.06824665516614914,0.8387096774193549,0.8989899158477783,0.8975275144766671,0.16317737102508545,,,,0.9259259104728699,0.8666666746139526,0.023424603223201428,0.6051080550098232,0.25164249539375305,4.769483652466988e-08,4.384066443208212e-08,5.7220458984375e-06,3.814697265625e-06,0.0,0.0,0.0,0.0,0.8989899158477783,,,,,,,,,0.1056123599410057,0.06201851740479469,0.0,0.043593842536211014,0.21344265341758728,0.17830103635787964,0.35141608119010925,2.668274100869894e-05,0.5747995972633362,2.607090950012207,0.8111368417739868,atlas_het,graphatlas_c,graphatlas_certified,ov0.25_cross0.15,,certificate,1.0,full,none,False,dot,0,70,95,0,95,0.7659574747085571,64834,480,6540,0,19.399715185165405,cpu,0,0.9673827290534973,0.048682644963264465,0.20290064811706543,1.0,0.032617345452308655,0.0005094892112538218,0.9954782724380493,1.515749216079712,0.04606357961893082,0.08907467126846313,0.0001752894459059462,0.5157492160797119,0.0040541235357522964,0.2683597505092621,1.515749216079712,0.5157492160797119,0.03605616092681885,0.752859890460968,2.5414917104171764e-07,0.011595825664699078,0.03261734917759895,0.3217431604862213,0.7144750356674194,1.462499976158142,0.4625000059604645,0.26723185181617737,0.6759180426597595,0.05673262104392052,0.5401262044906616,atlas_het__node_classification__graphatlas_c__split0__seed0__16671b6d8d30,16671b6d8d30,975d6eec98ed54f0
node_classification,accuracy,0.9616724848747253,0.7659574747085571,0.8989899158477783,,,,,,,,,,,,0.9610197257519753,0.9616724738675958,0.9424650498307644,0.9616904442970114,0.07958590239286423,0.02354971319437027,0.9438202247191011,0.9616724848747253,0.9617178193983323,0.048638198524713516,0.7646840716264259,0.7659574468085106,0.649201462047762,0.7646313485323947,1.3678921461105347,0.1874093860387802,0.6774193548387096,0.7659574747085571,0.7641771141166108,0.4186241030693054,0.8964680406212664,0.898989898989899,0.8488190016478788,0.8985551629619426,0.3308822512626648,0.06824665516614914,0.8387096774193549,0.8989899158477783,0.8975275144766671,0.16317737102508545,,,,0.9259259104728699,0.8666666746139526,0.023424603223201428,0.6051080550098232,0.25164249539375305,4.769483652466988e-08,4.384066443208212e-08,5.7220458984375e-06,3.814697265625e-06,0.0,0.0,0.0,0.0,0.8989899158477783,,,,,,,,,0.1056123599410057,0.06201851740479469,0.0,0.043593842536211014,0.21344265341758728,0.17830103635787964,0.35141608119010925,2.668274100869894e-05,0.5747995972633362,2.607090950012207,0.8111368417739868,atlas_het,graphatlas_c,graphatlas_certified,ov0.25_cross0.30,,certificate,1.0,full,none,False,dot,0,70,95,0,95,0.7659574747085571,64834,480,6540,0,19.393293380737305,cpu,0,0.9673827290534973,0.048682644963264465,0.20290064811706543,1.0,0.032617345452308655,0.0005094892112538218,0.9954782724380493,1.515749216079712,0.04606357961893082,0.08907467126846313,0.0001752894459059462,0.5157492160797119,0.0040541235357522964,0.2683597505092621,1.515749216079712,0.5157492160797119,0.03605616092681885,0.752859890460968,2.5414917104171764e-07,0.011595825664699078,0.03261734917759895,0.3217431604862213,0.7144750356674194,1.462499976158142,0.4625000059604645,0.26723185181617737,0.6759180426597595,0.05673262104392052,0.5401262044906616,atlas_het__node_classification__graphatlas_c__split0__seed0__a9b09be22e39,a9b09be22e39,975d6eec98ed54f0
node_classification,accuracy,0.9616724848747253,0.7659574747085571,0.8989899158477783,,,,,,,,,,,,0.9610197257519753,0.9616724738675958,0.9424650498307644,0.9616904442970114,0.07958590239286423,0.02354971319437027,0.9438202247191011,0.9616724848747253,0.9617178193983323,0.048638198524713516,0.7646840716264259,0.7659574468085106,0.649201462047762,0.7646313485323947,1.3678921461105347,0.1874093860387802,0.6774193548387096,0.7659574747085571,0.7641771141166108,0.4186241030693054,0.8964680406212664,0.898989898989899,0.8488190016478788,0.8985551629619426,0.3308822512626648,0.06824665516614914,0.8387096774193549,0.8989899158477783,0.8975275144766671,0.16317737102508545,,,,0.9259259104728699,0.8666666746139526,0.023424603223201428,0.6051080550098232,0.25164249539375305,4.769483652466988e-08,4.384066443208212e-08,5.7220458984375e-06,3.814697265625e-06,0.0,0.0,0.0,0.0,0.8989899158477783,,,,,,,,,0.1056123599410057,0.06201851740479469,0.0,0.043593842536211014,0.21344265341758728,0.17830103635787964,0.35141608119010925,2.668274100869894e-05,0.5747995972633362,2.607090950012207,0.8111368417739868,atlas_het,graphatlas_c,graphatlas_certified,ov0.25_cross0.50,,certificate,1.0,full,none,False,dot,0,70,95,0,95,0.7659574747085571,64834,480,6540,0,19.376582145690918,cpu,0,0.9673827290534973,0.048682644963264465,0.20290064811706543,1.0,0.032617345452308655,0.0005094892112538218,0.9954782724380493,1.515749216079712,0.04606357961893082,0.08907467126846313,0.0001752894459059462,0.5157492160797119,0.0040541235357522964,0.2683597505092621,1.515749216079712,0.5157492160797119,0.03605616092681885,0.752859890460968,2.5414917104171764e-07,0.011595825664699078,0.03261734917759895,0.3217431604862213,0.7144750356674194,1.462499976158142,0.4625000059604645,0.26723185181617737,0.6759180426597595,0.05673262104392052,0.5401262044906616,atlas_het__node_classification__graphatlas_c__split0__seed0__6c1a1e5c3907,6c1a1e5c3907,975d6eec98ed54f0
node_classification,accuracy,0.9686411023139954,0.7978723645210266,0.868686854839325,,,,,,,,,,,,0.9693915236886789,0.9686411149825784,0.9530134031481157,0.968621344653729,0.09577739238739014,0.03559879586100578,0.9519230769230769,0.9686411023139954,0.9687805834247699,0.051054447889328,0.8029618966607778,0.7978723404255319,0.6976550194132106,0.7962148962148962,0.9027252197265625,0.16979241371154785,0.7058823529411765,0.7978723645210266,0.7995929995929996,0.3521750569343567,0.8675328554360813,0.8686868686868687,0.8027002525778812,0.8686410129033081,0.44037050008773804,0.09489922225475311,0.8387096774193549,0.868686854839325,0.8676287889402644,0.18991191685199738,,,,0.8571428656578064,0.9090909361839294,0.03520069411037739,0.6384266263237519,0.2153111845254898,5.587030216247513e-08,5.067049357876385e-08,7.62939453125e-06,5.7220458984375e-06,0.0,0.0,0.0,0.0,0.868686854839325,,,,,,,,,0.0660986453294754,0.050838787108659744,0.0,0.015259857289493084,0.19839459657669067,0.16744014620780945,0.3095446825027466,0.0,0.6411986351013184,2.1816654205322266,1.2584431171417236,atlas_het,graphatlas_c,graphatlas_certified,ov0.40_cross0.00,,certificate,1.0,full,none,False,dot,0,70,95,0,95,0.7978723645210266,64834,480,6540,0,19.62238597869873,cpu,0,0.9398670196533203,0.08286047726869583,0.09331832081079483,1.0,0.06013299897313118,0.00037869226071052253,0.9690103530883789,1.5177370309829712,0.07606684416532516,0.18453001976013184,0.0005085592856630683,0.5177370309829712,0.007040603552013636,0.28240257501602173,1.5177370309829712,0.5177370309829712,0.045702219009399414,0.5950495600700378,2.4412923949057586e-07,0.01871551387012005,0.06013299524784088,0.3292018175125122,0.7498980760574341,1.4895833730697632,0.4895833432674408,0.28103479743003845,0.6779201626777649,0.05693880841135979,0.5381816625595093,atlas_het__node_classification__graphatlas_c__split0__seed0__e6aec7acc0d7,e6aec7acc0d7,975d6eec98ed54f0
node_classification,accuracy,0.9686411023139954,0.7978723645210266,0.868686854839325,,,,,,,,,,,,0.9693915236886789,0.9686411149825784,0.9530134031481157,0.968621344653729,0.09577739238739014,0.03559879586100578,0.9519230769230769,0.9686411023139954,0.9687805834247699,0.051054447889328,0.8029618966607778,0.7978723404255319,0.6976550194132106,0.7962148962148962,0.9027252197265625,0.16979241371154785,0.7058823529411765,0.7978723645210266,0.7995929995929996,0.3521750569343567,0.8675328554360813,0.8686868686868687,0.8027002525778812,0.8686410129033081,0.44037050008773804,0.09489922225475311,0.8387096774193549,0.868686854839325,0.8676287889402644,0.18991191685199738,,,,0.8571428656578064,0.9090909361839294,0.03520069411037739,0.6384266263237519,0.2153111845254898,5.587030216247513e-08,5.067049357876385e-08,7.62939453125e-06,5.7220458984375e-06,0.0,0.0,0.0,0.0,0.868686854839325,,,,,,,,,0.0660986453294754,0.050838787108659744,0.0,0.015259857289493084,0.19839459657669067,0.16744014620780945,0.3095446825027466,0.0,0.6411986351013184,2.1816654205322266,1.2584431171417236,atlas_het,graphatlas_c,graphatlas_certified,ov0.40_cross0.15,,certificate,1.0,full,none,False,dot,0,70,95,0,95,0.7978723645210266,64834,480,6540,0,19.68394684791565,cpu,0,0.9398670196533203,0.08286047726869583,0.09331832081079483,1.0,0.06013299897313118,0.00037869226071052253,0.9690103530883789,1.5177370309829712,0.07606684416532516,0.18453001976013184,0.0005085592856630683,0.5177370309829712,0.007040603552013636,0.28240257501602173,1.5177370309829712,0.5177370309829712,0.045702219009399414,0.5950495600700378,2.4412923949057586e-07,0.01871551387012005,0.06013299524784088,0.3292018175125122,0.7498980760574341,1.4895833730697632,0.4895833432674408,0.28103479743003845,0.6779201626777649,0.05693880841135979,0.5381816625595093,atlas_het__node_classification__graphatlas_c__split0__seed0__863876abad12,863876abad12,975d6eec98ed54f0
node_classification,accuracy,0.9686411023139954,0.7978723645210266,0.868686854839325,,,,,,,,,,,,0.9693915236886789,0.9686411149825784,0.9530134031481157,0.968621344653729,0.09577739238739014,0.03559879586100578,0.9519230769230769,0.9686411023139954,0.9687805834247699,0.051054447889328,0.8029618966607778,0.7978723404255319,0.6976550194132106,0.7962148962148962,0.9027252197265625,0.16979241371154785,0.7058823529411765,0.7978723645210266,0.7995929995929996,0.3521750569343567,0.8675328554360813,0.8686868686868687,0.8027002525778812,0.8686410129033081,0.44037050008773804,0.09489922225475311,0.8387096774193549,0.868686854839325,0.8676287889402644,0.18991191685199738,,,,0.8571428656578064,0.9090909361839294,0.03520069411037739,0.6384266263237519,0.2153111845254898,5.587030216247513e-08,5.067049357876385e-08,7.62939453125e-06,5.7220458984375e-06,0.0,0.0,0.0,0.0,0.868686854839325,,,,,,,,,0.0660986453294754,0.050838787108659744,0.0,0.015259857289493084,0.19839459657669067,0.16744014620780945,0.3095446825027466,0.0,0.6411986351013184,2.1816654205322266,1.2584431171417236,atlas_het,graphatlas_c,graphatlas_certified,ov0.40_cross0.30,,certificate,1.0,full,none,False,dot,0,70,95,0,95,0.7978723645210266,64834,480,6540,0,20.09336018562317,cpu,0,0.9398670196533203,0.08286047726869583,0.09331832081079483,1.0,0.06013299897313118,0.00037869226071052253,0.9690103530883789,1.5177370309829712,0.07606684416532516,0.18453001976013184,0.0005085592856630683,0.5177370309829712,0.007040603552013636,0.28240257501602173,1.5177370309829712,0.5177370309829712,0.045702219009399414,0.5950495600700378,2.4412923949057586e-07,0.01871551387012005,0.06013299524784088,0.3292018175125122,0.7498980760574341,1.4895833730697632,0.4895833432674408,0.28103479743003845,0.6779201626777649,0.05693880841135979,0.5381816625595093,atlas_het__node_classification__graphatlas_c__split0__seed0__fa00ccba4be6,fa00ccba4be6,975d6eec98ed54f0
node_classification,accuracy,0.9686411023139954,0.7978723645210266,0.868686854839325,,,,,,,,,,,,0.9693915236886789,0.9686411149825784,0.9530134031481157,0.968621344653729,0.09577739238739014,0.03559879586100578,0.9519230769230769,0.9686411023139954,0.9687805834247699,0.051054447889328,0.8029618966607778,0.7978723404255319,0.6976550194132106,0.7962148962148962,0.9027252197265625,0.16979241371154785,0.7058823529411765,0.7978723645210266,0.7995929995929996,0.3521750569343567,0.8675328554360813,0.8686868686868687,0.8027002525778812,0.8686410129033081,0.44037050008773804,0.09489922225475311,0.8387096774193549,0.868686854839325,0.8676287889402644,0.18991191685199738,,,,0.8571428656578064,0.9090909361839294,0.03520069411037739,0.6384266263237519,0.2153111845254898,5.587030216247513e-08,5.067049357876385e-08,7.62939453125e-06,5.7220458984375e-06,0.0,0.0,0.0,0.0,0.868686854839325,,,,,,,,,0.0660986453294754,0.050838787108659744,0.0,0.015259857289493084,0.19839459657669067,0.16744014620780945,0.3095446825027466,0.0,0.6411986351013184,2.1816654205322266,1.2584431171417236,atlas_het,graphatlas_c,graphatlas_certified,ov0.40_cross0.50,,certificate,1.0,full,none,False,dot,0,70,95,0,95,0.7978723645210266,64834,480,6540,0,19.779478788375854,cpu,0,0.9398670196533203,0.08286047726869583,0.09331832081079483,1.0,0.06013299897313118,0.00037869226071052253,0.9690103530883789,1.5177370309829712,0.07606684416532516,0.18453001976013184,0.0005085592856630683,0.5177370309829712,0.007040603552013636,0.28240257501602173,1.5177370309829712,0.5177370309829712,0.045702219009399414,0.5950495600700378,2.4412923949057586e-07,0.01871551387012005,0.06013299524784088,0.3292018175125122,0.7498980760574341,1.4895833730697632,0.4895833432674408,0.28103479743003845,0.6779201626777649,0.05693880841135979,0.5381816625595093,atlas_het__node_classification__graphatlas_c__split0__seed0__e8ff35aea578,e8ff35aea578,975d6eec98ed54f0
node_classification,accuracy,0.9686411023139954,0.8085106611251831,0.8484848737716675,,,,,,,,,,,,0.969192304627399,0.9686411149825784,0.9529961418227407,0.9685934068657324,0.097214475274086,0.0319855697453022,0.9519230769230769,0.9686411023139954,0.9689128168339546,0.05849817022681236,0.8118170516259896,0.8085106382978723,0.7135817637590923,0.8074748179387173,0.9831727743148804,0.16600963473320007,0.7647058823529411,0.8085106611251831,0.8090743500579566,0.3496837615966797,0.8516651732377539,0.8484848484848485,0.7759019936583291,0.8483646763984207,0.49768510460853577,0.11003756523132324,0.7777777777777778,0.8484848737716675,0.8491227825342665,0.24350771307945251,,,,0.8484848737716675,,0.03168754779230932,0.684931506849315,0.2373623549938202,4.834827294075694e-08,4.8007269271010955e-08,7.62939453125e-06,9.5367431640625e-06,0.0,0.0,0.0,0.0,0.8484848737716675,,,,,,,,,0.08248010277748108,0.056839801371097565,0.0,0.025640299543738365,0.11433608829975128,0.09430008381605148,0.2003600150346756,0.0,0.5939202904701233,2.3408608436584473,0.8107744455337524,atlas_het,graphatlas_c,graphatlas_certified,ov0.55_cross0.00,,certificate,1.0,full,none,False,dot,0,70,95,0,95,0.8085106611251831,64834,480,6540,0,19.704036235809326,cpu,0,0.9775881171226501,0.02940957248210907,0.4699733555316925,1.0,0.022411877289414406,0.0,0.9990346431732178,1.558715581893921,0.03578849509358406,0.06040779873728752,8.470008469885215e-05,0.5587155818939209,0.0033076449763029814,0.2778218388557434,1.558715581893921,0.5587155818939209,0.03813767433166504,0.27516788244247437,2.5855771923488646e-07,0.008037467487156391,0.022411875426769257,0.32385605573654175,0.7398062944412231,1.5208333730697632,0.5208333134651184,0.28118211030960083,0.6702732443809509,0.05352531373500824,0.4767853915691376,atlas_het__node_classification__graphatlas_c__split0__seed0__72dd071e7dfc,72dd071e7dfc,975d6eec98ed54f0
node_classification,accuracy,0.9686411023139954,0.8085106611251831,0.8484848737716675,,,,,,,,,,,,0.969192304627399,0.9686411149825784,0.9529961418227407,0.9685934068657324,0.097214475274086,0.0319855697453022,0.9519230769230769,0.9686411023139954,0.9689128168339546,0.05849817022681236,0.8118170516259896,0.8085106382978723,0.7135817637590923,0.8074748179387173,0.9831727743148804,0.16600963473320007,0.7647058823529411,0.8085106611251831,0.8090743500579566,0.3496837615966797,0.8516651732377539,0.8484848484848485,0.7759019936583291,0.8483646763984207,0.49768510460853577,0.11003756523132324,0.7777777777777778,0.8484848737716675,0.8491227825342665,0.24350771307945251,,,,0.8484848737716675,,0.03168754779230932,0.684931506849315,0.2373623549938202,4.834827294075694e-08,4.8007269271010955e-08,7.62939453125e-06,9.5367431640625e-06,0.0,0.0,0.0,0.0,0.8484848737716675,,,,,,,,,0.08248010277748108,0.056839801371097565,0.0,0.025640299543738365,0.11433608829975128,0.09430008381605148,0.2003600150346756,0.0,0.5939202904701233,2.3408608436584473,0.8107744455337524,atlas_het,graphatlas_c,graphatlas_certified,ov0.55_cross0.15,,certificate,1.0,full,none,False,dot,0,70,95,0,95,0.8085106611251831,64834,480,6540,0,19.91827130317688,cpu,0,0.9775881171226501,0.02940957248210907,0.4699733555316925,1.0,0.022411877289414406,0.0,0.9990346431732178,1.558715581893921,0.03578849509358406,0.06040779873728752,8.470008469885215e-05,0.5587155818939209,0.0033076449763029814,0.2778218388557434,1.558715581893921,0.5587155818939209,0.03813767433166504,0.27516788244247437,2.5855771923488646e-07,0.008037467487156391,0.022411875426769257,0.32385605573654175,0.7398062944412231,1.5208333730697632,0.5208333134651184,0.28118211030960083,0.6702732443809509,0.05352531373500824,0.4767853915691376,atlas_het__node_classification__graphatlas_c__split0__seed0__06460ce96f5f,06460ce96f5f,975d6eec98ed54f0
node_classification,accuracy,0.9686411023139954,0.8085106611251831,0.8484848737716675,,,,,,,,,,,,0.969192304627399,0.9686411149825784,0.9529961418227407,0.9685934068657324,0.097214475274086,0.0319855697453022,0.9519230769230769,0.9686411023139954,0.9689128168339546,0.05849817022681236,0.8118170516259896,0.8085106382978723,0.7135817637590923,0.8074748179387173,0.9831727743148804,0.16600963473320007,0.7647058823529411,0.8085106611251831,0.8090743500579566,0.3496837615966797,0.8516651732377539,0.8484848484848485,0.7759019936583291,0.8483646763984207,0.49768510460853577,0.11003756523132324,0.7777777777777778,0.8484848737716675,0.8491227825342665,0.24350771307945251,,,,0.8484848737716675,,0.03168754779230932,0.684931506849315,0.2373623549938202,4.834827294075694e-08,4.8007269271010955e-08,7.62939453125e-06,9.5367431640625e-06,0.0,0.0,0.0,0.0,0.8484848737716675,,,,,,,,,0.08248010277748108,0.056839801371097565,0.0,0.025640299543738365,0.11433608829975128,0.09430008381605148,0.2003600150346756,0.0,0.5939202904701233,2.3408608436584473,0.8107744455337524,atlas_het,graphatlas_c,graphatlas_certified,ov0.55_cross0.30,,certificate,1.0,full,none,False,dot,0,70,95,0,95,0.8085106611251831,64834,480,6540,0,19.75204372406006,cpu,0,0.9775881171226501,0.02940957248210907,0.4699733555316925,1.0,0.022411877289414406,0.0,0.9990346431732178,1.558715581893921,0.03578849509358406,0.06040779873728752,8.470008469885215e-05,0.5587155818939209,0.0033076449763029814,0.2778218388557434,1.558715581893921,0.5587155818939209,0.03813767433166504,0.27516788244247437,2.5855771923488646e-07,0.008037467487156391,0.022411875426769257,0.32385605573654175,0.7398062944412231,1.5208333730697632,0.5208333134651184,0.28118211030960083,0.6702732443809509,0.05352531373500824,0.4767853915691376,atlas_het__node_classification__graphatlas_c__split0__seed0__61dea5d6341f,61dea5d6341f,975d6eec98ed54f0
node_classification,accuracy,0.9686411023139954,0.8085106611251831,0.8484848737716675,,,,,,,,,,,,0.969192304627399,0.9686411149825784,0.9529961418227407,0.9685934068657324,0.097214475274086,0.0319855697453022,0.9519230769230769,0.9686411023139954,0.9689128168339546,0.05849817022681236,0.8118170516259896,0.8085106382978723,0.7135817637590923,0.8074748179387173,0.9831727743148804,0.16600963473320007,0.7647058823529411,0.8085106611251831,0.8090743500579566,0.3496837615966797,0.8516651732377539,0.8484848484848485,0.7759019936583291,0.8483646763984207,0.49768510460853577,0.11003756523132324,0.7777777777777778,0.8484848737716675,0.8491227825342665,0.24350771307945251,,,,0.8484848737716675,,0.03168754779230932,0.684931506849315,0.2373623549938202,4.834827294075694e-08,4.8007269271010955e-08,7.62939453125e-06,9.5367431640625e-06,0.0,0.0,0.0,0.0,0.8484848737716675,,,,,,,,,0.08248010277748108,0.056839801371097565,0.0,0.025640299543738365,0.11433608829975128,0.09430008381605148,0.2003600150346756,0.0,0.5939202904701233,2.3408608436584473,0.8107744455337524,atlas_het,graphatlas_c,graphatlas_certified,ov0.55_cross0.50,,certificate,1.0,full,none,False,dot,0,70,95,0,95,0.8085106611251831,64834,480,6540,0,19.631574869155884,cpu,0,0.9775881171226501,0.02940957248210907,0.4699733555316925,1.0,0.022411877289414406,0.0,0.9990346431732178,1.558715581893921,0.03578849509358406,0.06040779873728752,8.470008469885215e-05,0.5587155818939209,0.0033076449763029814,0.2778218388557434,1.558715581893921,0.5587155818939209,0.03813767433166504,0.27516788244247437,2.5855771923488646e-07,0.008037467487156391,0.022411875426769257,0.32385605573654175,0.7398062944412231,1.5208333730697632,0.5208333134651184,0.28118211030960083,0.6702732443809509,0.05352531373500824,0.4767853915691376,atlas_het__node_classification__graphatlas_c__split0__seed0__04404eda35d4,04404eda35d4,975d6eec98ed54f0
node_classification,accuracy,0.895470380783081,0.8315789699554443,0.8163265585899353,,,,,,,,,,,,0.8938169679036868,0.8954703832752613,0.8428707604127654,0.8952865191463985,0.2141091525554657,0.044083982706069946,0.8620689655172413,0.895470380783081,0.8943124635907435,0.1318860948085785,0.8314176245210728,0.8315789473684211,0.7485439441782563,0.8331895312050618,0.6783283352851868,0.13352897763252258,0.8181818181818182,0.8315789699554443,0.8313186509907822,0.29754993319511414,0.814862914862915,0.8163265306122449,0.7295179549906766,0.814781676217285,0.6384133100509644,0.11050988733768463,0.696969696969697,0.8163265585899353,0.8133625250866631,0.2640359699726105,,,,0.8292682766914368,0.8070175647735596,-0.03312311809597821,0.5517241379310345,0.18932367861270905,9.843103754292315e-08,8.390811956360267e-08,1.52587890625e-05,5.7220458984375e-06,0.0,0.0,0.0,0.0,0.8163265585899353,,,,,,,,,0.0731680616736412,0.05274195596575737,0.0,0.020426105707883835,0.11918620765209198,0.0954926460981369,0.23693564534187317,1.9524752133293077e-05,0.5818737745285034,2.3704957962036133,0.7419161200523376,atlas_het,graphatlas_c,graphatlas_certified,ov0.10_cross0.00,,certificate,1.0,full,none,False,dot,1,50,75,0,75,0.8315789699554443,64834,480,6456,0,15.574329137802124,cpu,0,0.9608392119407654,0.04555562138557434,0.480132132768631,1.0,0.03916075825691223,0.0,0.9951723217964172,1.4076827764511108,0.05741134285926819,0.08668684959411621,0.00013663602294400334,0.40768277645111084,0.003692484460771084,0.18781907856464386,1.4076827764511108,0.40768277645111084,0.058604300022125244,0.24183422327041626,2.3780765445735597e-07,0.010433531366288662,0.03916076943278313,0.20780764520168304,0.7697749137878418,1.3520833253860474,0.35208332538604736,0.1896604597568512,0.6470888257026672,0.012954880483448505,0.779316246509552,atlas_het__node_classification__graphatlas_c__split0__seed1__394bc13a9e33,394bc13a9e33,975d6eec98ed54f0
node_classification,accuracy,0.895470380783081,0.8315789699554443,0.8163265585899353,,,,,,,,,,,,0.8938169679036868,0.8954703832752613,0.8428707604127654,0.8952865191463985,0.2141091525554657,0.044083982706069946,0.8620689655172413,0.895470380783081,0.8943124635907435,0.1318860948085785,0.8314176245210728,0.8315789473684211,0.7485439441782563,0.8331895312050618,0.6783283352851868,0.13352897763252258,0.8181818181818182,0.8315789699554443,0.8313186509907822,0.29754993319511414,0.814862914862915,0.8163265306122449,0.7295179549906766,0.814781676217285,0.6384133100509644,0.11050988733768463,0.696969696969697,0.8163265585899353,0.8133625250866631,0.2640359699726105,,,,0.8292682766914368,0.8070175647735596,-0.03312311809597821,0.5517241379310345,0.18932367861270905,9.843103754292315e-08,8.390811956360267e-08,1.52587890625e-05,5.7220458984375e-06,0.0,0.0,0.0,0.0,0.8163265585899353,,,,,,,,,0.0731680616736412,0.05274195596575737,0.0,0.020426105707883835,0.11918620765209198,0.0954926460981369,0.23693564534187317,1.9524752133293077e-05,0.5818737745285034,2.3704957962036133,0.7419161200523376,atlas_het,graphatlas_c,graphatlas_certified,ov0.10_cross0.15,,certificate,1.0,full,none,False,dot,1,50,75,0,75,0.8315789699554443,64834,480,6456,0,15.40701675415039,cpu,0,0.9608392119407654,0.04555562138557434,0.480132132768631,1.0,0.03916075825691223,0.0,0.9951723217964172,1.4076827764511108,0.05741134285926819,0.08668684959411621,0.00013663602294400334,0.40768277645111084,0.003692484460771084,0.18781907856464386,1.4076827764511108,0.40768277645111084,0.058604300022125244,0.24183422327041626,2.3780765445735597e-07,0.010433531366288662,0.03916076943278313,0.20780764520168304,0.7697749137878418,1.3520833253860474,0.35208332538604736,0.1896604597568512,0.6470888257026672,0.012954880483448505,0.779316246509552,atlas_het__node_classification__graphatlas_c__split0__seed1__ec653b0a49cb,ec653b0a49cb,975d6eec98ed54f0
node_classification,accuracy,0.895470380783081,0.8315789699554443,0.8163265585899353,,,,,,,,,,,,0.8938169679036868,0.8954703832752613,0.8428707604127654,0.8952865191463985,0.2141091525554657,0.044083982706069946,0.8620689655172413,0.895470380783081,0.8943124635907435,0.1318860948085785,0.8314176245210728,0.8315789473684211,0.7485439441782563,0.8331895312050618,0.6783283352851868,0.13352897763252258,0.8181818181818182,0.8315789699554443,0.8313186509907822,0.29754993319511414,0.814862914862915,0.8163265306122449,0.7295179549906766,0.814781676217285,0.6384133100509644,0.11050988733768463,0.696969696969697,0.8163265585899353,0.8133625250866631,0.2640359699726105,,,,0.8292682766914368,0.8070175647735596,-0.03312311809597821,0.5517241379310345,0.18932367861270905,9.843103754292315e-08,8.390811956360267e-08,1.52587890625e-05,5.7220458984375e-06,0.0,0.0,0.0,0.0,0.8163265585899353,,,,,,,,,0.0731680616736412,0.05274195596575737,0.0,0.020426105707883835,0.11918620765209198,0.0954926460981369,0.23693564534187317,1.9524752133293077e-05,0.5818737745285034,2.3704957962036133,0.7419161200523376,atlas_het,graphatlas_c,graphatlas_certified,ov0.10_cross0.30,,certificate,1.0,full,none,False,dot,1,50,75,0,75,0.8315789699554443,64834,480,6456,0,15.550911664962769,cpu,0,0.9608392119407654,0.04555562138557434,0.480132132768631,1.0,0.03916075825691223,0.0,0.9951723217964172,1.4076827764511108,0.05741134285926819,0.08668684959411621,0.00013663602294400334,0.40768277645111084,0.003692484460771084,0.18781907856464386,1.4076827764511108,0.40768277645111084,0.058604300022125244,0.24183422327041626,2.3780765445735597e-07,0.010433531366288662,0.03916076943278313,0.20780764520168304,0.7697749137878418,1.3520833253860474,0.35208332538604736,0.1896604597568512,0.6470888257026672,0.012954880483448505,0.779316246509552,atlas_het__node_classification__graphatlas_c__split0__seed1__67f4ef96a97c,67f4ef96a97c,975d6eec98ed54f0
node_classification,accuracy,0.895470380783081,0.8315789699554443,0.8163265585899353,,,,,,,,,,,,0.8938169679036868,0.8954703832752613,0.8428707604127654,0.8952865191463985,0.2141091525554657,0.044083982706069946,0.8620689655172413,0.895470380783081,0.8943124635907435,0.1318860948085785,0.8314176245210728,0.8315789473684211,0.7485439441782563,0.8331895312050618,0.6783283352851868,0.13352897763252258,0.8181818181818182,0.8315789699554443,0.8313186509907822,0.29754993319511414,0.814862914862915,0.8163265306122449,0.7295179549906766,0.814781676217285,0.6384133100509644,0.11050988733768463,0.696969696969697,0.8163265585899353,0.8133625250866631,0.2640359699726105,,,,0.8292682766914368,0.8070175647735596,-0.03312311809597821,0.5517241379310345,0.18932367861270905,9.843103754292315e-08,8.390811956360267e-08,1.52587890625e-05,5.7220458984375e-06,0.0,0.0,0.0,0.0,0.8163265585899353,,,,,,,,,0.0731680616736412,0.05274195596575737,0.0,0.020426105707883835,0.11918620765209198,0.0954926460981369,0.23693564534187317,1.9524752133293077e-05,0.5818737745285034,2.3704957962036133,0.7419161200523376,atlas_het,graphatlas_c,graphatlas_certified,ov0.10_cross0.50,,certificate,1.0,full,none,False,dot,1,50,75,0,75,0.8315789699554443,64834,480,6456,0,15.52948260307312,cpu,0,0.9608392119407654,0.04555562138557434,0.480132132768631,1.0,0.03916075825691223,0.0,0.9951723217964172,1.4076827764511108,0.05741134285926819,0.08668684959411621,0.00013663602294400334,0.40768277645111084,0.003692484460771084,0.18781907856464386,1.4076827764511108,0.40768277645111084,0.058604300022125244,0.24183422327041626,2.3780765445735597e-07,0.010433531366288662,0.03916076943278313,0.20780764520168304,0.7697749137878418,1.3520833253860474,0.35208332538604736,0.1896604597568512,0.6470888257026672,0.012954880483448505,0.779316246509552,atlas_het__node_classification__graphatlas_c__split0__seed1__8770c9e2ecf6,8770c9e2ecf6,975d6eec98ed54f0
node_classification,accuracy,0.9651567935943604,0.8526315689086914,0.8061224222183228,,,,,,,,,,,,0.9650033968914133,0.9651567944250871,0.9478950776646452,0.9650723979107328,0.09134174883365631,0.03164677321910858,0.9393939393939394,0.9651567935943604,0.9650513047950052,0.04963794723153114,0.851619644723093,0.8526315789473684,0.7803910739166007,0.8529558736501797,0.5842662453651428,0.09723304212093353,0.8181818181818182,0.8526315689086914,0.8513640937868955,0.23257330060005188,0.8069264069264069,0.8061224489795918,0.715063173547518,0.8058718785319771,1.1124483346939087,0.12388268113136292,0.696969696969697,0.8061224222183228,0.8047718564959944,0.31043145060539246,,,,0.8196721076965332,0.7837837934494019,-0.031162615047412048,0.5793650793650794,0.2998010218143463,6.496213700302178e-08,6.091929805052132e-08,7.62939453125e-06,7.62939453125e-06,0.0,0.0,0.0,0.0,0.8061224222183228,,,,,,,,,0.12821722030639648,0.09220732003450394,0.0,0.036009903997182846,0.13301332294940948,0.11043847352266312,0.22574862837791443,8.588658238295466e-05,0.6657445430755615,2.202831268310547,0.8095753192901611,atlas_het,graphatlas_c,graphatlas_certified,ov0.25_cross0.00,,certificate,1.0,full,none,False,dot,1,85,110,0,110,0.8526315689086914,64834,480,6456,0,22.44974446296692,cpu,0,0.9469781517982483,0.061131760478019714,0.5401617288589478,1.0,0.0530218780040741,0.0,0.9881332516670227,1.4572490453720093,0.06563108414411545,0.14849796891212463,0.00026739828172139823,0.45724907517433167,0.00484461197629571,0.222457617521286,1.4572490453720093,0.45724907517433167,0.04700952768325806,0.35888469219207764,2.327393815448886e-07,0.011955256573855877,0.0530218705534935,0.24893511831760406,0.7050288915634155,1.40625,0.40625,0.22159741818904877,0.6525968313217163,0.059762801975011826,0.7438746094703674,atlas_het__node_classification__graphatlas_c__split0__seed1__5b0bd95c1cb8,5b0bd95c1cb8,975d6eec98ed54f0
node_classification,accuracy,0.9651567935943604,0.8526315689086914,0.8061224222183228,,,,,,,,,,,,0.9650033968914133,0.9651567944250871,0.9478950776646452,0.9650723979107328,0.09134174883365631,0.03164677321910858,0.9393939393939394,0.9651567935943604,0.9650513047950052,0.04963794723153114,0.851619644723093,0.8526315789473684,0.7803910739166007,0.8529558736501797,0.5842662453651428,0.09723304212093353,0.8181818181818182,0.8526315689086914,0.8513640937868955,0.23257330060005188,0.8069264069264069,0.8061224489795918,0.715063173547518,0.8058718785319771,1.1124483346939087,0.12388268113136292,0.696969696969697,0.8061224222183228,0.8047718564959944,0.31043145060539246,,,,0.8196721076965332,0.7837837934494019,-0.031162615047412048,0.5793650793650794,0.2998010218143463,6.496213700302178e-08,6.091929805052132e-08,7.62939453125e-06,7.62939453125e-06,0.0,0.0,0.0,0.0,0.8061224222183228,,,,,,,,,0.12821722030639648,0.09220732003450394,0.0,0.036009903997182846,0.13301332294940948,0.11043847352266312,0.22574862837791443,8.588658238295466e-05,0.6657445430755615,2.202831268310547,0.8095753192901611,atlas_het,graphatlas_c,graphatlas_certified,ov0.25_cross0.15,,certificate,1.0,full,none,False,dot,1,85,110,0,110,0.8526315689086914,64834,480,6456,0,22.238120079040527,cpu,0,0.9469781517982483,0.061131760478019714,0.5401617288589478,1.0,0.0530218780040741,0.0,0.9881332516670227,1.4572490453720093,0.06563108414411545,0.14849796891212463,0.00026739828172139823,0.45724907517433167,0.00484461197629571,0.222457617521286,1.4572490453720093,0.45724907517433167,0.04700952768325806,0.35888469219207764,2.327393815448886e-07,0.011955256573855877,0.0530218705534935,0.24893511831760406,0.7050288915634155,1.40625,0.40625,0.22159741818904877,0.6525968313217163,0.059762801975011826,0.7438746094703674,atlas_het__node_classification__graphatlas_c__split0__seed1__1342c2c2d5b9,1342c2c2d5b9,975d6eec98ed54f0
node_classification,accuracy,0.9651567935943604,0.8526315689086914,0.8061224222183228,,,,,,,,,,,,0.9650033968914133,0.9651567944250871,0.9478950776646452,0.9650723979107328,0.09134174883365631,0.03164677321910858,0.9393939393939394,0.9651567935943604,0.9650513047950052,0.04963794723153114,0.851619644723093,0.8526315789473684,0.7803910739166007,0.8529558736501797,0.5842662453651428,0.09723304212093353,0.8181818181818182,0.8526315689086914,0.8513640937868955,0.23257330060005188,0.8069264069264069,0.8061224489795918,0.715063173547518,0.8058718785319771,1.1124483346939087,0.12388268113136292,0.696969696969697,0.8061224222183228,0.8047718564959944,0.31043145060539246,,,,0.8196721076965332,0.7837837934494019,-0.031162615047412048,0.5793650793650794,0.2998010218143463,6.496213700302178e-08,6.091929805052132e-08,7.62939453125e-06,7.62939453125e-06,0.0,0.0,0.0,0.0,0.8061224222183228,,,,,,,,,0.12821722030639648,0.09220732003450394,0.0,0.036009903997182846,0.13301332294940948,0.11043847352266312,0.22574862837791443,8.588658238295466e-05,0.6657445430755615,2.202831268310547,0.8095753192901611,atlas_het,graphatlas_c,graphatlas_certified,ov0.25_cross0.30,,certificate,1.0,full,none,False,dot,1,85,110,0,110,0.8526315689086914,64834,480,6456,0,22.304144144058228,cpu,0,0.9469781517982483,0.061131760478019714,0.5401617288589478,1.0,0.0530218780040741,0.0,0.9881332516670227,1.4572490453720093,0.06563108414411545,0.14849796891212463,0.00026739828172139823,0.45724907517433167,0.00484461197629571,0.222457617521286,1.4572490453720093,0.45724907517433167,0.04700952768325806,0.35888469219207764,2.327393815448886e-07,0.011955256573855877,0.0530218705534935,0.24893511831760406,0.7050288915634155,1.40625,0.40625,0.22159741818904877,0.6525968313217163,0.059762801975011826,0.7438746094703674,atlas_het__node_classification__graphatlas_c__split0__seed1__a3e5da626b33,a3e5da626b33,975d6eec98ed54f0
node_classification,accuracy,0.9651567935943604,0.8526315689086914,0.8061224222183228,,,,,,,,,,,,0.9650033968914133,0.9651567944250871,0.9478950776646452,0.9650723979107328,0.09134174883365631,0.03164677321910858,0.9393939393939394,0.9651567935943604,0.9650513047950052,0.04963794723153114,0.851619644723093,0.8526315789473684,0.7803910739166007,0.8529558736501797,0.5842662453651428,0.09723304212093353,0.8181818181818182,0.8526315689086914,0.8513640937868955,0.23257330060005188,0.8069264069264069,0.8061224489795918,0.715063173547518,0.8058718785319771,1.1124483346939087,0.12388268113136292,0.696969696969697,0.8061224222183228,0.8047718564959944,0.31043145060539246,,,,0.8196721076965332,0.7837837934494019,-0.031162615047412048,0.5793650793650794,0.2998010218143463,6.496213700302178e-08,6.091929805052132e-08,7.62939453125e-06,7.62939453125e-06,0.0,0.0,0.0,0.0,0.8061224222183228,,,,,,,,,0.12821722030639648,0.09220732003450394,0.0,0.036009903997182846,0.13301332294940948,0.11043847352266312,0.22574862837791443,8.588658238295466e-05,0.6657445430755615,2.202831268310547,0.8095753192901611,atlas_het,graphatlas_c,graphatlas_certified,ov0.25_cross0.50,,certificate,1.0,full,none,False,dot,1,85,110,0,110,0.8526315689086914,64834,480,6456,0,22.205957889556885,cpu,0,0.9469781517982483,0.061131760478019714,0.5401617288589478,1.0,0.0530218780040741,0.0,0.9881332516670227,1.4572490453720093,0.06563108414411545,0.14849796891212463,0.00026739828172139823,0.45724907517433167,0.00484461197629571,0.222457617521286,1.4572490453720093,0.45724907517433167,0.04700952768325806,0.35888469219207764,2.327393815448886e-07,0.011955256573855877,0.0530218705534935,0.24893511831760406,0.7050288915634155,1.40625,0.40625,0.22159741818904877,0.6525968313217163,0.059762801975011826,0.7438746094703674,atlas_het__node_classification__graphatlas_c__split0__seed1__27942838becb,27942838becb,975d6eec98ed54f0
node_classification,accuracy,0.8397212624549866,0.8105263113975525,0.7653061151504517,,,,,,,,,,,,0.8390160855165977,0.8397212543554007,0.7610701530872482,0.8376913309896772,0.36882081627845764,0.0435214638710022,0.7373737373737373,0.8397212624549866,0.838059820773959,0.22241801023483276,0.8126088470916057,0.8105263157894737,0.7164974296052175,0.8100437661317473,0.670706033706665,0.12659867107868195,0.7575757575757576,0.8105263113975525,0.8109847587459528,0.3533746898174286,0.7655122655122656,0.7653061224489796,0.6510963804370306,0.7608243218758611,0.6447204351425171,0.1074875220656395,0.6060606060606061,0.7653061151504517,0.7608092353855066,0.32097169756889343,,,,0.7407407164573669,0.8823529481887817,-0.032683386288715296,0.7671601615074024,0.18404780328273773,9.249137633560167e-08,7.884347752451504e-08,4.291534423828125e-06,3.814697265625e-06,0.0,0.0,0.0,0.0,0.7653061151504517,,,,,,,,,0.17761142551898956,0.12918566167354584,0.0,0.04842576012015343,0.1674826741218567,0.1310354620218277,0.3644718825817108,0.0,0.6403188705444336,2.095660924911499,1.5905243158340454,atlas_het,graphatlas_c,graphatlas_certified,ov0.40_cross0.00,,certificate,1.0,full,none,False,dot,1,40,65,0,65,0.8105263113975525,64834,480,6456,0,13.540472269058228,cpu,0,0.9649878740310669,0.03821171447634697,0.4842842221260071,1.0,0.03501206263899803,0.0,0.9980592727661133,1.660315990447998,0.04843850061297417,0.07617232203483582,0.000185461831279099,0.660315990447998,0.005837108474224806,0.3592526316642761,1.660315990447998,0.660315990447998,0.04444241523742676,0.33810561895370483,2.423129501494259e-07,0.012601149268448353,0.03501207381486893,0.31293347477912903,0.6044506430625916,1.6375000476837158,0.637499988079071,0.36049696803092957,0.676940381526947,0.08994259685277939,0.7247884273529053,atlas_het__node_classification__graphatlas_c__split0__seed1__6a5eb0cbd19c,6a5eb0cbd19c,975d6eec98ed54f0
node_classification,accuracy,0.8397212624549866,0.8105263113975525,0.7653061151504517,,,,,,,,,,,,0.8390160855165977,0.8397212543554007,0.7610701530872482,0.8376913309896772,0.36882081627845764,0.0435214638710022,0.7373737373737373,0.8397212624549866,0.838059820773959,0.22241801023483276,0.8126088470916057,0.8105263157894737,0.7164974296052175,0.8100437661317473,0.670706033706665,0.12659867107868195,0.7575757575757576,0.8105263113975525,0.8109847587459528,0.3533746898174286,0.7655122655122656,0.7653061224489796,0.6510963804370306,0.7608243218758611,0.6447204351425171,0.1074875220656395,0.6060606060606061,0.7653061151504517,0.7608092353855066,0.32097169756889343,,,,0.7407407164573669,0.8823529481887817,-0.032683386288715296,0.7671601615074024,0.18404780328273773,9.249137633560167e-08,7.884347752451504e-08,4.291534423828125e-06,3.814697265625e-06,0.0,0.0,0.0,0.0,0.7653061151504517,,,,,,,,,0.17761142551898956,0.12918566167354584,0.0,0.04842576012015343,0.1674826741218567,0.1310354620218277,0.3644718825817108,0.0,0.6403188705444336,2.095660924911499,1.5905243158340454,atlas_het,graphatlas_c,graphatlas_certified,ov0.40_cross0.15,,certificate,1.0,full,none,False,dot,1,40,65,0,65,0.8105263113975525,64834,480,6456,0,13.492376804351807,cpu,0,0.9649878740310669,0.03821171447634697,0.4842842221260071,1.0,0.03501206263899803,0.0,0.9980592727661133,1.660315990447998,0.04843850061297417,0.07617232203483582,0.000185461831279099,0.660315990447998,0.005837108474224806,0.3592526316642761,1.660315990447998,0.660315990447998,0.04444241523742676,0.33810561895370483,2.423129501494259e-07,0.012601149268448353,0.03501207381486893,0.31293347477912903,0.6044506430625916,1.6375000476837158,0.637499988079071,0.36049696803092957,0.676940381526947,0.08994259685277939,0.7247884273529053,atlas_het__node_classification__graphatlas_c__split0__seed1__c96c4988eeea,c96c4988eeea,975d6eec98ed54f0
node_classification,accuracy,0.8397212624549866,0.8105263113975525,0.7653061151504517,,,,,,,,,,,,0.8390160855165977,0.8397212543554007,0.7610701530872482,0.8376913309896772,0.36882081627845764,0.0435214638710022,0.7373737373737373,0.8397212624549866,0.838059820773959,0.22241801023483276,0.8126088470916057,0.8105263157894737,0.7164974296052175,0.8100437661317473,0.670706033706665,0.12659867107868195,0.7575757575757576,0.8105263113975525,0.8109847587459528,0.3533746898174286,0.7655122655122656,0.7653061224489796,0.6510963804370306,0.7608243218758611,0.6447204351425171,0.1074875220656395,0.6060606060606061,0.7653061151504517,0.7608092353855066,0.32097169756889343,,,,0.7407407164573669,0.8823529481887817,-0.032683386288715296,0.7671601615074024,0.18404780328273773,9.249137633560167e-08,7.884347752451504e-08,4.291534423828125e-06,3.814697265625e-06,0.0,0.0,0.0,0.0,0.7653061151504517,,,,,,,,,0.17761142551898956,0.12918566167354584,0.0,0.04842576012015343,0.1674826741218567,0.1310354620218277,0.3644718825817108,0.0,0.6403188705444336,2.095660924911499,1.5905243158340454,atlas_het,graphatlas_c,graphatlas_certified,ov0.40_cross0.30,,certificate,1.0,full,none,False,dot,1,40,65,0,65,0.8105263113975525,64834,480,6456,0,13.830139875411987,cpu,0,0.9649878740310669,0.03821171447634697,0.4842842221260071,1.0,0.03501206263899803,0.0,0.9980592727661133,1.660315990447998,0.04843850061297417,0.07617232203483582,0.000185461831279099,0.660315990447998,0.005837108474224806,0.3592526316642761,1.660315990447998,0.660315990447998,0.04444241523742676,0.33810561895370483,2.423129501494259e-07,0.012601149268448353,0.03501207381486893,0.31293347477912903,0.6044506430625916,1.6375000476837158,0.637499988079071,0.36049696803092957,0.676940381526947,0.08994259685277939,0.7247884273529053,atlas_het__node_classification__graphatlas_c__split0__seed1__ad00e9214143,ad00e9214143,975d6eec98ed54f0
node_classification,accuracy,0.8397212624549866,0.8105263113975525,0.7653061151504517,,,,,,,,,,,,0.8390160855165977,0.8397212543554007,0.7610701530872482,0.8376913309896772,0.36882081627845764,0.0435214638710022,0.7373737373737373,0.8397212624549866,0.838059820773959,0.22241801023483276,0.8126088470916057,0.8105263157894737,0.7164974296052175,0.8100437661317473,0.670706033706665,0.12659867107868195,0.7575757575757576,0.8105263113975525,0.8109847587459528,0.3533746898174286,0.7655122655122656,0.7653061224489796,0.6510963804370306,0.7608243218758611,0.6447204351425171,0.1074875220656395,0.6060606060606061,0.7653061151504517,0.7608092353855066,0.32097169756889343,,,,0.7407407164573669,0.8823529481887817,-0.032683386288715296,0.7671601615074024,0.18404780328273773,9.249137633560167e-08,7.884347752451504e-08,4.291534423828125e-06,3.814697265625e-06,0.0,0.0,0.0,0.0,0.7653061151504517,,,,,,,,,0.17761142551898956,0.12918566167354584,0.0,0.04842576012015343,0.1674826741218567,0.1310354620218277,0.3644718825817108,0.0,0.6403188705444336,2.095660924911499,1.5905243158340454,atlas_het,graphatlas_c,graphatlas_certified,ov0.40_cross0.50,,certificate,1.0,full,none,False,dot,1,40,65,0,65,0.8105263113975525,64834,480,6456,0,13.586161136627197,cpu,0,0.9649878740310669,0.03821171447634697,0.4842842221260071,1.0,0.03501206263899803,0.0,0.9980592727661133,1.660315990447998,0.04843850061297417,0.07617232203483582,0.000185461831279099,0.660315990447998,0.005837108474224806,0.3592526316642761,1.660315990447998,0.660315990447998,0.04444241523742676,0.33810561895370483,2.423129501494259e-07,0.012601149268448353,0.03501207381486893,0.31293347477912903,0.6044506430625916,1.6375000476837158,0.637499988079071,0.36049696803092957,0.676940381526947,0.08994259685277939,0.7247884273529053,atlas_het__node_classification__graphatlas_c__split0__seed1__9faf4c88243d,9faf4c88243d,975d6eec98ed54f0
node_classification,accuracy,0.8850173950195312,0.821052610874176,0.7857142686843872,,,,,,,,,,,,0.8829181768751587,0.8850174216027874,0.8305566242394108,0.8837137999244202,0.24278374016284943,0.0425400473177433,0.8080808080808081,0.8850173950195312,0.8836444757543735,0.14523185789585114,0.8199233716475095,0.8210526315789474,0.7328968935229352,0.8202433620863939,0.5382298231124878,0.11175322532653809,0.7575757575757576,0.821052610874176,0.8208946862996158,0.25019487738609314,0.7845598845598846,0.7857142857142857,0.686144100588429,0.7804348243056621,0.869886577129364,0.1031796783208847,0.6060606060606061,0.7857142686843872,0.7792136591478697,0.29374057054519653,,,,0.7857142686843872,,0.024167647646733428,0.8206388206388207,0.20521163940429688,8.048956345874103e-08,7.045100858249498e-08,5.7220458984375e-06,5.7220458984375e-06,0.0,0.0,0.0,0.0,0.7857142686843872,,,,,,,,,0.26286202669143677,0.18720203638076782,0.0,0.07565997540950775,0.1798144280910492,0.14425739645957947,0.35557031631469727,0.0,0.514946460723877,2.7953057289123535,1.2013120651245117,atlas_het,graphatlas_c,graphatlas_certified,ov0.55_cross0.00,,certificate,1.0,full,none,False,dot,1,55,80,0,80,0.821052610874176,64834,480,6456,0,16.563111782073975,cpu,0,0.9605898261070251,0.05338423699140549,0.45041516423225403,1.0,0.03941013664007187,0.0,0.9899739027023315,1.7307931184768677,0.044832758605480194,0.09508657455444336,0.0002551400102674961,0.7307930588722229,0.006232837680727243,0.4187648296356201,1.7307931184768677,0.7307930588722229,0.03323096036911011,0.3198615312576294,2.628424908834859e-07,0.016293687745928764,0.03941013664007187,0.3951374292373657,0.6203531622886658,1.6958333253860474,0.6958333253860474,0.41993558406829834,0.6904945969581604,0.21067501604557037,0.5785837769508362,atlas_het__node_classification__graphatlas_c__split0__seed1__b521fd6b48ef,b521fd6b48ef,975d6eec98ed54f0
node_classification,accuracy,0.8850173950195312,0.821052610874176,0.7857142686843872,,,,,,,,,,,,0.8829181768751587,0.8850174216027874,0.8305566242394108,0.8837137999244202,0.24278374016284943,0.0425400473177433,0.8080808080808081,0.8850173950195312,0.8836444757543735,0.14523185789585114,0.8199233716475095,0.8210526315789474,0.7328968935229352,0.8202433620863939,0.5382298231124878,0.11175322532653809,0.7575757575757576,0.821052610874176,0.8208946862996158,0.25019487738609314,0.7845598845598846,0.7857142857142857,0.686144100588429,0.7804348243056621,0.869886577129364,0.1031796783208847,0.6060606060606061,0.7857142686843872,0.7792136591478697,0.29374057054519653,,,,0.7857142686843872,,0.024167647646733428,0.8206388206388207,0.20521163940429688,8.048956345874103e-08,7.045100858249498e-08,5.7220458984375e-06,5.7220458984375e-06,0.0,0.0,0.0,0.0,0.7857142686843872,,,,,,,,,0.26286202669143677,0.18720203638076782,0.0,0.07565997540950775,0.1798144280910492,0.14425739645957947,0.35557031631469727,0.0,0.514946460723877,2.7953057289123535,1.2013120651245117,atlas_het,graphatlas_c,graphatlas_certified,ov0.55_cross0.15,,certificate,1.0,full,none,False,dot,1,55,80,0,80,0.821052610874176,64834,480,6456,0,16.670550107955933,cpu,0,0.9605898261070251,0.05338423699140549,0.45041516423225403,1.0,0.03941013664007187,0.0,0.9899739027023315,1.7307931184768677,0.044832758605480194,0.09508657455444336,0.0002551400102674961,0.7307930588722229,0.006232837680727243,0.4187648296356201,1.7307931184768677,0.7307930588722229,0.03323096036911011,0.3198615312576294,2.628424908834859e-07,0.016293687745928764,0.03941013664007187,0.3951374292373657,0.6203531622886658,1.6958333253860474,0.6958333253860474,0.41993558406829834,0.6904945969581604,0.21067501604557037,0.5785837769508362,atlas_het__node_classification__graphatlas_c__split0__seed1__8656bde6e424,8656bde6e424,975d6eec98ed54f0
node_classification,accuracy,0.8850173950195312,0.821052610874176,0.7857142686843872,,,,,,,,,,,,0.8829181768751587,0.8850174216027874,0.8305566242394108,0.8837137999244202,0.24278374016284943,0.0425400473177433,0.8080808080808081,0.8850173950195312,0.8836444757543735,0.14523185789585114,0.8199233716475095,0.8210526315789474,0.7328968935229352,0.8202433620863939,0.5382298231124878,0.11175322532653809,0.7575757575757576,0.821052610874176,0.8208946862996158,0.25019487738609314,0.7845598845598846,0.7857142857142857,0.686144100588429,0.7804348243056621,0.869886577129364,0.1031796783208847,0.6060606060606061,0.7857142686843872,0.7792136591478697,0.29374057054519653,,,,0.7857142686843872,,0.024167647646733428,0.8206388206388207,0.20521163940429688,8.048956345874103e-08,7.045100858249498e-08,5.7220458984375e-06,5.7220458984375e-06,0.0,0.0,0.0,0.0,0.7857142686843872,,,,,,,,,0.26286202669143677,0.18720203638076782,0.0,0.07565997540950775,0.1798144280910492,0.14425739645957947,0.35557031631469727,0.0,0.514946460723877,2.7953057289123535,1.2013120651245117,atlas_het,graphatlas_c,graphatlas_certified,ov0.55_cross0.30,,certificate,1.0,full,none,False,dot,1,55,80,0,80,0.821052610874176,64834,480,6456,0,16.581910610198975,cpu,0,0.9605898261070251,0.05338423699140549,0.45041516423225403,1.0,0.03941013664007187,0.0,0.9899739027023315,1.7307931184768677,0.044832758605480194,0.09508657455444336,0.0002551400102674961,0.7307930588722229,0.006232837680727243,0.4187648296356201,1.7307931184768677,0.7307930588722229,0.03323096036911011,0.3198615312576294,2.628424908834859e-07,0.016293687745928764,0.03941013664007187,0.3951374292373657,0.6203531622886658,1.6958333253860474,0.6958333253860474,0.41993558406829834,0.6904945969581604,0.21067501604557037,0.5785837769508362,atlas_het__node_classification__graphatlas_c__split0__seed1__0242de9a18f7,0242de9a18f7,975d6eec98ed54f0
node_classification,accuracy,0.8850173950195312,0.821052610874176,0.7857142686843872,,,,,,,,,,,,0.8829181768751587,0.8850174216027874,0.8305566242394108,0.8837137999244202,0.24278374016284943,0.0425400473177433,0.8080808080808081,0.8850173950195312,0.8836444757543735,0.14523185789585114,0.8199233716475095,0.8210526315789474,0.7328968935229352,0.8202433620863939,0.5382298231124878,0.11175322532653809,0.7575757575757576,0.821052610874176,0.8208946862996158,0.25019487738609314,0.7845598845598846,0.7857142857142857,0.686144100588429,0.7804348243056621,0.869886577129364,0.1031796783208847,0.6060606060606061,0.7857142686843872,0.7792136591478697,0.29374057054519653,,,,0.7857142686843872,,0.024167647646733428,0.8206388206388207,0.20521163940429688,8.048956345874103e-08,7.045100858249498e-08,5.7220458984375e-06,5.7220458984375e-06,0.0,0.0,0.0,0.0,0.7857142686843872,,,,,,,,,0.26286202669143677,0.18720203638076782,0.0,0.07565997540950775,0.1798144280910492,0.14425739645957947,0.35557031631469727,0.0,0.514946460723877,2.7953057289123535,1.2013120651245117,atlas_het,graphatlas_c,graphatlas_certified,ov0.55_cross0.50,,certificate,1.0,full,none,False,dot,1,55,80,0,80,0.821052610874176,64834,480,6456,0,16.550164699554443,cpu,0,0.9605898261070251,0.05338423699140549,0.45041516423225403,1.0,0.03941013664007187,0.0,0.9899739027023315,1.7307931184768677,0.044832758605480194,0.09508657455444336,0.0002551400102674961,0.7307930588722229,0.006232837680727243,0.4187648296356201,1.7307931184768677,0.7307930588722229,0.03323096036911011,0.3198615312576294,2.628424908834859e-07,0.016293687745928764,0.03941013664007187,0.3951374292373657,0.6203531622886658,1.6958333253860474,0.6958333253860474,0.41993558406829834,0.6904945969581604,0.21067501604557037,0.5785837769508362,atlas_het__node_classification__graphatlas_c__split0__seed1__c7f207b55c9f,c7f207b55c9f,975d6eec98ed54f0
node_classification,accuracy,0.9337978959083557,0.8315789699554443,0.7448979616165161,,,,,,,,,,,,0.9322186387832234,0.9337979094076655,0.9011465857739067,0.9338710958710426,0.1432911604642868,0.029047634452581406,0.8977272727272727,0.9337978959083557,0.933988508369031,0.0886555016040802,0.8271636240703177,0.8315789473684211,0.7473304334412235,0.8302931464384393,1.2861889600753784,0.14664670825004578,0.7241379310344828,0.8315789699554443,0.8279022620571915,0.28784996271133423,0.7378066378066378,0.7448979591836735,0.6207539525510652,0.7405052930263014,1.2706632614135742,0.1860351860523224,0.5666666666666667,0.7448979616165161,0.7380103556574144,0.4191727638244629,,,,0.6904761791229248,0.7857142686843872,0.07363949284008886,0.44880174291938996,0.10088161379098892,6.235517702180005e-08,7.020908299182338e-08,1.52587890625e-05,1.52587890625e-05,0.0,0.0,0.0,0.0,0.7448979616165161,,,,,,,,,0.12528011202812195,0.09015168249607086,0.0,0.03512842208147049,0.13944588601589203,0.10518132895231247,0.342645525932312,2.958009463327471e-05,0.4900529980659485,2.9780373573303223,1.359782338142395,atlas_het,graphatlas_c,graphatlas_certified,ov0.10_cross0.00,,certificate,1.0,full,none,False,dot,2,80,105,0,105,0.8315789699554443,64834,480,6506,0,21.60216212272644,cpu,0,0.9802778959274292,0.044231247156858444,0.24855521321296692,1.0,0.019722186028957367,0.0001135073762270622,0.9926787614822388,1.612972617149353,0.01774652861058712,0.03338596224784851,4.200578041491099e-05,0.612972617149353,0.0020461820531636477,0.3336382508277893,1.612972617149353,0.612972617149353,0.013570129871368408,0.3953580856323242,2.6003795028373133e-07,0.006309343967586756,0.019722195342183113,0.38529035449028015,0.6793729066848755,1.5729166269302368,0.5729166865348816,0.33479541540145874,0.6908431649208069,0.1407177448272705,0.5390971302986145,atlas_het__node_classification__graphatlas_c__split0__seed2__89b77e2b0fc4,89b77e2b0fc4,975d6eec98ed54f0
node_classification,accuracy,0.9337978959083557,0.8315789699554443,0.7448979616165161,,,,,,,,,,,,0.9322186387832234,0.9337979094076655,0.9011465857739067,0.9338710958710426,0.1432911604642868,0.029047634452581406,0.8977272727272727,0.9337978959083557,0.933988508369031,0.0886555016040802,0.8271636240703177,0.8315789473684211,0.7473304334412235,0.8302931464384393,1.2861889600753784,0.14664670825004578,0.7241379310344828,0.8315789699554443,0.8279022620571915,0.28784996271133423,0.7378066378066378,0.7448979591836735,0.6207539525510652,0.7405052930263014,1.2706632614135742,0.1860351860523224,0.5666666666666667,0.7448979616165161,0.7380103556574144,0.4191727638244629,,,,0.6904761791229248,0.7857142686843872,0.07363949284008886,0.44880174291938996,0.10088161379098892,6.235517702180005e-08,7.020908299182338e-08,1.52587890625e-05,1.52587890625e-05,0.0,0.0,0.0,0.0,0.7448979616165161,,,,,,,,,0.12528011202812195,0.09015168249607086,0.0,0.03512842208147049,0.13944588601589203,0.10518132895231247,0.342645525932312,2.958009463327471e-05,0.4900529980659485,2.9780373573303223,1.359782338142395,atlas_het,graphatlas_c,graphatlas_certified,ov0.10_cross0.15,,certificate,1.0,full,none,False,dot,2,80,105,0,105,0.8315789699554443,64834,480,6506,0,21.37270712852478,cpu,0,0.9802778959274292,0.044231247156858444,0.24855521321296692,1.0,0.019722186028957367,0.0001135073762270622,0.9926787614822388,1.612972617149353,0.01774652861058712,0.03338596224784851,4.200578041491099e-05,0.612972617149353,0.0020461820531636477,0.3336382508277893,1.612972617149353,0.612972617149353,0.013570129871368408,0.3953580856323242,2.6003795028373133e-07,0.006309343967586756,0.019722195342183113,0.38529035449028015,0.6793729066848755,1.5729166269302368,0.5729166865348816,0.33479541540145874,0.6908431649208069,0.1407177448272705,0.5390971302986145,atlas_het__node_classification__graphatlas_c__split0__seed2__4374c636d525,4374c636d525,975d6eec98ed54f0
node_classification,accuracy,0.9337978959083557,0.8315789699554443,0.7448979616165161,,,,,,,,,,,,0.9322186387832234,0.9337979094076655,0.9011465857739067,0.9338710958710426,0.1432911604642868,0.029047634452581406,0.8977272727272727,0.9337978959083557,0.933988508369031,0.0886555016040802,0.8271636240703177,0.8315789473684211,0.7473304334412235,0.8302931464384393,1.2861889600753784,0.14664670825004578,0.7241379310344828,0.8315789699554443,0.8279022620571915,0.28784996271133423,0.7378066378066378,0.7448979591836735,0.6207539525510652,0.7405052930263014,1.2706632614135742,0.1860351860523224,0.5666666666666667,0.7448979616165161,0.7380103556574144,0.4191727638244629,,,,0.6904761791229248,0.7857142686843872,0.07363949284008886,0.44880174291938996,0.10088161379098892,6.235517702180005e-08,7.020908299182338e-08,1.52587890625e-05,1.52587890625e-05,0.0,0.0,0.0,0.0,0.7448979616165161,,,,,,,,,0.12528011202812195,0.09015168249607086,0.0,0.03512842208147049,0.13944588601589203,0.10518132895231247,0.342645525932312,2.958009463327471e-05,0.4900529980659485,2.9780373573303223,1.359782338142395,atlas_het,graphatlas_c,graphatlas_certified,ov0.10_cross0.30,,certificate,1.0,full,none,False,dot,2,80,105,0,105,0.8315789699554443,64834,480,6506,0,21.504125356674194,cpu,0,0.9802778959274292,0.044231247156858444,0.24855521321296692,1.0,0.019722186028957367,0.0001135073762270622,0.9926787614822388,1.612972617149353,0.01774652861058712,0.03338596224784851,4.200578041491099e-05,0.612972617149353,0.0020461820531636477,0.3336382508277893,1.612972617149353,0.612972617149353,0.013570129871368408,0.3953580856323242,2.6003795028373133e-07,0.006309343967586756,0.019722195342183113,0.38529035449028015,0.6793729066848755,1.5729166269302368,0.5729166865348816,0.33479541540145874,0.6908431649208069,0.1407177448272705,0.5390971302986145,atlas_het__node_classification__graphatlas_c__split0__seed2__5e8a69eb5383,5e8a69eb5383,975d6eec98ed54f0
node_classification,accuracy,0.9337978959083557,0.8315789699554443,0.7448979616165161,,,,,,,,,,,,0.9322186387832234,0.9337979094076655,0.9011465857739067,0.9338710958710426,0.1432911604642868,0.029047634452581406,0.8977272727272727,0.9337978959083557,0.933988508369031,0.0886555016040802,0.8271636240703177,0.8315789473684211,0.7473304334412235,0.8302931464384393,1.2861889600753784,0.14664670825004578,0.7241379310344828,0.8315789699554443,0.8279022620571915,0.28784996271133423,0.7378066378066378,0.7448979591836735,0.6207539525510652,0.7405052930263014,1.2706632614135742,0.1860351860523224,0.5666666666666667,0.7448979616165161,0.7380103556574144,0.4191727638244629,,,,0.6904761791229248,0.7857142686843872,0.07363949284008886,0.44880174291938996,0.10088161379098892,6.235517702180005e-08,7.020908299182338e-08,1.52587890625e-05,1.52587890625e-05,0.0,0.0,0.0,0.0,0.7448979616165161,,,,,,,,,0.12528011202812195,0.09015168249607086,0.0,0.03512842208147049,0.13944588601589203,0.10518132895231247,0.342645525932312,2.958009463327471e-05,0.4900529980659485,2.9780373573303223,1.359782338142395,atlas_het,graphatlas_c,graphatlas_certified,ov0.10_cross0.50,,certificate,1.0,full,none,False,dot,2,80,105,0,105,0.8315789699554443,64834,480,6506,0,21.408326387405396,cpu,0,0.9802778959274292,0.044231247156858444,0.24855521321296692,1.0,0.019722186028957367,0.0001135073762270622,0.9926787614822388,1.612972617149353,0.01774652861058712,0.03338596224784851,4.200578041491099e-05,0.612972617149353,0.0020461820531636477,0.3336382508277893,1.612972617149353,0.612972617149353,0.013570129871368408,0.3953580856323242,2.6003795028373133e-07,0.006309343967586756,0.019722195342183113,0.38529035449028015,0.6793729066848755,1.5729166269302368,0.5729166865348816,0.33479541540145874,0.6908431649208069,0.1407177448272705,0.5390971302986145,atlas_het__node_classification__graphatlas_c__split0__seed2__f1ddc72a2dfa,f1ddc72a2dfa,975d6eec98ed54f0
node_classification,accuracy,0.9581881761550903,0.8105263113975525,0.7346938848495483,,,,,,,,,,,,0.9592391470802629,0.9581881533101045,0.9380084825927477,0.9584537178556566,0.1103917732834816,0.028836391866207123,0.9313725490196079,0.9581881761550903,0.9578599780757259,0.06426093727350235,0.8101757944557133,0.8105263157894737,0.7154589101731957,0.8106604539517808,1.2971495389938354,0.15286782383918762,0.75,0.8105263113975525,0.8119830091661077,0.3373647630214691,0.7266955266955267,0.7346938775510204,0.6059746012545852,0.7282415221727789,0.931915283203125,0.18275508284568787,0.5333333333333333,0.7346938848495483,0.7248621553884712,0.3642849922180176,,,,0.6393442749977112,0.8918918967247009,0.11413271093821768,0.5776293823038398,0.07834049314260483,7.351545860956321e-08,6.500850702195748e-08,3.814697265625e-05,1.52587890625e-05,0.0,0.0,0.0,0.0,0.7346938848495483,,,,,,,,,0.15784811973571777,0.12027499079704285,0.0,0.03757312148809433,0.1681673377752304,0.1374785602092743,0.3068878948688507,1.5205042700472404e-06,0.5197497010231018,2.7624292373657227,0.8137639760971069,atlas_het,graphatlas_c,graphatlas_certified,ov0.25_cross0.00,,certificate,1.0,full,none,False,dot,2,85,110,0,110,0.8105263113975525,64834,480,6506,0,22.457993507385254,cpu,0,0.9559466242790222,0.07986869663000107,0.02266148291528225,1.0,0.0440533384680748,0.003455083817243576,0.9823406934738159,1.6394097805023193,0.04655430465936661,0.07000436633825302,0.0003034663968719542,0.6394097805023193,0.005674353800714016,0.35394033789634705,1.6394097805023193,0.6394097805023193,0.04471731185913086,0.7234916687011719,2.4139652055055194e-07,0.01572958193719387,0.0440533310174942,0.3505908250808716,0.6626191139221191,1.59375,0.59375,0.35159432888031006,0.6880176663398743,0.039970722049474716,0.5508197546005249,atlas_het__node_classification__graphatlas_c__split0__seed2__51e242e7664b,51e242e7664b,975d6eec98ed54f0
node_classification,accuracy,0.9581881761550903,0.8105263113975525,0.7346938848495483,,,,,,,,,,,,0.9592391470802629,0.9581881533101045,0.9380084825927477,0.9584537178556566,0.1103917732834816,0.028836391866207123,0.9313725490196079,0.9581881761550903,0.9578599780757259,0.06426093727350235,0.8101757944557133,0.8105263157894737,0.7154589101731957,0.8106604539517808,1.2971495389938354,0.15286782383918762,0.75,0.8105263113975525,0.8119830091661077,0.3373647630214691,0.7266955266955267,0.7346938775510204,0.6059746012545852,0.7282415221727789,0.931915283203125,0.18275508284568787,0.5333333333333333,0.7346938848495483,0.7248621553884712,0.3642849922180176,,,,0.6393442749977112,0.8918918967247009,0.11413271093821768,0.5776293823038398,0.07834049314260483,7.351545860956321e-08,6.500850702195748e-08,3.814697265625e-05,1.52587890625e-05,0.0,0.0,0.0,0.0,0.7346938848495483,,,,,,,,,0.15784811973571777,0.12027499079704285,0.0,0.03757312148809433,0.1681673377752304,0.1374785602092743,0.3068878948688507,1.5205042700472404e-06,0.5197497010231018,2.7624292373657227,0.8137639760971069,atlas_het,graphatlas_c,graphatlas_certified,ov0.25_cross0.15,,certificate,1.0,full,none,False,dot,2,85,110,0,110,0.8105263113975525,64834,480,6506,0,23.3186776638031,cpu,0,0.9559466242790222,0.07986869663000107,0.02266148291528225,1.0,0.0440533384680748,0.003455083817243576,0.9823406934738159,1.6394097805023193,0.04655430465936661,0.07000436633825302,0.0003034663968719542,0.6394097805023193,0.005674353800714016,0.35394033789634705,1.6394097805023193,0.6394097805023193,0.04471731185913086,0.7234916687011719,2.4139652055055194e-07,0.01572958193719387,0.0440533310174942,0.3505908250808716,0.6626191139221191,1.59375,0.59375,0.35159432888031006,0.6880176663398743,0.039970722049474716,0.5508197546005249,atlas_het__node_classification__graphatlas_c__split0__seed2__1ef79d04f2b0,1ef79d04f2b0,975d6eec98ed54f0
node_classification,accuracy,0.9581881761550903,0.8105263113975525,0.7346938848495483,,,,,,,,,,,,0.9592391470802629,0.9581881533101045,0.9380084825927477,0.9584537178556566,0.1103917732834816,0.028836391866207123,0.9313725490196079,0.9581881761550903,0.9578599780757259,0.06426093727350235,0.8101757944557133,0.8105263157894737,0.7154589101731957,0.8106604539517808,1.2971495389938354,0.15286782383918762,0.75,0.8105263113975525,0.8119830091661077,0.3373647630214691,0.7266955266955267,0.7346938775510204,0.6059746012545852,0.7282415221727789,0.931915283203125,0.18275508284568787,0.5333333333333333,0.7346938848495483,0.7248621553884712,0.3642849922180176,,,,0.6393442749977112,0.8918918967247009,0.11413271093821768,0.5776293823038398,0.07834049314260483,7.351545860956321e-08,6.500850702195748e-08,3.814697265625e-05,1.52587890625e-05,0.0,0.0,0.0,0.0,0.7346938848495483,,,,,,,,,0.15784811973571777,0.12027499079704285,0.0,0.03757312148809433,0.1681673377752304,0.1374785602092743,0.3068878948688507,1.5205042700472404e-06,0.5197497010231018,2.7624292373657227,0.8137639760971069,atlas_het,graphatlas_c,graphatlas_certified,ov0.25_cross0.30,,certificate,1.0,full,none,False,dot,2,85,110,0,110,0.8105263113975525,64834,480,6506,0,22.286893606185913,cpu,0,0.9559466242790222,0.07986869663000107,0.02266148291528225,1.0,0.0440533384680748,0.003455083817243576,0.9823406934738159,1.6394097805023193,0.04655430465936661,0.07000436633825302,0.0003034663968719542,0.6394097805023193,0.005674353800714016,0.35394033789634705,1.6394097805023193,0.6394097805023193,0.04471731185913086,0.7234916687011719,2.4139652055055194e-07,0.01572958193719387,0.0440533310174942,0.3505908250808716,0.6626191139221191,1.59375,0.59375,0.35159432888031006,0.6880176663398743,0.039970722049474716,0.5508197546005249,atlas_het__node_classification__graphatlas_c__split0__seed2__01d8c0ac26e9,01d8c0ac26e9,975d6eec98ed54f0
node_classification,accuracy,0.9581881761550903,0.8105263113975525,0.7346938848495483,,,,,,,,,,,,0.9592391470802629,0.9581881533101045,0.9380084825927477,0.9584537178556566,0.1103917732834816,0.028836391866207123,0.9313725490196079,0.9581881761550903,0.9578599780757259,0.06426093727350235,0.8101757944557133,0.8105263157894737,0.7154589101731957,0.8106604539517808,1.2971495389938354,0.15286782383918762,0.75,0.8105263113975525,0.8119830091661077,0.3373647630214691,0.7266955266955267,0.7346938775510204,0.6059746012545852,0.7282415221727789,0.931915283203125,0.18275508284568787,0.5333333333333333,0.7346938848495483,0.7248621553884712,0.3642849922180176,,,,0.6393442749977112,0.8918918967247009,0.11413271093821768,0.5776293823038398,0.07834049314260483,7.351545860956321e-08,6.500850702195748e-08,3.814697265625e-05,1.52587890625e-05,0.0,0.0,0.0,0.0,0.7346938848495483,,,,,,,,,0.15784811973571777,0.12027499079704285,0.0,0.03757312148809433,0.1681673377752304,0.1374785602092743,0.3068878948688507,1.5205042700472404e-06,0.5197497010231018,2.7624292373657227,0.8137639760971069,atlas_het,graphatlas_c,graphatlas_certified,ov0.25_cross0.50,,certificate,1.0,full,none,False,dot,2,85,110,0,110,0.8105263113975525,64834,480,6506,0,22.365254878997803,cpu,0,0.9559466242790222,0.07986869663000107,0.02266148291528225,1.0,0.0440533384680748,0.003455083817243576,0.9823406934738159,1.6394097805023193,0.04655430465936661,0.07000436633825302,0.0003034663968719542,0.6394097805023193,0.005674353800714016,0.35394033789634705,1.6394097805023193,0.6394097805023193,0.04471731185913086,0.7234916687011719,2.4139652055055194e-07,0.01572958193719387,0.0440533310174942,0.3505908250808716,0.6626191139221191,1.59375,0.59375,0.35159432888031006,0.6880176663398743,0.039970722049474716,0.5508197546005249,atlas_het__node_classification__graphatlas_c__split0__seed2__3212a12b1fdf,3212a12b1fdf,975d6eec98ed54f0
node_classification,accuracy,0.815330982208252,0.7684210538864136,0.704081654548645,,,,,,,,,,,,0.8170210289676633,0.8153310104529616,0.7257305582046842,0.8162675949367902,0.40900591015815735,0.06654482334852219,0.7835051546391752,0.815330982208252,0.8151350490998932,0.2541610896587372,0.7703473630831642,0.7684210526315789,0.6518914329007053,0.7682975554829101,0.9067017436027527,0.06539963185787201,0.71875,0.7684210538864136,0.7704560418203598,0.3536898195743561,0.7024531024531026,0.7040816326530612,0.5594811213733902,0.698998022854462,0.6861119866371155,0.13507381081581116,0.5454545454545454,0.704081654548645,0.6974785623061485,0.4188648462295532,,,,0.7088607549667358,0.6842105388641357,0.13992798369535644,0.6951724137931035,0.05968043580651283,8.664103035016524e-08,8.904486037408788e-08,7.62939453125e-06,7.62939453125e-06,0.0,0.0,0.0,0.0,0.704081654548645,,,,,,,,,0.14352698624134064,0.10721272975206375,0.0,0.036314260214567184,0.20912353694438934,0.15348663926124573,0.5563691854476929,0.0,0.4757649302482605,2.868380069732666,0.26739636063575745,atlas_het,graphatlas_c,graphatlas_certified,ov0.40_cross0.00,,certificate,1.0,full,none,False,dot,2,35,60,0,60,0.7684210538864136,64834,480,6506,0,12.612380266189575,cpu,0,0.9583408832550049,0.044630348682403564,0.8405039310455322,1.0,0.041659072041511536,0.0,1.0,1.688748836517334,0.07025028765201569,0.10240991413593292,0.00030721997609362006,0.688748836517334,0.0075103044509887695,0.3194085359573364,1.688748836517334,0.688748836517334,0.07600641250610352,0.12980026006698608,2.289498723939687e-07,0.022225329652428627,0.04165908694267273,0.3055307865142822,0.6251665353775024,1.5958333015441895,0.5958333611488342,0.31981077790260315,0.6716592907905579,0.0020018317736685276,0.5242118835449219,atlas_het__node_classification__graphatlas_c__split0__seed2__0b41eb562ec0,0b41eb562ec0,975d6eec98ed54f0
node_classification,accuracy,0.815330982208252,0.7684210538864136,0.704081654548645,,,,,,,,,,,,0.8170210289676633,0.8153310104529616,0.7257305582046842,0.8162675949367902,0.40900591015815735,0.06654482334852219,0.7835051546391752,0.815330982208252,0.8151350490998932,0.2541610896587372,0.7703473630831642,0.7684210526315789,0.6518914329007053,0.7682975554829101,0.9067017436027527,0.06539963185787201,0.71875,0.7684210538864136,0.7704560418203598,0.3536898195743561,0.7024531024531026,0.7040816326530612,0.5594811213733902,0.698998022854462,0.6861119866371155,0.13507381081581116,0.5454545454545454,0.704081654548645,0.6974785623061485,0.4188648462295532,,,,0.7088607549667358,0.6842105388641357,0.13992798369535644,0.6951724137931035,0.05968043580651283,8.664103035016524e-08,8.904486037408788e-08,7.62939453125e-06,7.62939453125e-06,0.0,0.0,0.0,0.0,0.704081654548645,,,,,,,,,0.14352698624134064,0.10721272975206375,0.0,0.036314260214567184,0.20912353694438934,0.15348663926124573,0.5563691854476929,0.0,0.4757649302482605,2.868380069732666,0.26739636063575745,atlas_het,graphatlas_c,graphatlas_certified,ov0.40_cross0.15,,certificate,1.0,full,none,False,dot,2,35,60,0,60,0.7684210538864136,64834,480,6506,0,12.844363451004028,cpu,0,0.9583408832550049,0.044630348682403564,0.8405039310455322,1.0,0.041659072041511536,0.0,1.0,1.688748836517334,0.07025028765201569,0.10240991413593292,0.00030721997609362006,0.688748836517334,0.0075103044509887695,0.3194085359573364,1.688748836517334,0.688748836517334,0.07600641250610352,0.12980026006698608,2.289498723939687e-07,0.022225329652428627,0.04165908694267273,0.3055307865142822,0.6251665353775024,1.5958333015441895,0.5958333611488342,0.31981077790260315,0.6716592907905579,0.0020018317736685276,0.5242118835449219,atlas_het__node_classification__graphatlas_c__split0__seed2__e1351acf3805,e1351acf3805,975d6eec98ed54f0
node_classification,accuracy,0.815330982208252,0.7684210538864136,0.704081654548645,,,,,,,,,,,,0.8170210289676633,0.8153310104529616,0.7257305582046842,0.8162675949367902,0.40900591015815735,0.06654482334852219,0.7835051546391752,0.815330982208252,0.8151350490998932,0.2541610896587372,0.7703473630831642,0.7684210526315789,0.6518914329007053,0.7682975554829101,0.9067017436027527,0.06539963185787201,0.71875,0.7684210538864136,0.7704560418203598,0.3536898195743561,0.7024531024531026,0.7040816326530612,0.5594811213733902,0.698998022854462,0.6861119866371155,0.13507381081581116,0.5454545454545454,0.704081654548645,0.6974785623061485,0.4188648462295532,,,,0.7088607549667358,0.6842105388641357,0.13992798369535644,0.6951724137931035,0.05968043580651283,8.664103035016524e-08,8.904486037408788e-08,7.62939453125e-06,7.62939453125e-06,0.0,0.0,0.0,0.0,0.704081654548645,,,,,,,,,0.14352698624134064,0.10721272975206375,0.0,0.036314260214567184,0.20912353694438934,0.15348663926124573,0.5563691854476929,0.0,0.4757649302482605,2.868380069732666,0.26739636063575745,atlas_het,graphatlas_c,graphatlas_certified,ov0.40_cross0.30,,certificate,1.0,full,none,False,dot,2,35,60,0,60,0.7684210538864136,64834,480,6506,0,12.881810903549194,cpu,0,0.9583408832550049,0.044630348682403564,0.8405039310455322,1.0,0.041659072041511536,0.0,1.0,1.688748836517334,0.07025028765201569,0.10240991413593292,0.00030721997609362006,0.688748836517334,0.0075103044509887695,0.3194085359573364,1.688748836517334,0.688748836517334,0.07600641250610352,0.12980026006698608,2.289498723939687e-07,0.022225329652428627,0.04165908694267273,0.3055307865142822,0.6251665353775024,1.5958333015441895,0.5958333611488342,0.31981077790260315,0.6716592907905579,0.0020018317736685276,0.5242118835449219,atlas_het__node_classification__graphatlas_c__split0__seed2__9aca78c7598e,9aca78c7598e,975d6eec98ed54f0
node_classification,accuracy,0.815330982208252,0.7684210538864136,0.704081654548645,,,,,,,,,,,,0.8170210289676633,0.8153310104529616,0.7257305582046842,0.8162675949367902,0.40900591015815735,0.06654482334852219,0.7835051546391752,0.815330982208252,0.8151350490998932,0.2541610896587372,0.7703473630831642,0.7684210526315789,0.6518914329007053,0.7682975554829101,0.9067017436027527,0.06539963185787201,0.71875,0.7684210538864136,0.7704560418203598,0.3536898195743561,0.7024531024531026,0.7040816326530612,0.5594811213733902,0.698998022854462,0.6861119866371155,0.13507381081581116,0.5454545454545454,0.704081654548645,0.6974785623061485,0.4188648462295532,,,,0.7088607549667358,0.6842105388641357,0.13992798369535644,0.6951724137931035,0.05968043580651283,8.664103035016524e-08,8.904486037408788e-08,7.62939453125e-06,7.62939453125e-06,0.0,0.0,0.0,0.0,0.704081654548645,,,,,,,,,0.14352698624134064,0.10721272975206375,0.0,0.036314260214567184,0.20912353694438934,0.15348663926124573,0.5563691854476929,0.0,0.4757649302482605,2.868380069732666,0.26739636063575745,atlas_het,graphatlas_c,graphatlas_certified,ov0.40_cross0.50,,certificate,1.0,full,none,False,dot,2,35,60,0,60,0.7684210538864136,64834,480,6506,0,12.61762261390686,cpu,0,0.9583408832550049,0.044630348682403564,0.8405039310455322,1.0,0.041659072041511536,0.0,1.0,1.688748836517334,0.07025028765201569,0.10240991413593292,0.00030721997609362006,0.688748836517334,0.0075103044509887695,0.3194085359573364,1.688748836517334,0.688748836517334,0.07600641250610352,0.12980026006698608,2.289498723939687e-07,0.022225329652428627,0.04165908694267273,0.3055307865142822,0.6251665353775024,1.5958333015441895,0.5958333611488342,0.31981077790260315,0.6716592907905579,0.0020018317736685276,0.5242118835449219,atlas_het__node_classification__graphatlas_c__split0__seed2__9d7493583bef,9d7493583bef,975d6eec98ed54f0
node_classification,accuracy,0.8327525854110718,0.7789473533630371,0.6938775777816772,,,,,,,,,,,,0.8358065187962095,0.8327526132404182,0.7565119398276401,0.833435477562063,0.35355350375175476,0.029561510309576988,0.7422680412371134,0.8327525854110718,0.832234677949922,0.2206939458847046,0.7806161257606491,0.7789473684210526,0.6701186917461622,0.7763173981076614,1.1562546491622925,0.14280565083026886,0.65625,0.7789473533630371,0.7771788459757341,0.373180627822876,0.6950937950937951,0.6938775510204082,0.542123501274673,0.6917174127715602,0.6268208026885986,0.10978217422962189,0.5757575757575758,0.6938775777816772,0.6915034562211981,0.39838558435440063,,,,0.6938775777816772,,0.01928258027041445,0.7969924812030075,0.09953709691762924,7.017614223059354e-08,8.005570606428591e-08,7.62939453125e-06,7.62939453125e-06,0.0,0.0,0.0,0.0,0.6938775777816772,,,,,,,,,0.10469386726617813,0.07477112114429474,0.0,0.029922746121883392,0.20491750538349152,0.14595206081867218,0.5896544456481934,0.0,0.480876624584198,2.923428535461426,0.6100262999534607,atlas_het,graphatlas_c,graphatlas_certified,ov0.55_cross0.00,,certificate,1.0,full,none,False,dot,2,40,65,0,65,0.7789473533630371,64834,480,6506,0,13.660685062408447,cpu,0,0.9710010886192322,0.03575972840189934,0.5783442854881287,1.0,0.028998931869864464,0.0,0.9969258308410645,1.7419304847717285,0.036877114325761795,0.06188821792602539,0.00011946578888455406,0.7419305443763733,0.004499225411564112,0.35774677991867065,1.7419304847717285,0.7419305443763733,0.042492687702178955,0.21277368068695068,2.482689467342425e-07,0.014561230316758156,0.028998931869864464,0.3334648311138153,0.5916077494621277,1.662500023841858,0.6625000238418579,0.36057931184768677,0.68520188331604,0.024632703512907028,0.488465279340744,atlas_het__node_classification__graphatlas_c__split0__seed2__b4f58d55380d,b4f58d55380d,975d6eec98ed54f0
node_classification,accuracy,0.8327525854110718,0.7789473533630371,0.6938775777816772,,,,,,,,,,,,0.8358065187962095,0.8327526132404182,0.7565119398276401,0.833435477562063,0.35355350375175476,0.029561510309576988,0.7422680412371134,0.8327525854110718,0.832234677949922,0.2206939458847046,0.7806161257606491,0.7789473684210526,0.6701186917461622,0.7763173981076614,1.1562546491622925,0.14280565083026886,0.65625,0.7789473533630371,0.7771788459757341,0.373180627822876,0.6950937950937951,0.6938775510204082,0.542123501274673,0.6917174127715602,0.6268208026885986,0.10978217422962189,0.5757575757575758,0.6938775777816772,0.6915034562211981,0.39838558435440063,,,,0.6938775777816772,,0.01928258027041445,0.7969924812030075,0.09953709691762924,7.017614223059354e-08,8.005570606428591e-08,7.62939453125e-06,7.62939453125e-06,0.0,0.0,0.0,0.0,0.6938775777816772,,,,,,,,,0.10469386726617813,0.07477112114429474,0.0,0.029922746121883392,0.20491750538349152,0.14595206081867218,0.5896544456481934,0.0,0.480876624584198,2.923428535461426,0.6100262999534607,atlas_het,graphatlas_c,graphatlas_certified,ov0.55_cross0.15,,certificate,1.0,full,none,False,dot,2,40,65,0,65,0.7789473533630371,64834,480,6506,0,13.695963144302368,cpu,0,0.9710010886192322,0.03575972840189934,0.5783442854881287,1.0,0.028998931869864464,0.0,0.9969258308410645,1.7419304847717285,0.036877114325761795,0.06188821792602539,0.00011946578888455406,0.7419305443763733,0.004499225411564112,0.35774677991867065,1.7419304847717285,0.7419305443763733,0.042492687702178955,0.21277368068695068,2.482689467342425e-07,0.014561230316758156,0.028998931869864464,0.3334648311138153,0.5916077494621277,1.662500023841858,0.6625000238418579,0.36057931184768677,0.68520188331604,0.024632703512907028,0.488465279340744,atlas_het__node_classification__graphatlas_c__split0__seed2__431e486d2ab3,431e486d2ab3,975d6eec98ed54f0
node_classification,accuracy,0.8327525854110718,0.7789473533630371,0.6938775777816772,,,,,,,,,,,,0.8358065187962095,0.8327526132404182,0.7565119398276401,0.833435477562063,0.35355350375175476,0.029561510309576988,0.7422680412371134,0.8327525854110718,0.832234677949922,0.2206939458847046,0.7806161257606491,0.7789473684210526,0.6701186917461622,0.7763173981076614,1.1562546491622925,0.14280565083026886,0.65625,0.7789473533630371,0.7771788459757341,0.373180627822876,0.6950937950937951,0.6938775510204082,0.542123501274673,0.6917174127715602,0.6268208026885986,0.10978217422962189,0.5757575757575758,0.6938775777816772,0.6915034562211981,0.39838558435440063,,,,0.6938775777816772,,0.01928258027041445,0.7969924812030075,0.09953709691762924,7.017614223059354e-08,8.005570606428591e-08,7.62939453125e-06,7.62939453125e-06,0.0,0.0,0.0,0.0,0.6938775777816772,,,,,,,,,0.10469386726617813,0.07477112114429474,0.0,0.029922746121883392,0.20491750538349152,0.14595206081867218,0.5896544456481934,0.0,0.480876624584198,2.923428535461426,0.6100262999534607,atlas_het,graphatlas_c,graphatlas_certified,ov0.55_cross0.30,,certificate,1.0,full,none,False,dot,2,40,65,0,65,0.7789473533630371,64834,480,6506,0,13.659757852554321,cpu,0,0.9710010886192322,0.03575972840189934,0.5783442854881287,1.0,0.028998931869864464,0.0,0.9969258308410645,1.7419304847717285,0.036877114325761795,0.06188821792602539,0.00011946578888455406,0.7419305443763733,0.004499225411564112,0.35774677991867065,1.7419304847717285,0.7419305443763733,0.042492687702178955,0.21277368068695068,2.482689467342425e-07,0.014561230316758156,0.028998931869864464,0.3334648311138153,0.5916077494621277,1.662500023841858,0.6625000238418579,0.36057931184768677,0.68520188331604,0.024632703512907028,0.488465279340744,atlas_het__node_classification__graphatlas_c__split0__seed2__c6960ad93d38,c6960ad93d38,975d6eec98ed54f0
node_classification,accuracy,0.8327525854110718,0.7789473533630371,0.6938775777816772,,,,,,,,,,,,0.8358065187962095,0.8327526132404182,0.7565119398276401,0.833435477562063,0.35355350375175476,0.029561510309576988,0.7422680412371134,0.8327525854110718,0.832234677949922,0.2206939458847046,0.7806161257606491,0.7789473684210526,0.6701186917461622,0.7763173981076614,1.1562546491622925,0.14280565083026886,0.65625,0.7789473533630371,0.7771788459757341,0.373180627822876,0.6950937950937951,0.6938775510204082,0.542123501274673,0.6917174127715602,0.6268208026885986,0.10978217422962189,0.5757575757575758,0.6938775777816772,0.6915034562211981,0.39838558435440063,,,,0.6938775777816772,,0.01928258027041445,0.7969924812030075,0.09953709691762924,7.017614223059354e-08,8.005570606428591e-08,7.62939453125e-06,7.62939453125e-06,0.0,0.0,0.0,0.0,0.6938775777816772,,,,,,,,,0.10469386726617813,0.07477112114429474,0.0,0.029922746121883392,0.20491750538349152,0.14595206081867218,0.5896544456481934,0.0,0.480876624584198,2.923428535461426,0.6100262999534607,atlas_het,graphatlas_c,graphatlas_certified,ov0.55_cross0.50,,certificate,1.0,full,none,False,dot,2,40,65,0,65,0.7789473533630371,64834,480,6506,0,13.514300346374512,cpu,0,0.9710010886192322,0.03575972840189934,0.5783442854881287,1.0,0.028998931869864464,0.0,0.9969258308410645,1.7419304847717285,0.036877114325761795,0.06188821792602539,0.00011946578888455406,0.7419305443763733,0.004499225411564112,0.35774677991867065,1.7419304847717285,0.7419305443763733,0.042492687702178955,0.21277368068695068,2.482689467342425e-07,0.014561230316758156,0.028998931869864464,0.3334648311138153,0.5916077494621277,1.662500023841858,0.6625000238418579,0.36057931184768677,0.68520188331604,0.024632703512907028,0.488465279340744,atlas_het__node_classification__graphatlas_c__split0__seed2__b0e7aa23b1be,b0e7aa23b1be,975d6eec98ed54f0
node_classification,accuracy,0.9512194991111755,0.7553191781044006,0.9090909361839294,,,,,,,,,,,,0.9515192752104059,0.9512195121951219,0.9271390521265069,0.9510911493034508,0.14033249020576477,0.027331817895174026,0.9042553191489362,0.9512194991111755,0.9520910978932854,0.08258432894945145,0.7567776832646297,0.7553191489361702,0.6343537781915982,0.7557486325159627,1.5323981046676636,0.17258396744728088,0.7352941176470589,0.7553191781044006,0.7553926360377973,0.4059445261955261,0.9080421146953405,0.9090909090909091,0.8644759625032017,0.9084239817859853,0.39709708094596863,0.07249139994382858,0.8387096774193549,0.9090909361839294,0.9077985777328049,0.16095083951950073,,,,0.9444444179534912,0.8888888955116272,0.07444862606064574,0.5502846299810247,0.19446617364883423,5.80500483238211e-08,4.830722488691208e-08,6.67572021484375e-06,3.814697265625e-06,0.0,0.0,0.0,0.0,0.9090909361839294,,,,,,,,,0.15567529201507568,0.09425625950098038,0.0,0.06141902506351471,0.2788991630077362,0.23236103355884552,0.4653817415237427,9.693110769148916e-06,0.5703675746917725,2.6849684715270996,1.6182024478912354,atlas_het,graphatlas_c_beta_minus_1,graphatlas_certified,ov0.10_cross0.00,,certificate,-1.0,full,none,False,dot,0,65,90,0,90,0.7553191781044006,64834,480,6540,0,19.384108304977417,cpu,0,0.9445446729660034,0.07892806082963943,0.3533361554145813,1.0,0.05545525252819061,0.0,0.95107501745224,1.7642202377319336,0.06227573752403259,0.13735158741474152,0.0006772601627744734,0.7642201781272888,0.009092195890843868,0.40923336148262024,1.7642202377319336,0.7642201781272888,0.03968346118927002,0.4785974621772766,2.4916622010096035e-07,0.025379793718457222,0.05545525252819061,0.3897893726825714,0.5818042755126953,1.7354166507720947,0.7354166507720947,0.40753576159477234,0.6825417280197144,0.07944904267787933,0.49623796343803406,atlas_het__node_classification__graphatlas_c_beta_minus_1__split0__seed0__b951d2aed70a,b951d2aed70a,975d6eec98ed54f0
node_classification,accuracy,0.9512194991111755,0.7553191781044006,0.9090909361839294,,,,,,,,,,,,0.9515192752104059,0.9512195121951219,0.9271390521265069,0.9510911493034508,0.14033249020576477,0.027331817895174026,0.9042553191489362,0.9512194991111755,0.9520910978932854,0.08258432894945145,0.7567776832646297,0.7553191489361702,0.6343537781915982,0.7557486325159627,1.5323981046676636,0.17258396744728088,0.7352941176470589,0.7553191781044006,0.7553926360377973,0.4059445261955261,0.9080421146953405,0.9090909090909091,0.8644759625032017,0.9084239817859853,0.39709708094596863,0.07249139994382858,0.8387096774193549,0.9090909361839294,0.9077985777328049,0.16095083951950073,,,,0.9444444179534912,0.8888888955116272,0.07444862606064574,0.5502846299810247,0.19446617364883423,5.80500483238211e-08,4.830722488691208e-08,6.67572021484375e-06,3.814697265625e-06,0.0,0.0,0.0,0.0,0.9090909361839294,,,,,,,,,0.15567529201507568,0.09425625950098038,0.0,0.06141902506351471,0.2788991630077362,0.23236103355884552,0.4653817415237427,9.693110769148916e-06,0.5703675746917725,2.6849684715270996,1.6182024478912354,atlas_het,graphatlas_c_beta_minus_1,graphatlas_certified,ov0.10_cross0.15,,certificate,-1.0,full,none,False,dot,0,65,90,0,90,0.7553191781044006,64834,480,6540,0,18.48425316810608,cpu,0,0.9445446729660034,0.07892806082963943,0.3533361554145813,1.0,0.05545525252819061,0.0,0.95107501745224,1.7642202377319336,0.06227573752403259,0.13735158741474152,0.0006772601627744734,0.7642201781272888,0.009092195890843868,0.40923336148262024,1.7642202377319336,0.7642201781272888,0.03968346118927002,0.4785974621772766,2.4916622010096035e-07,0.025379793718457222,0.05545525252819061,0.3897893726825714,0.5818042755126953,1.7354166507720947,0.7354166507720947,0.40753576159477234,0.6825417280197144,0.07944904267787933,0.49623796343803406,atlas_het__node_classification__graphatlas_c_beta_minus_1__split0__seed0__0becc6052abb,0becc6052abb,975d6eec98ed54f0
node_classification,accuracy,0.9512194991111755,0.7553191781044006,0.9090909361839294,,,,,,,,,,,,0.9515192752104059,0.9512195121951219,0.9271390521265069,0.9510911493034508,0.14033249020576477,0.027331817895174026,0.9042553191489362,0.9512194991111755,0.9520910978932854,0.08258432894945145,0.7567776832646297,0.7553191489361702,0.6343537781915982,0.7557486325159627,1.5323981046676636,0.17258396744728088,0.7352941176470589,0.7553191781044006,0.7553926360377973,0.4059445261955261,0.9080421146953405,0.9090909090909091,0.8644759625032017,0.9084239817859853,0.39709708094596863,0.07249139994382858,0.8387096774193549,0.9090909361839294,0.9077985777328049,0.16095083951950073,,,,0.9444444179534912,0.8888888955116272,0.07444862606064574,0.5502846299810247,0.19446617364883423,5.80500483238211e-08,4.830722488691208e-08,6.67572021484375e-06,3.814697265625e-06,0.0,0.0,0.0,0.0,0.9090909361839294,,,,,,,,,0.15567529201507568,0.09425625950098038,0.0,0.06141902506351471,0.2788991630077362,0.23236103355884552,0.4653817415237427,9.693110769148916e-06,0.5703675746917725,2.6849684715270996,1.6182024478912354,atlas_het,graphatlas_c_beta_minus_1,graphatlas_certified,ov0.10_cross0.30,,certificate,-1.0,full,none,False,dot,0,65,90,0,90,0.7553191781044006,64834,480,6540,0,18.640894651412964,cpu,0,0.9445446729660034,0.07892806082963943,0.3533361554145813,1.0,0.05545525252819061,0.0,0.95107501745224,1.7642202377319336,0.06227573752403259,0.13735158741474152,0.0006772601627744734,0.7642201781272888,0.009092195890843868,0.40923336148262024,1.7642202377319336,0.7642201781272888,0.03968346118927002,0.4785974621772766,2.4916622010096035e-07,0.025379793718457222,0.05545525252819061,0.3897893726825714,0.5818042755126953,1.7354166507720947,0.7354166507720947,0.40753576159477234,0.6825417280197144,0.07944904267787933,0.49623796343803406,atlas_het__node_classification__graphatlas_c_beta_minus_1__split0__seed0__1028a5af91c1,1028a5af91c1,975d6eec98ed54f0
node_classification,accuracy,0.9512194991111755,0.7553191781044006,0.9090909361839294,,,,,,,,,,,,0.9515192752104059,0.9512195121951219,0.9271390521265069,0.9510911493034508,0.14033249020576477,0.027331817895174026,0.9042553191489362,0.9512194991111755,0.9520910978932854,0.08258432894945145,0.7567776832646297,0.7553191489361702,0.6343537781915982,0.7557486325159627,1.5323981046676636,0.17258396744728088,0.7352941176470589,0.7553191781044006,0.7553926360377973,0.4059445261955261,0.9080421146953405,0.9090909090909091,0.8644759625032017,0.9084239817859853,0.39709708094596863,0.07249139994382858,0.8387096774193549,0.9090909361839294,0.9077985777328049,0.16095083951950073,,,,0.9444444179534912,0.8888888955116272,0.07444862606064574,0.5502846299810247,0.19446617364883423,5.80500483238211e-08,4.830722488691208e-08,6.67572021484375e-06,3.814697265625e-06,0.0,0.0,0.0,0.0,0.9090909361839294,,,,,,,,,0.15567529201507568,0.09425625950098038,0.0,0.06141902506351471,0.2788991630077362,0.23236103355884552,0.4653817415237427,9.693110769148916e-06,0.5703675746917725,2.6849684715270996,1.6182024478912354,atlas_het,graphatlas_c_beta_minus_1,graphatlas_certified,ov0.10_cross0.50,,certificate,-1.0,full,none,False,dot,0,65,90,0,90,0.7553191781044006,64834,480,6540,0,18.50660228729248,cpu,0,0.9445446729660034,0.07892806082963943,0.3533361554145813,1.0,0.05545525252819061,0.0,0.95107501745224,1.7642202377319336,0.06227573752403259,0.13735158741474152,0.0006772601627744734,0.7642201781272888,0.009092195890843868,0.40923336148262024,1.7642202377319336,0.7642201781272888,0.03968346118927002,0.4785974621772766,2.4916622010096035e-07,0.025379793718457222,0.05545525252819061,0.3897893726825714,0.5818042755126953,1.7354166507720947,0.7354166507720947,0.40753576159477234,0.6825417280197144,0.07944904267787933,0.49623796343803406,atlas_het__node_classification__graphatlas_c_beta_minus_1__split0__seed0__839cda81a707,839cda81a707,975d6eec98ed54f0
node_classification,accuracy,0.9686411023139954,0.7765957713127136,0.8787878751754761,,,,,,,,,,,,0.9681693913704432,0.9686411149825784,0.9530617484714339,0.968744033491799,0.0841580331325531,0.025998234748840332,0.9574468085106383,0.9686411023139954,0.9684149988497815,0.05036734789609909,0.7746951950969487,0.776595744680851,0.6641131944975159,0.776289915732751,1.2254197597503662,0.15661075711250305,0.7419354838709677,0.7765957713127136,0.7747710844031536,0.3777863085269928,0.8782855436081243,0.8787878787878788,0.8177914110429448,0.8787878787878788,0.3362676799297333,0.06849551200866699,0.8709677419354839,0.8787878751754761,0.8782855436081243,0.18787258863449097,,,,0.8888888955116272,0.8666666746139526,0.025670885209092154,0.5708333333333333,0.23688799142837524,4.4761630846323897e-08,3.958867011988332e-08,3.814697265625e-06,5.7220458984375e-06,0.0,0.0,0.0,0.0,0.8787878751754761,,,,,,,,,0.14438065886497498,0.0897536426782608,0.0,0.05462701618671417,0.1541702151298523,0.12594734132289886,0.28222861886024475,2.828651020081452e-07,0.5848308801651001,2.579379081726074,0.7352960705757141,atlas_het,graphatlas_c_beta_minus_1,graphatlas_certified,ov0.25_cross0.00,,certificate,-1.0,full,none,False,dot,0,70,95,0,95,0.7765957713127136,64834,480,6540,0,19.426063537597656,cpu,0,0.9713729023933411,0.04290628060698509,0.5134448409080505,1.0,0.02862701751291752,0.0,0.9981203079223633,1.4435780048370361,0.04054315760731697,0.08871710300445557,0.00014044727140571922,0.44357797503471375,0.0031278920359909534,0.22948898375034332,1.4435780048370361,0.44357797503471375,0.025950133800506592,0.5599212646484375,2.542077481848537e-07,0.009432266466319561,0.028627030551433563,0.30260366201400757,0.7370540499687195,1.4020832777023315,0.4020833373069763,0.2290237694978714,0.6547686457633972,0.04108024388551712,0.5373784303665161,atlas_het__node_classification__graphatlas_c_beta_minus_1__split0__seed0__a0be79953af3,a0be79953af3,975d6eec98ed54f0
node_classification,accuracy,0.9686411023139954,0.7765957713127136,0.8787878751754761,,,,,,,,,,,,0.9681693913704432,0.9686411149825784,0.9530617484714339,0.968744033491799,0.0841580331325531,0.025998234748840332,0.9574468085106383,0.9686411023139954,0.9684149988497815,0.05036734789609909,0.7746951950969487,0.776595744680851,0.6641131944975159,0.776289915732751,1.2254197597503662,0.15661075711250305,0.7419354838709677,0.7765957713127136,0.7747710844031536,0.3777863085269928,0.8782855436081243,0.8787878787878788,0.8177914110429448,0.8787878787878788,0.3362676799297333,0.06849551200866699,0.8709677419354839,0.8787878751754761,0.8782855436081243,0.18787258863449097,,,,0.8888888955116272,0.8666666746139526,0.025670885209092154,0.5708333333333333,0.23688799142837524,4.4761630846323897e-08,3.958867011988332e-08,3.814697265625e-06,5.7220458984375e-06,0.0,0.0,0.0,0.0,0.8787878751754761,,,,,,,,,0.14438065886497498,0.0897536426782608,0.0,0.05462701618671417,0.1541702151298523,0.12594734132289886,0.28222861886024475,2.828651020081452e-07,0.5848308801651001,2.579379081726074,0.7352960705757141,atlas_het,graphatlas_c_beta_minus_1,graphatlas_certified,ov0.25_cross0.15,,certificate,-1.0,full,none,False,dot,0,70,95,0,95,0.7765957713127136,64834,480,6540,0,20.25427508354187,cpu,0,0.9713729023933411,0.04290628060698509,0.5134448409080505,1.0,0.02862701751291752,0.0,0.9981203079223633,1.4435780048370361,0.04054315760731697,0.08871710300445557,0.00014044727140571922,0.44357797503471375,0.0031278920359909534,0.22948898375034332,1.4435780048370361,0.44357797503471375,0.025950133800506592,0.5599212646484375,2.542077481848537e-07,0.009432266466319561,0.028627030551433563,0.30260366201400757,0.7370540499687195,1.4020832777023315,0.4020833373069763,0.2290237694978714,0.6547686457633972,0.04108024388551712,0.5373784303665161,atlas_het__node_classification__graphatlas_c_beta_minus_1__split0__seed0__de5804030bf4,de5804030bf4,975d6eec98ed54f0
node_classification,accuracy,0.9686411023139954,0.7765957713127136,0.8787878751754761,,,,,,,,,,,,0.9681693913704432,0.9686411149825784,0.9530617484714339,0.968744033491799,0.0841580331325531,0.025998234748840332,0.9574468085106383,0.9686411023139954,0.9684149988497815,0.05036734789609909,0.7746951950969487,0.776595744680851,0.6641131944975159,0.776289915732751,1.2254197597503662,0.15661075711250305,0.7419354838709677,0.7765957713127136,0.7747710844031536,0.3777863085269928,0.8782855436081243,0.8787878787878788,0.8177914110429448,0.8787878787878788,0.3362676799297333,0.06849551200866699,0.8709677419354839,0.8787878751754761,0.8782855436081243,0.18787258863449097,,,,0.8888888955116272,0.8666666746139526,0.025670885209092154,0.5708333333333333,0.23688799142837524,4.4761630846323897e-08,3.958867011988332e-08,3.814697265625e-06,5.7220458984375e-06,0.0,0.0,0.0,0.0,0.8787878751754761,,,,,,,,,0.14438065886497498,0.0897536426782608,0.0,0.05462701618671417,0.1541702151298523,0.12594734132289886,0.28222861886024475,2.828651020081452e-07,0.5848308801651001,2.579379081726074,0.7352960705757141,atlas_het,graphatlas_c_beta_minus_1,graphatlas_certified,ov0.25_cross0.30,,certificate,-1.0,full,none,False,dot,0,70,95,0,95,0.7765957713127136,64834,480,6540,0,19.40138292312622,cpu,0,0.9713729023933411,0.04290628060698509,0.5134448409080505,1.0,0.02862701751291752,0.0,0.9981203079223633,1.4435780048370361,0.04054315760731697,0.08871710300445557,0.00014044727140571922,0.44357797503471375,0.0031278920359909534,0.22948898375034332,1.4435780048370361,0.44357797503471375,0.025950133800506592,0.5599212646484375,2.542077481848537e-07,0.009432266466319561,0.028627030551433563,0.30260366201400757,0.7370540499687195,1.4020832777023315,0.4020833373069763,0.2290237694978714,0.6547686457633972,0.04108024388551712,0.5373784303665161,atlas_het__node_classification__graphatlas_c_beta_minus_1__split0__seed0__424b3dfd6c6b,424b3dfd6c6b,975d6eec98ed54f0
node_classification,accuracy,0.9686411023139954,0.7765957713127136,0.8787878751754761,,,,,,,,,,,,0.9681693913704432,0.9686411149825784,0.9530617484714339,0.968744033491799,0.0841580331325531,0.025998234748840332,0.9574468085106383,0.9686411023139954,0.9684149988497815,0.05036734789609909,0.7746951950969487,0.776595744680851,0.6641131944975159,0.776289915732751,1.2254197597503662,0.15661075711250305,0.7419354838709677,0.7765957713127136,0.7747710844031536,0.3777863085269928,0.8782855436081243,0.8787878787878788,0.8177914110429448,0.8787878787878788,0.3362676799297333,0.06849551200866699,0.8709677419354839,0.8787878751754761,0.8782855436081243,0.18787258863449097,,,,0.8888888955116272,0.8666666746139526,0.025670885209092154,0.5708333333333333,0.23688799142837524,4.4761630846323897e-08,3.958867011988332e-08,3.814697265625e-06,5.7220458984375e-06,0.0,0.0,0.0,0.0,0.8787878751754761,,,,,,,,,0.14438065886497498,0.0897536426782608,0.0,0.05462701618671417,0.1541702151298523,0.12594734132289886,0.28222861886024475,2.828651020081452e-07,0.5848308801651001,2.579379081726074,0.7352960705757141,atlas_het,graphatlas_c_beta_minus_1,graphatlas_certified,ov0.25_cross0.50,,certificate,-1.0,full,none,False,dot,0,70,95,0,95,0.7765957713127136,64834,480,6540,0,19.37912917137146,cpu,0,0.9713729023933411,0.04290628060698509,0.5134448409080505,1.0,0.02862701751291752,0.0,0.9981203079223633,1.4435780048370361,0.04054315760731697,0.08871710300445557,0.00014044727140571922,0.44357797503471375,0.0031278920359909534,0.22948898375034332,1.4435780048370361,0.44357797503471375,0.025950133800506592,0.5599212646484375,2.542077481848537e-07,0.009432266466319561,0.028627030551433563,0.30260366201400757,0.7370540499687195,1.4020832777023315,0.4020833373069763,0.2290237694978714,0.6547686457633972,0.04108024388551712,0.5373784303665161,atlas_het__node_classification__graphatlas_c_beta_minus_1__split0__seed0__f2965c8a1b3e,f2965c8a1b3e,975d6eec98ed54f0
node_classification,accuracy,0.9616724848747253,0.7765957713127136,0.868686854839325,,,,,,,,,,,,0.9635214574253541,0.9616724738675958,0.9433284380309134,0.9616655636758509,0.08207222074270248,0.02019331604242325,0.9230769230769231,0.9616724848747253,0.9619145220851344,0.047173094004392624,0.7826124888220027,0.776595744680851,0.6714456945435036,0.7738794950188222,0.922229528427124,0.19368018209934235,0.6470588235294118,0.7765957713127136,0.7758879113717821,0.38916531205177307,0.8716771206690561,0.8686868686868687,0.8062934070597829,0.8693205033243968,0.5047202706336975,0.12717975676059723,0.8055555555555556,0.868686854839325,0.8698257194625283,0.25041306018829346,,,,0.8831169009208679,0.8181818127632141,0.03837002171155841,0.5933014354066986,0.20398475229740143,5.5164687040587523e-08,3.760793632068271e-08,7.62939453125e-06,7.62939453125e-06,0.0,0.0,0.0,0.0,0.868686854839325,,,,,,,,,0.0536307767033577,0.03284702077507973,0.0,0.02078375406563282,0.14060871303081512,0.11421208828687668,0.26396626234054565,0.0,0.6080936193466187,2.2349653244018555,1.3618541955947876,atlas_het,graphatlas_c_beta_minus_1,graphatlas_certified,ov0.40_cross0.00,,certificate,-1.0,full,none,False,dot,0,85,110,0,110,0.7765957713127136,64834,480,6540,0,22.46716070175171,cpu,0,0.9442130327224731,0.07982577383518219,0.47711947560310364,1.0,0.05578695237636566,0.0,0.9634644389152527,1.4611620903015137,0.07916510105133057,0.21732141077518463,0.0005460167885757983,0.46116209030151367,0.006652479525655508,0.2462151199579239,1.4611620903015137,0.46116209030151367,0.04490184783935547,0.48152637481689453,2.560104235271865e-07,0.016604389995336533,0.05578693374991417,0.3187245726585388,0.7567278146743774,1.4187500476837158,0.41874998807907104,0.24333786964416504,0.6665237545967102,0.05330808460712433,0.4995507597923279,atlas_het__node_classification__graphatlas_c_beta_minus_1__split0__seed0__b6acb3412ad2,b6acb3412ad2,975d6eec98ed54f0
node_classification,accuracy,0.9616724848747253,0.7765957713127136,0.868686854839325,,,,,,,,,,,,0.9635214574253541,0.9616724738675958,0.9433284380309134,0.9616655636758509,0.08207222074270248,0.02019331604242325,0.9230769230769231,0.9616724848747253,0.9619145220851344,0.047173094004392624,0.7826124888220027,0.776595744680851,0.6714456945435036,0.7738794950188222,0.922229528427124,0.19368018209934235,0.6470588235294118,0.7765957713127136,0.7758879113717821,0.38916531205177307,0.8716771206690561,0.8686868686868687,0.8062934070597829,0.8693205033243968,0.5047202706336975,0.12717975676059723,0.8055555555555556,0.868686854839325,0.8698257194625283,0.25041306018829346,,,,0.8831169009208679,0.8181818127632141,0.03837002171155841,0.5933014354066986,0.20398475229740143,5.5164687040587523e-08,3.760793632068271e-08,7.62939453125e-06,7.62939453125e-06,0.0,0.0,0.0,0.0,0.868686854839325,,,,,,,,,0.0536307767033577,0.03284702077507973,0.0,0.02078375406563282,0.14060871303081512,0.11421208828687668,0.26396626234054565,0.0,0.6080936193466187,2.2349653244018555,1.3618541955947876,atlas_het,graphatlas_c_beta_minus_1,graphatlas_certified,ov0.40_cross0.15,,certificate,-1.0,full,none,False,dot,0,85,110,0,110,0.7765957713127136,64834,480,6540,0,23.234560251235962,cpu,0,0.9442130327224731,0.07982577383518219,0.47711947560310364,1.0,0.05578695237636566,0.0,0.9634644389152527,1.4611620903015137,0.07916510105133057,0.21732141077518463,0.0005460167885757983,0.46116209030151367,0.006652479525655508,0.2462151199579239,1.4611620903015137,0.46116209030151367,0.04490184783935547,0.48152637481689453,2.560104235271865e-07,0.016604389995336533,0.05578693374991417,0.3187245726585388,0.7567278146743774,1.4187500476837158,0.41874998807907104,0.24333786964416504,0.6665237545967102,0.05330808460712433,0.4995507597923279,atlas_het__node_classification__graphatlas_c_beta_minus_1__split0__seed0__76c5612fab5a,76c5612fab5a,975d6eec98ed54f0
node_classification,accuracy,0.9616724848747253,0.7765957713127136,0.868686854839325,,,,,,,,,,,,0.9635214574253541,0.9616724738675958,0.9433284380309134,0.9616655636758509,0.08207222074270248,0.02019331604242325,0.9230769230769231,0.9616724848747253,0.9619145220851344,0.047173094004392624,0.7826124888220027,0.776595744680851,0.6714456945435036,0.7738794950188222,0.922229528427124,0.19368018209934235,0.6470588235294118,0.7765957713127136,0.7758879113717821,0.38916531205177307,0.8716771206690561,0.8686868686868687,0.8062934070597829,0.8693205033243968,0.5047202706336975,0.12717975676059723,0.8055555555555556,0.868686854839325,0.8698257194625283,0.25041306018829346,,,,0.8831169009208679,0.8181818127632141,0.03837002171155841,0.5933014354066986,0.20398475229740143,5.5164687040587523e-08,3.760793632068271e-08,7.62939453125e-06,7.62939453125e-06,0.0,0.0,0.0,0.0,0.868686854839325,,,,,,,,,0.0536307767033577,0.03284702077507973,0.0,0.02078375406563282,0.14060871303081512,0.11421208828687668,0.26396626234054565,0.0,0.6080936193466187,2.2349653244018555,1.3618541955947876,atlas_het,graphatlas_c_beta_minus_1,graphatlas_certified,ov0.40_cross0.30,,certificate,-1.0,full,none,False,dot,0,85,110,0,110,0.7765957713127136,64834,480,6540,0,23.11983370780945,cpu,0,0.9442130327224731,0.07982577383518219,0.47711947560310364,1.0,0.05578695237636566,0.0,0.9634644389152527,1.4611620903015137,0.07916510105133057,0.21732141077518463,0.0005460167885757983,0.46116209030151367,0.006652479525655508,0.2462151199579239,1.4611620903015137,0.46116209030151367,0.04490184783935547,0.48152637481689453,2.560104235271865e-07,0.016604389995336533,0.05578693374991417,0.3187245726585388,0.7567278146743774,1.4187500476837158,0.41874998807907104,0.24333786964416504,0.6665237545967102,0.05330808460712433,0.4995507597923279,atlas_het__node_classification__graphatlas_c_beta_minus_1__split0__seed0__a9d17190a60f,a9d17190a60f,975d6eec98ed54f0
node_classification,accuracy,0.9616724848747253,0.7765957713127136,0.868686854839325,,,,,,,,,,,,0.9635214574253541,0.9616724738675958,0.9433284380309134,0.9616655636758509,0.08207222074270248,0.02019331604242325,0.9230769230769231,0.9616724848747253,0.9619145220851344,0.047173094004392624,0.7826124888220027,0.776595744680851,0.6714456945435036,0.7738794950188222,0.922229528427124,0.19368018209934235,0.6470588235294118,0.7765957713127136,0.7758879113717821,0.38916531205177307,0.8716771206690561,0.8686868686868687,0.8062934070597829,0.8693205033243968,0.5047202706336975,0.12717975676059723,0.8055555555555556,0.868686854839325,0.8698257194625283,0.25041306018829346,,,,0.8831169009208679,0.8181818127632141,0.03837002171155841,0.5933014354066986,0.20398475229740143,5.5164687040587523e-08,3.760793632068271e-08,7.62939453125e-06,7.62939453125e-06,0.0,0.0,0.0,0.0,0.868686854839325,,,,,,,,,0.0536307767033577,0.03284702077507973,0.0,0.02078375406563282,0.14060871303081512,0.11421208828687668,0.26396626234054565,0.0,0.6080936193466187,2.2349653244018555,1.3618541955947876,atlas_het,graphatlas_c_beta_minus_1,graphatlas_certified,ov0.40_cross0.50,,certificate,-1.0,full,none,False,dot,0,85,110,0,110,0.7765957713127136,64834,480,6540,0,23.49201726913452,cpu,0,0.9442130327224731,0.07982577383518219,0.47711947560310364,1.0,0.05578695237636566,0.0,0.9634644389152527,1.4611620903015137,0.07916510105133057,0.21732141077518463,0.0005460167885757983,0.46116209030151367,0.006652479525655508,0.2462151199579239,1.4611620903015137,0.46116209030151367,0.04490184783935547,0.48152637481689453,2.560104235271865e-07,0.016604389995336533,0.05578693374991417,0.3187245726585388,0.7567278146743774,1.4187500476837158,0.41874998807907104,0.24333786964416504,0.6665237545967102,0.05330808460712433,0.4995507597923279,atlas_het__node_classification__graphatlas_c_beta_minus_1__split0__seed0__81dd2d2c35a2,81dd2d2c35a2,975d6eec98ed54f0
node_classification,accuracy,0.9581881761550903,0.7978723645210266,0.8888888955116272,,,,,,,,,,,,0.9585540067550586,0.9581881533101045,0.9372970914389416,0.9582598900362657,0.08564869314432144,0.03160449117422104,0.9519230769230769,0.9581881761550903,0.9581799725694095,0.04797878488898277,0.8003227987524264,0.7978723404255319,0.6982641657022639,0.7978244197737973,0.8708338737487793,0.1523352861404419,0.7647058823529411,0.7978723645210266,0.798710112640733,0.33424142003059387,0.8875448028673835,0.8888888888888888,0.8329754838416067,0.8887936177403951,0.3749035894870758,0.07775966823101044,0.8709677419354839,0.8888888955116272,0.88811849689348,0.1956639140844345,,,,0.8888888955116272,,0.028703547642935357,0.6187050359712231,0.27986952662467957,5.254027257706184e-08,3.7650220718887795e-08,4.76837158203125e-06,5.7220458984375e-06,0.0,0.0,0.0,0.0,0.8888888955116272,,,,,,,,,0.09002147614955902,0.04803464934229851,0.0,0.041986823081970215,0.11951016634702682,0.09203137457370758,0.2747878432273865,0.0,0.5937412977218628,2.3304946422576904,0.570306122303009,atlas_het,graphatlas_c_beta_minus_1,graphatlas_certified,ov0.55_cross0.00,,certificate,-1.0,full,none,False,dot,0,70,95,0,95,0.7978723645210266,64834,480,6540,0,19.69532060623169,cpu,0,0.9837466478347778,0.021230410784482956,0.6473398208618164,1.0,0.016253331676125526,0.0,0.9996072053909302,1.4909785985946655,0.028365954756736755,0.04704824462532997,4.4394415454007685e-05,0.4909785985946655,0.002312650438398123,0.24328647553920746,1.4909785985946655,0.4909785985946655,0.02470642328262329,0.31945645809173584,2.678463317806745e-07,0.0058381399139761925,0.016253314912319183,0.29786860942840576,0.7618246674537659,1.4479166269302368,0.4479166567325592,0.24468502402305603,0.6628034114837646,0.025279192253947258,0.5060696005821228,atlas_het__node_classification__graphatlas_c_beta_minus_1__split0__seed0__db92cf2c6d6e,db92cf2c6d6e,975d6eec98ed54f0
node_classification,accuracy,0.9581881761550903,0.7978723645210266,0.8888888955116272,,,,,,,,,,,,0.9585540067550586,0.9581881533101045,0.9372970914389416,0.9582598900362657,0.08564869314432144,0.03160449117422104,0.9519230769230769,0.9581881761550903,0.9581799725694095,0.04797878488898277,0.8003227987524264,0.7978723404255319,0.6982641657022639,0.7978244197737973,0.8708338737487793,0.1523352861404419,0.7647058823529411,0.7978723645210266,0.798710112640733,0.33424142003059387,0.8875448028673835,0.8888888888888888,0.8329754838416067,0.8887936177403951,0.3749035894870758,0.07775966823101044,0.8709677419354839,0.8888888955116272,0.88811849689348,0.1956639140844345,,,,0.8888888955116272,,0.028703547642935357,0.6187050359712231,0.27986952662467957,5.254027257706184e-08,3.7650220718887795e-08,4.76837158203125e-06,5.7220458984375e-06,0.0,0.0,0.0,0.0,0.8888888955116272,,,,,,,,,0.09002147614955902,0.04803464934229851,0.0,0.041986823081970215,0.11951016634702682,0.09203137457370758,0.2747878432273865,0.0,0.5937412977218628,2.3304946422576904,0.570306122303009,atlas_het,graphatlas_c_beta_minus_1,graphatlas_certified,ov0.55_cross0.15,,certificate,-1.0,full,none,False,dot,0,70,95,0,95,0.7978723645210266,64834,480,6540,0,20.0211980342865,cpu,0,0.9837466478347778,0.021230410784482956,0.6473398208618164,1.0,0.016253331676125526,0.0,0.9996072053909302,1.4909785985946655,0.028365954756736755,0.04704824462532997,4.4394415454007685e-05,0.4909785985946655,0.002312650438398123,0.24328647553920746,1.4909785985946655,0.4909785985946655,0.02470642328262329,0.31945645809173584,2.678463317806745e-07,0.0058381399139761925,0.016253314912319183,0.29786860942840576,0.7618246674537659,1.4479166269302368,0.4479166567325592,0.24468502402305603,0.6628034114837646,0.025279192253947258,0.5060696005821228,atlas_het__node_classification__graphatlas_c_beta_minus_1__split0__seed0__4bd3b2521722,4bd3b2521722,975d6eec98ed54f0
node_classification,accuracy,0.9581881761550903,0.7978723645210266,0.8888888955116272,,,,,,,,,,,,0.9585540067550586,0.9581881533101045,0.9372970914389416,0.9582598900362657,0.08564869314432144,0.03160449117422104,0.9519230769230769,0.9581881761550903,0.9581799725694095,0.04797878488898277,0.8003227987524264,0.7978723404255319,0.6982641657022639,0.7978244197737973,0.8708338737487793,0.1523352861404419,0.7647058823529411,0.7978723645210266,0.798710112640733,0.33424142003059387,0.8875448028673835,0.8888888888888888,0.8329754838416067,0.8887936177403951,0.3749035894870758,0.07775966823101044,0.8709677419354839,0.8888888955116272,0.88811849689348,0.1956639140844345,,,,0.8888888955116272,,0.028703547642935357,0.6187050359712231,0.27986952662467957,5.254027257706184e-08,3.7650220718887795e-08,4.76837158203125e-06,5.7220458984375e-06,0.0,0.0,0.0,0.0,0.8888888955116272,,,,,,,,,0.09002147614955902,0.04803464934229851,0.0,0.041986823081970215,0.11951016634702682,0.09203137457370758,0.2747878432273865,0.0,0.5937412977218628,2.3304946422576904,0.570306122303009,atlas_het,graphatlas_c_beta_minus_1,graphatlas_certified,ov0.55_cross0.30,,certificate,-1.0,full,none,False,dot,0,70,95,0,95,0.7978723645210266,64834,480,6540,0,19.74216914176941,cpu,0,0.9837466478347778,0.021230410784482956,0.6473398208618164,1.0,0.016253331676125526,0.0,0.9996072053909302,1.4909785985946655,0.028365954756736755,0.04704824462532997,4.4394415454007685e-05,0.4909785985946655,0.002312650438398123,0.24328647553920746,1.4909785985946655,0.4909785985946655,0.02470642328262329,0.31945645809173584,2.678463317806745e-07,0.0058381399139761925,0.016253314912319183,0.29786860942840576,0.7618246674537659,1.4479166269302368,0.4479166567325592,0.24468502402305603,0.6628034114837646,0.025279192253947258,0.5060696005821228,atlas_het__node_classification__graphatlas_c_beta_minus_1__split0__seed0__c5416e6b54e0,c5416e6b54e0,975d6eec98ed54f0
node_classification,accuracy,0.9581881761550903,0.7978723645210266,0.8888888955116272,,,,,,,,,,,,0.9585540067550586,0.9581881533101045,0.9372970914389416,0.9582598900362657,0.08564869314432144,0.03160449117422104,0.9519230769230769,0.9581881761550903,0.9581799725694095,0.04797878488898277,0.8003227987524264,0.7978723404255319,0.6982641657022639,0.7978244197737973,0.8708338737487793,0.1523352861404419,0.7647058823529411,0.7978723645210266,0.798710112640733,0.33424142003059387,0.8875448028673835,0.8888888888888888,0.8329754838416067,0.8887936177403951,0.3749035894870758,0.07775966823101044,0.8709677419354839,0.8888888955116272,0.88811849689348,0.1956639140844345,,,,0.8888888955116272,,0.028703547642935357,0.6187050359712231,0.27986952662467957,5.254027257706184e-08,3.7650220718887795e-08,4.76837158203125e-06,5.7220458984375e-06,0.0,0.0,0.0,0.0,0.8888888955116272,,,,,,,,,0.09002147614955902,0.04803464934229851,0.0,0.041986823081970215,0.11951016634702682,0.09203137457370758,0.2747878432273865,0.0,0.5937412977218628,2.3304946422576904,0.570306122303009,atlas_het,graphatlas_c_beta_minus_1,graphatlas_certified,ov0.55_cross0.50,,certificate,-1.0,full,none,False,dot,0,70,95,0,95,0.7978723645210266,64834,480,6540,0,19.721856355667114,cpu,0,0.9837466478347778,0.021230410784482956,0.6473398208618164,1.0,0.016253331676125526,0.0,0.9996072053909302,1.4909785985946655,0.028365954756736755,0.04704824462532997,4.4394415454007685e-05,0.4909785985946655,0.002312650438398123,0.24328647553920746,1.4909785985946655,0.4909785985946655,0.02470642328262329,0.31945645809173584,2.678463317806745e-07,0.0058381399139761925,0.016253314912319183,0.29786860942840576,0.7618246674537659,1.4479166269302368,0.4479166567325592,0.24468502402305603,0.6628034114837646,0.025279192253947258,0.5060696005821228,atlas_het__node_classification__graphatlas_c_beta_minus_1__split0__seed0__f90ef6f4fd6e,f90ef6f4fd6e,975d6eec98ed54f0
node_classification,accuracy,0.891986072063446,0.821052610874176,0.8163265585899353,,,,,,,,,,,,0.8897855302771657,0.89198606271777,0.8385359072080566,0.8911225588721595,0.22913873195648193,0.03559257090091705,0.8484848484848485,0.891986072063446,0.8904866880941574,0.1425664871931076,0.8199233716475095,0.8210526315789474,0.7318252406997389,0.8218893387314441,0.6691922545433044,0.15602204203605652,0.7878787878787878,0.821052610874176,0.8196581196581197,0.29803749918937683,0.814862914862915,0.8163265306122449,0.7295179549906766,0.814781676217285,0.7366230487823486,0.11671479046344757,0.696969696969697,0.8163265585899353,0.8133625250866631,0.2820592224597931,,,,0.8536585569381714,0.7894737124443054,-0.031579433092339196,0.5260115606936416,0.19211187958717346,8.742311763398902e-08,6.895022863773193e-08,6.67572021484375e-06,5.7220458984375e-06,0.0,0.0,0.0,0.0,0.8163265585899353,,,,,,,,,0.07453980296850204,0.053196221590042114,0.0,0.02134357951581478,0.11374299973249435,0.09213561564683914,0.21607401967048645,1.6534962924197316e-05,0.5973348021507263,2.2727439403533936,0.8210645318031311,atlas_het,graphatlas_c_beta_minus_1,graphatlas_certified,ov0.10_cross0.00,,certificate,-1.0,full,none,False,dot,1,50,75,0,75,0.821052610874176,64834,480,6456,0,15.630429029464722,cpu,0,0.95783531665802,0.04626835137605667,0.5858305096626282,1.0,0.04216470196843147,0.0,0.9973880648612976,1.4042750597000122,0.0671655461192131,0.10086478292942047,0.00017690248205326498,0.4042750895023346,0.004281484521925449,0.1853540986776352,1.4042750597000122,0.4042750895023346,0.06698155403137207,0.24971389770507812,2.439698221223807e-07,0.011552753858268261,0.04216470569372177,0.2097245156764984,0.7568153738975525,1.3479167222976685,0.3479166626930237,0.1882045716047287,0.643985390663147,0.014007440768182278,0.7751296758651733,atlas_het__node_classification__graphatlas_c_beta_minus_1__split0__seed1__10fb540906b3,10fb540906b3,975d6eec98ed54f0
node_classification,accuracy,0.891986072063446,0.821052610874176,0.8163265585899353,,,,,,,,,,,,0.8897855302771657,0.89198606271777,0.8385359072080566,0.8911225588721595,0.22913873195648193,0.03559257090091705,0.8484848484848485,0.891986072063446,0.8904866880941574,0.1425664871931076,0.8199233716475095,0.8210526315789474,0.7318252406997389,0.8218893387314441,0.6691922545433044,0.15602204203605652,0.7878787878787878,0.821052610874176,0.8196581196581197,0.29803749918937683,0.814862914862915,0.8163265306122449,0.7295179549906766,0.814781676217285,0.7366230487823486,0.11671479046344757,0.696969696969697,0.8163265585899353,0.8133625250866631,0.2820592224597931,,,,0.8536585569381714,0.7894737124443054,-0.031579433092339196,0.5260115606936416,0.19211187958717346,8.742311763398902e-08,6.895022863773193e-08,6.67572021484375e-06,5.7220458984375e-06,0.0,0.0,0.0,0.0,0.8163265585899353,,,,,,,,,0.07453980296850204,0.053196221590042114,0.0,0.02134357951581478,0.11374299973249435,0.09213561564683914,0.21607401967048645,1.6534962924197316e-05,0.5973348021507263,2.2727439403533936,0.8210645318031311,atlas_het,graphatlas_c_beta_minus_1,graphatlas_certified,ov0.10_cross0.15,,certificate,-1.0,full,none,False,dot,1,50,75,0,75,0.821052610874176,64834,480,6456,0,15.896228551864624,cpu,0,0.95783531665802,0.04626835137605667,0.5858305096626282,1.0,0.04216470196843147,0.0,0.9973880648612976,1.4042750597000122,0.0671655461192131,0.10086478292942047,0.00017690248205326498,0.4042750895023346,0.004281484521925449,0.1853540986776352,1.4042750597000122,0.4042750895023346,0.06698155403137207,0.24971389770507812,2.439698221223807e-07,0.011552753858268261,0.04216470569372177,0.2097245156764984,0.7568153738975525,1.3479167222976685,0.3479166626930237,0.1882045716047287,0.643985390663147,0.014007440768182278,0.7751296758651733,atlas_het__node_classification__graphatlas_c_beta_minus_1__split0__seed1__07833225df89,07833225df89,975d6eec98ed54f0
node_classification,accuracy,0.891986072063446,0.821052610874176,0.8163265585899353,,,,,,,,,,,,0.8897855302771657,0.89198606271777,0.8385359072080566,0.8911225588721595,0.22913873195648193,0.03559257090091705,0.8484848484848485,0.891986072063446,0.8904866880941574,0.1425664871931076,0.8199233716475095,0.8210526315789474,0.7318252406997389,0.8218893387314441,0.6691922545433044,0.15602204203605652,0.7878787878787878,0.821052610874176,0.8196581196581197,0.29803749918937683,0.814862914862915,0.8163265306122449,0.7295179549906766,0.814781676217285,0.7366230487823486,0.11671479046344757,0.696969696969697,0.8163265585899353,0.8133625250866631,0.2820592224597931,,,,0.8536585569381714,0.7894737124443054,-0.031579433092339196,0.5260115606936416,0.19211187958717346,8.742311763398902e-08,6.895022863773193e-08,6.67572021484375e-06,5.7220458984375e-06,0.0,0.0,0.0,0.0,0.8163265585899353,,,,,,,,,0.07453980296850204,0.053196221590042114,0.0,0.02134357951581478,0.11374299973249435,0.09213561564683914,0.21607401967048645,1.6534962924197316e-05,0.5973348021507263,2.2727439403533936,0.8210645318031311,atlas_het,graphatlas_c_beta_minus_1,graphatlas_certified,ov0.10_cross0.30,,certificate,-1.0,full,none,False,dot,1,50,75,0,75,0.821052610874176,64834,480,6456,0,15.517947673797607,cpu,0,0.95783531665802,0.04626835137605667,0.5858305096626282,1.0,0.04216470196843147,0.0,0.9973880648612976,1.4042750597000122,0.0671655461192131,0.10086478292942047,0.00017690248205326498,0.4042750895023346,0.004281484521925449,0.1853540986776352,1.4042750597000122,0.4042750895023346,0.06698155403137207,0.24971389770507812,2.439698221223807e-07,0.011552753858268261,0.04216470569372177,0.2097245156764984,0.7568153738975525,1.3479167222976685,0.3479166626930237,0.1882045716047287,0.643985390663147,0.014007440768182278,0.7751296758651733,atlas_het__node_classification__graphatlas_c_beta_minus_1__split0__seed1__e03050441975,e03050441975,975d6eec98ed54f0
node_classification,accuracy,0.891986072063446,0.821052610874176,0.8163265585899353,,,,,,,,,,,,0.8897855302771657,0.89198606271777,0.8385359072080566,0.8911225588721595,0.22913873195648193,0.03559257090091705,0.8484848484848485,0.891986072063446,0.8904866880941574,0.1425664871931076,0.8199233716475095,0.8210526315789474,0.7318252406997389,0.8218893387314441,0.6691922545433044,0.15602204203605652,0.7878787878787878,0.821052610874176,0.8196581196581197,0.29803749918937683,0.814862914862915,0.8163265306122449,0.7295179549906766,0.814781676217285,0.7366230487823486,0.11671479046344757,0.696969696969697,0.8163265585899353,0.8133625250866631,0.2820592224597931,,,,0.8536585569381714,0.7894737124443054,-0.031579433092339196,0.5260115606936416,0.19211187958717346,8.742311763398902e-08,6.895022863773193e-08,6.67572021484375e-06,5.7220458984375e-06,0.0,0.0,0.0,0.0,0.8163265585899353,,,,,,,,,0.07453980296850204,0.053196221590042114,0.0,0.02134357951581478,0.11374299973249435,0.09213561564683914,0.21607401967048645,1.6534962924197316e-05,0.5973348021507263,2.2727439403533936,0.8210645318031311,atlas_het,graphatlas_c_beta_minus_1,graphatlas_certified,ov0.10_cross0.50,,certificate,-1.0,full,none,False,dot,1,50,75,0,75,0.821052610874176,64834,480,6456,0,15.44255805015564,cpu,0,0.95783531665802,0.04626835137605667,0.5858305096626282,1.0,0.04216470196843147,0.0,0.9973880648612976,1.4042750597000122,0.0671655461192131,0.10086478292942047,0.00017690248205326498,0.4042750895023346,0.004281484521925449,0.1853540986776352,1.4042750597000122,0.4042750895023346,0.06698155403137207,0.24971389770507812,2.439698221223807e-07,0.011552753858268261,0.04216470569372177,0.2097245156764984,0.7568153738975525,1.3479167222976685,0.3479166626930237,0.1882045716047287,0.643985390663147,0.014007440768182278,0.7751296758651733,atlas_het__node_classification__graphatlas_c_beta_minus_1__split0__seed1__66b69c45f2e5,66b69c45f2e5,975d6eec98ed54f0
node_classification,accuracy,0.9547038078308105,0.8421052694320679,0.7653061151504517,,,,,,,,,,,,0.9511870727302615,0.9547038327526133,0.9333357337027373,0.954148938395812,0.10932258516550064,0.030077127739787102,0.8735632183908046,0.9547038078308105,0.9531622282688965,0.06320236623287201,0.8387321490769767,0.8421052631578947,0.7659390889846525,0.8421709571461309,0.771626353263855,0.11359566450119019,0.7586206896551724,0.8421052694320679,0.8416868247056927,0.28587043285369873,0.7624819624819624,0.7653061224489796,0.6491254676318926,0.7643160055338042,1.0570124387741089,0.14357781410217285,0.696969696969697,0.7653061151504517,0.7620735489587949,0.3279685080051422,,,,0.7868852615356445,0.7297297120094299,-0.01718239549547777,0.5938144329896907,0.3050050139427185,6.332206226034032e-08,5.6195577968765065e-08,1.049041748046875e-05,7.62939453125e-06,0.0,0.0,0.0,0.0,0.7653061151504517,,,,,,,,,0.09553812444210052,0.06757283955812454,0.0,0.027965286746621132,0.14751958847045898,0.12358245998620987,0.2393711358308792,0.00017523049609735608,0.6756657958030701,2.241929054260254,0.6821708679199219,atlas_het,graphatlas_c_beta_minus_1,graphatlas_certified,ov0.25_cross0.00,,certificate,-1.0,full,none,False,dot,1,80,105,0,105,0.8421052694320679,64834,480,6456,0,21.31123399734497,cpu,0,0.9448750019073486,0.06132062152028084,0.3695811927318573,1.0,0.05512500926852226,0.0,0.9895151853561401,1.4042750597000122,0.06737574189901352,0.12989278137683868,0.0002570249780546874,0.4042750895023346,0.0050313533283770084,0.21454119682312012,1.4042750597000122,0.4042750895023346,0.056201040744781494,0.36220061779022217,2.2693909329518647e-07,0.013074159622192383,0.05512500926852226,0.2539569139480591,0.7453015446662903,1.3666666746139526,0.36666667461395264,0.21537300944328308,0.6797882318496704,0.0748131275177002,0.7351285219192505,atlas_het__node_classification__graphatlas_c_beta_minus_1__split0__seed1__6c2d215fc2a9,6c2d215fc2a9,975d6eec98ed54f0
node_classification,accuracy,0.9547038078308105,0.8421052694320679,0.7653061151504517,,,,,,,,,,,,0.9511870727302615,0.9547038327526133,0.9333357337027373,0.954148938395812,0.10932258516550064,0.030077127739787102,0.8735632183908046,0.9547038078308105,0.9531622282688965,0.06320236623287201,0.8387321490769767,0.8421052631578947,0.7659390889846525,0.8421709571461309,0.771626353263855,0.11359566450119019,0.7586206896551724,0.8421052694320679,0.8416868247056927,0.28587043285369873,0.7624819624819624,0.7653061224489796,0.6491254676318926,0.7643160055338042,1.0570124387741089,0.14357781410217285,0.696969696969697,0.7653061151504517,0.7620735489587949,0.3279685080051422,,,,0.7868852615356445,0.7297297120094299,-0.01718239549547777,0.5938144329896907,0.3050050139427185,6.332206226034032e-08,5.6195577968765065e-08,1.049041748046875e-05,7.62939453125e-06,0.0,0.0,0.0,0.0,0.7653061151504517,,,,,,,,,0.09553812444210052,0.06757283955812454,0.0,0.027965286746621132,0.14751958847045898,0.12358245998620987,0.2393711358308792,0.00017523049609735608,0.6756657958030701,2.241929054260254,0.6821708679199219,atlas_het,graphatlas_c_beta_minus_1,graphatlas_certified,ov0.25_cross0.15,,certificate,-1.0,full,none,False,dot,1,80,105,0,105,0.8421052694320679,64834,480,6456,0,21.341182947158813,cpu,0,0.9448750019073486,0.06132062152028084,0.3695811927318573,1.0,0.05512500926852226,0.0,0.9895151853561401,1.4042750597000122,0.06737574189901352,0.12989278137683868,0.0002570249780546874,0.4042750895023346,0.0050313533283770084,0.21454119682312012,1.4042750597000122,0.4042750895023346,0.056201040744781494,0.36220061779022217,2.2693909329518647e-07,0.013074159622192383,0.05512500926852226,0.2539569139480591,0.7453015446662903,1.3666666746139526,0.36666667461395264,0.21537300944328308,0.6797882318496704,0.0748131275177002,0.7351285219192505,atlas_het__node_classification__graphatlas_c_beta_minus_1__split0__seed1__02fe0a92f84f,02fe0a92f84f,975d6eec98ed54f0
node_classification,accuracy,0.9547038078308105,0.8421052694320679,0.7653061151504517,,,,,,,,,,,,0.9511870727302615,0.9547038327526133,0.9333357337027373,0.954148938395812,0.10932258516550064,0.030077127739787102,0.8735632183908046,0.9547038078308105,0.9531622282688965,0.06320236623287201,0.8387321490769767,0.8421052631578947,0.7659390889846525,0.8421709571461309,0.771626353263855,0.11359566450119019,0.7586206896551724,0.8421052694320679,0.8416868247056927,0.28587043285369873,0.7624819624819624,0.7653061224489796,0.6491254676318926,0.7643160055338042,1.0570124387741089,0.14357781410217285,0.696969696969697,0.7653061151504517,0.7620735489587949,0.3279685080051422,,,,0.7868852615356445,0.7297297120094299,-0.01718239549547777,0.5938144329896907,0.3050050139427185,6.332206226034032e-08,5.6195577968765065e-08,1.049041748046875e-05,7.62939453125e-06,0.0,0.0,0.0,0.0,0.7653061151504517,,,,,,,,,0.09553812444210052,0.06757283955812454,0.0,0.027965286746621132,0.14751958847045898,0.12358245998620987,0.2393711358308792,0.00017523049609735608,0.6756657958030701,2.241929054260254,0.6821708679199219,atlas_het,graphatlas_c_beta_minus_1,graphatlas_certified,ov0.25_cross0.30,,certificate,-1.0,full,none,False,dot,1,80,105,0,105,0.8421052694320679,64834,480,6456,0,21.31260657310486,cpu,0,0.9448750019073486,0.06132062152028084,0.3695811927318573,1.0,0.05512500926852226,0.0,0.9895151853561401,1.4042750597000122,0.06737574189901352,0.12989278137683868,0.0002570249780546874,0.4042750895023346,0.0050313533283770084,0.21454119682312012,1.4042750597000122,0.4042750895023346,0.056201040744781494,0.36220061779022217,2.2693909329518647e-07,0.013074159622192383,0.05512500926852226,0.2539569139480591,0.7453015446662903,1.3666666746139526,0.36666667461395264,0.21537300944328308,0.6797882318496704,0.0748131275177002,0.7351285219192505,atlas_het__node_classification__graphatlas_c_beta_minus_1__split0__seed1__eb87eeaddc9a,eb87eeaddc9a,975d6eec98ed54f0
node_classification,accuracy,0.9547038078308105,0.8421052694320679,0.7653061151504517,,,,,,,,,,,,0.9511870727302615,0.9547038327526133,0.9333357337027373,0.954148938395812,0.10932258516550064,0.030077127739787102,0.8735632183908046,0.9547038078308105,0.9531622282688965,0.06320236623287201,0.8387321490769767,0.8421052631578947,0.7659390889846525,0.8421709571461309,0.771626353263855,0.11359566450119019,0.7586206896551724,0.8421052694320679,0.8416868247056927,0.28587043285369873,0.7624819624819624,0.7653061224489796,0.6491254676318926,0.7643160055338042,1.0570124387741089,0.14357781410217285,0.696969696969697,0.7653061151504517,0.7620735489587949,0.3279685080051422,,,,0.7868852615356445,0.7297297120094299,-0.01718239549547777,0.5938144329896907,0.3050050139427185,6.332206226034032e-08,5.6195577968765065e-08,1.049041748046875e-05,7.62939453125e-06,0.0,0.0,0.0,0.0,0.7653061151504517,,,,,,,,,0.09553812444210052,0.06757283955812454,0.0,0.027965286746621132,0.14751958847045898,0.12358245998620987,0.2393711358308792,0.00017523049609735608,0.6756657958030701,2.241929054260254,0.6821708679199219,atlas_het,graphatlas_c_beta_minus_1,graphatlas_certified,ov0.25_cross0.50,,certificate,-1.0,full,none,False,dot,1,80,105,0,105,0.8421052694320679,64834,480,6456,0,22.034066677093506,cpu,0,0.9448750019073486,0.06132062152028084,0.3695811927318573,1.0,0.05512500926852226,0.0,0.9895151853561401,1.4042750597000122,0.06737574189901352,0.12989278137683868,0.0002570249780546874,0.4042750895023346,0.0050313533283770084,0.21454119682312012,1.4042750597000122,0.4042750895023346,0.056201040744781494,0.36220061779022217,2.2693909329518647e-07,0.013074159622192383,0.05512500926852226,0.2539569139480591,0.7453015446662903,1.3666666746139526,0.36666667461395264,0.21537300944328308,0.6797882318496704,0.0748131275177002,0.7351285219192505,atlas_het__node_classification__graphatlas_c_beta_minus_1__split0__seed1__b9eec6e00a03,b9eec6e00a03,975d6eec98ed54f0
node_classification,accuracy,0.9721254110336304,0.8421052694320679,0.8265306353569031,,,,,,,,,,,,0.9702774875188668,0.9721254355400697,0.9584863547971202,0.9719750389462438,0.08238711208105087,0.029821893200278282,0.9310344827586207,0.9721254110336304,0.9714077573609347,0.04493262618780136,0.842911877394636,0.8421052631578947,0.7629610128262244,0.842897348157247,0.6173375844955444,0.1238575354218483,0.8181818181818182,0.8421052694320679,0.8442830303511418,0.2697642147541046,0.827128427128427,0.826530612244898,0.7436913392939714,0.8277584344176342,1.452135682106018,0.1386987864971161,0.7575757575757576,0.8265306353569031,0.8257053788058778,0.27778464555740356,,,,0.8024691343307495,0.9411764740943909,-0.010478330899403634,0.7758389261744967,0.26459792256355286,5.9283372877416696e-08,5.455430240886017e-08,9.5367431640625e-06,9.5367431640625e-06,0.0,0.0,0.0,0.0,0.8265306353569031,,,,,,,,,0.14279943704605103,0.09600451588630676,0.0,0.04679492115974426,0.20537585020065308,0.1723906546831131,0.329851895570755,0.0,0.6642439961433411,2.0470690727233887,0.8448387384414673,atlas_het,graphatlas_c_beta_minus_1,graphatlas_certified,ov0.40_cross0.00,,certificate,-1.0,full,none,False,dot,1,80,105,0,105,0.8421052694320679,64834,480,6456,0,21.329002618789673,cpu,0,0.9489868879318237,0.0562928132712841,0.30148324370384216,1.0,0.051013071089982986,0.0,0.9873788356781006,1.6742565631866455,0.05148639529943466,0.10452140122652054,0.0002610847295727581,0.6742565035820007,0.0066518220119178295,0.3814440369606018,1.6742565631866455,0.6742565035820007,0.04641890525817871,0.29421114921569824,2.3161632611845562e-07,0.017263691872358322,0.051013074815273285,0.3683667480945587,0.6344485878944397,1.6416666507720947,0.6416666507720947,0.38476502895355225,0.6897298097610474,0.17242221534252167,0.6231565475463867,atlas_het__node_classification__graphatlas_c_beta_minus_1__split0__seed1__5fbf93ccf0f2,5fbf93ccf0f2,975d6eec98ed54f0
node_classification,accuracy,0.9721254110336304,0.8421052694320679,0.8265306353569031,,,,,,,,,,,,0.9702774875188668,0.9721254355400697,0.9584863547971202,0.9719750389462438,0.08238711208105087,0.029821893200278282,0.9310344827586207,0.9721254110336304,0.9714077573609347,0.04493262618780136,0.842911877394636,0.8421052631578947,0.7629610128262244,0.842897348157247,0.6173375844955444,0.1238575354218483,0.8181818181818182,0.8421052694320679,0.8442830303511418,0.2697642147541046,0.827128427128427,0.826530612244898,0.7436913392939714,0.8277584344176342,1.452135682106018,0.1386987864971161,0.7575757575757576,0.8265306353569031,0.8257053788058778,0.27778464555740356,,,,0.8024691343307495,0.9411764740943909,-0.010478330899403634,0.7758389261744967,0.26459792256355286,5.9283372877416696e-08,5.455430240886017e-08,9.5367431640625e-06,9.5367431640625e-06,0.0,0.0,0.0,0.0,0.8265306353569031,,,,,,,,,0.14279943704605103,0.09600451588630676,0.0,0.04679492115974426,0.20537585020065308,0.1723906546831131,0.329851895570755,0.0,0.6642439961433411,2.0470690727233887,0.8448387384414673,atlas_het,graphatlas_c_beta_minus_1,graphatlas_certified,ov0.40_cross0.15,,certificate,-1.0,full,none,False,dot,1,80,105,0,105,0.8421052694320679,64834,480,6456,0,22.04950785636902,cpu,0,0.9489868879318237,0.0562928132712841,0.30148324370384216,1.0,0.051013071089982986,0.0,0.9873788356781006,1.6742565631866455,0.05148639529943466,0.10452140122652054,0.0002610847295727581,0.6742565035820007,0.0066518220119178295,0.3814440369606018,1.6742565631866455,0.6742565035820007,0.04641890525817871,0.29421114921569824,2.3161632611845562e-07,0.017263691872358322,0.051013074815273285,0.3683667480945587,0.6344485878944397,1.6416666507720947,0.6416666507720947,0.38476502895355225,0.6897298097610474,0.17242221534252167,0.6231565475463867,atlas_het__node_classification__graphatlas_c_beta_minus_1__split0__seed1__0f1d10ba4267,0f1d10ba4267,975d6eec98ed54f0
node_classification,accuracy,0.9721254110336304,0.8421052694320679,0.8265306353569031,,,,,,,,,,,,0.9702774875188668,0.9721254355400697,0.9584863547971202,0.9719750389462438,0.08238711208105087,0.029821893200278282,0.9310344827586207,0.9721254110336304,0.9714077573609347,0.04493262618780136,0.842911877394636,0.8421052631578947,0.7629610128262244,0.842897348157247,0.6173375844955444,0.1238575354218483,0.8181818181818182,0.8421052694320679,0.8442830303511418,0.2697642147541046,0.827128427128427,0.826530612244898,0.7436913392939714,0.8277584344176342,1.452135682106018,0.1386987864971161,0.7575757575757576,0.8265306353569031,0.8257053788058778,0.27778464555740356,,,,0.8024691343307495,0.9411764740943909,-0.010478330899403634,0.7758389261744967,0.26459792256355286,5.9283372877416696e-08,5.455430240886017e-08,9.5367431640625e-06,9.5367431640625e-06,0.0,0.0,0.0,0.0,0.8265306353569031,,,,,,,,,0.14279943704605103,0.09600451588630676,0.0,0.04679492115974426,0.20537585020065308,0.1723906546831131,0.329851895570755,0.0,0.6642439961433411,2.0470690727233887,0.8448387384414673,atlas_het,graphatlas_c_beta_minus_1,graphatlas_certified,ov0.40_cross0.30,,certificate,-1.0,full,none,False,dot,1,80,105,0,105,0.8421052694320679,64834,480,6456,0,21.982605457305908,cpu,0,0.9489868879318237,0.0562928132712841,0.30148324370384216,1.0,0.051013071089982986,0.0,0.9873788356781006,1.6742565631866455,0.05148639529943466,0.10452140122652054,0.0002610847295727581,0.6742565035820007,0.0066518220119178295,0.3814440369606018,1.6742565631866455,0.6742565035820007,0.04641890525817871,0.29421114921569824,2.3161632611845562e-07,0.017263691872358322,0.051013074815273285,0.3683667480945587,0.6344485878944397,1.6416666507720947,0.6416666507720947,0.38476502895355225,0.6897298097610474,0.17242221534252167,0.6231565475463867,atlas_het__node_classification__graphatlas_c_beta_minus_1__split0__seed1__b4a124c07ad4,b4a124c07ad4,975d6eec98ed54f0
node_classification,accuracy,0.9721254110336304,0.8421052694320679,0.8265306353569031,,,,,,,,,,,,0.9702774875188668,0.9721254355400697,0.9584863547971202,0.9719750389462438,0.08238711208105087,0.029821893200278282,0.9310344827586207,0.9721254110336304,0.9714077573609347,0.04493262618780136,0.842911877394636,0.8421052631578947,0.7629610128262244,0.842897348157247,0.6173375844955444,0.1238575354218483,0.8181818181818182,0.8421052694320679,0.8442830303511418,0.2697642147541046,0.827128427128427,0.826530612244898,0.7436913392939714,0.8277584344176342,1.452135682106018,0.1386987864971161,0.7575757575757576,0.8265306353569031,0.8257053788058778,0.27778464555740356,,,,0.8024691343307495,0.9411764740943909,-0.010478330899403634,0.7758389261744967,0.26459792256355286,5.9283372877416696e-08,5.455430240886017e-08,9.5367431640625e-06,9.5367431640625e-06,0.0,0.0,0.0,0.0,0.8265306353569031,,,,,,,,,0.14279943704605103,0.09600451588630676,0.0,0.04679492115974426,0.20537585020065308,0.1723906546831131,0.329851895570755,0.0,0.6642439961433411,2.0470690727233887,0.8448387384414673,atlas_het,graphatlas_c_beta_minus_1,graphatlas_certified,ov0.40_cross0.50,,certificate,-1.0,full,none,False,dot,1,80,105,0,105,0.8421052694320679,64834,480,6456,0,21.67742133140564,cpu,0,0.9489868879318237,0.0562928132712841,0.30148324370384216,1.0,0.051013071089982986,0.0,0.9873788356781006,1.6742565631866455,0.05148639529943466,0.10452140122652054,0.0002610847295727581,0.6742565035820007,0.0066518220119178295,0.3814440369606018,1.6742565631866455,0.6742565035820007,0.04641890525817871,0.29421114921569824,2.3161632611845562e-07,0.017263691872358322,0.051013074815273285,0.3683667480945587,0.6344485878944397,1.6416666507720947,0.6416666507720947,0.38476502895355225,0.6897298097610474,0.17242221534252167,0.6231565475463867,atlas_het__node_classification__graphatlas_c_beta_minus_1__split0__seed1__ec331db05e68,ec331db05e68,975d6eec98ed54f0
node_classification,accuracy,0.9651567935943604,0.8842105269432068,0.8367347121238708,,,,,,,,,,,,0.9652034168934135,0.9651567944250871,0.9477109478056734,0.9652817132341849,0.10515518486499786,0.023781323805451393,0.9603960396039604,0.9651567935943604,0.9660403883271397,0.056277237832546234,0.8847091605712295,0.8842105263157894,0.8263049465981198,0.8847300317953731,0.46759966015815735,0.12396502494812012,0.8787878787878788,0.8842105269432068,0.8858431901775555,0.22365957498550415,0.8376623376623377,0.8367346938775511,0.7623930819998809,0.837961861236757,1.0708973407745361,0.10124026983976364,0.7272727272727273,0.8367347121238708,0.8354092312434677,0.25789958238601685,,,,0.8367347121238708,,0.018783512442008207,0.7165775401069518,0.22937937080860138,7.34495486653941e-08,6.510338579346353e-08,7.62939453125e-06,9.5367431640625e-06,0.0,0.0,0.0,0.0,0.8367347121238708,,,,,,,,,0.12625132501125336,0.08725408464670181,0.0,0.038997240364551544,0.19378948211669922,0.16323129832744598,0.3055816888809204,0.0,0.6446070075035095,2.044003486633301,0.9720897078514099,atlas_het,graphatlas_c_beta_minus_1,graphatlas_certified,ov0.55_cross0.00,,certificate,-1.0,full,none,False,dot,1,90,115,0,115,0.8842105269432068,64834,480,6456,0,23.635132789611816,cpu,0,0.9146108627319336,0.11992226541042328,0.13038131594657898,1.0,0.08538912236690521,0.0004722550220321864,0.8907909989356995,1.5817843675613403,0.0830182433128357,0.22021330893039703,0.0007725286413915455,0.5817843675613403,0.008691390044987202,0.3148980438709259,1.5817843675613403,0.5817843675613403,0.04963606595993042,0.5256738066673279,2.4440367951683584e-07,0.02337612956762314,0.08538912236690521,0.3380621671676636,0.6880421042442322,1.5583332777023315,0.5583333373069763,0.31979796290397644,0.680138349533081,0.1921481490135193,0.6010473966598511,atlas_het__node_classification__graphatlas_c_beta_minus_1__split0__seed1__7713168ad28f,7713168ad28f,975d6eec98ed54f0
node_classification,accuracy,0.9651567935943604,0.8842105269432068,0.8367347121238708,,,,,,,,,,,,0.9652034168934135,0.9651567944250871,0.9477109478056734,0.9652817132341849,0.10515518486499786,0.023781323805451393,0.9603960396039604,0.9651567935943604,0.9660403883271397,0.056277237832546234,0.8847091605712295,0.8842105263157894,0.8263049465981198,0.8847300317953731,0.46759966015815735,0.12396502494812012,0.8787878787878788,0.8842105269432068,0.8858431901775555,0.22365957498550415,0.8376623376623377,0.8367346938775511,0.7623930819998809,0.837961861236757,1.0708973407745361,0.10124026983976364,0.7272727272727273,0.8367347121238708,0.8354092312434677,0.25789958238601685,,,,0.8367347121238708,,0.018783512442008207,0.7165775401069518,0.22937937080860138,7.34495486653941e-08,6.510338579346353e-08,7.62939453125e-06,9.5367431640625e-06,0.0,0.0,0.0,0.0,0.8367347121238708,,,,,,,,,0.12625132501125336,0.08725408464670181,0.0,0.038997240364551544,0.19378948211669922,0.16323129832744598,0.3055816888809204,0.0,0.6446070075035095,2.044003486633301,0.9720897078514099,atlas_het,graphatlas_c_beta_minus_1,graphatlas_certified,ov0.55_cross0.15,,certificate,-1.0,full,none,False,dot,1,90,115,0,115,0.8842105269432068,64834,480,6456,0,23.786417722702026,cpu,0,0.9146108627319336,0.11992226541042328,0.13038131594657898,1.0,0.08538912236690521,0.0004722550220321864,0.8907909989356995,1.5817843675613403,0.0830182433128357,0.22021330893039703,0.0007725286413915455,0.5817843675613403,0.008691390044987202,0.3148980438709259,1.5817843675613403,0.5817843675613403,0.04963606595993042,0.5256738066673279,2.4440367951683584e-07,0.02337612956762314,0.08538912236690521,0.3380621671676636,0.6880421042442322,1.5583332777023315,0.5583333373069763,0.31979796290397644,0.680138349533081,0.1921481490135193,0.6010473966598511,atlas_het__node_classification__graphatlas_c_beta_minus_1__split0__seed1__ee8f47e03bd8,ee8f47e03bd8,975d6eec98ed54f0
node_classification,accuracy,0.9651567935943604,0.8842105269432068,0.8367347121238708,,,,,,,,,,,,0.9652034168934135,0.9651567944250871,0.9477109478056734,0.9652817132341849,0.10515518486499786,0.023781323805451393,0.9603960396039604,0.9651567935943604,0.9660403883271397,0.056277237832546234,0.8847091605712295,0.8842105263157894,0.8263049465981198,0.8847300317953731,0.46759966015815735,0.12396502494812012,0.8787878787878788,0.8842105269432068,0.8858431901775555,0.22365957498550415,0.8376623376623377,0.8367346938775511,0.7623930819998809,0.837961861236757,1.0708973407745361,0.10124026983976364,0.7272727272727273,0.8367347121238708,0.8354092312434677,0.25789958238601685,,,,0.8367347121238708,,0.018783512442008207,0.7165775401069518,0.22937937080860138,7.34495486653941e-08,6.510338579346353e-08,7.62939453125e-06,9.5367431640625e-06,0.0,0.0,0.0,0.0,0.8367347121238708,,,,,,,,,0.12625132501125336,0.08725408464670181,0.0,0.038997240364551544,0.19378948211669922,0.16323129832744598,0.3055816888809204,0.0,0.6446070075035095,2.044003486633301,0.9720897078514099,atlas_het,graphatlas_c_beta_minus_1,graphatlas_certified,ov0.55_cross0.30,,certificate,-1.0,full,none,False,dot,1,90,115,0,115,0.8842105269432068,64834,480,6456,0,23.556407690048218,cpu,0,0.9146108627319336,0.11992226541042328,0.13038131594657898,1.0,0.08538912236690521,0.0004722550220321864,0.8907909989356995,1.5817843675613403,0.0830182433128357,0.22021330893039703,0.0007725286413915455,0.5817843675613403,0.008691390044987202,0.3148980438709259,1.5817843675613403,0.5817843675613403,0.04963606595993042,0.5256738066673279,2.4440367951683584e-07,0.02337612956762314,0.08538912236690521,0.3380621671676636,0.6880421042442322,1.5583332777023315,0.5583333373069763,0.31979796290397644,0.680138349533081,0.1921481490135193,0.6010473966598511,atlas_het__node_classification__graphatlas_c_beta_minus_1__split0__seed1__1e03cd7a7bd4,1e03cd7a7bd4,975d6eec98ed54f0
node_classification,accuracy,0.9651567935943604,0.8842105269432068,0.8367347121238708,,,,,,,,,,,,0.9652034168934135,0.9651567944250871,0.9477109478056734,0.9652817132341849,0.10515518486499786,0.023781323805451393,0.9603960396039604,0.9651567935943604,0.9660403883271397,0.056277237832546234,0.8847091605712295,0.8842105263157894,0.8263049465981198,0.8847300317953731,0.46759966015815735,0.12396502494812012,0.8787878787878788,0.8842105269432068,0.8858431901775555,0.22365957498550415,0.8376623376623377,0.8367346938775511,0.7623930819998809,0.837961861236757,1.0708973407745361,0.10124026983976364,0.7272727272727273,0.8367347121238708,0.8354092312434677,0.25789958238601685,,,,0.8367347121238708,,0.018783512442008207,0.7165775401069518,0.22937937080860138,7.34495486653941e-08,6.510338579346353e-08,7.62939453125e-06,9.5367431640625e-06,0.0,0.0,0.0,0.0,0.8367347121238708,,,,,,,,,0.12625132501125336,0.08725408464670181,0.0,0.038997240364551544,0.19378948211669922,0.16323129832744598,0.3055816888809204,0.0,0.6446070075035095,2.044003486633301,0.9720897078514099,atlas_het,graphatlas_c_beta_minus_1,graphatlas_certified,ov0.55_cross0.50,,certificate,-1.0,full,none,False,dot,1,90,115,0,115,0.8842105269432068,64834,480,6456,0,24.27877187728882,cpu,0,0.9146108627319336,0.11992226541042328,0.13038131594657898,1.0,0.08538912236690521,0.0004722550220321864,0.8907909989356995,1.5817843675613403,0.0830182433128357,0.22021330893039703,0.0007725286413915455,0.5817843675613403,0.008691390044987202,0.3148980438709259,1.5817843675613403,0.5817843675613403,0.04963606595993042,0.5256738066673279,2.4440367951683584e-07,0.02337612956762314,0.08538912236690521,0.3380621671676636,0.6880421042442322,1.5583332777023315,0.5583333373069763,0.31979796290397644,0.680138349533081,0.1921481490135193,0.6010473966598511,atlas_het__node_classification__graphatlas_c_beta_minus_1__split0__seed1__0d39f72bff1e,0d39f72bff1e,975d6eec98ed54f0
node_classification,accuracy,0.9268292784690857,0.800000011920929,0.7346938848495483,,,,,,,,,,,,0.922900166002046,0.926829268292683,0.891759586549991,0.9258522182109259,0.18565380573272705,0.04864639416337013,0.8295454545454546,0.9268292784690857,0.9246009778426986,0.10990883409976959,0.7976039553752535,0.8,0.6995858143146124,0.7995493428406697,1.322618842124939,0.1539245843887329,0.7586206896551724,0.800000011920929,0.7987554959385945,0.299014687538147,0.7287157287157288,0.7346938775510204,0.6062848638249351,0.7333946236722538,1.2694182395935059,0.1761264055967331,0.6,0.7346938848495483,0.7325451085689357,0.4548474848270416,,,,0.6904761791229248,0.7678571343421936,0.06526394580663168,0.4520547945205479,0.10423856973648071,6.412705744196501e-08,7.21776984846656e-08,1.1444091796875e-05,1.1444091796875e-05,0.0,0.0,0.0,0.0,0.7346938848495483,,,,,,,,,0.11703841388225555,0.08419697731733322,0.0,0.032841432839632034,0.1603243201971054,0.12028313428163528,0.4004118740558624,0.0,0.4837167263031006,2.9059126377105713,1.5948790311813354,atlas_het,graphatlas_c_beta_minus_1,graphatlas_certified,ov0.10_cross0.00,,certificate,-1.0,full,none,False,dot,2,65,90,0,90,0.800000011920929,64834,480,6506,0,18.53880000114441,cpu,0,0.9401997923851013,0.10407494753599167,0.09394877403974533,1.0,0.059800177812576294,0.0013777405256405473,0.9413561820983887,1.5688594579696655,0.07642436772584915,0.18456336855888367,0.0009396006935276091,0.5688595175743103,0.008106131106615067,0.2933349609375,1.5688594579696655,0.5688595175743103,0.0394902229309082,0.6865255236625671,2.3932545900606783e-07,0.0215440820902586,0.059800177812576294,0.3360036611557007,0.6572906970977783,1.5291666984558105,0.5291666388511658,0.2970629334449768,0.6726465225219727,0.05513112619519234,0.5801074504852295,atlas_het__node_classification__graphatlas_c_beta_minus_1__split0__seed2__c0652808f794,c0652808f794,975d6eec98ed54f0
node_classification,accuracy,0.9268292784690857,0.800000011920929,0.7346938848495483,,,,,,,,,,,,0.922900166002046,0.926829268292683,0.891759586549991,0.9258522182109259,0.18565380573272705,0.04864639416337013,0.8295454545454546,0.9268292784690857,0.9246009778426986,0.10990883409976959,0.7976039553752535,0.8,0.6995858143146124,0.7995493428406697,1.322618842124939,0.1539245843887329,0.7586206896551724,0.800000011920929,0.7987554959385945,0.299014687538147,0.7287157287157288,0.7346938775510204,0.6062848638249351,0.7333946236722538,1.2694182395935059,0.1761264055967331,0.6,0.7346938848495483,0.7325451085689357,0.4548474848270416,,,,0.6904761791229248,0.7678571343421936,0.06526394580663168,0.4520547945205479,0.10423856973648071,6.412705744196501e-08,7.21776984846656e-08,1.1444091796875e-05,1.1444091796875e-05,0.0,0.0,0.0,0.0,0.7346938848495483,,,,,,,,,0.11703841388225555,0.08419697731733322,0.0,0.032841432839632034,0.1603243201971054,0.12028313428163528,0.4004118740558624,0.0,0.4837167263031006,2.9059126377105713,1.5948790311813354,atlas_het,graphatlas_c_beta_minus_1,graphatlas_certified,ov0.10_cross0.15,,certificate,-1.0,full,none,False,dot,2,65,90,0,90,0.800000011920929,64834,480,6506,0,18.426603317260742,cpu,0,0.9401997923851013,0.10407494753599167,0.09394877403974533,1.0,0.059800177812576294,0.0013777405256405473,0.9413561820983887,1.5688594579696655,0.07642436772584915,0.18456336855888367,0.0009396006935276091,0.5688595175743103,0.008106131106615067,0.2933349609375,1.5688594579696655,0.5688595175743103,0.0394902229309082,0.6865255236625671,2.3932545900606783e-07,0.0215440820902586,0.059800177812576294,0.3360036611557007,0.6572906970977783,1.5291666984558105,0.5291666388511658,0.2970629334449768,0.6726465225219727,0.05513112619519234,0.5801074504852295,atlas_het__node_classification__graphatlas_c_beta_minus_1__split0__seed2__8ff4352e7853,8ff4352e7853,975d6eec98ed54f0
node_classification,accuracy,0.9268292784690857,0.800000011920929,0.7346938848495483,,,,,,,,,,,,0.922900166002046,0.926829268292683,0.891759586549991,0.9258522182109259,0.18565380573272705,0.04864639416337013,0.8295454545454546,0.9268292784690857,0.9246009778426986,0.10990883409976959,0.7976039553752535,0.8,0.6995858143146124,0.7995493428406697,1.322618842124939,0.1539245843887329,0.7586206896551724,0.800000011920929,0.7987554959385945,0.299014687538147,0.7287157287157288,0.7346938775510204,0.6062848638249351,0.7333946236722538,1.2694182395935059,0.1761264055967331,0.6,0.7346938848495483,0.7325451085689357,0.4548474848270416,,,,0.6904761791229248,0.7678571343421936,0.06526394580663168,0.4520547945205479,0.10423856973648071,6.412705744196501e-08,7.21776984846656e-08,1.1444091796875e-05,1.1444091796875e-05,0.0,0.0,0.0,0.0,0.7346938848495483,,,,,,,,,0.11703841388225555,0.08419697731733322,0.0,0.032841432839632034,0.1603243201971054,0.12028313428163528,0.4004118740558624,0.0,0.4837167263031006,2.9059126377105713,1.5948790311813354,atlas_het,graphatlas_c_beta_minus_1,graphatlas_certified,ov0.10_cross0.30,,certificate,-1.0,full,none,False,dot,2,65,90,0,90,0.800000011920929,64834,480,6506,0,18.497138023376465,cpu,0,0.9401997923851013,0.10407494753599167,0.09394877403974533,1.0,0.059800177812576294,0.0013777405256405473,0.9413561820983887,1.5688594579696655,0.07642436772584915,0.18456336855888367,0.0009396006935276091,0.5688595175743103,0.008106131106615067,0.2933349609375,1.5688594579696655,0.5688595175743103,0.0394902229309082,0.6865255236625671,2.3932545900606783e-07,0.0215440820902586,0.059800177812576294,0.3360036611557007,0.6572906970977783,1.5291666984558105,0.5291666388511658,0.2970629334449768,0.6726465225219727,0.05513112619519234,0.5801074504852295,atlas_het__node_classification__graphatlas_c_beta_minus_1__split0__seed2__06fd117c896b,06fd117c896b,975d6eec98ed54f0
node_classification,accuracy,0.9268292784690857,0.800000011920929,0.7346938848495483,,,,,,,,,,,,0.922900166002046,0.926829268292683,0.891759586549991,0.9258522182109259,0.18565380573272705,0.04864639416337013,0.8295454545454546,0.9268292784690857,0.9246009778426986,0.10990883409976959,0.7976039553752535,0.8,0.6995858143146124,0.7995493428406697,1.322618842124939,0.1539245843887329,0.7586206896551724,0.800000011920929,0.7987554959385945,0.299014687538147,0.7287157287157288,0.7346938775510204,0.6062848638249351,0.7333946236722538,1.2694182395935059,0.1761264055967331,0.6,0.7346938848495483,0.7325451085689357,0.4548474848270416,,,,0.6904761791229248,0.7678571343421936,0.06526394580663168,0.4520547945205479,0.10423856973648071,6.412705744196501e-08,7.21776984846656e-08,1.1444091796875e-05,1.1444091796875e-05,0.0,0.0,0.0,0.0,0.7346938848495483,,,,,,,,,0.11703841388225555,0.08419697731733322,0.0,0.032841432839632034,0.1603243201971054,0.12028313428163528,0.4004118740558624,0.0,0.4837167263031006,2.9059126377105713,1.5948790311813354,atlas_het,graphatlas_c_beta_minus_1,graphatlas_certified,ov0.10_cross0.50,,certificate,-1.0,full,none,False,dot,2,65,90,0,90,0.800000011920929,64834,480,6506,0,18.46438241004944,cpu,0,0.9401997923851013,0.10407494753599167,0.09394877403974533,1.0,0.059800177812576294,0.0013777405256405473,0.9413561820983887,1.5688594579696655,0.07642436772584915,0.18456336855888367,0.0009396006935276091,0.5688595175743103,0.008106131106615067,0.2933349609375,1.5688594579696655,0.5688595175743103,0.0394902229309082,0.6865255236625671,2.3932545900606783e-07,0.0215440820902586,0.059800177812576294,0.3360036611557007,0.6572906970977783,1.5291666984558105,0.5291666388511658,0.2970629334449768,0.6726465225219727,0.05513112619519234,0.5801074504852295,atlas_het__node_classification__graphatlas_c_beta_minus_1__split0__seed2__9506e919ddd0,9506e919ddd0,975d6eec98ed54f0
node_classification,accuracy,0.9581881761550903,0.821052610874176,0.7448979616165161,,,,,,,,,,,,0.9595905997513032,0.9581881533101045,0.9381155614182382,0.9584148395888776,0.11411125957965851,0.027963390573859215,0.9313725490196079,0.9581881761550903,0.9580826775961909,0.06528833508491516,0.8189021298174443,0.8210526315789474,0.7318471924627552,0.8208916229968861,1.4217824935913086,0.11413616687059402,0.78125,0.821052610874176,0.8211159211159211,0.29538485407829285,0.7388167388167388,0.7448979591836735,0.6183132438785535,0.7419441460794844,1.1370553970336914,0.16901026666164398,0.6,0.7448979616165161,0.7392344497607656,0.38345226645469666,,,,0.6557376980781555,0.8918918967247009,0.11810709610210086,0.5463917525773195,0.061543866991996765,7.261583334638999e-08,7.332563001227754e-08,1.52587890625e-05,2.288818359375e-05,0.0,0.0,0.0,0.0,0.7448979616165161,,,,,,,,,0.11585474014282227,0.07022985070943832,0.0,0.04562488943338394,0.12595507502555847,0.11155356466770172,0.14401525259017944,1.873355159887069e-07,0.45497334003448486,3.243887424468994,0.8510467410087585,atlas_het,graphatlas_c_beta_minus_1,graphatlas_certified,ov0.25_cross0.00,,certificate,-1.0,full,none,False,dot,2,85,110,0,110,0.821052610874176,64834,480,6506,0,22.40760827064514,cpu,0,0.9551853537559509,0.07174868881702423,0.017557291314005852,1.0,0.044814664870500565,0.0038212814833968878,0.9897707104682922,1.5774669647216797,0.052989035844802856,0.09753310680389404,0.00020798546029254794,0.5774669647216797,0.005848334636539221,0.3258422911167145,1.5774669647216797,0.5774669647216797,0.044600605964660645,0.37382930517196655,2.2678148070554016e-07,0.017155999317765236,0.044814638793468475,0.3410608470439911,0.6338251829147339,1.5583332777023315,0.5583333373069763,0.32440540194511414,0.6829207539558411,0.040908049792051315,0.5514469146728516,atlas_het__node_classification__graphatlas_c_beta_minus_1__split0__seed2__fb81236ccf70,fb81236ccf70,975d6eec98ed54f0
node_classification,accuracy,0.9581881761550903,0.821052610874176,0.7448979616165161,,,,,,,,,,,,0.9595905997513032,0.9581881533101045,0.9381155614182382,0.9584148395888776,0.11411125957965851,0.027963390573859215,0.9313725490196079,0.9581881761550903,0.9580826775961909,0.06528833508491516,0.8189021298174443,0.8210526315789474,0.7318471924627552,0.8208916229968861,1.4217824935913086,0.11413616687059402,0.78125,0.821052610874176,0.8211159211159211,0.29538485407829285,0.7388167388167388,0.7448979591836735,0.6183132438785535,0.7419441460794844,1.1370553970336914,0.16901026666164398,0.6,0.7448979616165161,0.7392344497607656,0.38345226645469666,,,,0.6557376980781555,0.8918918967247009,0.11810709610210086,0.5463917525773195,0.061543866991996765,7.261583334638999e-08,7.332563001227754e-08,1.52587890625e-05,2.288818359375e-05,0.0,0.0,0.0,0.0,0.7448979616165161,,,,,,,,,0.11585474014282227,0.07022985070943832,0.0,0.04562488943338394,0.12595507502555847,0.11155356466770172,0.14401525259017944,1.873355159887069e-07,0.45497334003448486,3.243887424468994,0.8510467410087585,atlas_het,graphatlas_c_beta_minus_1,graphatlas_certified,ov0.25_cross0.15,,certificate,-1.0,full,none,False,dot,2,85,110,0,110,0.821052610874176,64834,480,6506,0,22.305041551589966,cpu,0,0.9551853537559509,0.07174868881702423,0.017557291314005852,1.0,0.044814664870500565,0.0038212814833968878,0.9897707104682922,1.5774669647216797,0.052989035844802856,0.09753310680389404,0.00020798546029254794,0.5774669647216797,0.005848334636539221,0.3258422911167145,1.5774669647216797,0.5774669647216797,0.044600605964660645,0.37382930517196655,2.2678148070554016e-07,0.017155999317765236,0.044814638793468475,0.3410608470439911,0.6338251829147339,1.5583332777023315,0.5583333373069763,0.32440540194511414,0.6829207539558411,0.040908049792051315,0.5514469146728516,atlas_het__node_classification__graphatlas_c_beta_minus_1__split0__seed2__7f62a9d6b936,7f62a9d6b936,975d6eec98ed54f0
node_classification,accuracy,0.9581881761550903,0.821052610874176,0.7448979616165161,,,,,,,,,,,,0.9595905997513032,0.9581881533101045,0.9381155614182382,0.9584148395888776,0.11411125957965851,0.027963390573859215,0.9313725490196079,0.9581881761550903,0.9580826775961909,0.06528833508491516,0.8189021298174443,0.8210526315789474,0.7318471924627552,0.8208916229968861,1.4217824935913086,0.11413616687059402,0.78125,0.821052610874176,0.8211159211159211,0.29538485407829285,0.7388167388167388,0.7448979591836735,0.6183132438785535,0.7419441460794844,1.1370553970336914,0.16901026666164398,0.6,0.7448979616165161,0.7392344497607656,0.38345226645469666,,,,0.6557376980781555,0.8918918967247009,0.11810709610210086,0.5463917525773195,0.061543866991996765,7.261583334638999e-08,7.332563001227754e-08,1.52587890625e-05,2.288818359375e-05,0.0,0.0,0.0,0.0,0.7448979616165161,,,,,,,,,0.11585474014282227,0.07022985070943832,0.0,0.04562488943338394,0.12595507502555847,0.11155356466770172,0.14401525259017944,1.873355159887069e-07,0.45497334003448486,3.243887424468994,0.8510467410087585,atlas_het,graphatlas_c_beta_minus_1,graphatlas_certified,ov0.25_cross0.30,,certificate,-1.0,full,none,False,dot,2,85,110,0,110,0.821052610874176,64834,480,6506,0,22.28473734855652,cpu,0,0.9551853537559509,0.07174868881702423,0.017557291314005852,1.0,0.044814664870500565,0.0038212814833968878,0.9897707104682922,1.5774669647216797,0.052989035844802856,0.09753310680389404,0.00020798546029254794,0.5774669647216797,0.005848334636539221,0.3258422911167145,1.5774669647216797,0.5774669647216797,0.044600605964660645,0.37382930517196655,2.2678148070554016e-07,0.017155999317765236,0.044814638793468475,0.3410608470439911,0.6338251829147339,1.5583332777023315,0.5583333373069763,0.32440540194511414,0.6829207539558411,0.040908049792051315,0.5514469146728516,atlas_het__node_classification__graphatlas_c_beta_minus_1__split0__seed2__5f7d2653b39e,5f7d2653b39e,975d6eec98ed54f0
node_classification,accuracy,0.9581881761550903,0.821052610874176,0.7448979616165161,,,,,,,,,,,,0.9595905997513032,0.9581881533101045,0.9381155614182382,0.9584148395888776,0.11411125957965851,0.027963390573859215,0.9313725490196079,0.9581881761550903,0.9580826775961909,0.06528833508491516,0.8189021298174443,0.8210526315789474,0.7318471924627552,0.8208916229968861,1.4217824935913086,0.11413616687059402,0.78125,0.821052610874176,0.8211159211159211,0.29538485407829285,0.7388167388167388,0.7448979591836735,0.6183132438785535,0.7419441460794844,1.1370553970336914,0.16901026666164398,0.6,0.7448979616165161,0.7392344497607656,0.38345226645469666,,,,0.6557376980781555,0.8918918967247009,0.11810709610210086,0.5463917525773195,0.061543866991996765,7.261583334638999e-08,7.332563001227754e-08,1.52587890625e-05,2.288818359375e-05,0.0,0.0,0.0,0.0,0.7448979616165161,,,,,,,,,0.11585474014282227,0.07022985070943832,0.0,0.04562488943338394,0.12595507502555847,0.11155356466770172,0.14401525259017944,1.873355159887069e-07,0.45497334003448486,3.243887424468994,0.8510467410087585,atlas_het,graphatlas_c_beta_minus_1,graphatlas_certified,ov0.25_cross0.50,,certificate,-1.0,full,none,False,dot,2,85,110,0,110,0.821052610874176,64834,480,6506,0,22.25770401954651,cpu,0,0.9551853537559509,0.07174868881702423,0.017557291314005852,1.0,0.044814664870500565,0.0038212814833968878,0.9897707104682922,1.5774669647216797,0.052989035844802856,0.09753310680389404,0.00020798546029254794,0.5774669647216797,0.005848334636539221,0.3258422911167145,1.5774669647216797,0.5774669647216797,0.044600605964660645,0.37382930517196655,2.2678148070554016e-07,0.017155999317765236,0.044814638793468475,0.3410608470439911,0.6338251829147339,1.5583332777023315,0.5583333373069763,0.32440540194511414,0.6829207539558411,0.040908049792051315,0.5514469146728516,atlas_het__node_classification__graphatlas_c_beta_minus_1__split0__seed2__900e70d7bf8f,900e70d7bf8f,975d6eec98ed54f0
node_classification,accuracy,0.9860627055168152,0.8315789699554443,0.7653061151504517,,,,,,,,,,,,0.9865912000539048,0.9860627177700348,0.9792876476009336,0.9861467832323302,0.054869525134563446,0.023666448891162872,0.979381443298969,0.9860627055168152,0.9858200403373671,0.030686847865581512,0.8296357336037863,0.8315789473684211,0.7600882863312302,0.8287636702237494,1.5147472620010376,0.14736753702163696,0.65625,0.8315789699554443,0.8301379327362005,0.32117730379104614,0.7620490620490621,0.7653061224489796,0.6499270731654202,0.7661386232814804,1.598156213760376,0.18167556822299957,0.7,0.7653061151504517,0.7667517667517667,0.3974842131137848,,,,0.7341772317886353,0.8947368264198303,0.20215975137316192,0.8501228501228502,0.11260227113962173,5.8712544159789104e-08,5.13610523000807e-08,2.288818359375e-05,3.0517578125e-05,0.0,0.0,0.0,0.0,0.7653061151504517,,,,,,,,,0.20855337381362915,0.15657056868076324,0.0,0.05198279768228531,0.20003114640712738,0.17675010859966278,0.23281027376651764,0.0,0.4517304003238678,3.149029016494751,0.9759035706520081,atlas_het,graphatlas_c_beta_minus_1,graphatlas_certified,ov0.40_cross0.00,,certificate,-1.0,full,none,False,dot,2,120,120,0,120,0.8315789699554443,64834,480,6506,0,24.411567211151123,cpu,0,0.9588015675544739,0.07599285989999771,0.0005362220690585673,1.0,0.04119839519262314,0.002673796843737364,0.9858472943305969,1.8037196397781372,0.04586219787597656,0.08687781542539597,0.0002157766284653917,0.8037196397781372,0.007269596680998802,0.48076531291007996,1.8037196397781372,0.8037196397781372,0.03689366579055786,0.21553552150726318,2.572133439571189e-07,0.01844903640449047,0.04119839146733284,0.4651593863964081,0.5537964701652527,1.78125,0.78125,0.48217839002609253,0.6921271085739136,0.30340296030044556,0.37333428859710693,atlas_het__node_classification__graphatlas_c_beta_minus_1__split0__seed2__e816658e7233,e816658e7233,975d6eec98ed54f0
node_classification,accuracy,0.9860627055168152,0.8315789699554443,0.7653061151504517,,,,,,,,,,,,0.9865912000539048,0.9860627177700348,0.9792876476009336,0.9861467832323302,0.054869525134563446,0.023666448891162872,0.979381443298969,0.9860627055168152,0.9858200403373671,0.030686847865581512,0.8296357336037863,0.8315789473684211,0.7600882863312302,0.8287636702237494,1.5147472620010376,0.14736753702163696,0.65625,0.8315789699554443,0.8301379327362005,0.32117730379104614,0.7620490620490621,0.7653061224489796,0.6499270731654202,0.7661386232814804,1.598156213760376,0.18167556822299957,0.7,0.7653061151504517,0.7667517667517667,0.3974842131137848,,,,0.7341772317886353,0.8947368264198303,0.20215975137316192,0.8501228501228502,0.11260227113962173,5.8712544159789104e-08,5.13610523000807e-08,2.288818359375e-05,3.0517578125e-05,0.0,0.0,0.0,0.0,0.7653061151504517,,,,,,,,,0.20855337381362915,0.15657056868076324,0.0,0.05198279768228531,0.20003114640712738,0.17675010859966278,0.23281027376651764,0.0,0.4517304003238678,3.149029016494751,0.9759035706520081,atlas_het,graphatlas_c_beta_minus_1,graphatlas_certified,ov0.40_cross0.15,,certificate,-1.0,full,none,False,dot,2,120,120,0,120,0.8315789699554443,64834,480,6506,0,25.38985538482666,cpu,0,0.9588015675544739,0.07599285989999771,0.0005362220690585673,1.0,0.04119839519262314,0.002673796843737364,0.9858472943305969,1.8037196397781372,0.04586219787597656,0.08687781542539597,0.0002157766284653917,0.8037196397781372,0.007269596680998802,0.48076531291007996,1.8037196397781372,0.8037196397781372,0.03689366579055786,0.21553552150726318,2.572133439571189e-07,0.01844903640449047,0.04119839146733284,0.4651593863964081,0.5537964701652527,1.78125,0.78125,0.48217839002609253,0.6921271085739136,0.30340296030044556,0.37333428859710693,atlas_het__node_classification__graphatlas_c_beta_minus_1__split0__seed2__b3ef349bab69,b3ef349bab69,975d6eec98ed54f0
node_classification,accuracy,0.9860627055168152,0.8315789699554443,0.7653061151504517,,,,,,,,,,,,0.9865912000539048,0.9860627177700348,0.9792876476009336,0.9861467832323302,0.054869525134563446,0.023666448891162872,0.979381443298969,0.9860627055168152,0.9858200403373671,0.030686847865581512,0.8296357336037863,0.8315789473684211,0.7600882863312302,0.8287636702237494,1.5147472620010376,0.14736753702163696,0.65625,0.8315789699554443,0.8301379327362005,0.32117730379104614,0.7620490620490621,0.7653061224489796,0.6499270731654202,0.7661386232814804,1.598156213760376,0.18167556822299957,0.7,0.7653061151504517,0.7667517667517667,0.3974842131137848,,,,0.7341772317886353,0.8947368264198303,0.20215975137316192,0.8501228501228502,0.11260227113962173,5.8712544159789104e-08,5.13610523000807e-08,2.288818359375e-05,3.0517578125e-05,0.0,0.0,0.0,0.0,0.7653061151504517,,,,,,,,,0.20855337381362915,0.15657056868076324,0.0,0.05198279768228531,0.20003114640712738,0.17675010859966278,0.23281027376651764,0.0,0.4517304003238678,3.149029016494751,0.9759035706520081,atlas_het,graphatlas_c_beta_minus_1,graphatlas_certified,ov0.40_cross0.30,,certificate,-1.0,full,none,False,dot,2,120,120,0,120,0.8315789699554443,64834,480,6506,0,25.157501697540283,cpu,0,0.9588015675544739,0.07599285989999771,0.0005362220690585673,1.0,0.04119839519262314,0.002673796843737364,0.9858472943305969,1.8037196397781372,0.04586219787597656,0.08687781542539597,0.0002157766284653917,0.8037196397781372,0.007269596680998802,0.48076531291007996,1.8037196397781372,0.8037196397781372,0.03689366579055786,0.21553552150726318,2.572133439571189e-07,0.01844903640449047,0.04119839146733284,0.4651593863964081,0.5537964701652527,1.78125,0.78125,0.48217839002609253,0.6921271085739136,0.30340296030044556,0.37333428859710693,atlas_het__node_classification__graphatlas_c_beta_minus_1__split0__seed2__0d2b3cf5c057,0d2b3cf5c057,975d6eec98ed54f0
node_classification,accuracy,0.9860627055168152,0.8315789699554443,0.7653061151504517,,,,,,,,,,,,0.9865912000539048,0.9860627177700348,0.9792876476009336,0.9861467832323302,0.054869525134563446,0.023666448891162872,0.979381443298969,0.9860627055168152,0.9858200403373671,0.030686847865581512,0.8296357336037863,0.8315789473684211,0.7600882863312302,0.8287636702237494,1.5147472620010376,0.14736753702163696,0.65625,0.8315789699554443,0.8301379327362005,0.32117730379104614,0.7620490620490621,0.7653061224489796,0.6499270731654202,0.7661386232814804,1.598156213760376,0.18167556822299957,0.7,0.7653061151504517,0.7667517667517667,0.3974842131137848,,,,0.7341772317886353,0.8947368264198303,0.20215975137316192,0.8501228501228502,0.11260227113962173,5.8712544159789104e-08,5.13610523000807e-08,2.288818359375e-05,3.0517578125e-05,0.0,0.0,0.0,0.0,0.7653061151504517,,,,,,,,,0.20855337381362915,0.15657056868076324,0.0,0.05198279768228531,0.20003114640712738,0.17675010859966278,0.23281027376651764,0.0,0.4517304003238678,3.149029016494751,0.9759035706520081,atlas_het,graphatlas_c_beta_minus_1,graphatlas_certified,ov0.40_cross0.50,,certificate,-1.0,full,none,False,dot,2,120,120,0,120,0.8315789699554443,64834,480,6506,0,24.770434141159058,cpu,0,0.9588015675544739,0.07599285989999771,0.0005362220690585673,1.0,0.04119839519262314,0.002673796843737364,0.9858472943305969,1.8037196397781372,0.04586219787597656,0.08687781542539597,0.0002157766284653917,0.8037196397781372,0.007269596680998802,0.48076531291007996,1.8037196397781372,0.8037196397781372,0.03689366579055786,0.21553552150726318,2.572133439571189e-07,0.01844903640449047,0.04119839146733284,0.4651593863964081,0.5537964701652527,1.78125,0.78125,0.48217839002609253,0.6921271085739136,0.30340296030044556,0.37333428859710693,atlas_het__node_classification__graphatlas_c_beta_minus_1__split0__seed2__da9488ce05e3,da9488ce05e3,975d6eec98ed54f0
node_classification,accuracy,0.8397212624549866,0.800000011920929,0.704081654548645,,,,,,,,,,,,0.8425109187692571,0.8397212543554007,0.7663739004243958,0.8406646950121931,0.35132941603660583,0.05681009590625763,0.7525773195876289,0.8397212624549866,0.8392363497518135,0.21993061900138855,0.8019143002028398,0.8,0.7026812444215755,0.7965091911140761,1.067695140838623,0.17087946832180023,0.65625,0.800000011920929,0.7978327852928765,0.34569546580314636,0.7040404040404041,0.7040816326530612,0.5572472655234794,0.7000244281943848,0.5789032578468323,0.08440142869949341,0.5454545454545454,0.704081654548645,0.6993668141209124,0.3600493371486664,,,,0.704081654548645,,0.0410077045773805,0.7532467532467533,0.10011343657970428,7.554420022870545e-08,7.539164670333776e-08,7.62939453125e-06,7.62939453125e-06,0.0,0.0,0.0,0.0,0.704081654548645,,,,,,,,,0.10827475041151047,0.08195832371711731,0.0,0.02631642483174801,0.18633580207824707,0.1281115859746933,0.5822421312332153,0.0,0.4861709475517273,2.8754470348358154,0.5626881122589111,atlas_het,graphatlas_c_beta_minus_1,graphatlas_certified,ov0.55_cross0.00,,certificate,-1.0,full,none,False,dot,2,40,65,0,65,0.800000011920929,64834,480,6506,0,13.62562608718872,cpu,0,0.9724558591842651,0.02968091331422329,0.7481542229652405,1.0,0.02754407748579979,0.0,0.9999465346336365,1.6676913499832153,0.03586433827877045,0.05799450725317001,0.00011108428589068353,0.6676913499832153,0.004255844280123711,0.34229859709739685,1.6676913499832153,0.6676913499832153,0.0475916862487793,0.16201841831207275,2.4520022634533234e-07,0.013833609409630299,0.027544064447283745,0.3180469274520874,0.6169177293777466,1.6041666269302368,0.6041666865348816,0.34432360529899597,0.6905561685562134,0.0016716617392376065,0.5454484820365906,atlas_het__node_classification__graphatlas_c_beta_minus_1__split0__seed2__d19f8e3ad520,d19f8e3ad520,975d6eec98ed54f0
node_classification,accuracy,0.8397212624549866,0.800000011920929,0.704081654548645,,,,,,,,,,,,0.8425109187692571,0.8397212543554007,0.7663739004243958,0.8406646950121931,0.35132941603660583,0.05681009590625763,0.7525773195876289,0.8397212624549866,0.8392363497518135,0.21993061900138855,0.8019143002028398,0.8,0.7026812444215755,0.7965091911140761,1.067695140838623,0.17087946832180023,0.65625,0.800000011920929,0.7978327852928765,0.34569546580314636,0.7040404040404041,0.7040816326530612,0.5572472655234794,0.7000244281943848,0.5789032578468323,0.08440142869949341,0.5454545454545454,0.704081654548645,0.6993668141209124,0.3600493371486664,,,,0.704081654548645,,0.0410077045773805,0.7532467532467533,0.10011343657970428,7.554420022870545e-08,7.539164670333776e-08,7.62939453125e-06,7.62939453125e-06,0.0,0.0,0.0,0.0,0.704081654548645,,,,,,,,,0.10827475041151047,0.08195832371711731,0.0,0.02631642483174801,0.18633580207824707,0.1281115859746933,0.5822421312332153,0.0,0.4861709475517273,2.8754470348358154,0.5626881122589111,atlas_het,graphatlas_c_beta_minus_1,graphatlas_certified,ov0.55_cross0.15,,certificate,-1.0,full,none,False,dot,2,40,65,0,65,0.800000011920929,64834,480,6506,0,13.71713638305664,cpu,0,0.9724558591842651,0.02968091331422329,0.7481542229652405,1.0,0.02754407748579979,0.0,0.9999465346336365,1.6676913499832153,0.03586433827877045,0.05799450725317001,0.00011108428589068353,0.6676913499832153,0.004255844280123711,0.34229859709739685,1.6676913499832153,0.6676913499832153,0.0475916862487793,0.16201841831207275,2.4520022634533234e-07,0.013833609409630299,0.027544064447283745,0.3180469274520874,0.6169177293777466,1.6041666269302368,0.6041666865348816,0.34432360529899597,0.6905561685562134,0.0016716617392376065,0.5454484820365906,atlas_het__node_classification__graphatlas_c_beta_minus_1__split0__seed2__299d2055fb28,299d2055fb28,975d6eec98ed54f0
node_classification,accuracy,0.8397212624549866,0.800000011920929,0.704081654548645,,,,,,,,,,,,0.8425109187692571,0.8397212543554007,0.7663739004243958,0.8406646950121931,0.35132941603660583,0.05681009590625763,0.7525773195876289,0.8397212624549866,0.8392363497518135,0.21993061900138855,0.8019143002028398,0.8,0.7026812444215755,0.7965091911140761,1.067695140838623,0.17087946832180023,0.65625,0.800000011920929,0.7978327852928765,0.34569546580314636,0.7040404040404041,0.7040816326530612,0.5572472655234794,0.7000244281943848,0.5789032578468323,0.08440142869949341,0.5454545454545454,0.704081654548645,0.6993668141209124,0.3600493371486664,,,,0.704081654548645,,0.0410077045773805,0.7532467532467533,0.10011343657970428,7.554420022870545e-08,7.539164670333776e-08,7.62939453125e-06,7.62939453125e-06,0.0,0.0,0.0,0.0,0.704081654548645,,,,,,,,,0.10827475041151047,0.08195832371711731,0.0,0.02631642483174801,0.18633580207824707,0.1281115859746933,0.5822421312332153,0.0,0.4861709475517273,2.8754470348358154,0.5626881122589111,atlas_het,graphatlas_c_beta_minus_1,graphatlas_certified,ov0.55_cross0.30,,certificate,-1.0,full,none,False,dot,2,40,65,0,65,0.800000011920929,64834,480,6506,0,13.639110326766968,cpu,0,0.9724558591842651,0.02968091331422329,0.7481542229652405,1.0,0.02754407748579979,0.0,0.9999465346336365,1.6676913499832153,0.03586433827877045,0.05799450725317001,0.00011108428589068353,0.6676913499832153,0.004255844280123711,0.34229859709739685,1.6676913499832153,0.6676913499832153,0.0475916862487793,0.16201841831207275,2.4520022634533234e-07,0.013833609409630299,0.027544064447283745,0.3180469274520874,0.6169177293777466,1.6041666269302368,0.6041666865348816,0.34432360529899597,0.6905561685562134,0.0016716617392376065,0.5454484820365906,atlas_het__node_classification__graphatlas_c_beta_minus_1__split0__seed2__b022e5029ce3,b022e5029ce3,975d6eec98ed54f0
node_classification,accuracy,0.8397212624549866,0.800000011920929,0.704081654548645,,,,,,,,,,,,0.8425109187692571,0.8397212543554007,0.7663739004243958,0.8406646950121931,0.35132941603660583,0.05681009590625763,0.7525773195876289,0.8397212624549866,0.8392363497518135,0.21993061900138855,0.8019143002028398,0.8,0.7026812444215755,0.7965091911140761,1.067695140838623,0.17087946832180023,0.65625,0.800000011920929,0.7978327852928765,0.34569546580314636,0.7040404040404041,0.7040816326530612,0.5572472655234794,0.7000244281943848,0.5789032578468323,0.08440142869949341,0.5454545454545454,0.704081654548645,0.6993668141209124,0.3600493371486664,,,,0.704081654548645,,0.0410077045773805,0.7532467532467533,0.10011343657970428,7.554420022870545e-08,7.539164670333776e-08,7.62939453125e-06,7.62939453125e-06,0.0,0.0,0.0,0.0,0.704081654548645,,,,,,,,,0.10827475041151047,0.08195832371711731,0.0,0.02631642483174801,0.18633580207824707,0.1281115859746933,0.5822421312332153,0.0,0.4861709475517273,2.8754470348358154,0.5626881122589111,atlas_het,graphatlas_c_beta_minus_1,graphatlas_certified,ov0.55_cross0.50,,certificate,-1.0,full,none,False,dot,2,40,65,0,65,0.800000011920929,64834,480,6506,0,13.513723850250244,cpu,0,0.9724558591842651,0.02968091331422329,0.7481542229652405,1.0,0.02754407748579979,0.0,0.9999465346336365,1.6676913499832153,0.03586433827877045,0.05799450725317001,0.00011108428589068353,0.6676913499832153,0.004255844280123711,0.34229859709739685,1.6676913499832153,0.6676913499832153,0.0475916862487793,0.16201841831207275,2.4520022634533234e-07,0.013833609409630299,0.027544064447283745,0.3180469274520874,0.6169177293777466,1.6041666269302368,0.6041666865348816,0.34432360529899597,0.6905561685562134,0.0016716617392376065,0.5454484820365906,atlas_het__node_classification__graphatlas_c_beta_minus_1__split0__seed2__5cc717a5dbc9,5cc717a5dbc9,975d6eec98ed54f0
node_classification,accuracy,0.9372822046279907,0.8191489577293396,0.8787878751754761,,,,,,,,,,,,0.936423067728351,0.9372822299651568,0.9064827731961701,0.9373412528199613,0.1440320611000061,0.02997475676238537,0.898876404494382,0.9372822046279907,0.9375513779394918,0.08652271330356598,0.8184475124866409,0.8191489361702128,0.7281703077017032,0.8190511740343767,0.8234468698501587,0.13546648621559143,0.7931034482758621,0.8191489577293396,0.8186479270070602,0.3278931677341461,0.8779495221027479,0.8787878787878788,0.8187262579967413,0.8789784184781032,0.47639140486717224,0.1075180396437645,0.8387096774193549,0.8787878751754761,0.8779155863873123,0.21105587482452393,,,,0.9444444179534912,0.841269850730896,0.0752112753211515,0.3663663663663664,0.17920562624931335,0.18067656457424164,0.1586606353521347,8.811713218688965,8.811711311340332,0.07070706784725189,0.06060606241226196,0.010101020336151123,-0.020202040672302246,0.8989899158477783,,,,,,,,,0.13290756940841675,0.09771023690700531,0.0,0.035197339951992035,0.1908082216978073,0.14735783636569977,0.43450379371643066,0.0,0.6313093900680542,2.151710033416748,0.7673656940460205,atlas_het,graphatlas_c_coordinate_relu,graphatlas_certified,ov0.10_cross0.00,,certificate,1.0,full,relu,False,dot,0,55,80,0,80,0.8191489577293396,64834,480,6540,0,16.517726182937622,cpu,0,0.9530981779098511,0.0639769583940506,0.6370009779930115,1.0,0.046901918947696686,0.0,0.9916516542434692,1.3899083137512207,0.08691667020320892,0.1690911054611206,0.0003301618271507323,0.3899082541465759,0.005205498076975346,0.18247856199741364,1.3899083137512207,0.3899082541465759,0.06890803575515747,0.34495747089385986,2.497603190931841e-07,0.015602500177919865,0.046901900321245193,0.2573067545890808,0.7991845011711121,1.3312499523162842,0.33125001192092896,0.1818440705537796,0.6531997323036194,0.007066148798912764,0.5184734463691711,atlas_het__node_classification__graphatlas_c_coordinate_relu__split0__seed0__4987b8159a9f,4987b8159a9f,975d6eec98ed54f0
node_classification,accuracy,0.9372822046279907,0.8191489577293396,0.8787878751754761,,,,,,,,,,,,0.936423067728351,0.9372822299651568,0.9064827731961701,0.9373412528199613,0.1440320611000061,0.02997475676238537,0.898876404494382,0.9372822046279907,0.9375513779394918,0.08652271330356598,0.8184475124866409,0.8191489361702128,0.7281703077017032,0.8190511740343767,0.8234468698501587,0.13546648621559143,0.7931034482758621,0.8191489577293396,0.8186479270070602,0.3278931677341461,0.8779495221027479,0.8787878787878788,0.8187262579967413,0.8789784184781032,0.47639140486717224,0.1075180396437645,0.8387096774193549,0.8787878751754761,0.8779155863873123,0.21105587482452393,,,,0.9444444179534912,0.841269850730896,0.0752112753211515,0.3663663663663664,0.17920562624931335,0.18067656457424164,0.1586606353521347,8.811713218688965,8.811711311340332,0.07070706784725189,0.06060606241226196,0.010101020336151123,-0.020202040672302246,0.8989899158477783,,,,,,,,,0.13290756940841675,0.09771023690700531,0.0,0.035197339951992035,0.1908082216978073,0.14735783636569977,0.43450379371643066,0.0,0.6313093900680542,2.151710033416748,0.7673656940460205,atlas_het,graphatlas_c_coordinate_relu,graphatlas_certified,ov0.10_cross0.15,,certificate,1.0,full,relu,False,dot,0,55,80,0,80,0.8191489577293396,64834,480,6540,0,16.589335441589355,cpu,0,0.9530981779098511,0.0639769583940506,0.6370009779930115,1.0,0.046901918947696686,0.0,0.9916516542434692,1.3899083137512207,0.08691667020320892,0.1690911054611206,0.0003301618271507323,0.3899082541465759,0.005205498076975346,0.18247856199741364,1.3899083137512207,0.3899082541465759,0.06890803575515747,0.34495747089385986,2.497603190931841e-07,0.015602500177919865,0.046901900321245193,0.2573067545890808,0.7991845011711121,1.3312499523162842,0.33125001192092896,0.1818440705537796,0.6531997323036194,0.007066148798912764,0.5184734463691711,atlas_het__node_classification__graphatlas_c_coordinate_relu__split0__seed0__e23632c52c4b,e23632c52c4b,975d6eec98ed54f0
node_classification,accuracy,0.9372822046279907,0.8191489577293396,0.8787878751754761,,,,,,,,,,,,0.936423067728351,0.9372822299651568,0.9064827731961701,0.9373412528199613,0.1440320611000061,0.02997475676238537,0.898876404494382,0.9372822046279907,0.9375513779394918,0.08652271330356598,0.8184475124866409,0.8191489361702128,0.7281703077017032,0.8190511740343767,0.8234468698501587,0.13546648621559143,0.7931034482758621,0.8191489577293396,0.8186479270070602,0.3278931677341461,0.8779495221027479,0.8787878787878788,0.8187262579967413,0.8789784184781032,0.47639140486717224,0.1075180396437645,0.8387096774193549,0.8787878751754761,0.8779155863873123,0.21105587482452393,,,,0.9444444179534912,0.841269850730896,0.0752112753211515,0.3663663663663664,0.17920562624931335,0.18067656457424164,0.1586606353521347,8.811713218688965,8.811711311340332,0.07070706784725189,0.06060606241226196,0.010101020336151123,-0.020202040672302246,0.8989899158477783,,,,,,,,,0.13290756940841675,0.09771023690700531,0.0,0.035197339951992035,0.1908082216978073,0.14735783636569977,0.43450379371643066,0.0,0.6313093900680542,2.151710033416748,0.7673656940460205,atlas_het,graphatlas_c_coordinate_relu,graphatlas_certified,ov0.10_cross0.30,,certificate,1.0,full,relu,False,dot,0,55,80,0,80,0.8191489577293396,64834,480,6540,0,16.363728523254395,cpu,0,0.9530981779098511,0.0639769583940506,0.6370009779930115,1.0,0.046901918947696686,0.0,0.9916516542434692,1.3899083137512207,0.08691667020320892,0.1690911054611206,0.0003301618271507323,0.3899082541465759,0.005205498076975346,0.18247856199741364,1.3899083137512207,0.3899082541465759,0.06890803575515747,0.34495747089385986,2.497603190931841e-07,0.015602500177919865,0.046901900321245193,0.2573067545890808,0.7991845011711121,1.3312499523162842,0.33125001192092896,0.1818440705537796,0.6531997323036194,0.007066148798912764,0.5184734463691711,atlas_het__node_classification__graphatlas_c_coordinate_relu__split0__seed0__321c44d05ab5,321c44d05ab5,975d6eec98ed54f0
node_classification,accuracy,0.9372822046279907,0.8191489577293396,0.8787878751754761,,,,,,,,,,,,0.936423067728351,0.9372822299651568,0.9064827731961701,0.9373412528199613,0.1440320611000061,0.02997475676238537,0.898876404494382,0.9372822046279907,0.9375513779394918,0.08652271330356598,0.8184475124866409,0.8191489361702128,0.7281703077017032,0.8190511740343767,0.8234468698501587,0.13546648621559143,0.7931034482758621,0.8191489577293396,0.8186479270070602,0.3278931677341461,0.8779495221027479,0.8787878787878788,0.8187262579967413,0.8789784184781032,0.47639140486717224,0.1075180396437645,0.8387096774193549,0.8787878751754761,0.8779155863873123,0.21105587482452393,,,,0.9444444179534912,0.841269850730896,0.0752112753211515,0.3663663663663664,0.17920562624931335,0.18067656457424164,0.1586606353521347,8.811713218688965,8.811711311340332,0.07070706784725189,0.06060606241226196,0.010101020336151123,-0.020202040672302246,0.8989899158477783,,,,,,,,,0.13290756940841675,0.09771023690700531,0.0,0.035197339951992035,0.1908082216978073,0.14735783636569977,0.43450379371643066,0.0,0.6313093900680542,2.151710033416748,0.7673656940460205,atlas_het,graphatlas_c_coordinate_relu,graphatlas_certified,ov0.10_cross0.50,,certificate,1.0,full,relu,False,dot,0,55,80,0,80,0.8191489577293396,64834,480,6540,0,16.73387622833252,cpu,0,0.9530981779098511,0.0639769583940506,0.6370009779930115,1.0,0.046901918947696686,0.0,0.9916516542434692,1.3899083137512207,0.08691667020320892,0.1690911054611206,0.0003301618271507323,0.3899082541465759,0.005205498076975346,0.18247856199741364,1.3899083137512207,0.3899082541465759,0.06890803575515747,0.34495747089385986,2.497603190931841e-07,0.015602500177919865,0.046901900321245193,0.2573067545890808,0.7991845011711121,1.3312499523162842,0.33125001192092896,0.1818440705537796,0.6531997323036194,0.007066148798912764,0.5184734463691711,atlas_het__node_classification__graphatlas_c_coordinate_relu__split0__seed0__dc477ec5221d,dc477ec5221d,975d6eec98ed54f0
node_classification,accuracy,0.9721254110336304,0.7765957713127136,0.9191918969154358,,,,,,,,,,,,0.9731368420407387,0.9721254355400697,0.9584248161468638,0.9721502109286492,0.08332852274179459,0.03685738146305084,0.9519230769230769,0.9721254110336304,0.9721148688608013,0.04584677144885063,0.7737464284935331,0.776595744680851,0.6660459118013514,0.7762887139935545,0.920924961566925,0.19940927624702454,0.7096774193548387,0.7765957713127136,0.7740548554484802,0.37970441579818726,0.9168160095579451,0.9191919191919192,0.8794356428053633,0.9194201729851854,0.2590104341506958,0.045959506183862686,0.875,0.9191918969154358,0.9173122988247623,0.13109856843948364,,,,0.9259259104728699,0.9111111164093018,0.05433761403794856,0.6955017301038062,0.1806807965040207,0.17173610627651215,0.2121056616306305,6.8298234939575195,10.356003761291504,0.08080808073282242,0.1111111119389534,0.04040402173995972,0.05050504207611084,0.868686854839325,,,,,,,,,0.22831875085830688,0.17424391210079193,0.0,0.05407484248280525,0.1736234575510025,0.12568090856075287,0.4794255197048187,6.362875137710944e-05,0.49334603548049927,3.1608023643493652,0.6002234220504761,atlas_het,graphatlas_c_coordinate_relu,graphatlas_certified,ov0.25_cross0.00,,certificate,1.0,full,relu,False,dot,0,65,90,0,90,0.7765957713127136,64834,480,6540,0,18.42697787284851,cpu,0,0.9785642027854919,0.03488820046186447,0.5433794260025024,1.0,0.02143576741218567,0.0,0.9945114254951477,1.6519877910614014,0.025519205257296562,0.044524434953927994,0.00010833282431121916,0.6519877910614014,0.0028758521657437086,0.338451087474823,1.6519877910614014,0.6519877910614014,0.016748785972595215,0.431110143661499,2.648885129019618e-07,0.009321924299001694,0.02143576554954052,0.3699108958244324,0.689806342124939,1.6062500476837158,0.606249988079071,0.33946362137794495,0.6837934255599976,0.1021895632147789,0.49447718262672424,atlas_het__node_classification__graphatlas_c_coordinate_relu__split0__seed0__39dcfb7d9b0b,39dcfb7d9b0b,975d6eec98ed54f0
node_classification,accuracy,0.9721254110336304,0.7765957713127136,0.9191918969154358,,,,,,,,,,,,0.9731368420407387,0.9721254355400697,0.9584248161468638,0.9721502109286492,0.08332852274179459,0.03685738146305084,0.9519230769230769,0.9721254110336304,0.9721148688608013,0.04584677144885063,0.7737464284935331,0.776595744680851,0.6660459118013514,0.7762887139935545,0.920924961566925,0.19940927624702454,0.7096774193548387,0.7765957713127136,0.7740548554484802,0.37970441579818726,0.9168160095579451,0.9191919191919192,0.8794356428053633,0.9194201729851854,0.2590104341506958,0.045959506183862686,0.875,0.9191918969154358,0.9173122988247623,0.13109856843948364,,,,0.9259259104728699,0.9111111164093018,0.05433761403794856,0.6955017301038062,0.1806807965040207,0.17173610627651215,0.2121056616306305,6.8298234939575195,10.356003761291504,0.08080808073282242,0.1111111119389534,0.04040402173995972,0.05050504207611084,0.868686854839325,,,,,,,,,0.22831875085830688,0.17424391210079193,0.0,0.05407484248280525,0.1736234575510025,0.12568090856075287,0.4794255197048187,6.362875137710944e-05,0.49334603548049927,3.1608023643493652,0.6002234220504761,atlas_het,graphatlas_c_coordinate_relu,graphatlas_certified,ov0.25_cross0.15,,certificate,1.0,full,relu,False,dot,0,65,90,0,90,0.7765957713127136,64834,480,6540,0,18.37679123878479,cpu,0,0.9785642027854919,0.03488820046186447,0.5433794260025024,1.0,0.02143576741218567,0.0,0.9945114254951477,1.6519877910614014,0.025519205257296562,0.044524434953927994,0.00010833282431121916,0.6519877910614014,0.0028758521657437086,0.338451087474823,1.6519877910614014,0.6519877910614014,0.016748785972595215,0.431110143661499,2.648885129019618e-07,0.009321924299001694,0.02143576554954052,0.3699108958244324,0.689806342124939,1.6062500476837158,0.606249988079071,0.33946362137794495,0.6837934255599976,0.1021895632147789,0.49447718262672424,atlas_het__node_classification__graphatlas_c_coordinate_relu__split0__seed0__7b9628c07528,7b9628c07528,975d6eec98ed54f0
node_classification,accuracy,0.9721254110336304,0.7765957713127136,0.9191918969154358,,,,,,,,,,,,0.9731368420407387,0.9721254355400697,0.9584248161468638,0.9721502109286492,0.08332852274179459,0.03685738146305084,0.9519230769230769,0.9721254110336304,0.9721148688608013,0.04584677144885063,0.7737464284935331,0.776595744680851,0.6660459118013514,0.7762887139935545,0.920924961566925,0.19940927624702454,0.7096774193548387,0.7765957713127136,0.7740548554484802,0.37970441579818726,0.9168160095579451,0.9191919191919192,0.8794356428053633,0.9194201729851854,0.2590104341506958,0.045959506183862686,0.875,0.9191918969154358,0.9173122988247623,0.13109856843948364,,,,0.9259259104728699,0.9111111164093018,0.05433761403794856,0.6955017301038062,0.1806807965040207,0.17173610627651215,0.2121056616306305,6.8298234939575195,10.356003761291504,0.08080808073282242,0.1111111119389534,0.04040402173995972,0.05050504207611084,0.868686854839325,,,,,,,,,0.22831875085830688,0.17424391210079193,0.0,0.05407484248280525,0.1736234575510025,0.12568090856075287,0.4794255197048187,6.362875137710944e-05,0.49334603548049927,3.1608023643493652,0.6002234220504761,atlas_het,graphatlas_c_coordinate_relu,graphatlas_certified,ov0.25_cross0.30,,certificate,1.0,full,relu,False,dot,0,65,90,0,90,0.7765957713127136,64834,480,6540,0,18.38285207748413,cpu,0,0.9785642027854919,0.03488820046186447,0.5433794260025024,1.0,0.02143576741218567,0.0,0.9945114254951477,1.6519877910614014,0.025519205257296562,0.044524434953927994,0.00010833282431121916,0.6519877910614014,0.0028758521657437086,0.338451087474823,1.6519877910614014,0.6519877910614014,0.016748785972595215,0.431110143661499,2.648885129019618e-07,0.009321924299001694,0.02143576554954052,0.3699108958244324,0.689806342124939,1.6062500476837158,0.606249988079071,0.33946362137794495,0.6837934255599976,0.1021895632147789,0.49447718262672424,atlas_het__node_classification__graphatlas_c_coordinate_relu__split0__seed0__92a2a9922441,92a2a9922441,975d6eec98ed54f0
node_classification,accuracy,0.9721254110336304,0.7765957713127136,0.9191918969154358,,,,,,,,,,,,0.9731368420407387,0.9721254355400697,0.9584248161468638,0.9721502109286492,0.08332852274179459,0.03685738146305084,0.9519230769230769,0.9721254110336304,0.9721148688608013,0.04584677144885063,0.7737464284935331,0.776595744680851,0.6660459118013514,0.7762887139935545,0.920924961566925,0.19940927624702454,0.7096774193548387,0.7765957713127136,0.7740548554484802,0.37970441579818726,0.9168160095579451,0.9191919191919192,0.8794356428053633,0.9194201729851854,0.2590104341506958,0.045959506183862686,0.875,0.9191918969154358,0.9173122988247623,0.13109856843948364,,,,0.9259259104728699,0.9111111164093018,0.05433761403794856,0.6955017301038062,0.1806807965040207,0.17173610627651215,0.2121056616306305,6.8298234939575195,10.356003761291504,0.08080808073282242,0.1111111119389534,0.04040402173995972,0.05050504207611084,0.868686854839325,,,,,,,,,0.22831875085830688,0.17424391210079193,0.0,0.05407484248280525,0.1736234575510025,0.12568090856075287,0.4794255197048187,6.362875137710944e-05,0.49334603548049927,3.1608023643493652,0.6002234220504761,atlas_het,graphatlas_c_coordinate_relu,graphatlas_certified,ov0.25_cross0.50,,certificate,1.0,full,relu,False,dot,0,65,90,0,90,0.7765957713127136,64834,480,6540,0,18.409690618515015,cpu,0,0.9785642027854919,0.03488820046186447,0.5433794260025024,1.0,0.02143576741218567,0.0,0.9945114254951477,1.6519877910614014,0.025519205257296562,0.044524434953927994,0.00010833282431121916,0.6519877910614014,0.0028758521657437086,0.338451087474823,1.6519877910614014,0.6519877910614014,0.016748785972595215,0.431110143661499,2.648885129019618e-07,0.009321924299001694,0.02143576554954052,0.3699108958244324,0.689806342124939,1.6062500476837158,0.606249988079071,0.33946362137794495,0.6837934255599976,0.1021895632147789,0.49447718262672424,atlas_het__node_classification__graphatlas_c_coordinate_relu__split0__seed0__45eb2de9663a,45eb2de9663a,975d6eec98ed54f0
node_classification,accuracy,0.9651567935943604,0.7978723645210266,0.8585858345031738,,,,,,,,,,,,0.9647075770671276,0.9651567944250871,0.9477212924630009,0.964999702296603,0.09929627180099487,0.028877517208456993,0.9325842696629213,0.9651567935943604,0.9649943039416723,0.04925762489438057,0.7969421361425549,0.7978723404255319,0.6963167929773393,0.7982103468386179,1.2125784158706665,0.1632312834262848,0.7741935483870968,0.7978723645210266,0.7990154038988027,0.3442302346229553,0.8586096176821983,0.8585858585858586,0.7879718075764522,0.8588607852720757,0.5185979008674622,0.1078612208366394,0.84375,0.8585858345031738,0.8586096176821983,0.22468684613704681,,,,0.8441558480262756,0.9090909361839294,0.09856194802653813,0.5406301824212272,0.17708463966846466,0.4659040868282318,0.38346901535987854,27.763938903808594,18.748451232910156,0.1818181872367859,0.16161616146564484,0.12121212482452393,0.09090906381607056,0.7676767706871033,,,,,,,,,0.18715791404247284,0.13602234423160553,0.0,0.05113556981086731,0.23750218749046326,0.1968436986207962,0.40658465027809143,0.00012304425763431937,0.5388965606689453,3.226706027984619,0.6672081351280212,atlas_het,graphatlas_c_coordinate_relu,graphatlas_certified,ov0.40_cross0.00,,certificate,1.0,full,relu,False,dot,0,70,95,0,95,0.7978723645210266,64834,480,6540,0,19.51308512687683,cpu,0,0.9338065385818481,0.08872252702713013,0.1336844563484192,1.0,0.06619344651699066,0.00029248319333419204,0.959564208984375,1.4088685512542725,0.08841572701931,0.18085962533950806,0.00044432288268581033,0.4088684916496277,0.006092318799346685,0.2000255137681961,1.4088685512542725,0.4088684916496277,0.07131564617156982,0.5822798013687134,2.5345920562358515e-07,0.01604297384619713,0.06619343906641006,0.2752091884613037,0.7698776721954346,1.368749976158142,0.3687500059604645,0.20182429254055023,0.6480580568313599,0.013640133664011955,0.5578072667121887,atlas_het__node_classification__graphatlas_c_coordinate_relu__split0__seed0__dfc2afc53c81,dfc2afc53c81,975d6eec98ed54f0
node_classification,accuracy,0.9651567935943604,0.7978723645210266,0.8585858345031738,,,,,,,,,,,,0.9647075770671276,0.9651567944250871,0.9477212924630009,0.964999702296603,0.09929627180099487,0.028877517208456993,0.9325842696629213,0.9651567935943604,0.9649943039416723,0.04925762489438057,0.7969421361425549,0.7978723404255319,0.6963167929773393,0.7982103468386179,1.2125784158706665,0.1632312834262848,0.7741935483870968,0.7978723645210266,0.7990154038988027,0.3442302346229553,0.8586096176821983,0.8585858585858586,0.7879718075764522,0.8588607852720757,0.5185979008674622,0.1078612208366394,0.84375,0.8585858345031738,0.8586096176821983,0.22468684613704681,,,,0.8441558480262756,0.9090909361839294,0.09856194802653813,0.5406301824212272,0.17708463966846466,0.4659040868282318,0.38346901535987854,27.763938903808594,18.748451232910156,0.1818181872367859,0.16161616146564484,0.12121212482452393,0.09090906381607056,0.7676767706871033,,,,,,,,,0.18715791404247284,0.13602234423160553,0.0,0.05113556981086731,0.23750218749046326,0.1968436986207962,0.40658465027809143,0.00012304425763431937,0.5388965606689453,3.226706027984619,0.6672081351280212,atlas_het,graphatlas_c_coordinate_relu,graphatlas_certified,ov0.40_cross0.15,,certificate,1.0,full,relu,False,dot,0,70,95,0,95,0.7978723645210266,64834,480,6540,0,20.219116926193237,cpu,0,0.9338065385818481,0.08872252702713013,0.1336844563484192,1.0,0.06619344651699066,0.00029248319333419204,0.959564208984375,1.4088685512542725,0.08841572701931,0.18085962533950806,0.00044432288268581033,0.4088684916496277,0.006092318799346685,0.2000255137681961,1.4088685512542725,0.4088684916496277,0.07131564617156982,0.5822798013687134,2.5345920562358515e-07,0.01604297384619713,0.06619343906641006,0.2752091884613037,0.7698776721954346,1.368749976158142,0.3687500059604645,0.20182429254055023,0.6480580568313599,0.013640133664011955,0.5578072667121887,atlas_het__node_classification__graphatlas_c_coordinate_relu__split0__seed0__b086aacadce2,b086aacadce2,975d6eec98ed54f0
node_classification,accuracy,0.9651567935943604,0.7978723645210266,0.8585858345031738,,,,,,,,,,,,0.9647075770671276,0.9651567944250871,0.9477212924630009,0.964999702296603,0.09929627180099487,0.028877517208456993,0.9325842696629213,0.9651567935943604,0.9649943039416723,0.04925762489438057,0.7969421361425549,0.7978723404255319,0.6963167929773393,0.7982103468386179,1.2125784158706665,0.1632312834262848,0.7741935483870968,0.7978723645210266,0.7990154038988027,0.3442302346229553,0.8586096176821983,0.8585858585858586,0.7879718075764522,0.8588607852720757,0.5185979008674622,0.1078612208366394,0.84375,0.8585858345031738,0.8586096176821983,0.22468684613704681,,,,0.8441558480262756,0.9090909361839294,0.09856194802653813,0.5406301824212272,0.17708463966846466,0.4659040868282318,0.38346901535987854,27.763938903808594,18.748451232910156,0.1818181872367859,0.16161616146564484,0.12121212482452393,0.09090906381607056,0.7676767706871033,,,,,,,,,0.18715791404247284,0.13602234423160553,0.0,0.05113556981086731,0.23750218749046326,0.1968436986207962,0.40658465027809143,0.00012304425763431937,0.5388965606689453,3.226706027984619,0.6672081351280212,atlas_het,graphatlas_c_coordinate_relu,graphatlas_certified,ov0.40_cross0.30,,certificate,1.0,full,relu,False,dot,0,70,95,0,95,0.7978723645210266,64834,480,6540,0,19.711894273757935,cpu,0,0.9338065385818481,0.08872252702713013,0.1336844563484192,1.0,0.06619344651699066,0.00029248319333419204,0.959564208984375,1.4088685512542725,0.08841572701931,0.18085962533950806,0.00044432288268581033,0.4088684916496277,0.006092318799346685,0.2000255137681961,1.4088685512542725,0.4088684916496277,0.07131564617156982,0.5822798013687134,2.5345920562358515e-07,0.01604297384619713,0.06619343906641006,0.2752091884613037,0.7698776721954346,1.368749976158142,0.3687500059604645,0.20182429254055023,0.6480580568313599,0.013640133664011955,0.5578072667121887,atlas_het__node_classification__graphatlas_c_coordinate_relu__split0__seed0__bca279cbf45e,bca279cbf45e,975d6eec98ed54f0
node_classification,accuracy,0.9651567935943604,0.7978723645210266,0.8585858345031738,,,,,,,,,,,,0.9647075770671276,0.9651567944250871,0.9477212924630009,0.964999702296603,0.09929627180099487,0.028877517208456993,0.9325842696629213,0.9651567935943604,0.9649943039416723,0.04925762489438057,0.7969421361425549,0.7978723404255319,0.6963167929773393,0.7982103468386179,1.2125784158706665,0.1632312834262848,0.7741935483870968,0.7978723645210266,0.7990154038988027,0.3442302346229553,0.8586096176821983,0.8585858585858586,0.7879718075764522,0.8588607852720757,0.5185979008674622,0.1078612208366394,0.84375,0.8585858345031738,0.8586096176821983,0.22468684613704681,,,,0.8441558480262756,0.9090909361839294,0.09856194802653813,0.5406301824212272,0.17708463966846466,0.4659040868282318,0.38346901535987854,27.763938903808594,18.748451232910156,0.1818181872367859,0.16161616146564484,0.12121212482452393,0.09090906381607056,0.7676767706871033,,,,,,,,,0.18715791404247284,0.13602234423160553,0.0,0.05113556981086731,0.23750218749046326,0.1968436986207962,0.40658465027809143,0.00012304425763431937,0.5388965606689453,3.226706027984619,0.6672081351280212,atlas_het,graphatlas_c_coordinate_relu,graphatlas_certified,ov0.40_cross0.50,,certificate,1.0,full,relu,False,dot,0,70,95,0,95,0.7978723645210266,64834,480,6540,0,19.68812608718872,cpu,0,0.9338065385818481,0.08872252702713013,0.1336844563484192,1.0,0.06619344651699066,0.00029248319333419204,0.959564208984375,1.4088685512542725,0.08841572701931,0.18085962533950806,0.00044432288268581033,0.4088684916496277,0.006092318799346685,0.2000255137681961,1.4088685512542725,0.4088684916496277,0.07131564617156982,0.5822798013687134,2.5345920562358515e-07,0.01604297384619713,0.06619343906641006,0.2752091884613037,0.7698776721954346,1.368749976158142,0.3687500059604645,0.20182429254055023,0.6480580568313599,0.013640133664011955,0.5578072667121887,atlas_het__node_classification__graphatlas_c_coordinate_relu__split0__seed0__c9af0a23c915,c9af0a23c915,975d6eec98ed54f0
node_classification,accuracy,0.9686411023139954,0.8085106611251831,0.868686854839325,,,,,,,,,,,,0.9686521144804674,0.9686411149825784,0.9528875231122766,0.9686098546877216,0.09458164125680923,0.019401324912905693,0.9550561797752809,0.9686411023139954,0.9684555795938307,0.05297697335481644,0.8095923575214291,0.8085106382978723,0.7135329769573595,0.8081533988460152,0.7729066014289856,0.14345964789390564,0.7647058823529411,0.8085106611251831,0.8078036723163842,0.335611492395401,0.8705197132616487,0.8686868686868687,0.8032488837756535,0.8685043351710018,0.512047529220581,0.11636069416999817,0.8333333333333334,0.868686854839325,0.8691900691900692,0.2313140481710434,,,,0.868686854839325,,0.10297821390101171,0.6721991701244814,0.2324385792016983,0.45300090312957764,0.4481409788131714,32.74945831298828,32.74945068359375,0.23232322931289673,0.2222222238779068,0.191919207572937,0.16161614656448364,0.7070707082748413,,,,,,,,,0.1283985823392868,0.08465838432312012,0.0,0.043740201741456985,0.14554543793201447,0.11099740862846375,0.34548038244247437,3.266070052632131e-05,0.46049851179122925,3.181272268295288,0.40007326006889343,atlas_het,graphatlas_c_coordinate_relu,graphatlas_certified,ov0.55_cross0.00,,certificate,1.0,full,relu,False,dot,0,65,90,0,90,0.8085106611251831,64834,480,6540,0,18.771291971206665,cpu,0,0.9809161424636841,0.02408469282090664,0.6512920260429382,1.0,0.019083911553025246,0.0,0.9995745420455933,1.5518348217010498,0.023754937574267387,0.040028929710388184,4.9652953748591244e-05,0.5518348813056946,0.0023516512010246515,0.2914956510066986,1.5518348217010498,0.5518348813056946,0.02150017023086548,0.3438637852668762,2.49807726504514e-07,0.00693497434258461,0.019083913415670395,0.3339407444000244,0.7209480404853821,1.506250023841858,0.5062500238418579,0.2936307191848755,0.6855298280715942,0.06111598759889603,0.5275502800941467,atlas_het__node_classification__graphatlas_c_coordinate_relu__split0__seed0__c2ef3b6beb6f,c2ef3b6beb6f,975d6eec98ed54f0
node_classification,accuracy,0.9686411023139954,0.8085106611251831,0.868686854839325,,,,,,,,,,,,0.9686521144804674,0.9686411149825784,0.9528875231122766,0.9686098546877216,0.09458164125680923,0.019401324912905693,0.9550561797752809,0.9686411023139954,0.9684555795938307,0.05297697335481644,0.8095923575214291,0.8085106382978723,0.7135329769573595,0.8081533988460152,0.7729066014289856,0.14345964789390564,0.7647058823529411,0.8085106611251831,0.8078036723163842,0.335611492395401,0.8705197132616487,0.8686868686868687,0.8032488837756535,0.8685043351710018,0.512047529220581,0.11636069416999817,0.8333333333333334,0.868686854839325,0.8691900691900692,0.2313140481710434,,,,0.868686854839325,,0.10297821390101171,0.6721991701244814,0.2324385792016983,0.45300090312957764,0.4481409788131714,32.74945831298828,32.74945068359375,0.23232322931289673,0.2222222238779068,0.191919207572937,0.16161614656448364,0.7070707082748413,,,,,,,,,0.1283985823392868,0.08465838432312012,0.0,0.043740201741456985,0.14554543793201447,0.11099740862846375,0.34548038244247437,3.266070052632131e-05,0.46049851179122925,3.181272268295288,0.40007326006889343,atlas_het,graphatlas_c_coordinate_relu,graphatlas_certified,ov0.55_cross0.15,,certificate,1.0,full,relu,False,dot,0,65,90,0,90,0.8085106611251831,64834,480,6540,0,18.81552219390869,cpu,0,0.9809161424636841,0.02408469282090664,0.6512920260429382,1.0,0.019083911553025246,0.0,0.9995745420455933,1.5518348217010498,0.023754937574267387,0.040028929710388184,4.9652953748591244e-05,0.5518348813056946,0.0023516512010246515,0.2914956510066986,1.5518348217010498,0.5518348813056946,0.02150017023086548,0.3438637852668762,2.49807726504514e-07,0.00693497434258461,0.019083913415670395,0.3339407444000244,0.7209480404853821,1.506250023841858,0.5062500238418579,0.2936307191848755,0.6855298280715942,0.06111598759889603,0.5275502800941467,atlas_het__node_classification__graphatlas_c_coordinate_relu__split0__seed0__39c74e3e30a9,39c74e3e30a9,975d6eec98ed54f0
node_classification,accuracy,0.9686411023139954,0.8085106611251831,0.868686854839325,,,,,,,,,,,,0.9686521144804674,0.9686411149825784,0.9528875231122766,0.9686098546877216,0.09458164125680923,0.019401324912905693,0.9550561797752809,0.9686411023139954,0.9684555795938307,0.05297697335481644,0.8095923575214291,0.8085106382978723,0.7135329769573595,0.8081533988460152,0.7729066014289856,0.14345964789390564,0.7647058823529411,0.8085106611251831,0.8078036723163842,0.335611492395401,0.8705197132616487,0.8686868686868687,0.8032488837756535,0.8685043351710018,0.512047529220581,0.11636069416999817,0.8333333333333334,0.868686854839325,0.8691900691900692,0.2313140481710434,,,,0.868686854839325,,0.10297821390101171,0.6721991701244814,0.2324385792016983,0.45300090312957764,0.4481409788131714,32.74945831298828,32.74945068359375,0.23232322931289673,0.2222222238779068,0.191919207572937,0.16161614656448364,0.7070707082748413,,,,,,,,,0.1283985823392868,0.08465838432312012,0.0,0.043740201741456985,0.14554543793201447,0.11099740862846375,0.34548038244247437,3.266070052632131e-05,0.46049851179122925,3.181272268295288,0.40007326006889343,atlas_het,graphatlas_c_coordinate_relu,graphatlas_certified,ov0.55_cross0.30,,certificate,1.0,full,relu,False,dot,0,65,90,0,90,0.8085106611251831,64834,480,6540,0,18.666252374649048,cpu,0,0.9809161424636841,0.02408469282090664,0.6512920260429382,1.0,0.019083911553025246,0.0,0.9995745420455933,1.5518348217010498,0.023754937574267387,0.040028929710388184,4.9652953748591244e-05,0.5518348813056946,0.0023516512010246515,0.2914956510066986,1.5518348217010498,0.5518348813056946,0.02150017023086548,0.3438637852668762,2.49807726504514e-07,0.00693497434258461,0.019083913415670395,0.3339407444000244,0.7209480404853821,1.506250023841858,0.5062500238418579,0.2936307191848755,0.6855298280715942,0.06111598759889603,0.5275502800941467,atlas_het__node_classification__graphatlas_c_coordinate_relu__split0__seed0__5c70b3f3a618,5c70b3f3a618,975d6eec98ed54f0
node_classification,accuracy,0.9686411023139954,0.8085106611251831,0.868686854839325,,,,,,,,,,,,0.9686521144804674,0.9686411149825784,0.9528875231122766,0.9686098546877216,0.09458164125680923,0.019401324912905693,0.9550561797752809,0.9686411023139954,0.9684555795938307,0.05297697335481644,0.8095923575214291,0.8085106382978723,0.7135329769573595,0.8081533988460152,0.7729066014289856,0.14345964789390564,0.7647058823529411,0.8085106611251831,0.8078036723163842,0.335611492395401,0.8705197132616487,0.8686868686868687,0.8032488837756535,0.8685043351710018,0.512047529220581,0.11636069416999817,0.8333333333333334,0.868686854839325,0.8691900691900692,0.2313140481710434,,,,0.868686854839325,,0.10297821390101171,0.6721991701244814,0.2324385792016983,0.45300090312957764,0.4481409788131714,32.74945831298828,32.74945068359375,0.23232322931289673,0.2222222238779068,0.191919207572937,0.16161614656448364,0.7070707082748413,,,,,,,,,0.1283985823392868,0.08465838432312012,0.0,0.043740201741456985,0.14554543793201447,0.11099740862846375,0.34548038244247437,3.266070052632131e-05,0.46049851179122925,3.181272268295288,0.40007326006889343,atlas_het,graphatlas_c_coordinate_relu,graphatlas_certified,ov0.55_cross0.50,,certificate,1.0,full,relu,False,dot,0,65,90,0,90,0.8085106611251831,64834,480,6540,0,18.448267698287964,cpu,0,0.9809161424636841,0.02408469282090664,0.6512920260429382,1.0,0.019083911553025246,0.0,0.9995745420455933,1.5518348217010498,0.023754937574267387,0.040028929710388184,4.9652953748591244e-05,0.5518348813056946,0.0023516512010246515,0.2914956510066986,1.5518348217010498,0.5518348813056946,0.02150017023086548,0.3438637852668762,2.49807726504514e-07,0.00693497434258461,0.019083913415670395,0.3339407444000244,0.7209480404853821,1.506250023841858,0.5062500238418579,0.2936307191848755,0.6855298280715942,0.06111598759889603,0.5275502800941467,atlas_het__node_classification__graphatlas_c_coordinate_relu__split0__seed0__f540f029a290,f540f029a290,975d6eec98ed54f0
node_classification,accuracy,0.9442508816719055,0.8421052694320679,0.8673469424247742,,,,,,,,,,,,0.9436748272528401,0.9442508710801394,0.9162606056950284,0.9442792551485647,0.14948709309101105,0.026098886504769325,0.9310344827586207,0.9442508816719055,0.9443937429781349,0.08863180130720139,0.841518634622083,0.8421052631578947,0.7630222285587606,0.8423577849447608,0.7560684084892273,0.12964804470539093,0.8275862068965517,0.8421052694320679,0.8411942106857362,0.27915090322494507,0.8653679653679655,0.8673469387755102,0.8006889876515368,0.86714352046344,0.49414128065109253,0.07144438475370407,0.8333333333333334,0.8673469424247742,0.8654267485253402,0.2045033723115921,,,,0.8536585569381714,0.8771929740905762,-0.0041946160751552665,0.35526315789473684,0.20419064164161682,0.5376158952713013,0.43650978803634644,26.957361221313477,10.798789024353027,0.26530611515045166,0.22448979318141937,0.1428571343421936,0.10204082727432251,0.7653061151504517,,,,,,,,,0.1491371989250183,0.10270792245864868,0.0,0.046429283916950226,0.19621893763542175,0.14878734946250916,0.47431594133377075,0.0014587643090635538,0.35219135880470276,5.387595176696777,0.8918957710266113,atlas_het,graphatlas_c_coordinate_relu,graphatlas_certified,ov0.10_cross0.00,,certificate,1.0,full,relu,False,dot,1,55,80,0,80,0.8421052694320679,64834,480,6456,0,16.49952006340027,cpu,0,0.943507730960846,0.07436437159776688,0.3994317948818207,0.9999998807907104,0.056492265313863754,0.0,0.9708532094955444,1.294299840927124,0.07816207408905029,0.16897493600845337,0.0002617038262542337,0.2942998707294464,0.0038545215502381325,0.14114293456077576,1.294299840927124,0.2942998707294464,0.06266188621520996,0.3816405236721039,2.597924435576715e-07,0.010847114957869053,0.05649227276444435,0.222089022397995,0.8380834460258484,1.2604166269302368,0.2604166567325592,0.14368590712547302,0.6300653219223022,0.0732041671872139,0.7296702265739441,atlas_het__node_classification__graphatlas_c_coordinate_relu__split0__seed1__b7d3e0d183bb,b7d3e0d183bb,975d6eec98ed54f0
node_classification,accuracy,0.9442508816719055,0.8421052694320679,0.8673469424247742,,,,,,,,,,,,0.9436748272528401,0.9442508710801394,0.9162606056950284,0.9442792551485647,0.14948709309101105,0.026098886504769325,0.9310344827586207,0.9442508816719055,0.9443937429781349,0.08863180130720139,0.841518634622083,0.8421052631578947,0.7630222285587606,0.8423577849447608,0.7560684084892273,0.12964804470539093,0.8275862068965517,0.8421052694320679,0.8411942106857362,0.27915090322494507,0.8653679653679655,0.8673469387755102,0.8006889876515368,0.86714352046344,0.49414128065109253,0.07144438475370407,0.8333333333333334,0.8673469424247742,0.8654267485253402,0.2045033723115921,,,,0.8536585569381714,0.8771929740905762,-0.0041946160751552665,0.35526315789473684,0.20419064164161682,0.5376158952713013,0.43650978803634644,26.957361221313477,10.798789024353027,0.26530611515045166,0.22448979318141937,0.1428571343421936,0.10204082727432251,0.7653061151504517,,,,,,,,,0.1491371989250183,0.10270792245864868,0.0,0.046429283916950226,0.19621893763542175,0.14878734946250916,0.47431594133377075,0.0014587643090635538,0.35219135880470276,5.387595176696777,0.8918957710266113,atlas_het,graphatlas_c_coordinate_relu,graphatlas_certified,ov0.10_cross0.15,,certificate,1.0,full,relu,False,dot,1,55,80,0,80,0.8421052694320679,64834,480,6456,0,16.456055879592896,cpu,0,0.943507730960846,0.07436437159776688,0.3994317948818207,0.9999998807907104,0.056492265313863754,0.0,0.9708532094955444,1.294299840927124,0.07816207408905029,0.16897493600845337,0.0002617038262542337,0.2942998707294464,0.0038545215502381325,0.14114293456077576,1.294299840927124,0.2942998707294464,0.06266188621520996,0.3816405236721039,2.597924435576715e-07,0.010847114957869053,0.05649227276444435,0.222089022397995,0.8380834460258484,1.2604166269302368,0.2604166567325592,0.14368590712547302,0.6300653219223022,0.0732041671872139,0.7296702265739441,atlas_het__node_classification__graphatlas_c_coordinate_relu__split0__seed1__e40dafe6a9a9,e40dafe6a9a9,975d6eec98ed54f0
node_classification,accuracy,0.9442508816719055,0.8421052694320679,0.8673469424247742,,,,,,,,,,,,0.9436748272528401,0.9442508710801394,0.9162606056950284,0.9442792551485647,0.14948709309101105,0.026098886504769325,0.9310344827586207,0.9442508816719055,0.9443937429781349,0.08863180130720139,0.841518634622083,0.8421052631578947,0.7630222285587606,0.8423577849447608,0.7560684084892273,0.12964804470539093,0.8275862068965517,0.8421052694320679,0.8411942106857362,0.27915090322494507,0.8653679653679655,0.8673469387755102,0.8006889876515368,0.86714352046344,0.49414128065109253,0.07144438475370407,0.8333333333333334,0.8673469424247742,0.8654267485253402,0.2045033723115921,,,,0.8536585569381714,0.8771929740905762,-0.0041946160751552665,0.35526315789473684,0.20419064164161682,0.5376158952713013,0.43650978803634644,26.957361221313477,10.798789024353027,0.26530611515045166,0.22448979318141937,0.1428571343421936,0.10204082727432251,0.7653061151504517,,,,,,,,,0.1491371989250183,0.10270792245864868,0.0,0.046429283916950226,0.19621893763542175,0.14878734946250916,0.47431594133377075,0.0014587643090635538,0.35219135880470276,5.387595176696777,0.8918957710266113,atlas_het,graphatlas_c_coordinate_relu,graphatlas_certified,ov0.10_cross0.30,,certificate,1.0,full,relu,False,dot,1,55,80,0,80,0.8421052694320679,64834,480,6456,0,16.40825653076172,cpu,0,0.943507730960846,0.07436437159776688,0.3994317948818207,0.9999998807907104,0.056492265313863754,0.0,0.9708532094955444,1.294299840927124,0.07816207408905029,0.16897493600845337,0.0002617038262542337,0.2942998707294464,0.0038545215502381325,0.14114293456077576,1.294299840927124,0.2942998707294464,0.06266188621520996,0.3816405236721039,2.597924435576715e-07,0.010847114957869053,0.05649227276444435,0.222089022397995,0.8380834460258484,1.2604166269302368,0.2604166567325592,0.14368590712547302,0.6300653219223022,0.0732041671872139,0.7296702265739441,atlas_het__node_classification__graphatlas_c_coordinate_relu__split0__seed1__277c4474dd3b,277c4474dd3b,975d6eec98ed54f0
node_classification,accuracy,0.9442508816719055,0.8421052694320679,0.8673469424247742,,,,,,,,,,,,0.9436748272528401,0.9442508710801394,0.9162606056950284,0.9442792551485647,0.14948709309101105,0.026098886504769325,0.9310344827586207,0.9442508816719055,0.9443937429781349,0.08863180130720139,0.841518634622083,0.8421052631578947,0.7630222285587606,0.8423577849447608,0.7560684084892273,0.12964804470539093,0.8275862068965517,0.8421052694320679,0.8411942106857362,0.27915090322494507,0.8653679653679655,0.8673469387755102,0.8006889876515368,0.86714352046344,0.49414128065109253,0.07144438475370407,0.8333333333333334,0.8673469424247742,0.8654267485253402,0.2045033723115921,,,,0.8536585569381714,0.8771929740905762,-0.0041946160751552665,0.35526315789473684,0.20419064164161682,0.5376158952713013,0.43650978803634644,26.957361221313477,10.798789024353027,0.26530611515045166,0.22448979318141937,0.1428571343421936,0.10204082727432251,0.7653061151504517,,,,,,,,,0.1491371989250183,0.10270792245864868,0.0,0.046429283916950226,0.19621893763542175,0.14878734946250916,0.47431594133377075,0.0014587643090635538,0.35219135880470276,5.387595176696777,0.8918957710266113,atlas_het,graphatlas_c_coordinate_relu,graphatlas_certified,ov0.10_cross0.50,,certificate,1.0,full,relu,False,dot,1,55,80,0,80,0.8421052694320679,64834,480,6456,0,16.640145778656006,cpu,0,0.943507730960846,0.07436437159776688,0.3994317948818207,0.9999998807907104,0.056492265313863754,0.0,0.9708532094955444,1.294299840927124,0.07816207408905029,0.16897493600845337,0.0002617038262542337,0.2942998707294464,0.0038545215502381325,0.14114293456077576,1.294299840927124,0.2942998707294464,0.06266188621520996,0.3816405236721039,2.597924435576715e-07,0.010847114957869053,0.05649227276444435,0.222089022397995,0.8380834460258484,1.2604166269302368,0.2604166567325592,0.14368590712547302,0.6300653219223022,0.0732041671872139,0.7296702265739441,atlas_het__node_classification__graphatlas_c_coordinate_relu__split0__seed1__1648da8b4780,1648da8b4780,975d6eec98ed54f0
node_classification,accuracy,0.9442508816719055,0.8315789699554443,0.8265306353569031,,,,,,,,,,,,0.9416838235547692,0.9442508710801394,0.9169233582552124,0.9439948768223129,0.1277250200510025,0.03758220374584198,0.8850574712643678,0.9442508816719055,0.9432238758957397,0.07263942807912827,0.8300243817485198,0.8315789473684211,0.748041529399545,0.8318404707420725,0.9543401002883911,0.17898374795913696,0.7931034482758621,0.8315789699554443,0.8302753385212155,0.34493276476860046,0.8235209235209235,0.826530612244898,0.7395806500053891,0.8263534580498866,1.1391438245773315,0.09819634258747101,0.7666666666666667,0.8265306353569031,0.8238425925925926,0.2573545277118683,,,,0.8196721076965332,0.837837815284729,-0.021758839294327592,0.4298642533936652,0.18714721500873566,0.5997563004493713,0.35165882110595703,14.179365158081055,13.384050369262695,0.2857142984867096,0.1428571492433548,0.1734694242477417,0.10204082727432251,0.7244898080825806,,,,,,,,,0.0976058691740036,0.07395980507135391,0.0,0.023646067827939987,0.15880781412124634,0.12858395278453827,0.3022386431694031,0.0,0.5341787338256836,2.602099895477295,0.7381067872047424,atlas_het,graphatlas_c_coordinate_relu,graphatlas_certified,ov0.25_cross0.00,,certificate,1.0,full,relu,False,dot,1,60,85,0,85,0.8315789699554443,64834,480,6456,0,17.28362798690796,cpu,0,0.9423002600669861,0.07201403379440308,0.553857147693634,1.0,0.05769965052604675,0.0,0.9796169400215149,1.2972428798675537,0.09302585572004318,0.20892071723937988,0.00036699813790619373,0.2972428798675537,0.0046093035489320755,0.14367440342903137,1.2972428798675537,0.2972428798675537,0.06676900386810303,0.44132423400878906,2.1519360871025128e-07,0.014570914208889008,0.057699646800756454,0.20659294724464417,0.8395290970802307,1.2770832777023315,0.2770833373069763,0.14502955973148346,0.6026613712310791,0.008317742496728897,0.7582672238349915,atlas_het__node_classification__graphatlas_c_coordinate_relu__split0__seed1__952de143659a,952de143659a,975d6eec98ed54f0
node_classification,accuracy,0.9442508816719055,0.8315789699554443,0.8265306353569031,,,,,,,,,,,,0.9416838235547692,0.9442508710801394,0.9169233582552124,0.9439948768223129,0.1277250200510025,0.03758220374584198,0.8850574712643678,0.9442508816719055,0.9432238758957397,0.07263942807912827,0.8300243817485198,0.8315789473684211,0.748041529399545,0.8318404707420725,0.9543401002883911,0.17898374795913696,0.7931034482758621,0.8315789699554443,0.8302753385212155,0.34493276476860046,0.8235209235209235,0.826530612244898,0.7395806500053891,0.8263534580498866,1.1391438245773315,0.09819634258747101,0.7666666666666667,0.8265306353569031,0.8238425925925926,0.2573545277118683,,,,0.8196721076965332,0.837837815284729,-0.021758839294327592,0.4298642533936652,0.18714721500873566,0.5997563004493713,0.35165882110595703,14.179365158081055,13.384050369262695,0.2857142984867096,0.1428571492433548,0.1734694242477417,0.10204082727432251,0.7244898080825806,,,,,,,,,0.0976058691740036,0.07395980507135391,0.0,0.023646067827939987,0.15880781412124634,0.12858395278453827,0.3022386431694031,0.0,0.5341787338256836,2.602099895477295,0.7381067872047424,atlas_het,graphatlas_c_coordinate_relu,graphatlas_certified,ov0.25_cross0.15,,certificate,1.0,full,relu,False,dot,1,60,85,0,85,0.8315789699554443,64834,480,6456,0,17.273096323013306,cpu,0,0.9423002600669861,0.07201403379440308,0.553857147693634,1.0,0.05769965052604675,0.0,0.9796169400215149,1.2972428798675537,0.09302585572004318,0.20892071723937988,0.00036699813790619373,0.2972428798675537,0.0046093035489320755,0.14367440342903137,1.2972428798675537,0.2972428798675537,0.06676900386810303,0.44132423400878906,2.1519360871025128e-07,0.014570914208889008,0.057699646800756454,0.20659294724464417,0.8395290970802307,1.2770832777023315,0.2770833373069763,0.14502955973148346,0.6026613712310791,0.008317742496728897,0.7582672238349915,atlas_het__node_classification__graphatlas_c_coordinate_relu__split0__seed1__d27c5e24eecc,d27c5e24eecc,975d6eec98ed54f0
node_classification,accuracy,0.9442508816719055,0.8315789699554443,0.8265306353569031,,,,,,,,,,,,0.9416838235547692,0.9442508710801394,0.9169233582552124,0.9439948768223129,0.1277250200510025,0.03758220374584198,0.8850574712643678,0.9442508816719055,0.9432238758957397,0.07263942807912827,0.8300243817485198,0.8315789473684211,0.748041529399545,0.8318404707420725,0.9543401002883911,0.17898374795913696,0.7931034482758621,0.8315789699554443,0.8302753385212155,0.34493276476860046,0.8235209235209235,0.826530612244898,0.7395806500053891,0.8263534580498866,1.1391438245773315,0.09819634258747101,0.7666666666666667,0.8265306353569031,0.8238425925925926,0.2573545277118683,,,,0.8196721076965332,0.837837815284729,-0.021758839294327592,0.4298642533936652,0.18714721500873566,0.5997563004493713,0.35165882110595703,14.179365158081055,13.384050369262695,0.2857142984867096,0.1428571492433548,0.1734694242477417,0.10204082727432251,0.7244898080825806,,,,,,,,,0.0976058691740036,0.07395980507135391,0.0,0.023646067827939987,0.15880781412124634,0.12858395278453827,0.3022386431694031,0.0,0.5341787338256836,2.602099895477295,0.7381067872047424,atlas_het,graphatlas_c_coordinate_relu,graphatlas_certified,ov0.25_cross0.30,,certificate,1.0,full,relu,False,dot,1,60,85,0,85,0.8315789699554443,64834,480,6456,0,17.328454732894897,cpu,0,0.9423002600669861,0.07201403379440308,0.553857147693634,1.0,0.05769965052604675,0.0,0.9796169400215149,1.2972428798675537,0.09302585572004318,0.20892071723937988,0.00036699813790619373,0.2972428798675537,0.0046093035489320755,0.14367440342903137,1.2972428798675537,0.2972428798675537,0.06676900386810303,0.44132423400878906,2.1519360871025128e-07,0.014570914208889008,0.057699646800756454,0.20659294724464417,0.8395290970802307,1.2770832777023315,0.2770833373069763,0.14502955973148346,0.6026613712310791,0.008317742496728897,0.7582672238349915,atlas_het__node_classification__graphatlas_c_coordinate_relu__split0__seed1__b450be53084d,b450be53084d,975d6eec98ed54f0
node_classification,accuracy,0.9442508816719055,0.8315789699554443,0.8265306353569031,,,,,,,,,,,,0.9416838235547692,0.9442508710801394,0.9169233582552124,0.9439948768223129,0.1277250200510025,0.03758220374584198,0.8850574712643678,0.9442508816719055,0.9432238758957397,0.07263942807912827,0.8300243817485198,0.8315789473684211,0.748041529399545,0.8318404707420725,0.9543401002883911,0.17898374795913696,0.7931034482758621,0.8315789699554443,0.8302753385212155,0.34493276476860046,0.8235209235209235,0.826530612244898,0.7395806500053891,0.8263534580498866,1.1391438245773315,0.09819634258747101,0.7666666666666667,0.8265306353569031,0.8238425925925926,0.2573545277118683,,,,0.8196721076965332,0.837837815284729,-0.021758839294327592,0.4298642533936652,0.18714721500873566,0.5997563004493713,0.35165882110595703,14.179365158081055,13.384050369262695,0.2857142984867096,0.1428571492433548,0.1734694242477417,0.10204082727432251,0.7244898080825806,,,,,,,,,0.0976058691740036,0.07395980507135391,0.0,0.023646067827939987,0.15880781412124634,0.12858395278453827,0.3022386431694031,0.0,0.5341787338256836,2.602099895477295,0.7381067872047424,atlas_het,graphatlas_c_coordinate_relu,graphatlas_certified,ov0.25_cross0.50,,certificate,1.0,full,relu,False,dot,1,60,85,0,85,0.8315789699554443,64834,480,6456,0,17.317303895950317,cpu,0,0.9423002600669861,0.07201403379440308,0.553857147693634,1.0,0.05769965052604675,0.0,0.9796169400215149,1.2972428798675537,0.09302585572004318,0.20892071723937988,0.00036699813790619373,0.2972428798675537,0.0046093035489320755,0.14367440342903137,1.2972428798675537,0.2972428798675537,0.06676900386810303,0.44132423400878906,2.1519360871025128e-07,0.014570914208889008,0.057699646800756454,0.20659294724464417,0.8395290970802307,1.2770832777023315,0.2770833373069763,0.14502955973148346,0.6026613712310791,0.008317742496728897,0.7582672238349915,atlas_het__node_classification__graphatlas_c_coordinate_relu__split0__seed1__2b5c25e4ffc0,2b5c25e4ffc0,975d6eec98ed54f0
node_classification,accuracy,0.8710801601409912,0.7894737124443054,0.795918345451355,,,,,,,,,,,,0.8689213748961103,0.8710801393728222,0.8068463804431532,0.8706119451429036,0.31989994645118713,0.07139602303504944,0.8275862068965517,0.8710801601409912,0.8701378556360536,0.18428099155426025,0.7896203413444792,0.7894736842105263,0.6836496836496837,0.7894736842105263,0.6893802881240845,0.12135551869869232,0.7878787878787878,0.7894737124443054,0.7896203413444792,0.36689120531082153,0.7974025974025974,0.7959183673469388,0.6980567713812708,0.7952690166975881,0.6912177205085754,0.10089737176895142,0.696969696969697,0.795918345451355,0.7943722943722943,0.33707308769226074,,,,0.7654321193695068,0.9411764740943909,-0.034207822195745946,0.6414523449319214,0.2144182175397873,0.367492139339447,0.24259038269519806,5.833456516265869,4.197475910186768,0.13265305757522583,0.0714285746216774,0.06122446060180664,0.020408153533935547,0.7755101919174194,,,,,,,,,0.22927244007587433,0.17119373381137848,0.0,0.05807870626449585,0.23045514523983002,0.18339040875434875,0.4706471562385559,7.3773135227384046e-06,0.576661229133606,2.530566453933716,1.1527557373046875,atlas_het,graphatlas_c_coordinate_relu,graphatlas_certified,ov0.40_cross0.00,,certificate,1.0,full,relu,False,dot,1,40,65,0,65,0.7894737124443054,64834,480,6456,0,13.47710108757019,cpu,0,0.9572848081588745,0.04619421809911728,0.5295664668083191,1.0,0.042715203016996384,0.0,0.9977575540542603,1.490861177444458,0.058754418045282364,0.09905442595481873,0.000216097614611499,0.4908612072467804,0.005166235845535994,0.2500755190849304,1.490861177444458,0.4908612072467804,0.05554121732711792,0.3103025555610657,2.4290014266625803e-07,0.013722291216254234,0.042715199291706085,0.24365071952342987,0.7127736210823059,1.4666666984558105,0.46666666865348816,0.2502402663230896,0.674017071723938,0.020364750176668167,0.7599271535873413,atlas_het__node_classification__graphatlas_c_coordinate_relu__split0__seed1__8f15d2574491,8f15d2574491,975d6eec98ed54f0
node_classification,accuracy,0.8710801601409912,0.7894737124443054,0.795918345451355,,,,,,,,,,,,0.8689213748961103,0.8710801393728222,0.8068463804431532,0.8706119451429036,0.31989994645118713,0.07139602303504944,0.8275862068965517,0.8710801601409912,0.8701378556360536,0.18428099155426025,0.7896203413444792,0.7894736842105263,0.6836496836496837,0.7894736842105263,0.6893802881240845,0.12135551869869232,0.7878787878787878,0.7894737124443054,0.7896203413444792,0.36689120531082153,0.7974025974025974,0.7959183673469388,0.6980567713812708,0.7952690166975881,0.6912177205085754,0.10089737176895142,0.696969696969697,0.795918345451355,0.7943722943722943,0.33707308769226074,,,,0.7654321193695068,0.9411764740943909,-0.034207822195745946,0.6414523449319214,0.2144182175397873,0.367492139339447,0.24259038269519806,5.833456516265869,4.197475910186768,0.13265305757522583,0.0714285746216774,0.06122446060180664,0.020408153533935547,0.7755101919174194,,,,,,,,,0.22927244007587433,0.17119373381137848,0.0,0.05807870626449585,0.23045514523983002,0.18339040875434875,0.4706471562385559,7.3773135227384046e-06,0.576661229133606,2.530566453933716,1.1527557373046875,atlas_het,graphatlas_c_coordinate_relu,graphatlas_certified,ov0.40_cross0.15,,certificate,1.0,full,relu,False,dot,1,40,65,0,65,0.7894737124443054,64834,480,6456,0,13.901918172836304,cpu,0,0.9572848081588745,0.04619421809911728,0.5295664668083191,1.0,0.042715203016996384,0.0,0.9977575540542603,1.490861177444458,0.058754418045282364,0.09905442595481873,0.000216097614611499,0.4908612072467804,0.005166235845535994,0.2500755190849304,1.490861177444458,0.4908612072467804,0.05554121732711792,0.3103025555610657,2.4290014266625803e-07,0.013722291216254234,0.042715199291706085,0.24365071952342987,0.7127736210823059,1.4666666984558105,0.46666666865348816,0.2502402663230896,0.674017071723938,0.020364750176668167,0.7599271535873413,atlas_het__node_classification__graphatlas_c_coordinate_relu__split0__seed1__3f8e50162b7e,3f8e50162b7e,975d6eec98ed54f0
node_classification,accuracy,0.8710801601409912,0.7894737124443054,0.795918345451355,,,,,,,,,,,,0.8689213748961103,0.8710801393728222,0.8068463804431532,0.8706119451429036,0.31989994645118713,0.07139602303504944,0.8275862068965517,0.8710801601409912,0.8701378556360536,0.18428099155426025,0.7896203413444792,0.7894736842105263,0.6836496836496837,0.7894736842105263,0.6893802881240845,0.12135551869869232,0.7878787878787878,0.7894737124443054,0.7896203413444792,0.36689120531082153,0.7974025974025974,0.7959183673469388,0.6980567713812708,0.7952690166975881,0.6912177205085754,0.10089737176895142,0.696969696969697,0.795918345451355,0.7943722943722943,0.33707308769226074,,,,0.7654321193695068,0.9411764740943909,-0.034207822195745946,0.6414523449319214,0.2144182175397873,0.367492139339447,0.24259038269519806,5.833456516265869,4.197475910186768,0.13265305757522583,0.0714285746216774,0.06122446060180664,0.020408153533935547,0.7755101919174194,,,,,,,,,0.22927244007587433,0.17119373381137848,0.0,0.05807870626449585,0.23045514523983002,0.18339040875434875,0.4706471562385559,7.3773135227384046e-06,0.576661229133606,2.530566453933716,1.1527557373046875,atlas_het,graphatlas_c_coordinate_relu,graphatlas_certified,ov0.40_cross0.30,,certificate,1.0,full,relu,False,dot,1,40,65,0,65,0.7894737124443054,64834,480,6456,0,13.467997789382935,cpu,0,0.9572848081588745,0.04619421809911728,0.5295664668083191,1.0,0.042715203016996384,0.0,0.9977575540542603,1.490861177444458,0.058754418045282364,0.09905442595481873,0.000216097614611499,0.4908612072467804,0.005166235845535994,0.2500755190849304,1.490861177444458,0.4908612072467804,0.05554121732711792,0.3103025555610657,2.4290014266625803e-07,0.013722291216254234,0.042715199291706085,0.24365071952342987,0.7127736210823059,1.4666666984558105,0.46666666865348816,0.2502402663230896,0.674017071723938,0.020364750176668167,0.7599271535873413,atlas_het__node_classification__graphatlas_c_coordinate_relu__split0__seed1__893be73b7d97,893be73b7d97,975d6eec98ed54f0
node_classification,accuracy,0.8710801601409912,0.7894737124443054,0.795918345451355,,,,,,,,,,,,0.8689213748961103,0.8710801393728222,0.8068463804431532,0.8706119451429036,0.31989994645118713,0.07139602303504944,0.8275862068965517,0.8710801601409912,0.8701378556360536,0.18428099155426025,0.7896203413444792,0.7894736842105263,0.6836496836496837,0.7894736842105263,0.6893802881240845,0.12135551869869232,0.7878787878787878,0.7894737124443054,0.7896203413444792,0.36689120531082153,0.7974025974025974,0.7959183673469388,0.6980567713812708,0.7952690166975881,0.6912177205085754,0.10089737176895142,0.696969696969697,0.795918345451355,0.7943722943722943,0.33707308769226074,,,,0.7654321193695068,0.9411764740943909,-0.034207822195745946,0.6414523449319214,0.2144182175397873,0.367492139339447,0.24259038269519806,5.833456516265869,4.197475910186768,0.13265305757522583,0.0714285746216774,0.06122446060180664,0.020408153533935547,0.7755101919174194,,,,,,,,,0.22927244007587433,0.17119373381137848,0.0,0.05807870626449585,0.23045514523983002,0.18339040875434875,0.4706471562385559,7.3773135227384046e-06,0.576661229133606,2.530566453933716,1.1527557373046875,atlas_het,graphatlas_c_coordinate_relu,graphatlas_certified,ov0.40_cross0.50,,certificate,1.0,full,relu,False,dot,1,40,65,0,65,0.7894737124443054,64834,480,6456,0,13.693730115890503,cpu,0,0.9572848081588745,0.04619421809911728,0.5295664668083191,1.0,0.042715203016996384,0.0,0.9977575540542603,1.490861177444458,0.058754418045282364,0.09905442595481873,0.000216097614611499,0.4908612072467804,0.005166235845535994,0.2500755190849304,1.490861177444458,0.4908612072467804,0.05554121732711792,0.3103025555610657,2.4290014266625803e-07,0.013722291216254234,0.042715199291706085,0.24365071952342987,0.7127736210823059,1.4666666984558105,0.46666666865348816,0.2502402663230896,0.674017071723938,0.020364750176668167,0.7599271535873413,atlas_het__node_classification__graphatlas_c_coordinate_relu__split0__seed1__59ca4e4c18b7,59ca4e4c18b7,975d6eec98ed54f0
node_classification,accuracy,0.9686411023139954,0.8421052694320679,0.7857142686843872,,,,,,,,,,,,0.9673748984093811,0.9686411149825784,0.9531550762505976,0.9685309084312197,0.08810864388942719,0.027750689536333084,0.9425287356321839,0.9686411023139954,0.9680991644051468,0.04977705702185631,0.841518634622083,0.8421052631578947,0.7628036193535707,0.8423297048591627,0.8358907699584961,0.11524410545825958,0.8181818181818182,0.8421052694320679,0.8429282160625444,0.2636021077632904,0.7851370851370851,0.7857142857142857,0.6868813569740398,0.7850815641304706,1.3965697288513184,0.15956959128379822,0.6363636363636364,0.7857142686843872,0.7817918865099783,0.35408198833465576,,,,0.7857142686843872,,-0.028676433573225676,0.543247344461305,0.16602732241153717,0.40263232588768005,0.3016299605369568,18.179319381713867,10.623549461364746,0.16326530277729034,0.11224489659070969,0.08163261413574219,0.09183669090270996,0.6938775777816772,,,,,,,,,0.14698176085948944,0.1069335862994194,0.0,0.04004817083477974,0.25183966755867004,0.2135971039533615,0.38242560625076294,0.00019500477355904877,0.46990734338760376,3.601247787475586,1.3030409812927246,atlas_het,graphatlas_c_coordinate_relu,graphatlas_certified,ov0.55_cross0.00,,certificate,1.0,full,relu,False,dot,1,75,100,0,100,0.8421052694320679,64834,480,6456,0,20.777462482452393,cpu,0,0.9304132461547852,0.08459851145744324,0.1292855590581894,1.0,0.06958671659231186,0.00014600671420339495,0.9624762535095215,1.41527259349823,0.07645823806524277,0.15226934850215912,0.0003346049052197486,0.41527262330055237,0.005136848893016577,0.20760811865329742,1.41527259349823,0.41527262330055237,0.05727905035018921,0.7529518604278564,2.4152544142452825e-07,0.015450608916580677,0.06958672404289246,0.24389149248600006,0.7653862237930298,1.3729166984558105,0.37291666865348816,0.20749439299106598,0.670236349105835,0.04851216822862625,0.7333435416221619,atlas_het__node_classification__graphatlas_c_coordinate_relu__split0__seed1__0a686530c5dc,0a686530c5dc,975d6eec98ed54f0
node_classification,accuracy,0.9686411023139954,0.8421052694320679,0.7857142686843872,,,,,,,,,,,,0.9673748984093811,0.9686411149825784,0.9531550762505976,0.9685309084312197,0.08810864388942719,0.027750689536333084,0.9425287356321839,0.9686411023139954,0.9680991644051468,0.04977705702185631,0.841518634622083,0.8421052631578947,0.7628036193535707,0.8423297048591627,0.8358907699584961,0.11524410545825958,0.8181818181818182,0.8421052694320679,0.8429282160625444,0.2636021077632904,0.7851370851370851,0.7857142857142857,0.6868813569740398,0.7850815641304706,1.3965697288513184,0.15956959128379822,0.6363636363636364,0.7857142686843872,0.7817918865099783,0.35408198833465576,,,,0.7857142686843872,,-0.028676433573225676,0.543247344461305,0.16602732241153717,0.40263232588768005,0.3016299605369568,18.179319381713867,10.623549461364746,0.16326530277729034,0.11224489659070969,0.08163261413574219,0.09183669090270996,0.6938775777816772,,,,,,,,,0.14698176085948944,0.1069335862994194,0.0,0.04004817083477974,0.25183966755867004,0.2135971039533615,0.38242560625076294,0.00019500477355904877,0.46990734338760376,3.601247787475586,1.3030409812927246,atlas_het,graphatlas_c_coordinate_relu,graphatlas_certified,ov0.55_cross0.15,,certificate,1.0,full,relu,False,dot,1,75,100,0,100,0.8421052694320679,64834,480,6456,0,20.72420310974121,cpu,0,0.9304132461547852,0.08459851145744324,0.1292855590581894,1.0,0.06958671659231186,0.00014600671420339495,0.9624762535095215,1.41527259349823,0.07645823806524277,0.15226934850215912,0.0003346049052197486,0.41527262330055237,0.005136848893016577,0.20760811865329742,1.41527259349823,0.41527262330055237,0.05727905035018921,0.7529518604278564,2.4152544142452825e-07,0.015450608916580677,0.06958672404289246,0.24389149248600006,0.7653862237930298,1.3729166984558105,0.37291666865348816,0.20749439299106598,0.670236349105835,0.04851216822862625,0.7333435416221619,atlas_het__node_classification__graphatlas_c_coordinate_relu__split0__seed1__4f68f1af7b6e,4f68f1af7b6e,975d6eec98ed54f0
node_classification,accuracy,0.9686411023139954,0.8421052694320679,0.7857142686843872,,,,,,,,,,,,0.9673748984093811,0.9686411149825784,0.9531550762505976,0.9685309084312197,0.08810864388942719,0.027750689536333084,0.9425287356321839,0.9686411023139954,0.9680991644051468,0.04977705702185631,0.841518634622083,0.8421052631578947,0.7628036193535707,0.8423297048591627,0.8358907699584961,0.11524410545825958,0.8181818181818182,0.8421052694320679,0.8429282160625444,0.2636021077632904,0.7851370851370851,0.7857142857142857,0.6868813569740398,0.7850815641304706,1.3965697288513184,0.15956959128379822,0.6363636363636364,0.7857142686843872,0.7817918865099783,0.35408198833465576,,,,0.7857142686843872,,-0.028676433573225676,0.543247344461305,0.16602732241153717,0.40263232588768005,0.3016299605369568,18.179319381713867,10.623549461364746,0.16326530277729034,0.11224489659070969,0.08163261413574219,0.09183669090270996,0.6938775777816772,,,,,,,,,0.14698176085948944,0.1069335862994194,0.0,0.04004817083477974,0.25183966755867004,0.2135971039533615,0.38242560625076294,0.00019500477355904877,0.46990734338760376,3.601247787475586,1.3030409812927246,atlas_het,graphatlas_c_coordinate_relu,graphatlas_certified,ov0.55_cross0.30,,certificate,1.0,full,relu,False,dot,1,75,100,0,100,0.8421052694320679,64834,480,6456,0,20.596118211746216,cpu,0,0.9304132461547852,0.08459851145744324,0.1292855590581894,1.0,0.06958671659231186,0.00014600671420339495,0.9624762535095215,1.41527259349823,0.07645823806524277,0.15226934850215912,0.0003346049052197486,0.41527262330055237,0.005136848893016577,0.20760811865329742,1.41527259349823,0.41527262330055237,0.05727905035018921,0.7529518604278564,2.4152544142452825e-07,0.015450608916580677,0.06958672404289246,0.24389149248600006,0.7653862237930298,1.3729166984558105,0.37291666865348816,0.20749439299106598,0.670236349105835,0.04851216822862625,0.7333435416221619,atlas_het__node_classification__graphatlas_c_coordinate_relu__split0__seed1__9a793c358a53,9a793c358a53,975d6eec98ed54f0
node_classification,accuracy,0.9686411023139954,0.8421052694320679,0.7857142686843872,,,,,,,,,,,,0.9673748984093811,0.9686411149825784,0.9531550762505976,0.9685309084312197,0.08810864388942719,0.027750689536333084,0.9425287356321839,0.9686411023139954,0.9680991644051468,0.04977705702185631,0.841518634622083,0.8421052631578947,0.7628036193535707,0.8423297048591627,0.8358907699584961,0.11524410545825958,0.8181818181818182,0.8421052694320679,0.8429282160625444,0.2636021077632904,0.7851370851370851,0.7857142857142857,0.6868813569740398,0.7850815641304706,1.3965697288513184,0.15956959128379822,0.6363636363636364,0.7857142686843872,0.7817918865099783,0.35408198833465576,,,,0.7857142686843872,,-0.028676433573225676,0.543247344461305,0.16602732241153717,0.40263232588768005,0.3016299605369568,18.179319381713867,10.623549461364746,0.16326530277729034,0.11224489659070969,0.08163261413574219,0.09183669090270996,0.6938775777816772,,,,,,,,,0.14698176085948944,0.1069335862994194,0.0,0.04004817083477974,0.25183966755867004,0.2135971039533615,0.38242560625076294,0.00019500477355904877,0.46990734338760376,3.601247787475586,1.3030409812927246,atlas_het,graphatlas_c_coordinate_relu,graphatlas_certified,ov0.55_cross0.50,,certificate,1.0,full,relu,False,dot,1,75,100,0,100,0.8421052694320679,64834,480,6456,0,20.363378763198853,cpu,0,0.9304132461547852,0.08459851145744324,0.1292855590581894,1.0,0.06958671659231186,0.00014600671420339495,0.9624762535095215,1.41527259349823,0.07645823806524277,0.15226934850215912,0.0003346049052197486,0.41527262330055237,0.005136848893016577,0.20760811865329742,1.41527259349823,0.41527262330055237,0.05727905035018921,0.7529518604278564,2.4152544142452825e-07,0.015450608916580677,0.06958672404289246,0.24389149248600006,0.7653862237930298,1.3729166984558105,0.37291666865348816,0.20749439299106598,0.670236349105835,0.04851216822862625,0.7333435416221619,atlas_het__node_classification__graphatlas_c_coordinate_relu__split0__seed1__abdcbbe784f1,abdcbbe784f1,975d6eec98ed54f0
node_classification,accuracy,0.9895470142364502,0.8421052694320679,0.7653061151504517,,,,,,,,,,,,0.9891562685680334,0.9895470383275261,0.9843585389264163,0.9895425429573488,0.03136039525270462,0.017415011301636696,0.9772727272727273,0.9895470142364502,0.9894992479750521,0.015689289197325706,0.8391227180527383,0.8421052631578947,0.7644889393094169,0.8420327836333603,1.9968904256820679,0.1779516041278839,0.7931034482758621,0.8421052694320679,0.8421879152472759,0.32583853602409363,0.7572871572871573,0.7653061224489796,0.6516959446994419,0.76007326007326,1.9395132064819336,0.2167825847864151,0.6,0.7653061151504517,0.7567987567987569,0.41950374841690063,,,,0.7857142686843872,0.75,0.3690490199077768,0.5617977528089888,0.07978426665067673,0.5930742621421814,0.17832179367542267,65.92047882080078,11.497875213623047,0.36734694242477417,0.13265305757522583,0.2142857313156128,0.10204082727432251,0.6632652878761292,,,,,,,,,0.11632106453180313,0.08528215438127518,0.0,0.031038908287882805,0.11269176751375198,0.07232347130775452,0.4036829471588135,0.00012203046935610473,0.6131494641304016,2.3688626289367676,0.8529978394508362,atlas_het,graphatlas_c_coordinate_relu,graphatlas_certified,ov0.10_cross0.00,,certificate,1.0,full,relu,False,dot,2,120,120,0,120,0.8421052694320679,64834,480,6506,0,24.46217441558838,cpu,0,0.9805076122283936,0.03811018913984299,0.22318176925182343,1.0,0.0194923747330904,0.0001756851706886664,0.99396812915802,1.5868428945541382,0.023962123319506645,0.035872768610715866,4.1043691453523934e-05,0.5868428945541382,0.0025781753938645124,0.3191305100917816,1.5868428945541382,0.5868428945541382,0.025645911693572998,0.32794448733329773,2.6329922775403247e-07,0.007711600512266159,0.019492359831929207,0.3800540864467621,0.7130340933799744,1.5437500476837158,0.543749988079071,0.31704726815223694,0.684756338596344,0.13114386796951294,0.49364376068115234,atlas_het__node_classification__graphatlas_c_coordinate_relu__split0__seed2__ecc06e29a8c1,ecc06e29a8c1,975d6eec98ed54f0
node_classification,accuracy,0.9895470142364502,0.8421052694320679,0.7653061151504517,,,,,,,,,,,,0.9891562685680334,0.9895470383275261,0.9843585389264163,0.9895425429573488,0.03136039525270462,0.017415011301636696,0.9772727272727273,0.9895470142364502,0.9894992479750521,0.015689289197325706,0.8391227180527383,0.8421052631578947,0.7644889393094169,0.8420327836333603,1.9968904256820679,0.1779516041278839,0.7931034482758621,0.8421052694320679,0.8421879152472759,0.32583853602409363,0.7572871572871573,0.7653061224489796,0.6516959446994419,0.76007326007326,1.9395132064819336,0.2167825847864151,0.6,0.7653061151504517,0.7567987567987569,0.41950374841690063,,,,0.7857142686843872,0.75,0.3690490199077768,0.5617977528089888,0.07978426665067673,0.5930742621421814,0.17832179367542267,65.92047882080078,11.497875213623047,0.36734694242477417,0.13265305757522583,0.2142857313156128,0.10204082727432251,0.6632652878761292,,,,,,,,,0.11632106453180313,0.08528215438127518,0.0,0.031038908287882805,0.11269176751375198,0.07232347130775452,0.4036829471588135,0.00012203046935610473,0.6131494641304016,2.3688626289367676,0.8529978394508362,atlas_het,graphatlas_c_coordinate_relu,graphatlas_certified,ov0.10_cross0.15,,certificate,1.0,full,relu,False,dot,2,120,120,0,120,0.8421052694320679,64834,480,6506,0,24.585652351379395,cpu,0,0.9805076122283936,0.03811018913984299,0.22318176925182343,1.0,0.0194923747330904,0.0001756851706886664,0.99396812915802,1.5868428945541382,0.023962123319506645,0.035872768610715866,4.1043691453523934e-05,0.5868428945541382,0.0025781753938645124,0.3191305100917816,1.5868428945541382,0.5868428945541382,0.025645911693572998,0.32794448733329773,2.6329922775403247e-07,0.007711600512266159,0.019492359831929207,0.3800540864467621,0.7130340933799744,1.5437500476837158,0.543749988079071,0.31704726815223694,0.684756338596344,0.13114386796951294,0.49364376068115234,atlas_het__node_classification__graphatlas_c_coordinate_relu__split0__seed2__efc304add2d4,efc304add2d4,975d6eec98ed54f0
node_classification,accuracy,0.9895470142364502,0.8421052694320679,0.7653061151504517,,,,,,,,,,,,0.9891562685680334,0.9895470383275261,0.9843585389264163,0.9895425429573488,0.03136039525270462,0.017415011301636696,0.9772727272727273,0.9895470142364502,0.9894992479750521,0.015689289197325706,0.8391227180527383,0.8421052631578947,0.7644889393094169,0.8420327836333603,1.9968904256820679,0.1779516041278839,0.7931034482758621,0.8421052694320679,0.8421879152472759,0.32583853602409363,0.7572871572871573,0.7653061224489796,0.6516959446994419,0.76007326007326,1.9395132064819336,0.2167825847864151,0.6,0.7653061151504517,0.7567987567987569,0.41950374841690063,,,,0.7857142686843872,0.75,0.3690490199077768,0.5617977528089888,0.07978426665067673,0.5930742621421814,0.17832179367542267,65.92047882080078,11.497875213623047,0.36734694242477417,0.13265305757522583,0.2142857313156128,0.10204082727432251,0.6632652878761292,,,,,,,,,0.11632106453180313,0.08528215438127518,0.0,0.031038908287882805,0.11269176751375198,0.07232347130775452,0.4036829471588135,0.00012203046935610473,0.6131494641304016,2.3688626289367676,0.8529978394508362,atlas_het,graphatlas_c_coordinate_relu,graphatlas_certified,ov0.10_cross0.30,,certificate,1.0,full,relu,False,dot,2,120,120,0,120,0.8421052694320679,64834,480,6506,0,24.23262929916382,cpu,0,0.9805076122283936,0.03811018913984299,0.22318176925182343,1.0,0.0194923747330904,0.0001756851706886664,0.99396812915802,1.5868428945541382,0.023962123319506645,0.035872768610715866,4.1043691453523934e-05,0.5868428945541382,0.0025781753938645124,0.3191305100917816,1.5868428945541382,0.5868428945541382,0.025645911693572998,0.32794448733329773,2.6329922775403247e-07,0.007711600512266159,0.019492359831929207,0.3800540864467621,0.7130340933799744,1.5437500476837158,0.543749988079071,0.31704726815223694,0.684756338596344,0.13114386796951294,0.49364376068115234,atlas_het__node_classification__graphatlas_c_coordinate_relu__split0__seed2__3e065e8a52b6,3e065e8a52b6,975d6eec98ed54f0
node_classification,accuracy,0.9895470142364502,0.8421052694320679,0.7653061151504517,,,,,,,,,,,,0.9891562685680334,0.9895470383275261,0.9843585389264163,0.9895425429573488,0.03136039525270462,0.017415011301636696,0.9772727272727273,0.9895470142364502,0.9894992479750521,0.015689289197325706,0.8391227180527383,0.8421052631578947,0.7644889393094169,0.8420327836333603,1.9968904256820679,0.1779516041278839,0.7931034482758621,0.8421052694320679,0.8421879152472759,0.32583853602409363,0.7572871572871573,0.7653061224489796,0.6516959446994419,0.76007326007326,1.9395132064819336,0.2167825847864151,0.6,0.7653061151504517,0.7567987567987569,0.41950374841690063,,,,0.7857142686843872,0.75,0.3690490199077768,0.5617977528089888,0.07978426665067673,0.5930742621421814,0.17832179367542267,65.92047882080078,11.497875213623047,0.36734694242477417,0.13265305757522583,0.2142857313156128,0.10204082727432251,0.6632652878761292,,,,,,,,,0.11632106453180313,0.08528215438127518,0.0,0.031038908287882805,0.11269176751375198,0.07232347130775452,0.4036829471588135,0.00012203046935610473,0.6131494641304016,2.3688626289367676,0.8529978394508362,atlas_het,graphatlas_c_coordinate_relu,graphatlas_certified,ov0.10_cross0.50,,certificate,1.0,full,relu,False,dot,2,120,120,0,120,0.8421052694320679,64834,480,6506,0,24.970037937164307,cpu,0,0.9805076122283936,0.03811018913984299,0.22318176925182343,1.0,0.0194923747330904,0.0001756851706886664,0.99396812915802,1.5868428945541382,0.023962123319506645,0.035872768610715866,4.1043691453523934e-05,0.5868428945541382,0.0025781753938645124,0.3191305100917816,1.5868428945541382,0.5868428945541382,0.025645911693572998,0.32794448733329773,2.6329922775403247e-07,0.007711600512266159,0.019492359831929207,0.3800540864467621,0.7130340933799744,1.5437500476837158,0.543749988079071,0.31704726815223694,0.684756338596344,0.13114386796951294,0.49364376068115234,atlas_het__node_classification__graphatlas_c_coordinate_relu__split0__seed2__55bda3443f0f,55bda3443f0f,975d6eec98ed54f0
node_classification,accuracy,0.8397212624549866,0.7684210538864136,0.6836734414100647,,,,,,,,,,,,0.837114320892368,0.8397212543554007,0.7598286373453769,0.8395706410082245,0.3199175000190735,0.05596133694052696,0.7954545454545454,0.8397212624549866,0.8369282451857786,0.20386360585689545,0.7646636240703177,0.7684210526315789,0.6537478870011698,0.7673463788657434,1.1939533948898315,0.0955907553434372,0.6875,0.7684210538864136,0.7672254464707295,0.358828604221344,0.6760461760461761,0.6836734693877551,0.5321195076266861,0.6764051478599744,0.9396291375160217,0.14399752020835876,0.5666666666666667,0.6836734414100647,0.6735617926823427,0.4219452738761902,,,,0.688524603843689,0.6756756901741028,0.26768308260961343,0.7891566265060241,0.12158726155757904,0.7884671688079834,0.23385240137577057,20.92113494873047,4.844017028808594,0.4693877696990967,0.1734693944454193,0.13265305757522583,-0.061224520206451416,0.7448979616165161,,,,,,,,,0.13070236146450043,0.09928472340106964,0.0,0.031417638063430786,0.17652034759521484,0.09936169534921646,0.771586537361145,1.632783686034145e-08,0.4702634811401367,3.067060947418213,1.6906335353851318,atlas_het,graphatlas_c_coordinate_relu,graphatlas_certified,ov0.25_cross0.00,,certificate,1.0,full,relu,False,dot,2,45,70,0,70,0.7684210538864136,64834,480,6506,0,14.274470567703247,cpu,0,0.9824110269546509,0.030407026410102844,0.44514989852905273,1.0,0.017589036375284195,0.0,0.9959789514541626,1.7712880373001099,0.0186329185962677,0.03235827386379242,3.7875044654356316e-05,0.7712880373001099,0.0026444271206855774,0.420286625623703,1.7712880373001099,0.7712880373001099,0.018384814262390137,0.22223907709121704,2.5657388391664426e-07,0.007888052612543106,0.017589053139090538,0.3679456412792206,0.6013423800468445,1.7291666269302368,0.7291666865348816,0.41948074102401733,0.6851904392242432,0.07970020920038223,0.6740064024925232,atlas_het__node_classification__graphatlas_c_coordinate_relu__split0__seed2__862c98b985fe,862c98b985fe,975d6eec98ed54f0
node_classification,accuracy,0.8397212624549866,0.7684210538864136,0.6836734414100647,,,,,,,,,,,,0.837114320892368,0.8397212543554007,0.7598286373453769,0.8395706410082245,0.3199175000190735,0.05596133694052696,0.7954545454545454,0.8397212624549866,0.8369282451857786,0.20386360585689545,0.7646636240703177,0.7684210526315789,0.6537478870011698,0.7673463788657434,1.1939533948898315,0.0955907553434372,0.6875,0.7684210538864136,0.7672254464707295,0.358828604221344,0.6760461760461761,0.6836734693877551,0.5321195076266861,0.6764051478599744,0.9396291375160217,0.14399752020835876,0.5666666666666667,0.6836734414100647,0.6735617926823427,0.4219452738761902,,,,0.688524603843689,0.6756756901741028,0.26768308260961343,0.7891566265060241,0.12158726155757904,0.7884671688079834,0.23385240137577057,20.92113494873047,4.844017028808594,0.4693877696990967,0.1734693944454193,0.13265305757522583,-0.061224520206451416,0.7448979616165161,,,,,,,,,0.13070236146450043,0.09928472340106964,0.0,0.031417638063430786,0.17652034759521484,0.09936169534921646,0.771586537361145,1.632783686034145e-08,0.4702634811401367,3.067060947418213,1.6906335353851318,atlas_het,graphatlas_c_coordinate_relu,graphatlas_certified,ov0.25_cross0.15,,certificate,1.0,full,relu,False,dot,2,45,70,0,70,0.7684210538864136,64834,480,6506,0,14.403464794158936,cpu,0,0.9824110269546509,0.030407026410102844,0.44514989852905273,1.0,0.017589036375284195,0.0,0.9959789514541626,1.7712880373001099,0.0186329185962677,0.03235827386379242,3.7875044654356316e-05,0.7712880373001099,0.0026444271206855774,0.420286625623703,1.7712880373001099,0.7712880373001099,0.018384814262390137,0.22223907709121704,2.5657388391664426e-07,0.007888052612543106,0.017589053139090538,0.3679456412792206,0.6013423800468445,1.7291666269302368,0.7291666865348816,0.41948074102401733,0.6851904392242432,0.07970020920038223,0.6740064024925232,atlas_het__node_classification__graphatlas_c_coordinate_relu__split0__seed2__9069cc03fec8,9069cc03fec8,975d6eec98ed54f0
node_classification,accuracy,0.8397212624549866,0.7684210538864136,0.6836734414100647,,,,,,,,,,,,0.837114320892368,0.8397212543554007,0.7598286373453769,0.8395706410082245,0.3199175000190735,0.05596133694052696,0.7954545454545454,0.8397212624549866,0.8369282451857786,0.20386360585689545,0.7646636240703177,0.7684210526315789,0.6537478870011698,0.7673463788657434,1.1939533948898315,0.0955907553434372,0.6875,0.7684210538864136,0.7672254464707295,0.358828604221344,0.6760461760461761,0.6836734693877551,0.5321195076266861,0.6764051478599744,0.9396291375160217,0.14399752020835876,0.5666666666666667,0.6836734414100647,0.6735617926823427,0.4219452738761902,,,,0.688524603843689,0.6756756901741028,0.26768308260961343,0.7891566265060241,0.12158726155757904,0.7884671688079834,0.23385240137577057,20.92113494873047,4.844017028808594,0.4693877696990967,0.1734693944454193,0.13265305757522583,-0.061224520206451416,0.7448979616165161,,,,,,,,,0.13070236146450043,0.09928472340106964,0.0,0.031417638063430786,0.17652034759521484,0.09936169534921646,0.771586537361145,1.632783686034145e-08,0.4702634811401367,3.067060947418213,1.6906335353851318,atlas_het,graphatlas_c_coordinate_relu,graphatlas_certified,ov0.25_cross0.30,,certificate,1.0,full,relu,False,dot,2,45,70,0,70,0.7684210538864136,64834,480,6506,0,14.39146089553833,cpu,0,0.9824110269546509,0.030407026410102844,0.44514989852905273,1.0,0.017589036375284195,0.0,0.9959789514541626,1.7712880373001099,0.0186329185962677,0.03235827386379242,3.7875044654356316e-05,0.7712880373001099,0.0026444271206855774,0.420286625623703,1.7712880373001099,0.7712880373001099,0.018384814262390137,0.22223907709121704,2.5657388391664426e-07,0.007888052612543106,0.017589053139090538,0.3679456412792206,0.6013423800468445,1.7291666269302368,0.7291666865348816,0.41948074102401733,0.6851904392242432,0.07970020920038223,0.6740064024925232,atlas_het__node_classification__graphatlas_c_coordinate_relu__split0__seed2__3d50db1bc962,3d50db1bc962,975d6eec98ed54f0
node_classification,accuracy,0.8397212624549866,0.7684210538864136,0.6836734414100647,,,,,,,,,,,,0.837114320892368,0.8397212543554007,0.7598286373453769,0.8395706410082245,0.3199175000190735,0.05596133694052696,0.7954545454545454,0.8397212624549866,0.8369282451857786,0.20386360585689545,0.7646636240703177,0.7684210526315789,0.6537478870011698,0.7673463788657434,1.1939533948898315,0.0955907553434372,0.6875,0.7684210538864136,0.7672254464707295,0.358828604221344,0.6760461760461761,0.6836734693877551,0.5321195076266861,0.6764051478599744,0.9396291375160217,0.14399752020835876,0.5666666666666667,0.6836734414100647,0.6735617926823427,0.4219452738761902,,,,0.688524603843689,0.6756756901741028,0.26768308260961343,0.7891566265060241,0.12158726155757904,0.7884671688079834,0.23385240137577057,20.92113494873047,4.844017028808594,0.4693877696990967,0.1734693944454193,0.13265305757522583,-0.061224520206451416,0.7448979616165161,,,,,,,,,0.13070236146450043,0.09928472340106964,0.0,0.031417638063430786,0.17652034759521484,0.09936169534921646,0.771586537361145,1.632783686034145e-08,0.4702634811401367,3.067060947418213,1.6906335353851318,atlas_het,graphatlas_c_coordinate_relu,graphatlas_certified,ov0.25_cross0.50,,certificate,1.0,full,relu,False,dot,2,45,70,0,70,0.7684210538864136,64834,480,6506,0,14.420046091079712,cpu,0,0.9824110269546509,0.030407026410102844,0.44514989852905273,1.0,0.017589036375284195,0.0,0.9959789514541626,1.7712880373001099,0.0186329185962677,0.03235827386379242,3.7875044654356316e-05,0.7712880373001099,0.0026444271206855774,0.420286625623703,1.7712880373001099,0.7712880373001099,0.018384814262390137,0.22223907709121704,2.5657388391664426e-07,0.007888052612543106,0.017589053139090538,0.3679456412792206,0.6013423800468445,1.7291666269302368,0.7291666865348816,0.41948074102401733,0.6851904392242432,0.07970020920038223,0.6740064024925232,atlas_het__node_classification__graphatlas_c_coordinate_relu__split0__seed2__754ab8bdfcfc,754ab8bdfcfc,975d6eec98ed54f0
node_classification,accuracy,0.8745644688606262,0.821052610874176,0.6734693646430969,,,,,,,,,,,,0.8733897495268023,0.8745644599303136,0.8119228454189988,0.8747058352356922,0.24658383429050446,0.050950899720191956,0.8409090909090909,0.8745644688606262,0.8735249042145594,0.15696217119693756,0.8204445571331981,0.8210526315789474,0.7364823038614564,0.8200585401798507,1.240402340888977,0.1843324899673462,0.6875,0.821052610874176,0.8224224353988419,0.34514501690864563,0.6692640692640692,0.673469387755102,0.5092975267340865,0.6714654940923738,0.8570091128349304,0.19496047496795654,0.6,0.6734693646430969,0.6692763157894737,0.4656846821308136,,,,0.6329113841056824,0.8421052694320679,0.36184768712036175,0.6735598227474151,0.06415261328220367,0.9659915566444397,0.13271456956863403,28.30618667602539,5.827701568603516,0.5306122303009033,0.10204081982374191,0.23469385504722595,0.0,0.6734693646430969,,,,,,,,,0.15439549088478088,0.11592531949281693,0.0,0.038470178842544556,0.1489957571029663,0.09643847495317459,0.5255728363990784,9.600572639101301e-07,0.43496179580688477,3.308725118637085,0.7687743306159973,atlas_het,graphatlas_c_coordinate_relu,graphatlas_certified,ov0.40_cross0.00,,certificate,1.0,full,relu,False,dot,2,55,80,0,80,0.821052610874176,64834,480,6506,0,16.533384799957275,cpu,0,0.9740500450134277,0.04888729378581047,0.23838061094284058,1.0,0.02594994381070137,6.163708167150617e-05,0.9895833134651184,1.5413464307785034,0.02833639644086361,0.04651516675949097,6.081835090299137e-05,0.5413464307785034,0.0024874843657016754,0.2729681730270386,1.5413464307785034,0.5413464307785034,0.028622090816497803,0.41945621371269226,2.5998411956607015e-07,0.008334274403750896,0.025949934497475624,0.2913939952850342,0.7062711119651794,1.4958332777023315,0.4958333373069763,0.2692206799983978,0.6686952114105225,0.027342967689037323,0.6692586541175842,atlas_het__node_classification__graphatlas_c_coordinate_relu__split0__seed2__df0f870e3047,df0f870e3047,975d6eec98ed54f0
node_classification,accuracy,0.8745644688606262,0.821052610874176,0.6734693646430969,,,,,,,,,,,,0.8733897495268023,0.8745644599303136,0.8119228454189988,0.8747058352356922,0.24658383429050446,0.050950899720191956,0.8409090909090909,0.8745644688606262,0.8735249042145594,0.15696217119693756,0.8204445571331981,0.8210526315789474,0.7364823038614564,0.8200585401798507,1.240402340888977,0.1843324899673462,0.6875,0.821052610874176,0.8224224353988419,0.34514501690864563,0.6692640692640692,0.673469387755102,0.5092975267340865,0.6714654940923738,0.8570091128349304,0.19496047496795654,0.6,0.6734693646430969,0.6692763157894737,0.4656846821308136,,,,0.6329113841056824,0.8421052694320679,0.36184768712036175,0.6735598227474151,0.06415261328220367,0.9659915566444397,0.13271456956863403,28.30618667602539,5.827701568603516,0.5306122303009033,0.10204081982374191,0.23469385504722595,0.0,0.6734693646430969,,,,,,,,,0.15439549088478088,0.11592531949281693,0.0,0.038470178842544556,0.1489957571029663,0.09643847495317459,0.5255728363990784,9.600572639101301e-07,0.43496179580688477,3.308725118637085,0.7687743306159973,atlas_het,graphatlas_c_coordinate_relu,graphatlas_certified,ov0.40_cross0.15,,certificate,1.0,full,relu,False,dot,2,55,80,0,80,0.821052610874176,64834,480,6506,0,16.864861249923706,cpu,0,0.9740500450134277,0.04888729378581047,0.23838061094284058,1.0,0.02594994381070137,6.163708167150617e-05,0.9895833134651184,1.5413464307785034,0.02833639644086361,0.04651516675949097,6.081835090299137e-05,0.5413464307785034,0.0024874843657016754,0.2729681730270386,1.5413464307785034,0.5413464307785034,0.028622090816497803,0.41945621371269226,2.5998411956607015e-07,0.008334274403750896,0.025949934497475624,0.2913939952850342,0.7062711119651794,1.4958332777023315,0.4958333373069763,0.2692206799983978,0.6686952114105225,0.027342967689037323,0.6692586541175842,atlas_het__node_classification__graphatlas_c_coordinate_relu__split0__seed2__b720649c1f4e,b720649c1f4e,975d6eec98ed54f0
node_classification,accuracy,0.8745644688606262,0.821052610874176,0.6734693646430969,,,,,,,,,,,,0.8733897495268023,0.8745644599303136,0.8119228454189988,0.8747058352356922,0.24658383429050446,0.050950899720191956,0.8409090909090909,0.8745644688606262,0.8735249042145594,0.15696217119693756,0.8204445571331981,0.8210526315789474,0.7364823038614564,0.8200585401798507,1.240402340888977,0.1843324899673462,0.6875,0.821052610874176,0.8224224353988419,0.34514501690864563,0.6692640692640692,0.673469387755102,0.5092975267340865,0.6714654940923738,0.8570091128349304,0.19496047496795654,0.6,0.6734693646430969,0.6692763157894737,0.4656846821308136,,,,0.6329113841056824,0.8421052694320679,0.36184768712036175,0.6735598227474151,0.06415261328220367,0.9659915566444397,0.13271456956863403,28.30618667602539,5.827701568603516,0.5306122303009033,0.10204081982374191,0.23469385504722595,0.0,0.6734693646430969,,,,,,,,,0.15439549088478088,0.11592531949281693,0.0,0.038470178842544556,0.1489957571029663,0.09643847495317459,0.5255728363990784,9.600572639101301e-07,0.43496179580688477,3.308725118637085,0.7687743306159973,atlas_het,graphatlas_c_coordinate_relu,graphatlas_certified,ov0.40_cross0.30,,certificate,1.0,full,relu,False,dot,2,55,80,0,80,0.821052610874176,64834,480,6506,0,16.800598621368408,cpu,0,0.9740500450134277,0.04888729378581047,0.23838061094284058,1.0,0.02594994381070137,6.163708167150617e-05,0.9895833134651184,1.5413464307785034,0.02833639644086361,0.04651516675949097,6.081835090299137e-05,0.5413464307785034,0.0024874843657016754,0.2729681730270386,1.5413464307785034,0.5413464307785034,0.028622090816497803,0.41945621371269226,2.5998411956607015e-07,0.008334274403750896,0.025949934497475624,0.2913939952850342,0.7062711119651794,1.4958332777023315,0.4958333373069763,0.2692206799983978,0.6686952114105225,0.027342967689037323,0.6692586541175842,atlas_het__node_classification__graphatlas_c_coordinate_relu__split0__seed2__cc77e3393015,cc77e3393015,975d6eec98ed54f0
node_classification,accuracy,0.8745644688606262,0.821052610874176,0.6734693646430969,,,,,,,,,,,,0.8733897495268023,0.8745644599303136,0.8119228454189988,0.8747058352356922,0.24658383429050446,0.050950899720191956,0.8409090909090909,0.8745644688606262,0.8735249042145594,0.15696217119693756,0.8204445571331981,0.8210526315789474,0.7364823038614564,0.8200585401798507,1.240402340888977,0.1843324899673462,0.6875,0.821052610874176,0.8224224353988419,0.34514501690864563,0.6692640692640692,0.673469387755102,0.5092975267340865,0.6714654940923738,0.8570091128349304,0.19496047496795654,0.6,0.6734693646430969,0.6692763157894737,0.4656846821308136,,,,0.6329113841056824,0.8421052694320679,0.36184768712036175,0.6735598227474151,0.06415261328220367,0.9659915566444397,0.13271456956863403,28.30618667602539,5.827701568603516,0.5306122303009033,0.10204081982374191,0.23469385504722595,0.0,0.6734693646430969,,,,,,,,,0.15439549088478088,0.11592531949281693,0.0,0.038470178842544556,0.1489957571029663,0.09643847495317459,0.5255728363990784,9.600572639101301e-07,0.43496179580688477,3.308725118637085,0.7687743306159973,atlas_het,graphatlas_c_coordinate_relu,graphatlas_certified,ov0.40_cross0.50,,certificate,1.0,full,relu,False,dot,2,55,80,0,80,0.821052610874176,64834,480,6506,0,16.65652561187744,cpu,0,0.9740500450134277,0.04888729378581047,0.23838061094284058,1.0,0.02594994381070137,6.163708167150617e-05,0.9895833134651184,1.5413464307785034,0.02833639644086361,0.04651516675949097,6.081835090299137e-05,0.5413464307785034,0.0024874843657016754,0.2729681730270386,1.5413464307785034,0.5413464307785034,0.028622090816497803,0.41945621371269226,2.5998411956607015e-07,0.008334274403750896,0.025949934497475624,0.2913939952850342,0.7062711119651794,1.4958332777023315,0.4958333373069763,0.2692206799983978,0.6686952114105225,0.027342967689037323,0.6692586541175842,atlas_het__node_classification__graphatlas_c_coordinate_relu__split0__seed2__37681f8781b8,37681f8781b8,975d6eec98ed54f0
node_classification,accuracy,0.8362369537353516,0.7684210538864136,0.6734693646430969,,,,,,,,,,,,0.83699487292574,0.8362369337979094,0.7574402162121014,0.8359501578516823,0.37388479709625244,0.06402363628149033,0.7422680412371134,0.8362369537353516,0.8344844780302445,0.2248649001121521,0.7674315415821501,0.7684210526315789,0.6531825180177712,0.7661988304093568,0.9560071229934692,0.131118044257164,0.65625,0.7684210538864136,0.7662196679438059,0.385651558637619,0.666955266955267,0.673469387755102,0.5163351005010364,0.6642346283828037,0.7336217761039734,0.11753053963184357,0.5151515151515151,0.6734693646430969,0.6613892454714021,0.44931674003601074,,,,0.6734693646430969,,0.2129935844632658,0.651685393258427,0.059140171855688095,0.9215561151504517,0.19243088364601135,18.364736557006836,2.81911563873291,0.5510203838348389,0.13265305757522583,0.24489793181419373,0.020408153533935547,0.6530612111091614,,,,,,,,,0.1057148277759552,0.08862020075321198,0.0,0.017094630748033524,0.22662454843521118,0.1084253117442131,1.1819922924041748,0.0,0.48238879442214966,2.913254737854004,0.6023946404457092,atlas_het,graphatlas_c_coordinate_relu,graphatlas_certified,ov0.55_cross0.00,,certificate,1.0,full,relu,False,dot,2,40,65,0,65,0.7684210538864136,64834,480,6506,0,13.690836906433105,cpu,0,0.9820270538330078,0.0198581051081419,0.9266452789306641,1.0,0.01797291822731495,0.0,1.0,1.5714725255966187,0.028065184131264687,0.04559694975614548,4.533060564426705e-05,0.5714724659919739,0.0023799578193575144,0.25723588466644287,1.5714725255966187,0.5714724659919739,0.03197216987609863,0.06541377305984497,2.6844389822144876e-07,0.007378450594842434,0.01797294057905674,0.21504276990890503,0.7563275098800659,1.4833333492279053,0.4833333194255829,0.2582237422466278,0.6465567946434021,0.0017894975608214736,0.8128566145896912,atlas_het__node_classification__graphatlas_c_coordinate_relu__split0__seed2__a379369f3518,a379369f3518,975d6eec98ed54f0
node_classification,accuracy,0.8362369537353516,0.7684210538864136,0.6734693646430969,,,,,,,,,,,,0.83699487292574,0.8362369337979094,0.7574402162121014,0.8359501578516823,0.37388479709625244,0.06402363628149033,0.7422680412371134,0.8362369537353516,0.8344844780302445,0.2248649001121521,0.7674315415821501,0.7684210526315789,0.6531825180177712,0.7661988304093568,0.9560071229934692,0.131118044257164,0.65625,0.7684210538864136,0.7662196679438059,0.385651558637619,0.666955266955267,0.673469387755102,0.5163351005010364,0.6642346283828037,0.7336217761039734,0.11753053963184357,0.5151515151515151,0.6734693646430969,0.6613892454714021,0.44931674003601074,,,,0.6734693646430969,,0.2129935844632658,0.651685393258427,0.059140171855688095,0.9215561151504517,0.19243088364601135,18.364736557006836,2.81911563873291,0.5510203838348389,0.13265305757522583,0.24489793181419373,0.020408153533935547,0.6530612111091614,,,,,,,,,0.1057148277759552,0.08862020075321198,0.0,0.017094630748033524,0.22662454843521118,0.1084253117442131,1.1819922924041748,0.0,0.48238879442214966,2.913254737854004,0.6023946404457092,atlas_het,graphatlas_c_coordinate_relu,graphatlas_certified,ov0.55_cross0.15,,certificate,1.0,full,relu,False,dot,2,40,65,0,65,0.7684210538864136,64834,480,6506,0,13.623802423477173,cpu,0,0.9820270538330078,0.0198581051081419,0.9266452789306641,1.0,0.01797291822731495,0.0,1.0,1.5714725255966187,0.028065184131264687,0.04559694975614548,4.533060564426705e-05,0.5714724659919739,0.0023799578193575144,0.25723588466644287,1.5714725255966187,0.5714724659919739,0.03197216987609863,0.06541377305984497,2.6844389822144876e-07,0.007378450594842434,0.01797294057905674,0.21504276990890503,0.7563275098800659,1.4833333492279053,0.4833333194255829,0.2582237422466278,0.6465567946434021,0.0017894975608214736,0.8128566145896912,atlas_het__node_classification__graphatlas_c_coordinate_relu__split0__seed2__97ecb3c764a8,97ecb3c764a8,975d6eec98ed54f0
node_classification,accuracy,0.8362369537353516,0.7684210538864136,0.6734693646430969,,,,,,,,,,,,0.83699487292574,0.8362369337979094,0.7574402162121014,0.8359501578516823,0.37388479709625244,0.06402363628149033,0.7422680412371134,0.8362369537353516,0.8344844780302445,0.2248649001121521,0.7674315415821501,0.7684210526315789,0.6531825180177712,0.7661988304093568,0.9560071229934692,0.131118044257164,0.65625,0.7684210538864136,0.7662196679438059,0.385651558637619,0.666955266955267,0.673469387755102,0.5163351005010364,0.6642346283828037,0.7336217761039734,0.11753053963184357,0.5151515151515151,0.6734693646430969,0.6613892454714021,0.44931674003601074,,,,0.6734693646430969,,0.2129935844632658,0.651685393258427,0.059140171855688095,0.9215561151504517,0.19243088364601135,18.364736557006836,2.81911563873291,0.5510203838348389,0.13265305757522583,0.24489793181419373,0.020408153533935547,0.6530612111091614,,,,,,,,,0.1057148277759552,0.08862020075321198,0.0,0.017094630748033524,0.22662454843521118,0.1084253117442131,1.1819922924041748,0.0,0.48238879442214966,2.913254737854004,0.6023946404457092,atlas_het,graphatlas_c_coordinate_relu,graphatlas_certified,ov0.55_cross0.30,,certificate,1.0,full,relu,False,dot,2,40,65,0,65,0.7684210538864136,64834,480,6506,0,13.644654273986816,cpu,0,0.9820270538330078,0.0198581051081419,0.9266452789306641,1.0,0.01797291822731495,0.0,1.0,1.5714725255966187,0.028065184131264687,0.04559694975614548,4.533060564426705e-05,0.5714724659919739,0.0023799578193575144,0.25723588466644287,1.5714725255966187,0.5714724659919739,0.03197216987609863,0.06541377305984497,2.6844389822144876e-07,0.007378450594842434,0.01797294057905674,0.21504276990890503,0.7563275098800659,1.4833333492279053,0.4833333194255829,0.2582237422466278,0.6465567946434021,0.0017894975608214736,0.8128566145896912,atlas_het__node_classification__graphatlas_c_coordinate_relu__split0__seed2__8f23fa7cf356,8f23fa7cf356,975d6eec98ed54f0
node_classification,accuracy,0.8362369537353516,0.7684210538864136,0.6734693646430969,,,,,,,,,,,,0.83699487292574,0.8362369337979094,0.7574402162121014,0.8359501578516823,0.37388479709625244,0.06402363628149033,0.7422680412371134,0.8362369537353516,0.8344844780302445,0.2248649001121521,0.7674315415821501,0.7684210526315789,0.6531825180177712,0.7661988304093568,0.9560071229934692,0.131118044257164,0.65625,0.7684210538864136,0.7662196679438059,0.385651558637619,0.666955266955267,0.673469387755102,0.5163351005010364,0.6642346283828037,0.7336217761039734,0.11753053963184357,0.5151515151515151,0.6734693646430969,0.6613892454714021,0.44931674003601074,,,,0.6734693646430969,,0.2129935844632658,0.651685393258427,0.059140171855688095,0.9215561151504517,0.19243088364601135,18.364736557006836,2.81911563873291,0.5510203838348389,0.13265305757522583,0.24489793181419373,0.020408153533935547,0.6530612111091614,,,,,,,,,0.1057148277759552,0.08862020075321198,0.0,0.017094630748033524,0.22662454843521118,0.1084253117442131,1.1819922924041748,0.0,0.48238879442214966,2.913254737854004,0.6023946404457092,atlas_het,graphatlas_c_coordinate_relu,graphatlas_certified,ov0.55_cross0.50,,certificate,1.0,full,relu,False,dot,2,40,65,0,65,0.7684210538864136,64834,480,6506,0,13.372388124465942,cpu,0,0.9820270538330078,0.0198581051081419,0.9266452789306641,1.0,0.01797291822731495,0.0,1.0,1.5714725255966187,0.028065184131264687,0.04559694975614548,4.533060564426705e-05,0.5714724659919739,0.0023799578193575144,0.25723588466644287,1.5714725255966187,0.5714724659919739,0.03197216987609863,0.06541377305984497,2.6844389822144876e-07,0.007378450594842434,0.01797294057905674,0.21504276990890503,0.7563275098800659,1.4833333492279053,0.4833333194255829,0.2582237422466278,0.6465567946434021,0.0017894975608214736,0.8128566145896912,atlas_het__node_classification__graphatlas_c_coordinate_relu__split0__seed2__a48d1e7f13bb,a48d1e7f13bb,975d6eec98ed54f0
node_classification,accuracy,0.9756097793579102,0.7765957713127136,0.9090909361839294,,,,,,,,,,,,0.9765411893071468,0.975609756097561,0.9634765360584188,0.9755625375942458,0.05934286117553711,0.02108658477663994,0.9615384615384616,0.9756097793579102,0.9760345376332605,0.03365118056535721,0.7780758577068202,0.776595744680851,0.6645700278594993,0.7763965961752721,1.3300530910491943,0.18614983558654785,0.7419354838709677,0.7765957713127136,0.777204736296647,0.3840869665145874,0.9110289725209081,0.9090909090909091,0.8652961438339546,0.9089223542286308,0.4557449519634247,0.06057003140449524,0.8611111111111112,0.9090909361839294,0.90944940580176,0.16321587562561035,,,,0.9722222089767456,0.8730158805847168,0.07260402089680369,0.48148148148148145,0.1586313545703888,7.033278137669186e-08,5.337068742505835e-08,6.4373016357421875e-06,4.76837158203125e-06,0.0,0.0,0.0,0.0,0.9090909361839294,,,,,,,,,0.06399188935756683,0.04143918305635452,0.0,0.02255270816385746,0.14466159045696259,0.1272132843732834,0.17448294162750244,1.935097770910943e-08,0.6585807204246521,2.2248942852020264,0.9539615511894226,atlas_het,graphatlas_c_q_reference,graphatlas_certified,ov0.10_cross0.00,,q_reference_max,1.0,full,none,False,dot,0,110,120,0,120,0.7765957713127136,64834,480,6540,0,23.574604511260986,cpu,0,0.9412750601768494,0.09067712724208832,0.1409704089164734,1.0,0.05872496962547302,0.000748761638533324,0.9562838673591614,1.595107078552246,0.06846562027931213,0.11968851089477539,0.6231821775436401,0.5951070189476013,0.30642765760421753,0.0,1.595107078552246,0.5951070189476013,0.053908467292785645,0.8122183084487915,2.511895331736014e-07,0.021800905466079712,0.05872498080134392,0.3241269886493683,1.0,1.537500023841858,0.5375000238418579,0.2923888862133026,0.6768030524253845,0.037538520991802216,0.49793368577957153,atlas_het__node_classification__graphatlas_c_q_reference__split0__seed0__a4065302bdb1,a4065302bdb1,975d6eec98ed54f0
node_classification,accuracy,0.9756097793579102,0.7765957713127136,0.9090909361839294,,,,,,,,,,,,0.9765411893071468,0.975609756097561,0.9634765360584188,0.9755625375942458,0.05934286117553711,0.02108658477663994,0.9615384615384616,0.9756097793579102,0.9760345376332605,0.03365118056535721,0.7780758577068202,0.776595744680851,0.6645700278594993,0.7763965961752721,1.3300530910491943,0.18614983558654785,0.7419354838709677,0.7765957713127136,0.777204736296647,0.3840869665145874,0.9110289725209081,0.9090909090909091,0.8652961438339546,0.9089223542286308,0.4557449519634247,0.06057003140449524,0.8611111111111112,0.9090909361839294,0.90944940580176,0.16321587562561035,,,,0.9722222089767456,0.8730158805847168,0.07260402089680369,0.48148148148148145,0.1586313545703888,7.033278137669186e-08,5.337068742505835e-08,6.4373016357421875e-06,4.76837158203125e-06,0.0,0.0,0.0,0.0,0.9090909361839294,,,,,,,,,0.06399188935756683,0.04143918305635452,0.0,0.02255270816385746,0.14466159045696259,0.1272132843732834,0.17448294162750244,1.935097770910943e-08,0.6585807204246521,2.2248942852020264,0.9539615511894226,atlas_het,graphatlas_c_q_reference,graphatlas_certified,ov0.10_cross0.15,,q_reference_max,1.0,full,none,False,dot,0,110,120,0,120,0.7765957713127136,64834,480,6540,0,23.61004328727722,cpu,0,0.9412750601768494,0.09067712724208832,0.1409704089164734,1.0,0.05872496962547302,0.000748761638533324,0.9562838673591614,1.595107078552246,0.06846562027931213,0.11968851089477539,0.6231821775436401,0.5951070189476013,0.30642765760421753,0.0,1.595107078552246,0.5951070189476013,0.053908467292785645,0.8122183084487915,2.511895331736014e-07,0.021800905466079712,0.05872498080134392,0.3241269886493683,1.0,1.537500023841858,0.5375000238418579,0.2923888862133026,0.6768030524253845,0.037538520991802216,0.49793368577957153,atlas_het__node_classification__graphatlas_c_q_reference__split0__seed0__160a430aa311,160a430aa311,975d6eec98ed54f0
node_classification,accuracy,0.9756097793579102,0.7765957713127136,0.9090909361839294,,,,,,,,,,,,0.9765411893071468,0.975609756097561,0.9634765360584188,0.9755625375942458,0.05934286117553711,0.02108658477663994,0.9615384615384616,0.9756097793579102,0.9760345376332605,0.03365118056535721,0.7780758577068202,0.776595744680851,0.6645700278594993,0.7763965961752721,1.3300530910491943,0.18614983558654785,0.7419354838709677,0.7765957713127136,0.777204736296647,0.3840869665145874,0.9110289725209081,0.9090909090909091,0.8652961438339546,0.9089223542286308,0.4557449519634247,0.06057003140449524,0.8611111111111112,0.9090909361839294,0.90944940580176,0.16321587562561035,,,,0.9722222089767456,0.8730158805847168,0.07260402089680369,0.48148148148148145,0.1586313545703888,7.033278137669186e-08,5.337068742505835e-08,6.4373016357421875e-06,4.76837158203125e-06,0.0,0.0,0.0,0.0,0.9090909361839294,,,,,,,,,0.06399188935756683,0.04143918305635452,0.0,0.02255270816385746,0.14466159045696259,0.1272132843732834,0.17448294162750244,1.935097770910943e-08,0.6585807204246521,2.2248942852020264,0.9539615511894226,atlas_het,graphatlas_c_q_reference,graphatlas_certified,ov0.10_cross0.30,,q_reference_max,1.0,full,none,False,dot,0,110,120,0,120,0.7765957713127136,64834,480,6540,0,23.528268337249756,cpu,0,0.9412750601768494,0.09067712724208832,0.1409704089164734,1.0,0.05872496962547302,0.000748761638533324,0.9562838673591614,1.595107078552246,0.06846562027931213,0.11968851089477539,0.6231821775436401,0.5951070189476013,0.30642765760421753,0.0,1.595107078552246,0.5951070189476013,0.053908467292785645,0.8122183084487915,2.511895331736014e-07,0.021800905466079712,0.05872498080134392,0.3241269886493683,1.0,1.537500023841858,0.5375000238418579,0.2923888862133026,0.6768030524253845,0.037538520991802216,0.49793368577957153,atlas_het__node_classification__graphatlas_c_q_reference__split0__seed0__6d52601b008e,6d52601b008e,975d6eec98ed54f0
node_classification,accuracy,0.9756097793579102,0.7765957713127136,0.9090909361839294,,,,,,,,,,,,0.9765411893071468,0.975609756097561,0.9634765360584188,0.9755625375942458,0.05934286117553711,0.02108658477663994,0.9615384615384616,0.9756097793579102,0.9760345376332605,0.03365118056535721,0.7780758577068202,0.776595744680851,0.6645700278594993,0.7763965961752721,1.3300530910491943,0.18614983558654785,0.7419354838709677,0.7765957713127136,0.777204736296647,0.3840869665145874,0.9110289725209081,0.9090909090909091,0.8652961438339546,0.9089223542286308,0.4557449519634247,0.06057003140449524,0.8611111111111112,0.9090909361839294,0.90944940580176,0.16321587562561035,,,,0.9722222089767456,0.8730158805847168,0.07260402089680369,0.48148148148148145,0.1586313545703888,7.033278137669186e-08,5.337068742505835e-08,6.4373016357421875e-06,4.76837158203125e-06,0.0,0.0,0.0,0.0,0.9090909361839294,,,,,,,,,0.06399188935756683,0.04143918305635452,0.0,0.02255270816385746,0.14466159045696259,0.1272132843732834,0.17448294162750244,1.935097770910943e-08,0.6585807204246521,2.2248942852020264,0.9539615511894226,atlas_het,graphatlas_c_q_reference,graphatlas_certified,ov0.10_cross0.50,,q_reference_max,1.0,full,none,False,dot,0,110,120,0,120,0.7765957713127136,64834,480,6540,0,24.108021020889282,cpu,0,0.9412750601768494,0.09067712724208832,0.1409704089164734,1.0,0.05872496962547302,0.000748761638533324,0.9562838673591614,1.595107078552246,0.06846562027931213,0.11968851089477539,0.6231821775436401,0.5951070189476013,0.30642765760421753,0.0,1.595107078552246,0.5951070189476013,0.053908467292785645,0.8122183084487915,2.511895331736014e-07,0.021800905466079712,0.05872498080134392,0.3241269886493683,1.0,1.537500023841858,0.5375000238418579,0.2923888862133026,0.6768030524253845,0.037538520991802216,0.49793368577957153,atlas_het__node_classification__graphatlas_c_q_reference__split0__seed0__86a3a811dd91,86a3a811dd91,975d6eec98ed54f0
node_classification,accuracy,0.8606271743774414,0.7127659320831299,0.8282828330993652,,,,,,,,,,,,0.8609374329551236,0.8606271777003485,0.7909077010996322,0.8608079070297253,0.3210090100765228,0.02686828002333641,0.8297872340425532,0.8606271743774414,0.8618938375371957,0.19460159540176392,0.7120765992715218,0.7127659574468085,0.570363448448754,0.7112546437014523,0.947243332862854,0.15817853808403015,0.6129032258064516,0.7127659320831299,0.7113756613756613,0.4657064378261566,0.8266875746714456,0.8282828282828283,0.7420110954368931,0.8282916347432477,0.4379693865776062,0.10273657739162445,0.8064516129032258,0.8282828330993652,0.8276663760534729,0.23793600499629974,,,,0.8333333134651184,0.8222222328186035,0.05304151912615052,0.7310789049919485,0.21180593967437744,7.146218905518253e-08,6.374798999786435e-08,4.76837158203125e-06,2.86102294921875e-06,0.0,0.0,0.0,0.0,0.8282828330993652,,,,,,,,,0.124307781457901,0.08320716768503189,0.0,0.04110061004757881,0.20004750788211823,0.14655554294586182,0.5349196791648865,0.0,0.47731444239616394,2.9406204223632812,0.8433324098587036,atlas_het,graphatlas_c_q_reference,graphatlas_certified,ov0.25_cross0.00,,q_reference_max,1.0,full,none,False,dot,0,35,60,0,60,0.7127659320831299,64834,480,6540,0,12.081785202026367,cpu,0,0.9702131152153015,0.03456724435091019,0.7155706286430359,1.0,0.029786953702569008,0.0,0.9994157552719116,1.747706413269043,0.049356188625097275,0.08064878731966019,0.8320971727371216,0.747706413269043,0.4132588505744934,0.0,1.747706413269043,0.747706413269043,0.048564612865448,0.16274231672286987,2.521938142763247e-07,0.01673724688589573,0.0297869686037302,0.36171427369117737,1.0,1.6958333253860474,0.6958333253860474,0.3703804016113281,0.6618600487709045,0.07312782853841782,0.5194728970527649,atlas_het__node_classification__graphatlas_c_q_reference__split0__seed0__a04a34d2f874,a04a34d2f874,975d6eec98ed54f0
node_classification,accuracy,0.8606271743774414,0.7127659320831299,0.8282828330993652,,,,,,,,,,,,0.8609374329551236,0.8606271777003485,0.7909077010996322,0.8608079070297253,0.3210090100765228,0.02686828002333641,0.8297872340425532,0.8606271743774414,0.8618938375371957,0.19460159540176392,0.7120765992715218,0.7127659574468085,0.570363448448754,0.7112546437014523,0.947243332862854,0.15817853808403015,0.6129032258064516,0.7127659320831299,0.7113756613756613,0.4657064378261566,0.8266875746714456,0.8282828282828283,0.7420110954368931,0.8282916347432477,0.4379693865776062,0.10273657739162445,0.8064516129032258,0.8282828330993652,0.8276663760534729,0.23793600499629974,,,,0.8333333134651184,0.8222222328186035,0.05304151912615052,0.7310789049919485,0.21180593967437744,7.146218905518253e-08,6.374798999786435e-08,4.76837158203125e-06,2.86102294921875e-06,0.0,0.0,0.0,0.0,0.8282828330993652,,,,,,,,,0.124307781457901,0.08320716768503189,0.0,0.04110061004757881,0.20004750788211823,0.14655554294586182,0.5349196791648865,0.0,0.47731444239616394,2.9406204223632812,0.8433324098587036,atlas_het,graphatlas_c_q_reference,graphatlas_certified,ov0.25_cross0.15,,q_reference_max,1.0,full,none,False,dot,0,35,60,0,60,0.7127659320831299,64834,480,6540,0,11.983160018920898,cpu,0,0.9702131152153015,0.03456724435091019,0.7155706286430359,1.0,0.029786953702569008,0.0,0.9994157552719116,1.747706413269043,0.049356188625097275,0.08064878731966019,0.8320971727371216,0.747706413269043,0.4132588505744934,0.0,1.747706413269043,0.747706413269043,0.048564612865448,0.16274231672286987,2.521938142763247e-07,0.01673724688589573,0.0297869686037302,0.36171427369117737,1.0,1.6958333253860474,0.6958333253860474,0.3703804016113281,0.6618600487709045,0.07312782853841782,0.5194728970527649,atlas_het__node_classification__graphatlas_c_q_reference__split0__seed0__98514ff339a3,98514ff339a3,975d6eec98ed54f0
node_classification,accuracy,0.8606271743774414,0.7127659320831299,0.8282828330993652,,,,,,,,,,,,0.8609374329551236,0.8606271777003485,0.7909077010996322,0.8608079070297253,0.3210090100765228,0.02686828002333641,0.8297872340425532,0.8606271743774414,0.8618938375371957,0.19460159540176392,0.7120765992715218,0.7127659574468085,0.570363448448754,0.7112546437014523,0.947243332862854,0.15817853808403015,0.6129032258064516,0.7127659320831299,0.7113756613756613,0.4657064378261566,0.8266875746714456,0.8282828282828283,0.7420110954368931,0.8282916347432477,0.4379693865776062,0.10273657739162445,0.8064516129032258,0.8282828330993652,0.8276663760534729,0.23793600499629974,,,,0.8333333134651184,0.8222222328186035,0.05304151912615052,0.7310789049919485,0.21180593967437744,7.146218905518253e-08,6.374798999786435e-08,4.76837158203125e-06,2.86102294921875e-06,0.0,0.0,0.0,0.0,0.8282828330993652,,,,,,,,,0.124307781457901,0.08320716768503189,0.0,0.04110061004757881,0.20004750788211823,0.14655554294586182,0.5349196791648865,0.0,0.47731444239616394,2.9406204223632812,0.8433324098587036,atlas_het,graphatlas_c_q_reference,graphatlas_certified,ov0.25_cross0.30,,q_reference_max,1.0,full,none,False,dot,0,35,60,0,60,0.7127659320831299,64834,480,6540,0,12.060735702514648,cpu,0,0.9702131152153015,0.03456724435091019,0.7155706286430359,1.0,0.029786953702569008,0.0,0.9994157552719116,1.747706413269043,0.049356188625097275,0.08064878731966019,0.8320971727371216,0.747706413269043,0.4132588505744934,0.0,1.747706413269043,0.747706413269043,0.048564612865448,0.16274231672286987,2.521938142763247e-07,0.01673724688589573,0.0297869686037302,0.36171427369117737,1.0,1.6958333253860474,0.6958333253860474,0.3703804016113281,0.6618600487709045,0.07312782853841782,0.5194728970527649,atlas_het__node_classification__graphatlas_c_q_reference__split0__seed0__24a9af527b4e,24a9af527b4e,975d6eec98ed54f0
node_classification,accuracy,0.8606271743774414,0.7127659320831299,0.8282828330993652,,,,,,,,,,,,0.8609374329551236,0.8606271777003485,0.7909077010996322,0.8608079070297253,0.3210090100765228,0.02686828002333641,0.8297872340425532,0.8606271743774414,0.8618938375371957,0.19460159540176392,0.7120765992715218,0.7127659574468085,0.570363448448754,0.7112546437014523,0.947243332862854,0.15817853808403015,0.6129032258064516,0.7127659320831299,0.7113756613756613,0.4657064378261566,0.8266875746714456,0.8282828282828283,0.7420110954368931,0.8282916347432477,0.4379693865776062,0.10273657739162445,0.8064516129032258,0.8282828330993652,0.8276663760534729,0.23793600499629974,,,,0.8333333134651184,0.8222222328186035,0.05304151912615052,0.7310789049919485,0.21180593967437744,7.146218905518253e-08,6.374798999786435e-08,4.76837158203125e-06,2.86102294921875e-06,0.0,0.0,0.0,0.0,0.8282828330993652,,,,,,,,,0.124307781457901,0.08320716768503189,0.0,0.04110061004757881,0.20004750788211823,0.14655554294586182,0.5349196791648865,0.0,0.47731444239616394,2.9406204223632812,0.8433324098587036,atlas_het,graphatlas_c_q_reference,graphatlas_certified,ov0.25_cross0.50,,q_reference_max,1.0,full,none,False,dot,0,35,60,0,60,0.7127659320831299,64834,480,6540,0,12.033489227294922,cpu,0,0.9702131152153015,0.03456724435091019,0.7155706286430359,1.0,0.029786953702569008,0.0,0.9994157552719116,1.747706413269043,0.049356188625097275,0.08064878731966019,0.8320971727371216,0.747706413269043,0.4132588505744934,0.0,1.747706413269043,0.747706413269043,0.048564612865448,0.16274231672286987,2.521938142763247e-07,0.01673724688589573,0.0297869686037302,0.36171427369117737,1.0,1.6958333253860474,0.6958333253860474,0.3703804016113281,0.6618600487709045,0.07312782853841782,0.5194728970527649,atlas_het__node_classification__graphatlas_c_q_reference__split0__seed0__be0a30b18d88,be0a30b18d88,975d6eec98ed54f0
node_classification,accuracy,0.9442508816719055,0.7553191781044006,0.8383838534355164,,,,,,,,,,,,0.9441129234937508,0.9442508710801394,0.9162620951808025,0.9442973286875725,0.1536915898323059,0.04130544513463974,0.9325842696629213,0.9442508816719055,0.9447619047619048,0.08824261277914047,0.7531898187528626,0.7553191489361702,0.6324858772995513,0.7545761567038164,0.8837307691574097,0.1615731120109558,0.6774193548387096,0.7553191781044006,0.7544973544973544,0.3886396884918213,0.8356108124253284,0.8383838383838383,0.7579801423076649,0.8379776545293788,0.4480607807636261,0.07002194225788116,0.7741935483870968,0.8383838534355164,0.8372295903330387,0.23436741530895233,,,,0.8311688303947449,0.8636363744735718,0.040503223980328656,0.625,0.22289535403251648,6.22082296786175e-08,5.893680210533603e-08,3.814697265625e-06,6.67572021484375e-06,0.0,0.0,0.0,0.0,0.8383838534355164,,,,,,,,,0.10880497843027115,0.05423303693532944,0.0,0.05457194149494171,0.21546690165996552,0.18915528059005737,0.26311615109443665,0.0,0.6077826023101807,2.5118203163146973,0.8860670328140259,atlas_het,graphatlas_c_q_reference,graphatlas_certified,ov0.40_cross0.00,,q_reference_max,1.0,full,none,False,dot,0,60,85,0,85,0.7553191781044006,64834,480,6540,0,16.96173357963562,cpu,0,0.9297723770141602,0.10190670937299728,0.03747681900858879,1.0,0.07022766023874283,0.001323101343587041,0.9340434074401855,1.485321044921875,0.09710925817489624,0.216163769364357,0.43785449862480164,0.4853211045265198,0.2295674979686737,0.0,1.485321044921875,0.4853211045265198,0.05323570966720581,0.7880389094352722,2.6388343599137443e-07,0.019546272233128548,0.07022762298583984,0.30363497138023376,1.0,1.4458333253860474,0.44583332538604736,0.2405022233724594,0.6525241732597351,0.04375718533992767,0.47947439551353455,atlas_het__node_classification__graphatlas_c_q_reference__split0__seed0__3e09ffea5d1a,3e09ffea5d1a,975d6eec98ed54f0
node_classification,accuracy,0.9442508816719055,0.7553191781044006,0.8383838534355164,,,,,,,,,,,,0.9441129234937508,0.9442508710801394,0.9162620951808025,0.9442973286875725,0.1536915898323059,0.04130544513463974,0.9325842696629213,0.9442508816719055,0.9447619047619048,0.08824261277914047,0.7531898187528626,0.7553191489361702,0.6324858772995513,0.7545761567038164,0.8837307691574097,0.1615731120109558,0.6774193548387096,0.7553191781044006,0.7544973544973544,0.3886396884918213,0.8356108124253284,0.8383838383838383,0.7579801423076649,0.8379776545293788,0.4480607807636261,0.07002194225788116,0.7741935483870968,0.8383838534355164,0.8372295903330387,0.23436741530895233,,,,0.8311688303947449,0.8636363744735718,0.040503223980328656,0.625,0.22289535403251648,6.22082296786175e-08,5.893680210533603e-08,3.814697265625e-06,6.67572021484375e-06,0.0,0.0,0.0,0.0,0.8383838534355164,,,,,,,,,0.10880497843027115,0.05423303693532944,0.0,0.05457194149494171,0.21546690165996552,0.18915528059005737,0.26311615109443665,0.0,0.6077826023101807,2.5118203163146973,0.8860670328140259,atlas_het,graphatlas_c_q_reference,graphatlas_certified,ov0.40_cross0.15,,q_reference_max,1.0,full,none,False,dot,0,60,85,0,85,0.7553191781044006,64834,480,6540,0,17.4176082611084,cpu,0,0.9297723770141602,0.10190670937299728,0.03747681900858879,1.0,0.07022766023874283,0.001323101343587041,0.9340434074401855,1.485321044921875,0.09710925817489624,0.216163769364357,0.43785449862480164,0.4853211045265198,0.2295674979686737,0.0,1.485321044921875,0.4853211045265198,0.05323570966720581,0.7880389094352722,2.6388343599137443e-07,0.019546272233128548,0.07022762298583984,0.30363497138023376,1.0,1.4458333253860474,0.44583332538604736,0.2405022233724594,0.6525241732597351,0.04375718533992767,0.47947439551353455,atlas_het__node_classification__graphatlas_c_q_reference__split0__seed0__b48b964a42e8,b48b964a42e8,975d6eec98ed54f0
node_classification,accuracy,0.9442508816719055,0.7553191781044006,0.8383838534355164,,,,,,,,,,,,0.9441129234937508,0.9442508710801394,0.9162620951808025,0.9442973286875725,0.1536915898323059,0.04130544513463974,0.9325842696629213,0.9442508816719055,0.9447619047619048,0.08824261277914047,0.7531898187528626,0.7553191489361702,0.6324858772995513,0.7545761567038164,0.8837307691574097,0.1615731120109558,0.6774193548387096,0.7553191781044006,0.7544973544973544,0.3886396884918213,0.8356108124253284,0.8383838383838383,0.7579801423076649,0.8379776545293788,0.4480607807636261,0.07002194225788116,0.7741935483870968,0.8383838534355164,0.8372295903330387,0.23436741530895233,,,,0.8311688303947449,0.8636363744735718,0.040503223980328656,0.625,0.22289535403251648,6.22082296786175e-08,5.893680210533603e-08,3.814697265625e-06,6.67572021484375e-06,0.0,0.0,0.0,0.0,0.8383838534355164,,,,,,,,,0.10880497843027115,0.05423303693532944,0.0,0.05457194149494171,0.21546690165996552,0.18915528059005737,0.26311615109443665,0.0,0.6077826023101807,2.5118203163146973,0.8860670328140259,atlas_het,graphatlas_c_q_reference,graphatlas_certified,ov0.40_cross0.30,,q_reference_max,1.0,full,none,False,dot,0,60,85,0,85,0.7553191781044006,64834,480,6540,0,17.727452516555786,cpu,0,0.9297723770141602,0.10190670937299728,0.03747681900858879,1.0,0.07022766023874283,0.001323101343587041,0.9340434074401855,1.485321044921875,0.09710925817489624,0.216163769364357,0.43785449862480164,0.4853211045265198,0.2295674979686737,0.0,1.485321044921875,0.4853211045265198,0.05323570966720581,0.7880389094352722,2.6388343599137443e-07,0.019546272233128548,0.07022762298583984,0.30363497138023376,1.0,1.4458333253860474,0.44583332538604736,0.2405022233724594,0.6525241732597351,0.04375718533992767,0.47947439551353455,atlas_het__node_classification__graphatlas_c_q_reference__split0__seed0__a76c1a0d63ea,a76c1a0d63ea,975d6eec98ed54f0
node_classification,accuracy,0.9442508816719055,0.7553191781044006,0.8383838534355164,,,,,,,,,,,,0.9441129234937508,0.9442508710801394,0.9162620951808025,0.9442973286875725,0.1536915898323059,0.04130544513463974,0.9325842696629213,0.9442508816719055,0.9447619047619048,0.08824261277914047,0.7531898187528626,0.7553191489361702,0.6324858772995513,0.7545761567038164,0.8837307691574097,0.1615731120109558,0.6774193548387096,0.7553191781044006,0.7544973544973544,0.3886396884918213,0.8356108124253284,0.8383838383838383,0.7579801423076649,0.8379776545293788,0.4480607807636261,0.07002194225788116,0.7741935483870968,0.8383838534355164,0.8372295903330387,0.23436741530895233,,,,0.8311688303947449,0.8636363744735718,0.040503223980328656,0.625,0.22289535403251648,6.22082296786175e-08,5.893680210533603e-08,3.814697265625e-06,6.67572021484375e-06,0.0,0.0,0.0,0.0,0.8383838534355164,,,,,,,,,0.10880497843027115,0.05423303693532944,0.0,0.05457194149494171,0.21546690165996552,0.18915528059005737,0.26311615109443665,0.0,0.6077826023101807,2.5118203163146973,0.8860670328140259,atlas_het,graphatlas_c_q_reference,graphatlas_certified,ov0.40_cross0.50,,q_reference_max,1.0,full,none,False,dot,0,60,85,0,85,0.7553191781044006,64834,480,6540,0,17.2922146320343,cpu,0,0.9297723770141602,0.10190670937299728,0.03747681900858879,1.0,0.07022766023874283,0.001323101343587041,0.9340434074401855,1.485321044921875,0.09710925817489624,0.216163769364357,0.43785449862480164,0.4853211045265198,0.2295674979686737,0.0,1.485321044921875,0.4853211045265198,0.05323570966720581,0.7880389094352722,2.6388343599137443e-07,0.019546272233128548,0.07022762298583984,0.30363497138023376,1.0,1.4458333253860474,0.44583332538604736,0.2405022233724594,0.6525241732597351,0.04375718533992767,0.47947439551353455,atlas_het__node_classification__graphatlas_c_q_reference__split0__seed0__bd28b48d5192,bd28b48d5192,975d6eec98ed54f0
node_classification,accuracy,0.9616724848747253,0.7872340679168701,0.8787878751754761,,,,,,,,,,,,0.9619583540214666,0.9616724738675958,0.9424910388883647,0.961689298854736,0.10844876617193222,0.025323715060949326,0.9468085106382979,0.9616724848747253,0.9622033845497532,0.06329858303070068,0.7908460380815284,0.7872340425531915,0.6885310557628701,0.7810731427752705,0.8635367751121521,0.17452996969223022,0.6129032258064516,0.7872340679168701,0.7821020664157919,0.3723461329936981,0.8779495221027479,0.8787878787878788,0.8180010886450166,0.8786076429912046,0.3716402053833008,0.10193844139575958,0.8387096774193549,0.8787878751754761,0.8785622292471608,0.18492422997951508,,,,0.8787878751754761,,0.0345473054979961,0.684931506849315,0.25554797053337097,4.855555246763288e-08,5.2841514275314694e-08,7.62939453125e-06,4.76837158203125e-06,0.0,0.0,0.0,0.0,0.8787878751754761,,,,,,,,,0.11340392380952835,0.06304334849119186,0.0,0.05036057531833649,0.12317878007888794,0.09686789661645889,0.26310887932777405,0.0,0.5419889688491821,2.558570623397827,0.8582435846328735,atlas_het,graphatlas_c_q_reference,graphatlas_certified,ov0.55_cross0.00,,q_reference_max,1.0,full,none,False,dot,0,60,85,0,85,0.7872340679168701,64834,480,6540,0,17.160402297973633,cpu,0,0.9702097177505493,0.035220615565776825,0.677607536315918,1.0,0.029790323227643967,0.0,0.9989944696426392,1.5746177434921265,0.04064680635929108,0.07117306441068649,0.605962872505188,0.5746177434921265,0.2967730760574341,0.0,1.5746177434921265,0.5746177434921265,0.032698750495910645,0.3051716089248657,2.784734931537969e-07,0.010348538868129253,0.02979028783738613,0.3393966853618622,1.0,1.5208333730697632,0.5208333134651184,0.28835880756378174,0.6735143065452576,0.09350959211587906,0.4622180163860321,atlas_het__node_classification__graphatlas_c_q_reference__split0__seed0__c8c5f5ee2002,c8c5f5ee2002,975d6eec98ed54f0
node_classification,accuracy,0.9616724848747253,0.7872340679168701,0.8787878751754761,,,,,,,,,,,,0.9619583540214666,0.9616724738675958,0.9424910388883647,0.961689298854736,0.10844876617193222,0.025323715060949326,0.9468085106382979,0.9616724848747253,0.9622033845497532,0.06329858303070068,0.7908460380815284,0.7872340425531915,0.6885310557628701,0.7810731427752705,0.8635367751121521,0.17452996969223022,0.6129032258064516,0.7872340679168701,0.7821020664157919,0.3723461329936981,0.8779495221027479,0.8787878787878788,0.8180010886450166,0.8786076429912046,0.3716402053833008,0.10193844139575958,0.8387096774193549,0.8787878751754761,0.8785622292471608,0.18492422997951508,,,,0.8787878751754761,,0.0345473054979961,0.684931506849315,0.25554797053337097,4.855555246763288e-08,5.2841514275314694e-08,7.62939453125e-06,4.76837158203125e-06,0.0,0.0,0.0,0.0,0.8787878751754761,,,,,,,,,0.11340392380952835,0.06304334849119186,0.0,0.05036057531833649,0.12317878007888794,0.09686789661645889,0.26310887932777405,0.0,0.5419889688491821,2.558570623397827,0.8582435846328735,atlas_het,graphatlas_c_q_reference,graphatlas_certified,ov0.55_cross0.15,,q_reference_max,1.0,full,none,False,dot,0,60,85,0,85,0.7872340679168701,64834,480,6540,0,17.109933614730835,cpu,0,0.9702097177505493,0.035220615565776825,0.677607536315918,1.0,0.029790323227643967,0.0,0.9989944696426392,1.5746177434921265,0.04064680635929108,0.07117306441068649,0.605962872505188,0.5746177434921265,0.2967730760574341,0.0,1.5746177434921265,0.5746177434921265,0.032698750495910645,0.3051716089248657,2.784734931537969e-07,0.010348538868129253,0.02979028783738613,0.3393966853618622,1.0,1.5208333730697632,0.5208333134651184,0.28835880756378174,0.6735143065452576,0.09350959211587906,0.4622180163860321,atlas_het__node_classification__graphatlas_c_q_reference__split0__seed0__b86e5a402b3b,b86e5a402b3b,975d6eec98ed54f0
node_classification,accuracy,0.9616724848747253,0.7872340679168701,0.8787878751754761,,,,,,,,,,,,0.9619583540214666,0.9616724738675958,0.9424910388883647,0.961689298854736,0.10844876617193222,0.025323715060949326,0.9468085106382979,0.9616724848747253,0.9622033845497532,0.06329858303070068,0.7908460380815284,0.7872340425531915,0.6885310557628701,0.7810731427752705,0.8635367751121521,0.17452996969223022,0.6129032258064516,0.7872340679168701,0.7821020664157919,0.3723461329936981,0.8779495221027479,0.8787878787878788,0.8180010886450166,0.8786076429912046,0.3716402053833008,0.10193844139575958,0.8387096774193549,0.8787878751754761,0.8785622292471608,0.18492422997951508,,,,0.8787878751754761,,0.0345473054979961,0.684931506849315,0.25554797053337097,4.855555246763288e-08,5.2841514275314694e-08,7.62939453125e-06,4.76837158203125e-06,0.0,0.0,0.0,0.0,0.8787878751754761,,,,,,,,,0.11340392380952835,0.06304334849119186,0.0,0.05036057531833649,0.12317878007888794,0.09686789661645889,0.26310887932777405,0.0,0.5419889688491821,2.558570623397827,0.8582435846328735,atlas_het,graphatlas_c_q_reference,graphatlas_certified,ov0.55_cross0.30,,q_reference_max,1.0,full,none,False,dot,0,60,85,0,85,0.7872340679168701,64834,480,6540,0,17.136497974395752,cpu,0,0.9702097177505493,0.035220615565776825,0.677607536315918,1.0,0.029790323227643967,0.0,0.9989944696426392,1.5746177434921265,0.04064680635929108,0.07117306441068649,0.605962872505188,0.5746177434921265,0.2967730760574341,0.0,1.5746177434921265,0.5746177434921265,0.032698750495910645,0.3051716089248657,2.784734931537969e-07,0.010348538868129253,0.02979028783738613,0.3393966853618622,1.0,1.5208333730697632,0.5208333134651184,0.28835880756378174,0.6735143065452576,0.09350959211587906,0.4622180163860321,atlas_het__node_classification__graphatlas_c_q_reference__split0__seed0__e4b4c109a905,e4b4c109a905,975d6eec98ed54f0
node_classification,accuracy,0.9616724848747253,0.7872340679168701,0.8787878751754761,,,,,,,,,,,,0.9619583540214666,0.9616724738675958,0.9424910388883647,0.961689298854736,0.10844876617193222,0.025323715060949326,0.9468085106382979,0.9616724848747253,0.9622033845497532,0.06329858303070068,0.7908460380815284,0.7872340425531915,0.6885310557628701,0.7810731427752705,0.8635367751121521,0.17452996969223022,0.6129032258064516,0.7872340679168701,0.7821020664157919,0.3723461329936981,0.8779495221027479,0.8787878787878788,0.8180010886450166,0.8786076429912046,0.3716402053833008,0.10193844139575958,0.8387096774193549,0.8787878751754761,0.8785622292471608,0.18492422997951508,,,,0.8787878751754761,,0.0345473054979961,0.684931506849315,0.25554797053337097,4.855555246763288e-08,5.2841514275314694e-08,7.62939453125e-06,4.76837158203125e-06,0.0,0.0,0.0,0.0,0.8787878751754761,,,,,,,,,0.11340392380952835,0.06304334849119186,0.0,0.05036057531833649,0.12317878007888794,0.09686789661645889,0.26310887932777405,0.0,0.5419889688491821,2.558570623397827,0.8582435846328735,atlas_het,graphatlas_c_q_reference,graphatlas_certified,ov0.55_cross0.50,,q_reference_max,1.0,full,none,False,dot,0,60,85,0,85,0.7872340679168701,64834,480,6540,0,16.92250657081604,cpu,0,0.9702097177505493,0.035220615565776825,0.677607536315918,1.0,0.029790323227643967,0.0,0.9989944696426392,1.5746177434921265,0.04064680635929108,0.07117306441068649,0.605962872505188,0.5746177434921265,0.2967730760574341,0.0,1.5746177434921265,0.5746177434921265,0.032698750495910645,0.3051716089248657,2.784734931537969e-07,0.010348538868129253,0.02979028783738613,0.3393966853618622,1.0,1.5208333730697632,0.5208333134651184,0.28835880756378174,0.6735143065452576,0.09350959211587906,0.4622180163860321,atlas_het__node_classification__graphatlas_c_q_reference__split0__seed0__7214d91ef1a4,7214d91ef1a4,975d6eec98ed54f0
node_classification,accuracy,0.9024389982223511,0.8105263113975525,0.795918345451355,,,,,,,,,,,,0.898095556682105,0.9024390243902439,0.8552543610141408,0.9016794593411774,0.26881036162376404,0.05727987363934517,0.8045977011494253,0.9024389982223511,0.9003623188405797,0.15776705741882324,0.8084291187739462,0.8105263157894737,0.7188199190348493,0.8098436341068374,0.7278807759284973,0.12846848368644714,0.7575757575757576,0.8105263113975525,0.8083117630140926,0.32084184885025024,0.7916305916305917,0.7959183673469388,0.6959514606826281,0.7940181498082921,0.7146925926208496,0.09386184811592102,0.7272727272727273,0.795918345451355,0.7915844069746468,0.2993388772010803,,,,0.8292682766914368,0.7719298005104065,-0.026580686391081975,0.5582655826558266,0.17610999941825867,9.807433798414422e-08,8.24734200932653e-08,6.67572021484375e-06,7.62939453125e-06,0.0,0.0,0.0,0.0,0.795918345451355,,,,,,,,,0.06667013466358185,0.04659551754593849,0.0,0.020074618980288506,0.1535143107175827,0.12545762956142426,0.28056690096855164,4.909947165288031e-05,0.5870072841644287,2.363921642303467,0.6711910963058472,atlas_het,graphatlas_c_q_reference,graphatlas_certified,ov0.10_cross0.00,,q_reference_max,1.0,full,none,False,dot,1,45,70,0,70,0.8105263113975525,64834,480,6456,0,13.96495771408081,cpu,0,0.9434577822685242,0.062081847339868546,0.5480136275291443,1.0,0.05654211714863777,0.0,0.9934576749801636,1.4543061256408691,0.09292778372764587,0.14904943108558655,0.5713528394699097,0.45430606603622437,0.25892168283462524,0.0,1.4543061256408691,0.45430606603622437,0.08681589365005493,0.2374550700187683,2.354731947207256e-07,0.019036151468753815,0.05654212087392807,0.24121689796447754,1.0,1.3958333730697632,0.3958333432674408,0.21695420145988464,0.657079815864563,0.027021873742341995,0.7372721433639526,atlas_het__node_classification__graphatlas_c_q_reference__split0__seed1__45369f682111,45369f682111,975d6eec98ed54f0
node_classification,accuracy,0.9024389982223511,0.8105263113975525,0.795918345451355,,,,,,,,,,,,0.898095556682105,0.9024390243902439,0.8552543610141408,0.9016794593411774,0.26881036162376404,0.05727987363934517,0.8045977011494253,0.9024389982223511,0.9003623188405797,0.15776705741882324,0.8084291187739462,0.8105263157894737,0.7188199190348493,0.8098436341068374,0.7278807759284973,0.12846848368644714,0.7575757575757576,0.8105263113975525,0.8083117630140926,0.32084184885025024,0.7916305916305917,0.7959183673469388,0.6959514606826281,0.7940181498082921,0.7146925926208496,0.09386184811592102,0.7272727272727273,0.795918345451355,0.7915844069746468,0.2993388772010803,,,,0.8292682766914368,0.7719298005104065,-0.026580686391081975,0.5582655826558266,0.17610999941825867,9.807433798414422e-08,8.24734200932653e-08,6.67572021484375e-06,7.62939453125e-06,0.0,0.0,0.0,0.0,0.795918345451355,,,,,,,,,0.06667013466358185,0.04659551754593849,0.0,0.020074618980288506,0.1535143107175827,0.12545762956142426,0.28056690096855164,4.909947165288031e-05,0.5870072841644287,2.363921642303467,0.6711910963058472,atlas_het,graphatlas_c_q_reference,graphatlas_certified,ov0.10_cross0.15,,q_reference_max,1.0,full,none,False,dot,1,45,70,0,70,0.8105263113975525,64834,480,6456,0,14.028162717819214,cpu,0,0.9434577822685242,0.062081847339868546,0.5480136275291443,1.0,0.05654211714863777,0.0,0.9934576749801636,1.4543061256408691,0.09292778372764587,0.14904943108558655,0.5713528394699097,0.45430606603622437,0.25892168283462524,0.0,1.4543061256408691,0.45430606603622437,0.08681589365005493,0.2374550700187683,2.354731947207256e-07,0.019036151468753815,0.05654212087392807,0.24121689796447754,1.0,1.3958333730697632,0.3958333432674408,0.21695420145988464,0.657079815864563,0.027021873742341995,0.7372721433639526,atlas_het__node_classification__graphatlas_c_q_reference__split0__seed1__d939feb4c8e1,d939feb4c8e1,975d6eec98ed54f0
node_classification,accuracy,0.9024389982223511,0.8105263113975525,0.795918345451355,,,,,,,,,,,,0.898095556682105,0.9024390243902439,0.8552543610141408,0.9016794593411774,0.26881036162376404,0.05727987363934517,0.8045977011494253,0.9024389982223511,0.9003623188405797,0.15776705741882324,0.8084291187739462,0.8105263157894737,0.7188199190348493,0.8098436341068374,0.7278807759284973,0.12846848368644714,0.7575757575757576,0.8105263113975525,0.8083117630140926,0.32084184885025024,0.7916305916305917,0.7959183673469388,0.6959514606826281,0.7940181498082921,0.7146925926208496,0.09386184811592102,0.7272727272727273,0.795918345451355,0.7915844069746468,0.2993388772010803,,,,0.8292682766914368,0.7719298005104065,-0.026580686391081975,0.5582655826558266,0.17610999941825867,9.807433798414422e-08,8.24734200932653e-08,6.67572021484375e-06,7.62939453125e-06,0.0,0.0,0.0,0.0,0.795918345451355,,,,,,,,,0.06667013466358185,0.04659551754593849,0.0,0.020074618980288506,0.1535143107175827,0.12545762956142426,0.28056690096855164,4.909947165288031e-05,0.5870072841644287,2.363921642303467,0.6711910963058472,atlas_het,graphatlas_c_q_reference,graphatlas_certified,ov0.10_cross0.30,,q_reference_max,1.0,full,none,False,dot,1,45,70,0,70,0.8105263113975525,64834,480,6456,0,13.963806390762329,cpu,0,0.9434577822685242,0.062081847339868546,0.5480136275291443,1.0,0.05654211714863777,0.0,0.9934576749801636,1.4543061256408691,0.09292778372764587,0.14904943108558655,0.5713528394699097,0.45430606603622437,0.25892168283462524,0.0,1.4543061256408691,0.45430606603622437,0.08681589365005493,0.2374550700187683,2.354731947207256e-07,0.019036151468753815,0.05654212087392807,0.24121689796447754,1.0,1.3958333730697632,0.3958333432674408,0.21695420145988464,0.657079815864563,0.027021873742341995,0.7372721433639526,atlas_het__node_classification__graphatlas_c_q_reference__split0__seed1__9c33ad5601bb,9c33ad5601bb,975d6eec98ed54f0
node_classification,accuracy,0.9024389982223511,0.8105263113975525,0.795918345451355,,,,,,,,,,,,0.898095556682105,0.9024390243902439,0.8552543610141408,0.9016794593411774,0.26881036162376404,0.05727987363934517,0.8045977011494253,0.9024389982223511,0.9003623188405797,0.15776705741882324,0.8084291187739462,0.8105263157894737,0.7188199190348493,0.8098436341068374,0.7278807759284973,0.12846848368644714,0.7575757575757576,0.8105263113975525,0.8083117630140926,0.32084184885025024,0.7916305916305917,0.7959183673469388,0.6959514606826281,0.7940181498082921,0.7146925926208496,0.09386184811592102,0.7272727272727273,0.795918345451355,0.7915844069746468,0.2993388772010803,,,,0.8292682766914368,0.7719298005104065,-0.026580686391081975,0.5582655826558266,0.17610999941825867,9.807433798414422e-08,8.24734200932653e-08,6.67572021484375e-06,7.62939453125e-06,0.0,0.0,0.0,0.0,0.795918345451355,,,,,,,,,0.06667013466358185,0.04659551754593849,0.0,0.020074618980288506,0.1535143107175827,0.12545762956142426,0.28056690096855164,4.909947165288031e-05,0.5870072841644287,2.363921642303467,0.6711910963058472,atlas_het,graphatlas_c_q_reference,graphatlas_certified,ov0.10_cross0.50,,q_reference_max,1.0,full,none,False,dot,1,45,70,0,70,0.8105263113975525,64834,480,6456,0,14.254904747009277,cpu,0,0.9434577822685242,0.062081847339868546,0.5480136275291443,1.0,0.05654211714863777,0.0,0.9934576749801636,1.4543061256408691,0.09292778372764587,0.14904943108558655,0.5713528394699097,0.45430606603622437,0.25892168283462524,0.0,1.4543061256408691,0.45430606603622437,0.08681589365005493,0.2374550700187683,2.354731947207256e-07,0.019036151468753815,0.05654212087392807,0.24121689796447754,1.0,1.3958333730697632,0.3958333432674408,0.21695420145988464,0.657079815864563,0.027021873742341995,0.7372721433639526,atlas_het__node_classification__graphatlas_c_q_reference__split0__seed1__55896b4a93a5,55896b4a93a5,975d6eec98ed54f0
node_classification,accuracy,0.888501763343811,0.8421052694320679,0.795918345451355,,,,,,,,,,,,0.8862851802421622,0.8885017421602788,0.8344441213404036,0.8869860992616286,0.23859137296676636,0.04692980647087097,0.8181818181818182,0.888501763343811,0.8862694760130658,0.15408478677272797,0.8387321490769767,0.8421052631578947,0.7633140266501287,0.841799984912113,0.6053636074066162,0.06670468300580978,0.7586206896551724,0.8421052694320679,0.8395338960556352,0.27377697825431824,0.7948051948051947,0.7959183673469388,0.6967067307184518,0.7965986394557822,0.9025894403457642,0.1264079511165619,0.7272727272727273,0.795918345451355,0.7944444444444444,0.3295896053314209,,,,0.7868852615356445,0.8108108043670654,-0.02017508635627855,0.5680933852140078,0.21632686257362366,9.78315952693265e-08,8.879843704789891e-08,9.5367431640625e-06,5.7220458984375e-06,0.0,0.0,0.0,0.0,0.795918345451355,,,,,,,,,0.13996706902980804,0.10721951723098755,0.0,0.0327475480735302,0.1768900603055954,0.12888996303081512,0.48000118136405945,5.0766931963153183e-05,0.5900391340255737,2.54655385017395,0.9061221480369568,atlas_het,graphatlas_c_q_reference,graphatlas_certified,ov0.25_cross0.00,,q_reference_max,1.0,full,none,False,dot,1,55,80,0,80,0.8421052694320679,64834,480,6456,0,15.756354570388794,cpu,0,0.9394588470458984,0.06602683663368225,0.32821452617645264,1.0,0.060541167855262756,0.0,0.9862172603607178,1.4690210819244385,0.08436250686645508,0.17256152629852295,0.5633863210678101,0.4690210521221161,0.26673680543899536,0.0,1.4690210819244385,0.4690210521221161,0.06699979305267334,0.5645912885665894,2.3486816758122586e-07,0.016488954424858093,0.06054115667939186,0.2538316547870636,1.0,1.4270833730697632,0.4270833432674408,0.23841966688632965,0.6753218173980713,0.03127447888255119,0.7353256344795227,atlas_het__node_classification__graphatlas_c_q_reference__split0__seed1__3d3d3a287d6b,3d3d3a287d6b,975d6eec98ed54f0
node_classification,accuracy,0.888501763343811,0.8421052694320679,0.795918345451355,,,,,,,,,,,,0.8862851802421622,0.8885017421602788,0.8344441213404036,0.8869860992616286,0.23859137296676636,0.04692980647087097,0.8181818181818182,0.888501763343811,0.8862694760130658,0.15408478677272797,0.8387321490769767,0.8421052631578947,0.7633140266501287,0.841799984912113,0.6053636074066162,0.06670468300580978,0.7586206896551724,0.8421052694320679,0.8395338960556352,0.27377697825431824,0.7948051948051947,0.7959183673469388,0.6967067307184518,0.7965986394557822,0.9025894403457642,0.1264079511165619,0.7272727272727273,0.795918345451355,0.7944444444444444,0.3295896053314209,,,,0.7868852615356445,0.8108108043670654,-0.02017508635627855,0.5680933852140078,0.21632686257362366,9.78315952693265e-08,8.879843704789891e-08,9.5367431640625e-06,5.7220458984375e-06,0.0,0.0,0.0,0.0,0.795918345451355,,,,,,,,,0.13996706902980804,0.10721951723098755,0.0,0.0327475480735302,0.1768900603055954,0.12888996303081512,0.48000118136405945,5.0766931963153183e-05,0.5900391340255737,2.54655385017395,0.9061221480369568,atlas_het,graphatlas_c_q_reference,graphatlas_certified,ov0.25_cross0.15,,q_reference_max,1.0,full,none,False,dot,1,55,80,0,80,0.8421052694320679,64834,480,6456,0,15.786498069763184,cpu,0,0.9394588470458984,0.06602683663368225,0.32821452617645264,1.0,0.060541167855262756,0.0,0.9862172603607178,1.4690210819244385,0.08436250686645508,0.17256152629852295,0.5633863210678101,0.4690210521221161,0.26673680543899536,0.0,1.4690210819244385,0.4690210521221161,0.06699979305267334,0.5645912885665894,2.3486816758122586e-07,0.016488954424858093,0.06054115667939186,0.2538316547870636,1.0,1.4270833730697632,0.4270833432674408,0.23841966688632965,0.6753218173980713,0.03127447888255119,0.7353256344795227,atlas_het__node_classification__graphatlas_c_q_reference__split0__seed1__7ea5988171a3,7ea5988171a3,975d6eec98ed54f0
node_classification,accuracy,0.888501763343811,0.8421052694320679,0.795918345451355,,,,,,,,,,,,0.8862851802421622,0.8885017421602788,0.8344441213404036,0.8869860992616286,0.23859137296676636,0.04692980647087097,0.8181818181818182,0.888501763343811,0.8862694760130658,0.15408478677272797,0.8387321490769767,0.8421052631578947,0.7633140266501287,0.841799984912113,0.6053636074066162,0.06670468300580978,0.7586206896551724,0.8421052694320679,0.8395338960556352,0.27377697825431824,0.7948051948051947,0.7959183673469388,0.6967067307184518,0.7965986394557822,0.9025894403457642,0.1264079511165619,0.7272727272727273,0.795918345451355,0.7944444444444444,0.3295896053314209,,,,0.7868852615356445,0.8108108043670654,-0.02017508635627855,0.5680933852140078,0.21632686257362366,9.78315952693265e-08,8.879843704789891e-08,9.5367431640625e-06,5.7220458984375e-06,0.0,0.0,0.0,0.0,0.795918345451355,,,,,,,,,0.13996706902980804,0.10721951723098755,0.0,0.0327475480735302,0.1768900603055954,0.12888996303081512,0.48000118136405945,5.0766931963153183e-05,0.5900391340255737,2.54655385017395,0.9061221480369568,atlas_het,graphatlas_c_q_reference,graphatlas_certified,ov0.25_cross0.30,,q_reference_max,1.0,full,none,False,dot,1,55,80,0,80,0.8421052694320679,64834,480,6456,0,15.797553062438965,cpu,0,0.9394588470458984,0.06602683663368225,0.32821452617645264,1.0,0.060541167855262756,0.0,0.9862172603607178,1.4690210819244385,0.08436250686645508,0.17256152629852295,0.5633863210678101,0.4690210521221161,0.26673680543899536,0.0,1.4690210819244385,0.4690210521221161,0.06699979305267334,0.5645912885665894,2.3486816758122586e-07,0.016488954424858093,0.06054115667939186,0.2538316547870636,1.0,1.4270833730697632,0.4270833432674408,0.23841966688632965,0.6753218173980713,0.03127447888255119,0.7353256344795227,atlas_het__node_classification__graphatlas_c_q_reference__split0__seed1__eef0f39d6d55,eef0f39d6d55,975d6eec98ed54f0
node_classification,accuracy,0.888501763343811,0.8421052694320679,0.795918345451355,,,,,,,,,,,,0.8862851802421622,0.8885017421602788,0.8344441213404036,0.8869860992616286,0.23859137296676636,0.04692980647087097,0.8181818181818182,0.888501763343811,0.8862694760130658,0.15408478677272797,0.8387321490769767,0.8421052631578947,0.7633140266501287,0.841799984912113,0.6053636074066162,0.06670468300580978,0.7586206896551724,0.8421052694320679,0.8395338960556352,0.27377697825431824,0.7948051948051947,0.7959183673469388,0.6967067307184518,0.7965986394557822,0.9025894403457642,0.1264079511165619,0.7272727272727273,0.795918345451355,0.7944444444444444,0.3295896053314209,,,,0.7868852615356445,0.8108108043670654,-0.02017508635627855,0.5680933852140078,0.21632686257362366,9.78315952693265e-08,8.879843704789891e-08,9.5367431640625e-06,5.7220458984375e-06,0.0,0.0,0.0,0.0,0.795918345451355,,,,,,,,,0.13996706902980804,0.10721951723098755,0.0,0.0327475480735302,0.1768900603055954,0.12888996303081512,0.48000118136405945,5.0766931963153183e-05,0.5900391340255737,2.54655385017395,0.9061221480369568,atlas_het,graphatlas_c_q_reference,graphatlas_certified,ov0.25_cross0.50,,q_reference_max,1.0,full,none,False,dot,1,55,80,0,80,0.8421052694320679,64834,480,6456,0,15.813141584396362,cpu,0,0.9394588470458984,0.06602683663368225,0.32821452617645264,1.0,0.060541167855262756,0.0,0.9862172603607178,1.4690210819244385,0.08436250686645508,0.17256152629852295,0.5633863210678101,0.4690210521221161,0.26673680543899536,0.0,1.4690210819244385,0.4690210521221161,0.06699979305267334,0.5645912885665894,2.3486816758122586e-07,0.016488954424858093,0.06054115667939186,0.2538316547870636,1.0,1.4270833730697632,0.4270833432674408,0.23841966688632965,0.6753218173980713,0.03127447888255119,0.7353256344795227,atlas_het__node_classification__graphatlas_c_q_reference__split0__seed1__8ad113743d3d,8ad113743d3d,975d6eec98ed54f0
node_classification,accuracy,0.9407665729522705,0.8421052694320679,0.8367347121238708,,,,,,,,,,,,0.938383493521766,0.9407665505226481,0.9116713524311745,0.9405447162702871,0.17120757699012756,0.03903733193874359,0.8850574712643678,0.9407665729522705,0.9399559020395306,0.09765120595693588,0.842911877394636,0.8421052631578947,0.7648514179894773,0.8430389353665856,0.48780742287635803,0.061526209115982056,0.7878787878787878,0.8421052694320679,0.8450517922348908,0.23457516729831696,0.8346320346320347,0.8367346938775511,0.7553191859093659,0.8374444535878867,0.7714223861694336,0.11487605422735214,0.8,0.8367347121238708,0.8345526113671274,0.26859530806541443,,,,0.8271604776382446,0.8823529481887817,-0.0187178244322845,0.7776298268974701,0.18704114854335785,7.175633243150514e-08,6.054725787407733e-08,5.7220458984375e-06,5.7220458984375e-06,0.0,0.0,0.0,0.0,0.8367347121238708,,,,,,,,,0.23421138525009155,0.14460568130016327,0.0,0.08960570394992828,0.2416730523109436,0.20227846503257751,0.3939458131790161,0.0,0.612457811832428,2.310520648956299,0.7225326299667358,atlas_het,graphatlas_c_q_reference,graphatlas_certified,ov0.40_cross0.00,,q_reference_max,1.0,full,none,False,dot,1,60,85,0,85,0.8421052694320679,64834,480,6456,0,16.783685445785522,cpu,0,0.9122759103775024,0.10441172868013382,0.3021375238895416,1.0,0.08772400766611099,0.0,0.912126898765564,1.6912949085235596,0.10973096638917923,0.23448073863983154,0.6678072214126587,0.6912949085235596,0.3662622570991516,0.0,1.6912949085235596,0.6912949085235596,0.08805888891220093,0.4972291588783264,2.1781946202281688e-07,0.034383006393909454,0.08772400766611099,0.37361207604408264,1.0,1.6541666984558105,0.6541666388511658,0.3959384262561798,0.6899558901786804,0.159739688038826,0.6271647810935974,atlas_het__node_classification__graphatlas_c_q_reference__split0__seed1__26ee86059dbb,26ee86059dbb,975d6eec98ed54f0
node_classification,accuracy,0.9407665729522705,0.8421052694320679,0.8367347121238708,,,,,,,,,,,,0.938383493521766,0.9407665505226481,0.9116713524311745,0.9405447162702871,0.17120757699012756,0.03903733193874359,0.8850574712643678,0.9407665729522705,0.9399559020395306,0.09765120595693588,0.842911877394636,0.8421052631578947,0.7648514179894773,0.8430389353665856,0.48780742287635803,0.061526209115982056,0.7878787878787878,0.8421052694320679,0.8450517922348908,0.23457516729831696,0.8346320346320347,0.8367346938775511,0.7553191859093659,0.8374444535878867,0.7714223861694336,0.11487605422735214,0.8,0.8367347121238708,0.8345526113671274,0.26859530806541443,,,,0.8271604776382446,0.8823529481887817,-0.0187178244322845,0.7776298268974701,0.18704114854335785,7.175633243150514e-08,6.054725787407733e-08,5.7220458984375e-06,5.7220458984375e-06,0.0,0.0,0.0,0.0,0.8367347121238708,,,,,,,,,0.23421138525009155,0.14460568130016327,0.0,0.08960570394992828,0.2416730523109436,0.20227846503257751,0.3939458131790161,0.0,0.612457811832428,2.310520648956299,0.7225326299667358,atlas_het,graphatlas_c_q_reference,graphatlas_certified,ov0.40_cross0.15,,q_reference_max,1.0,full,none,False,dot,1,60,85,0,85,0.8421052694320679,64834,480,6456,0,17.212307691574097,cpu,0,0.9122759103775024,0.10441172868013382,0.3021375238895416,1.0,0.08772400766611099,0.0,0.912126898765564,1.6912949085235596,0.10973096638917923,0.23448073863983154,0.6678072214126587,0.6912949085235596,0.3662622570991516,0.0,1.6912949085235596,0.6912949085235596,0.08805888891220093,0.4972291588783264,2.1781946202281688e-07,0.034383006393909454,0.08772400766611099,0.37361207604408264,1.0,1.6541666984558105,0.6541666388511658,0.3959384262561798,0.6899558901786804,0.159739688038826,0.6271647810935974,atlas_het__node_classification__graphatlas_c_q_reference__split0__seed1__504e9adc6cc6,504e9adc6cc6,975d6eec98ed54f0
node_classification,accuracy,0.9407665729522705,0.8421052694320679,0.8367347121238708,,,,,,,,,,,,0.938383493521766,0.9407665505226481,0.9116713524311745,0.9405447162702871,0.17120757699012756,0.03903733193874359,0.8850574712643678,0.9407665729522705,0.9399559020395306,0.09765120595693588,0.842911877394636,0.8421052631578947,0.7648514179894773,0.8430389353665856,0.48780742287635803,0.061526209115982056,0.7878787878787878,0.8421052694320679,0.8450517922348908,0.23457516729831696,0.8346320346320347,0.8367346938775511,0.7553191859093659,0.8374444535878867,0.7714223861694336,0.11487605422735214,0.8,0.8367347121238708,0.8345526113671274,0.26859530806541443,,,,0.8271604776382446,0.8823529481887817,-0.0187178244322845,0.7776298268974701,0.18704114854335785,7.175633243150514e-08,6.054725787407733e-08,5.7220458984375e-06,5.7220458984375e-06,0.0,0.0,0.0,0.0,0.8367347121238708,,,,,,,,,0.23421138525009155,0.14460568130016327,0.0,0.08960570394992828,0.2416730523109436,0.20227846503257751,0.3939458131790161,0.0,0.612457811832428,2.310520648956299,0.7225326299667358,atlas_het,graphatlas_c_q_reference,graphatlas_certified,ov0.40_cross0.30,,q_reference_max,1.0,full,none,False,dot,1,60,85,0,85,0.8421052694320679,64834,480,6456,0,17.48800563812256,cpu,0,0.9122759103775024,0.10441172868013382,0.3021375238895416,1.0,0.08772400766611099,0.0,0.912126898765564,1.6912949085235596,0.10973096638917923,0.23448073863983154,0.6678072214126587,0.6912949085235596,0.3662622570991516,0.0,1.6912949085235596,0.6912949085235596,0.08805888891220093,0.4972291588783264,2.1781946202281688e-07,0.034383006393909454,0.08772400766611099,0.37361207604408264,1.0,1.6541666984558105,0.6541666388511658,0.3959384262561798,0.6899558901786804,0.159739688038826,0.6271647810935974,atlas_het__node_classification__graphatlas_c_q_reference__split0__seed1__63efafcc05eb,63efafcc05eb,975d6eec98ed54f0
node_classification,accuracy,0.9407665729522705,0.8421052694320679,0.8367347121238708,,,,,,,,,,,,0.938383493521766,0.9407665505226481,0.9116713524311745,0.9405447162702871,0.17120757699012756,0.03903733193874359,0.8850574712643678,0.9407665729522705,0.9399559020395306,0.09765120595693588,0.842911877394636,0.8421052631578947,0.7648514179894773,0.8430389353665856,0.48780742287635803,0.061526209115982056,0.7878787878787878,0.8421052694320679,0.8450517922348908,0.23457516729831696,0.8346320346320347,0.8367346938775511,0.7553191859093659,0.8374444535878867,0.7714223861694336,0.11487605422735214,0.8,0.8367347121238708,0.8345526113671274,0.26859530806541443,,,,0.8271604776382446,0.8823529481887817,-0.0187178244322845,0.7776298268974701,0.18704114854335785,7.175633243150514e-08,6.054725787407733e-08,5.7220458984375e-06,5.7220458984375e-06,0.0,0.0,0.0,0.0,0.8367347121238708,,,,,,,,,0.23421138525009155,0.14460568130016327,0.0,0.08960570394992828,0.2416730523109436,0.20227846503257751,0.3939458131790161,0.0,0.612457811832428,2.310520648956299,0.7225326299667358,atlas_het,graphatlas_c_q_reference,graphatlas_certified,ov0.40_cross0.50,,q_reference_max,1.0,full,none,False,dot,1,60,85,0,85,0.8421052694320679,64834,480,6456,0,17.09519338607788,cpu,0,0.9122759103775024,0.10441172868013382,0.3021375238895416,1.0,0.08772400766611099,0.0,0.912126898765564,1.6912949085235596,0.10973096638917923,0.23448073863983154,0.6678072214126587,0.6912949085235596,0.3662622570991516,0.0,1.6912949085235596,0.6912949085235596,0.08805888891220093,0.4972291588783264,2.1781946202281688e-07,0.034383006393909454,0.08772400766611099,0.37361207604408264,1.0,1.6541666984558105,0.6541666388511658,0.3959384262561798,0.6899558901786804,0.159739688038826,0.6271647810935974,atlas_het__node_classification__graphatlas_c_q_reference__split0__seed1__01c7855856d6,01c7855856d6,975d6eec98ed54f0
node_classification,accuracy,0.9651567935943604,0.8526315689086914,0.8367347121238708,,,,,,,,,,,,0.9636101541188601,0.9651567944250871,0.9478928698106402,0.9650628399651416,0.0900515466928482,0.03250866383314133,0.9310344827586207,0.9651567935943604,0.9647298792514553,0.05124038830399513,0.8488331591779867,0.8526315789473684,0.7807152839720864,0.8522432359941626,0.7423158288002014,0.10180138051509857,0.7586206896551724,0.8526315689086914,0.8507309765525729,0.2559598982334137,0.8370851370851371,0.8367346938775511,0.7596741289200478,0.834316342790919,1.1651899814605713,0.12050455808639526,0.696969696969697,0.8367347121238708,0.8331063788690908,0.2685627341270447,,,,0.8367347121238708,,-0.00282830165885012,0.6991869918699187,0.18103796243667603,5.6931593661602165e-08,5.140337933084993e-08,7.62939453125e-06,9.5367431640625e-06,0.0,0.0,0.0,0.0,0.8367347121238708,,,,,,,,,0.1265772432088852,0.0873921811580658,0.0,0.0391850620508194,0.17976130545139313,0.15853825211524963,0.2122303545475006,0.0,0.7170326709747314,1.7957484722137451,0.712332010269165,atlas_het,graphatlas_c_q_reference,graphatlas_certified,ov0.55_cross0.00,,q_reference_max,1.0,full,none,False,dot,1,80,105,0,105,0.8526315689086914,64834,480,6456,0,20.990681886672974,cpu,0,0.9150984287261963,0.12579047679901123,0.26080185174942017,1.0,0.08490157872438431,0.0,0.8847833871841431,1.5605638027191162,0.10719471424818039,0.32610568404197693,0.5464422106742859,0.5605638027191162,0.29684707522392273,0.0,1.5605638027191162,0.5605638027191162,0.048854291439056396,0.6483710408210754,2.3410788685396255e-07,0.029568366706371307,0.08490157127380371,0.3324795365333557,1.0,1.537500023841858,0.5375000238418579,0.3139299750328064,0.6881805658340454,0.15768979489803314,0.6384221911430359,atlas_het__node_classification__graphatlas_c_q_reference__split0__seed1__34821d7753b0,34821d7753b0,975d6eec98ed54f0
node_classification,accuracy,0.9651567935943604,0.8526315689086914,0.8367347121238708,,,,,,,,,,,,0.9636101541188601,0.9651567944250871,0.9478928698106402,0.9650628399651416,0.0900515466928482,0.03250866383314133,0.9310344827586207,0.9651567935943604,0.9647298792514553,0.05124038830399513,0.8488331591779867,0.8526315789473684,0.7807152839720864,0.8522432359941626,0.7423158288002014,0.10180138051509857,0.7586206896551724,0.8526315689086914,0.8507309765525729,0.2559598982334137,0.8370851370851371,0.8367346938775511,0.7596741289200478,0.834316342790919,1.1651899814605713,0.12050455808639526,0.696969696969697,0.8367347121238708,0.8331063788690908,0.2685627341270447,,,,0.8367347121238708,,-0.00282830165885012,0.6991869918699187,0.18103796243667603,5.6931593661602165e-08,5.140337933084993e-08,7.62939453125e-06,9.5367431640625e-06,0.0,0.0,0.0,0.0,0.8367347121238708,,,,,,,,,0.1265772432088852,0.0873921811580658,0.0,0.0391850620508194,0.17976130545139313,0.15853825211524963,0.2122303545475006,0.0,0.7170326709747314,1.7957484722137451,0.712332010269165,atlas_het,graphatlas_c_q_reference,graphatlas_certified,ov0.55_cross0.15,,q_reference_max,1.0,full,none,False,dot,1,80,105,0,105,0.8526315689086914,64834,480,6456,0,20.93851399421692,cpu,0,0.9150984287261963,0.12579047679901123,0.26080185174942017,1.0,0.08490157872438431,0.0,0.8847833871841431,1.5605638027191162,0.10719471424818039,0.32610568404197693,0.5464422106742859,0.5605638027191162,0.29684707522392273,0.0,1.5605638027191162,0.5605638027191162,0.048854291439056396,0.6483710408210754,2.3410788685396255e-07,0.029568366706371307,0.08490157127380371,0.3324795365333557,1.0,1.537500023841858,0.5375000238418579,0.3139299750328064,0.6881805658340454,0.15768979489803314,0.6384221911430359,atlas_het__node_classification__graphatlas_c_q_reference__split0__seed1__8bc0e9aec5f7,8bc0e9aec5f7,975d6eec98ed54f0
node_classification,accuracy,0.9651567935943604,0.8526315689086914,0.8367347121238708,,,,,,,,,,,,0.9636101541188601,0.9651567944250871,0.9478928698106402,0.9650628399651416,0.0900515466928482,0.03250866383314133,0.9310344827586207,0.9651567935943604,0.9647298792514553,0.05124038830399513,0.8488331591779867,0.8526315789473684,0.7807152839720864,0.8522432359941626,0.7423158288002014,0.10180138051509857,0.7586206896551724,0.8526315689086914,0.8507309765525729,0.2559598982334137,0.8370851370851371,0.8367346938775511,0.7596741289200478,0.834316342790919,1.1651899814605713,0.12050455808639526,0.696969696969697,0.8367347121238708,0.8331063788690908,0.2685627341270447,,,,0.8367347121238708,,-0.00282830165885012,0.6991869918699187,0.18103796243667603,5.6931593661602165e-08,5.140337933084993e-08,7.62939453125e-06,9.5367431640625e-06,0.0,0.0,0.0,0.0,0.8367347121238708,,,,,,,,,0.1265772432088852,0.0873921811580658,0.0,0.0391850620508194,0.17976130545139313,0.15853825211524963,0.2122303545475006,0.0,0.7170326709747314,1.7957484722137451,0.712332010269165,atlas_het,graphatlas_c_q_reference,graphatlas_certified,ov0.55_cross0.30,,q_reference_max,1.0,full,none,False,dot,1,80,105,0,105,0.8526315689086914,64834,480,6456,0,20.79966640472412,cpu,0,0.9150984287261963,0.12579047679901123,0.26080185174942017,1.0,0.08490157872438431,0.0,0.8847833871841431,1.5605638027191162,0.10719471424818039,0.32610568404197693,0.5464422106742859,0.5605638027191162,0.29684707522392273,0.0,1.5605638027191162,0.5605638027191162,0.048854291439056396,0.6483710408210754,2.3410788685396255e-07,0.029568366706371307,0.08490157127380371,0.3324795365333557,1.0,1.537500023841858,0.5375000238418579,0.3139299750328064,0.6881805658340454,0.15768979489803314,0.6384221911430359,atlas_het__node_classification__graphatlas_c_q_reference__split0__seed1__5469ea60d905,5469ea60d905,975d6eec98ed54f0
node_classification,accuracy,0.9651567935943604,0.8526315689086914,0.8367347121238708,,,,,,,,,,,,0.9636101541188601,0.9651567944250871,0.9478928698106402,0.9650628399651416,0.0900515466928482,0.03250866383314133,0.9310344827586207,0.9651567935943604,0.9647298792514553,0.05124038830399513,0.8488331591779867,0.8526315789473684,0.7807152839720864,0.8522432359941626,0.7423158288002014,0.10180138051509857,0.7586206896551724,0.8526315689086914,0.8507309765525729,0.2559598982334137,0.8370851370851371,0.8367346938775511,0.7596741289200478,0.834316342790919,1.1651899814605713,0.12050455808639526,0.696969696969697,0.8367347121238708,0.8331063788690908,0.2685627341270447,,,,0.8367347121238708,,-0.00282830165885012,0.6991869918699187,0.18103796243667603,5.6931593661602165e-08,5.140337933084993e-08,7.62939453125e-06,9.5367431640625e-06,0.0,0.0,0.0,0.0,0.8367347121238708,,,,,,,,,0.1265772432088852,0.0873921811580658,0.0,0.0391850620508194,0.17976130545139313,0.15853825211524963,0.2122303545475006,0.0,0.7170326709747314,1.7957484722137451,0.712332010269165,atlas_het,graphatlas_c_q_reference,graphatlas_certified,ov0.55_cross0.50,,q_reference_max,1.0,full,none,False,dot,1,80,105,0,105,0.8526315689086914,64834,480,6456,0,20.515992164611816,cpu,0,0.9150984287261963,0.12579047679901123,0.26080185174942017,1.0,0.08490157872438431,0.0,0.8847833871841431,1.5605638027191162,0.10719471424818039,0.32610568404197693,0.5464422106742859,0.5605638027191162,0.29684707522392273,0.0,1.5605638027191162,0.5605638027191162,0.048854291439056396,0.6483710408210754,2.3410788685396255e-07,0.029568366706371307,0.08490157127380371,0.3324795365333557,1.0,1.537500023841858,0.5375000238418579,0.3139299750328064,0.6881805658340454,0.15768979489803314,0.6384221911430359,atlas_het__node_classification__graphatlas_c_q_reference__split0__seed1__2a76e14a7ba9,2a76e14a7ba9,975d6eec98ed54f0
node_classification,accuracy,0.9233449697494507,0.8315789699554443,0.7142857313156128,,,,,,,,,,,,0.9217409081720785,0.9233449477351916,0.8855258201432535,0.9232485167331189,0.1724875569343567,0.05171797424554825,0.8969072164948454,0.9233449697494507,0.9221990605807165,0.1063772663474083,0.8320867139959431,0.8315789473684211,0.7498761171515079,0.8324784314412389,1.3741005659103394,0.13372217118740082,0.78125,0.8315789699554443,0.8314963167222658,0.2879296839237213,0.7089466089466089,0.7142857142857143,0.5785029099876885,0.7128923538657324,1.4098867177963257,0.22312428057193756,0.6333333333333333,0.7142857313156128,0.711472225559694,0.47169849276542664,,,,0.6190476417541504,0.7857142686843872,0.045262229531613796,0.5540796963946869,0.08080512285232544,7.546039171302255e-08,7.684005964847529e-08,1.1444091796875e-05,9.5367431640625e-06,0.0,0.0,0.0,0.0,0.7142857313156128,,,,,,,,,0.07426309585571289,0.05644000694155693,0.0,0.01782309263944626,0.1565726101398468,0.12838897109031677,0.2818364202976227,0.0,0.5538783073425293,2.4855403900146484,1.5412908792495728,atlas_het,graphatlas_c_q_reference,graphatlas_certified,ov0.10_cross0.00,,q_reference_max,1.0,full,none,False,dot,2,70,95,0,95,0.8315789699554443,64834,480,6506,0,18.758702278137207,cpu,0,0.9584534764289856,0.04899446666240692,0.4021192789077759,1.0,0.04154649376869202,0.0,0.9921143651008606,1.7434675693511963,0.046441029757261276,0.08057701587677002,0.816112756729126,0.7434675693511963,0.4218895137310028,0.0,1.7434675693511963,0.7434675693511963,0.04233574867248535,0.3775157928466797,2.493465842690057e-07,0.01828499510884285,0.04154649004340172,0.3970656096935272,1.0,1.7145832777023315,0.7145833373069763,0.39519256353378296,0.6865128874778748,0.07970168441534042,0.508091926574707,atlas_het__node_classification__graphatlas_c_q_reference__split0__seed2__d58278690af5,d58278690af5,975d6eec98ed54f0
node_classification,accuracy,0.9233449697494507,0.8315789699554443,0.7142857313156128,,,,,,,,,,,,0.9217409081720785,0.9233449477351916,0.8855258201432535,0.9232485167331189,0.1724875569343567,0.05171797424554825,0.8969072164948454,0.9233449697494507,0.9221990605807165,0.1063772663474083,0.8320867139959431,0.8315789473684211,0.7498761171515079,0.8324784314412389,1.3741005659103394,0.13372217118740082,0.78125,0.8315789699554443,0.8314963167222658,0.2879296839237213,0.7089466089466089,0.7142857142857143,0.5785029099876885,0.7128923538657324,1.4098867177963257,0.22312428057193756,0.6333333333333333,0.7142857313156128,0.711472225559694,0.47169849276542664,,,,0.6190476417541504,0.7857142686843872,0.045262229531613796,0.5540796963946869,0.08080512285232544,7.546039171302255e-08,7.684005964847529e-08,1.1444091796875e-05,9.5367431640625e-06,0.0,0.0,0.0,0.0,0.7142857313156128,,,,,,,,,0.07426309585571289,0.05644000694155693,0.0,0.01782309263944626,0.1565726101398468,0.12838897109031677,0.2818364202976227,0.0,0.5538783073425293,2.4855403900146484,1.5412908792495728,atlas_het,graphatlas_c_q_reference,graphatlas_certified,ov0.10_cross0.15,,q_reference_max,1.0,full,none,False,dot,2,70,95,0,95,0.8315789699554443,64834,480,6506,0,18.760186195373535,cpu,0,0.9584534764289856,0.04899446666240692,0.4021192789077759,1.0,0.04154649376869202,0.0,0.9921143651008606,1.7434675693511963,0.046441029757261276,0.08057701587677002,0.816112756729126,0.7434675693511963,0.4218895137310028,0.0,1.7434675693511963,0.7434675693511963,0.04233574867248535,0.3775157928466797,2.493465842690057e-07,0.01828499510884285,0.04154649004340172,0.3970656096935272,1.0,1.7145832777023315,0.7145833373069763,0.39519256353378296,0.6865128874778748,0.07970168441534042,0.508091926574707,atlas_het__node_classification__graphatlas_c_q_reference__split0__seed2__7ce1271762b5,7ce1271762b5,975d6eec98ed54f0
node_classification,accuracy,0.9233449697494507,0.8315789699554443,0.7142857313156128,,,,,,,,,,,,0.9217409081720785,0.9233449477351916,0.8855258201432535,0.9232485167331189,0.1724875569343567,0.05171797424554825,0.8969072164948454,0.9233449697494507,0.9221990605807165,0.1063772663474083,0.8320867139959431,0.8315789473684211,0.7498761171515079,0.8324784314412389,1.3741005659103394,0.13372217118740082,0.78125,0.8315789699554443,0.8314963167222658,0.2879296839237213,0.7089466089466089,0.7142857142857143,0.5785029099876885,0.7128923538657324,1.4098867177963257,0.22312428057193756,0.6333333333333333,0.7142857313156128,0.711472225559694,0.47169849276542664,,,,0.6190476417541504,0.7857142686843872,0.045262229531613796,0.5540796963946869,0.08080512285232544,7.546039171302255e-08,7.684005964847529e-08,1.1444091796875e-05,9.5367431640625e-06,0.0,0.0,0.0,0.0,0.7142857313156128,,,,,,,,,0.07426309585571289,0.05644000694155693,0.0,0.01782309263944626,0.1565726101398468,0.12838897109031677,0.2818364202976227,0.0,0.5538783073425293,2.4855403900146484,1.5412908792495728,atlas_het,graphatlas_c_q_reference,graphatlas_certified,ov0.10_cross0.30,,q_reference_max,1.0,full,none,False,dot,2,70,95,0,95,0.8315789699554443,64834,480,6506,0,18.78296136856079,cpu,0,0.9584534764289856,0.04899446666240692,0.4021192789077759,1.0,0.04154649376869202,0.0,0.9921143651008606,1.7434675693511963,0.046441029757261276,0.08057701587677002,0.816112756729126,0.7434675693511963,0.4218895137310028,0.0,1.7434675693511963,0.7434675693511963,0.04233574867248535,0.3775157928466797,2.493465842690057e-07,0.01828499510884285,0.04154649004340172,0.3970656096935272,1.0,1.7145832777023315,0.7145833373069763,0.39519256353378296,0.6865128874778748,0.07970168441534042,0.508091926574707,atlas_het__node_classification__graphatlas_c_q_reference__split0__seed2__a5db14b031c7,a5db14b031c7,975d6eec98ed54f0
node_classification,accuracy,0.9233449697494507,0.8315789699554443,0.7142857313156128,,,,,,,,,,,,0.9217409081720785,0.9233449477351916,0.8855258201432535,0.9232485167331189,0.1724875569343567,0.05171797424554825,0.8969072164948454,0.9233449697494507,0.9221990605807165,0.1063772663474083,0.8320867139959431,0.8315789473684211,0.7498761171515079,0.8324784314412389,1.3741005659103394,0.13372217118740082,0.78125,0.8315789699554443,0.8314963167222658,0.2879296839237213,0.7089466089466089,0.7142857142857143,0.5785029099876885,0.7128923538657324,1.4098867177963257,0.22312428057193756,0.6333333333333333,0.7142857313156128,0.711472225559694,0.47169849276542664,,,,0.6190476417541504,0.7857142686843872,0.045262229531613796,0.5540796963946869,0.08080512285232544,7.546039171302255e-08,7.684005964847529e-08,1.1444091796875e-05,9.5367431640625e-06,0.0,0.0,0.0,0.0,0.7142857313156128,,,,,,,,,0.07426309585571289,0.05644000694155693,0.0,0.01782309263944626,0.1565726101398468,0.12838897109031677,0.2818364202976227,0.0,0.5538783073425293,2.4855403900146484,1.5412908792495728,atlas_het,graphatlas_c_q_reference,graphatlas_certified,ov0.10_cross0.50,,q_reference_max,1.0,full,none,False,dot,2,70,95,0,95,0.8315789699554443,64834,480,6506,0,19.174442768096924,cpu,0,0.9584534764289856,0.04899446666240692,0.4021192789077759,1.0,0.04154649376869202,0.0,0.9921143651008606,1.7434675693511963,0.046441029757261276,0.08057701587677002,0.816112756729126,0.7434675693511963,0.4218895137310028,0.0,1.7434675693511963,0.7434675693511963,0.04233574867248535,0.3775157928466797,2.493465842690057e-07,0.01828499510884285,0.04154649004340172,0.3970656096935272,1.0,1.7145832777023315,0.7145833373069763,0.39519256353378296,0.6865128874778748,0.07970168441534042,0.508091926574707,atlas_het__node_classification__graphatlas_c_q_reference__split0__seed2__0ce9df8898e0,0ce9df8898e0,975d6eec98ed54f0
node_classification,accuracy,0.8292682766914368,0.7894737124443054,0.6836734414100647,,,,,,,,,,,,0.8320040918585491,0.8292682926829268,0.7481283335720667,0.8296204879041132,0.40052029490470886,0.05603492632508278,0.7731958762886598,0.8292682766914368,0.8290412423901885,0.25177305936813354,0.7911806964164976,0.7894736842105263,0.6837635398722484,0.7895099401776542,0.8645691871643066,0.14310507476329803,0.7647058823529411,0.7894737124443054,0.7909787930374651,0.3641357719898224,0.6871572871572872,0.6836734693877551,0.5298299270335229,0.6810241163305036,0.615890383720398,0.10869880020618439,0.5757575757575758,0.6836734414100647,0.6818011392313793,0.392426073551178,,,,0.7049180269241333,0.6486486196517944,0.225012876301831,0.656934306569343,0.06749511510133743,8.039099697043639e-08,7.89895011621411e-08,7.62939453125e-06,7.62939453125e-06,0.0,0.0,0.0,0.0,0.6836734414100647,,,,,,,,,0.10683958232402802,0.07797135412693024,0.0,0.02886822447180748,0.18524084985256195,0.15152165293693542,0.33719199895858765,0.0,0.486790269613266,2.785679340362549,0.2254210263490677,atlas_het,graphatlas_c_q_reference,graphatlas_certified,ov0.25_cross0.00,,q_reference_max,1.0,full,none,False,dot,2,35,60,0,60,0.7894737124443054,64834,480,6506,0,12.093946695327759,cpu,0,0.960142970085144,0.04366910830140114,0.850588858127594,1.0,0.03985702246427536,0.0,1.0,1.8442975282669067,0.062467437237501144,0.11346632987260818,0.9939077496528625,0.8442975878715515,0.4719049036502838,0.0,1.8442975282669067,0.8442975878715515,0.05639916658401489,0.1380690336227417,2.5520785129629076e-07,0.025734737515449524,0.03985701501369476,0.3680475354194641,1.0,1.7729166746139526,0.7729166746139526,0.4145606756210327,0.6857281923294067,0.040053840726614,0.5395432114601135,atlas_het__node_classification__graphatlas_c_q_reference__split0__seed2__a902fc70ac64,a902fc70ac64,975d6eec98ed54f0
node_classification,accuracy,0.8292682766914368,0.7894737124443054,0.6836734414100647,,,,,,,,,,,,0.8320040918585491,0.8292682926829268,0.7481283335720667,0.8296204879041132,0.40052029490470886,0.05603492632508278,0.7731958762886598,0.8292682766914368,0.8290412423901885,0.25177305936813354,0.7911806964164976,0.7894736842105263,0.6837635398722484,0.7895099401776542,0.8645691871643066,0.14310507476329803,0.7647058823529411,0.7894737124443054,0.7909787930374651,0.3641357719898224,0.6871572871572872,0.6836734693877551,0.5298299270335229,0.6810241163305036,0.615890383720398,0.10869880020618439,0.5757575757575758,0.6836734414100647,0.6818011392313793,0.392426073551178,,,,0.7049180269241333,0.6486486196517944,0.225012876301831,0.656934306569343,0.06749511510133743,8.039099697043639e-08,7.89895011621411e-08,7.62939453125e-06,7.62939453125e-06,0.0,0.0,0.0,0.0,0.6836734414100647,,,,,,,,,0.10683958232402802,0.07797135412693024,0.0,0.02886822447180748,0.18524084985256195,0.15152165293693542,0.33719199895858765,0.0,0.486790269613266,2.785679340362549,0.2254210263490677,atlas_het,graphatlas_c_q_reference,graphatlas_certified,ov0.25_cross0.15,,q_reference_max,1.0,full,none,False,dot,2,35,60,0,60,0.7894737124443054,64834,480,6506,0,11.98249363899231,cpu,0,0.960142970085144,0.04366910830140114,0.850588858127594,1.0,0.03985702246427536,0.0,1.0,1.8442975282669067,0.062467437237501144,0.11346632987260818,0.9939077496528625,0.8442975878715515,0.4719049036502838,0.0,1.8442975282669067,0.8442975878715515,0.05639916658401489,0.1380690336227417,2.5520785129629076e-07,0.025734737515449524,0.03985701501369476,0.3680475354194641,1.0,1.7729166746139526,0.7729166746139526,0.4145606756210327,0.6857281923294067,0.040053840726614,0.5395432114601135,atlas_het__node_classification__graphatlas_c_q_reference__split0__seed2__fc21318f1a0d,fc21318f1a0d,975d6eec98ed54f0
node_classification,accuracy,0.8292682766914368,0.7894737124443054,0.6836734414100647,,,,,,,,,,,,0.8320040918585491,0.8292682926829268,0.7481283335720667,0.8296204879041132,0.40052029490470886,0.05603492632508278,0.7731958762886598,0.8292682766914368,0.8290412423901885,0.25177305936813354,0.7911806964164976,0.7894736842105263,0.6837635398722484,0.7895099401776542,0.8645691871643066,0.14310507476329803,0.7647058823529411,0.7894737124443054,0.7909787930374651,0.3641357719898224,0.6871572871572872,0.6836734693877551,0.5298299270335229,0.6810241163305036,0.615890383720398,0.10869880020618439,0.5757575757575758,0.6836734414100647,0.6818011392313793,0.392426073551178,,,,0.7049180269241333,0.6486486196517944,0.225012876301831,0.656934306569343,0.06749511510133743,8.039099697043639e-08,7.89895011621411e-08,7.62939453125e-06,7.62939453125e-06,0.0,0.0,0.0,0.0,0.6836734414100647,,,,,,,,,0.10683958232402802,0.07797135412693024,0.0,0.02886822447180748,0.18524084985256195,0.15152165293693542,0.33719199895858765,0.0,0.486790269613266,2.785679340362549,0.2254210263490677,atlas_het,graphatlas_c_q_reference,graphatlas_certified,ov0.25_cross0.30,,q_reference_max,1.0,full,none,False,dot,2,35,60,0,60,0.7894737124443054,64834,480,6506,0,12.30464506149292,cpu,0,0.960142970085144,0.04366910830140114,0.850588858127594,1.0,0.03985702246427536,0.0,1.0,1.8442975282669067,0.062467437237501144,0.11346632987260818,0.9939077496528625,0.8442975878715515,0.4719049036502838,0.0,1.8442975282669067,0.8442975878715515,0.05639916658401489,0.1380690336227417,2.5520785129629076e-07,0.025734737515449524,0.03985701501369476,0.3680475354194641,1.0,1.7729166746139526,0.7729166746139526,0.4145606756210327,0.6857281923294067,0.040053840726614,0.5395432114601135,atlas_het__node_classification__graphatlas_c_q_reference__split0__seed2__c2442b46aa02,c2442b46aa02,975d6eec98ed54f0
node_classification,accuracy,0.8292682766914368,0.7894737124443054,0.6836734414100647,,,,,,,,,,,,0.8320040918585491,0.8292682926829268,0.7481283335720667,0.8296204879041132,0.40052029490470886,0.05603492632508278,0.7731958762886598,0.8292682766914368,0.8290412423901885,0.25177305936813354,0.7911806964164976,0.7894736842105263,0.6837635398722484,0.7895099401776542,0.8645691871643066,0.14310507476329803,0.7647058823529411,0.7894737124443054,0.7909787930374651,0.3641357719898224,0.6871572871572872,0.6836734693877551,0.5298299270335229,0.6810241163305036,0.615890383720398,0.10869880020618439,0.5757575757575758,0.6836734414100647,0.6818011392313793,0.392426073551178,,,,0.7049180269241333,0.6486486196517944,0.225012876301831,0.656934306569343,0.06749511510133743,8.039099697043639e-08,7.89895011621411e-08,7.62939453125e-06,7.62939453125e-06,0.0,0.0,0.0,0.0,0.6836734414100647,,,,,,,,,0.10683958232402802,0.07797135412693024,0.0,0.02886822447180748,0.18524084985256195,0.15152165293693542,0.33719199895858765,0.0,0.486790269613266,2.785679340362549,0.2254210263490677,atlas_het,graphatlas_c_q_reference,graphatlas_certified,ov0.25_cross0.50,,q_reference_max,1.0,full,none,False,dot,2,35,60,0,60,0.7894737124443054,64834,480,6506,0,12.061062097549438,cpu,0,0.960142970085144,0.04366910830140114,0.850588858127594,1.0,0.03985702246427536,0.0,1.0,1.8442975282669067,0.062467437237501144,0.11346632987260818,0.9939077496528625,0.8442975878715515,0.4719049036502838,0.0,1.8442975282669067,0.8442975878715515,0.05639916658401489,0.1380690336227417,2.5520785129629076e-07,0.025734737515449524,0.03985701501369476,0.3680475354194641,1.0,1.7729166746139526,0.7729166746139526,0.4145606756210327,0.6857281923294067,0.040053840726614,0.5395432114601135,atlas_het__node_classification__graphatlas_c_q_reference__split0__seed2__df9ec0bd563c,df9ec0bd563c,975d6eec98ed54f0
node_classification,accuracy,0.9303135871887207,0.8315789699554443,0.8163265585899353,,,,,,,,,,,,0.9301734752007644,0.9303135888501742,0.8955946071255668,0.9304593891709566,0.16086694598197937,0.036579232662916183,0.9175257731958762,0.9303135871887207,0.9302278294299139,0.0974864512681961,0.829170892494929,0.8315789473684211,0.7552149049962512,0.8321528844214869,1.0498993396759033,0.11107812821865082,0.71875,0.8315789699554443,0.8341683858925238,0.2920089066028595,0.8098124098124098,0.8163265306122449,0.7274838074798372,0.8132375836400755,0.7729116082191467,0.10342218726873398,0.6666666666666666,0.8163265585899353,0.8108810466041194,0.32445427775382996,,,,0.7848101258277893,0.9473684430122375,0.07631751948314924,0.7908163265306123,0.10630325227975845,7.260885581672483e-08,7.096590337596353e-08,1.52587890625e-05,1.52587890625e-05,0.0,0.0,0.0,0.0,0.8163265585899353,,,,,,,,,0.09122254699468613,0.05702855437994003,0.0,0.034193992614746094,0.1863972544670105,0.16256287693977356,0.238343745470047,1.599809002073016e-05,0.4379245936870575,3.354154109954834,0.6988674998283386,atlas_het,graphatlas_c_q_reference,graphatlas_certified,ov0.40_cross0.00,,q_reference_max,1.0,full,none,False,dot,2,70,95,0,95,0.8315789699554443,64834,480,6506,0,18.88669991493225,cpu,0,0.9484007358551025,0.05072605237364769,0.42250126600265503,1.0,0.051599327474832535,0.0,0.9983484148979187,1.754688024520874,0.08019348233938217,0.1293705850839615,0.6202840805053711,0.7546879649162292,0.36731672286987305,0.0,1.754688024520874,0.7546879649162292,0.07800090312957764,0.313629150390625,2.521253748000163e-07,0.030300503596663475,0.05159930884838104,0.4302486479282379,1.0,1.71875,0.71875,0.4315865933895111,0.6890376806259155,0.24350443482398987,0.4036612808704376,atlas_het__node_classification__graphatlas_c_q_reference__split0__seed2__41167ffddd4c,41167ffddd4c,975d6eec98ed54f0
node_classification,accuracy,0.9303135871887207,0.8315789699554443,0.8163265585899353,,,,,,,,,,,,0.9301734752007644,0.9303135888501742,0.8955946071255668,0.9304593891709566,0.16086694598197937,0.036579232662916183,0.9175257731958762,0.9303135871887207,0.9302278294299139,0.0974864512681961,0.829170892494929,0.8315789473684211,0.7552149049962512,0.8321528844214869,1.0498993396759033,0.11107812821865082,0.71875,0.8315789699554443,0.8341683858925238,0.2920089066028595,0.8098124098124098,0.8163265306122449,0.7274838074798372,0.8132375836400755,0.7729116082191467,0.10342218726873398,0.6666666666666666,0.8163265585899353,0.8108810466041194,0.32445427775382996,,,,0.7848101258277893,0.9473684430122375,0.07631751948314924,0.7908163265306123,0.10630325227975845,7.260885581672483e-08,7.096590337596353e-08,1.52587890625e-05,1.52587890625e-05,0.0,0.0,0.0,0.0,0.8163265585899353,,,,,,,,,0.09122254699468613,0.05702855437994003,0.0,0.034193992614746094,0.1863972544670105,0.16256287693977356,0.238343745470047,1.599809002073016e-05,0.4379245936870575,3.354154109954834,0.6988674998283386,atlas_het,graphatlas_c_q_reference,graphatlas_certified,ov0.40_cross0.15,,q_reference_max,1.0,full,none,False,dot,2,70,95,0,95,0.8315789699554443,64834,480,6506,0,19.302772045135498,cpu,0,0.9484007358551025,0.05072605237364769,0.42250126600265503,1.0,0.051599327474832535,0.0,0.9983484148979187,1.754688024520874,0.08019348233938217,0.1293705850839615,0.6202840805053711,0.7546879649162292,0.36731672286987305,0.0,1.754688024520874,0.7546879649162292,0.07800090312957764,0.313629150390625,2.521253748000163e-07,0.030300503596663475,0.05159930884838104,0.4302486479282379,1.0,1.71875,0.71875,0.4315865933895111,0.6890376806259155,0.24350443482398987,0.4036612808704376,atlas_het__node_classification__graphatlas_c_q_reference__split0__seed2__2bbd32e17e78,2bbd32e17e78,975d6eec98ed54f0
node_classification,accuracy,0.9303135871887207,0.8315789699554443,0.8163265585899353,,,,,,,,,,,,0.9301734752007644,0.9303135888501742,0.8955946071255668,0.9304593891709566,0.16086694598197937,0.036579232662916183,0.9175257731958762,0.9303135871887207,0.9302278294299139,0.0974864512681961,0.829170892494929,0.8315789473684211,0.7552149049962512,0.8321528844214869,1.0498993396759033,0.11107812821865082,0.71875,0.8315789699554443,0.8341683858925238,0.2920089066028595,0.8098124098124098,0.8163265306122449,0.7274838074798372,0.8132375836400755,0.7729116082191467,0.10342218726873398,0.6666666666666666,0.8163265585899353,0.8108810466041194,0.32445427775382996,,,,0.7848101258277893,0.9473684430122375,0.07631751948314924,0.7908163265306123,0.10630325227975845,7.260885581672483e-08,7.096590337596353e-08,1.52587890625e-05,1.52587890625e-05,0.0,0.0,0.0,0.0,0.8163265585899353,,,,,,,,,0.09122254699468613,0.05702855437994003,0.0,0.034193992614746094,0.1863972544670105,0.16256287693977356,0.238343745470047,1.599809002073016e-05,0.4379245936870575,3.354154109954834,0.6988674998283386,atlas_het,graphatlas_c_q_reference,graphatlas_certified,ov0.40_cross0.30,,q_reference_max,1.0,full,none,False,dot,2,70,95,0,95,0.8315789699554443,64834,480,6506,0,19.135480403900146,cpu,0,0.9484007358551025,0.05072605237364769,0.42250126600265503,1.0,0.051599327474832535,0.0,0.9983484148979187,1.754688024520874,0.08019348233938217,0.1293705850839615,0.6202840805053711,0.7546879649162292,0.36731672286987305,0.0,1.754688024520874,0.7546879649162292,0.07800090312957764,0.313629150390625,2.521253748000163e-07,0.030300503596663475,0.05159930884838104,0.4302486479282379,1.0,1.71875,0.71875,0.4315865933895111,0.6890376806259155,0.24350443482398987,0.4036612808704376,atlas_het__node_classification__graphatlas_c_q_reference__split0__seed2__8b740766a2f5,8b740766a2f5,975d6eec98ed54f0
node_classification,accuracy,0.9303135871887207,0.8315789699554443,0.8163265585899353,,,,,,,,,,,,0.9301734752007644,0.9303135888501742,0.8955946071255668,0.9304593891709566,0.16086694598197937,0.036579232662916183,0.9175257731958762,0.9303135871887207,0.9302278294299139,0.0974864512681961,0.829170892494929,0.8315789473684211,0.7552149049962512,0.8321528844214869,1.0498993396759033,0.11107812821865082,0.71875,0.8315789699554443,0.8341683858925238,0.2920089066028595,0.8098124098124098,0.8163265306122449,0.7274838074798372,0.8132375836400755,0.7729116082191467,0.10342218726873398,0.6666666666666666,0.8163265585899353,0.8108810466041194,0.32445427775382996,,,,0.7848101258277893,0.9473684430122375,0.07631751948314924,0.7908163265306123,0.10630325227975845,7.260885581672483e-08,7.096590337596353e-08,1.52587890625e-05,1.52587890625e-05,0.0,0.0,0.0,0.0,0.8163265585899353,,,,,,,,,0.09122254699468613,0.05702855437994003,0.0,0.034193992614746094,0.1863972544670105,0.16256287693977356,0.238343745470047,1.599809002073016e-05,0.4379245936870575,3.354154109954834,0.6988674998283386,atlas_het,graphatlas_c_q_reference,graphatlas_certified,ov0.40_cross0.50,,q_reference_max,1.0,full,none,False,dot,2,70,95,0,95,0.8315789699554443,64834,480,6506,0,19.063132524490356,cpu,0,0.9484007358551025,0.05072605237364769,0.42250126600265503,1.0,0.051599327474832535,0.0,0.9983484148979187,1.754688024520874,0.08019348233938217,0.1293705850839615,0.6202840805053711,0.7546879649162292,0.36731672286987305,0.0,1.754688024520874,0.7546879649162292,0.07800090312957764,0.313629150390625,2.521253748000163e-07,0.030300503596663475,0.05159930884838104,0.4302486479282379,1.0,1.71875,0.71875,0.4315865933895111,0.6890376806259155,0.24350443482398987,0.4036612808704376,atlas_het__node_classification__graphatlas_c_q_reference__split0__seed2__271111b5bfc2,271111b5bfc2,975d6eec98ed54f0
node_classification,accuracy,0.8362369537353516,0.8105263113975525,0.704081654548645,,,,,,,,,,,,0.8368264206651107,0.8362369337979094,0.7577365558578845,0.8351311506345238,0.3361303508281708,0.04698610305786133,0.7319587628865979,0.8362369537353516,0.8344240275091339,0.21310386061668396,0.8083375591615957,0.8105263157894737,0.7215918474863099,0.8078025785466801,0.9361246824264526,0.09983354806900024,0.65625,0.8105263113975525,0.8093446783101955,0.3344922661781311,0.6956709956709957,0.7040816326530612,0.5620213791855428,0.695979204690006,0.7051529288291931,0.12392018735408783,0.5666666666666667,0.704081654548645,0.6922613670581149,0.3993900716304779,,,,0.704081654548645,,0.010145513726065163,0.8363636363636363,0.10253336280584335,6.220394510592087e-08,6.751291437012696e-08,9.5367431640625e-06,5.7220458984375e-06,0.0,0.0,0.0,0.0,0.704081654548645,,,,,,,,,0.12462058663368225,0.09161623567342758,0.0,0.03300434723496437,0.1700621247291565,0.11152204871177673,0.5854009985923767,0.0,0.4720921814441681,2.9374921321868896,1.1197165250778198,atlas_het,graphatlas_c_q_reference,graphatlas_certified,ov0.55_cross0.00,,q_reference_max,1.0,full,none,False,dot,2,45,70,0,70,0.8105263113975525,64834,480,6506,0,14.168521404266357,cpu,0,0.9720450043678284,0.05440119281411171,0.2179303914308548,1.0,0.027955034747719765,0.00019217834051232785,0.9886614680290222,1.7686750888824463,0.03227588161826134,0.05501773953437805,0.9113820791244507,0.7686750888824463,0.4423922598361969,0.0,1.7686750888824463,0.7686750888824463,0.028014004230499268,0.3233896791934967,2.3828398809655482e-07,0.01226679515093565,0.02795502543449402,0.3719119131565094,1.0,1.71875,0.71875,0.38101720809936523,0.6643385887145996,0.11361834406852722,0.5625138878822327,atlas_het__node_classification__graphatlas_c_q_reference__split0__seed2__cd907c95512c,cd907c95512c,975d6eec98ed54f0
node_classification,accuracy,0.8362369537353516,0.8105263113975525,0.704081654548645,,,,,,,,,,,,0.8368264206651107,0.8362369337979094,0.7577365558578845,0.8351311506345238,0.3361303508281708,0.04698610305786133,0.7319587628865979,0.8362369537353516,0.8344240275091339,0.21310386061668396,0.8083375591615957,0.8105263157894737,0.7215918474863099,0.8078025785466801,0.9361246824264526,0.09983354806900024,0.65625,0.8105263113975525,0.8093446783101955,0.3344922661781311,0.6956709956709957,0.7040816326530612,0.5620213791855428,0.695979204690006,0.7051529288291931,0.12392018735408783,0.5666666666666667,0.704081654548645,0.6922613670581149,0.3993900716304779,,,,0.704081654548645,,0.010145513726065163,0.8363636363636363,0.10253336280584335,6.220394510592087e-08,6.751291437012696e-08,9.5367431640625e-06,5.7220458984375e-06,0.0,0.0,0.0,0.0,0.704081654548645,,,,,,,,,0.12462058663368225,0.09161623567342758,0.0,0.03300434723496437,0.1700621247291565,0.11152204871177673,0.5854009985923767,0.0,0.4720921814441681,2.9374921321868896,1.1197165250778198,atlas_het,graphatlas_c_q_reference,graphatlas_certified,ov0.55_cross0.15,,q_reference_max,1.0,full,none,False,dot,2,45,70,0,70,0.8105263113975525,64834,480,6506,0,14.240072965621948,cpu,0,0.9720450043678284,0.05440119281411171,0.2179303914308548,1.0,0.027955034747719765,0.00019217834051232785,0.9886614680290222,1.7686750888824463,0.03227588161826134,0.05501773953437805,0.9113820791244507,0.7686750888824463,0.4423922598361969,0.0,1.7686750888824463,0.7686750888824463,0.028014004230499268,0.3233896791934967,2.3828398809655482e-07,0.01226679515093565,0.02795502543449402,0.3719119131565094,1.0,1.71875,0.71875,0.38101720809936523,0.6643385887145996,0.11361834406852722,0.5625138878822327,atlas_het__node_classification__graphatlas_c_q_reference__split0__seed2__bd55fcd2a729,bd55fcd2a729,975d6eec98ed54f0
node_classification,accuracy,0.8362369537353516,0.8105263113975525,0.704081654548645,,,,,,,,,,,,0.8368264206651107,0.8362369337979094,0.7577365558578845,0.8351311506345238,0.3361303508281708,0.04698610305786133,0.7319587628865979,0.8362369537353516,0.8344240275091339,0.21310386061668396,0.8083375591615957,0.8105263157894737,0.7215918474863099,0.8078025785466801,0.9361246824264526,0.09983354806900024,0.65625,0.8105263113975525,0.8093446783101955,0.3344922661781311,0.6956709956709957,0.7040816326530612,0.5620213791855428,0.695979204690006,0.7051529288291931,0.12392018735408783,0.5666666666666667,0.704081654548645,0.6922613670581149,0.3993900716304779,,,,0.704081654548645,,0.010145513726065163,0.8363636363636363,0.10253336280584335,6.220394510592087e-08,6.751291437012696e-08,9.5367431640625e-06,5.7220458984375e-06,0.0,0.0,0.0,0.0,0.704081654548645,,,,,,,,,0.12462058663368225,0.09161623567342758,0.0,0.03300434723496437,0.1700621247291565,0.11152204871177673,0.5854009985923767,0.0,0.4720921814441681,2.9374921321868896,1.1197165250778198,atlas_het,graphatlas_c_q_reference,graphatlas_certified,ov0.55_cross0.30,,q_reference_max,1.0,full,none,False,dot,2,45,70,0,70,0.8105263113975525,64834,480,6506,0,14.184716939926147,cpu,0,0.9720450043678284,0.05440119281411171,0.2179303914308548,1.0,0.027955034747719765,0.00019217834051232785,0.9886614680290222,1.7686750888824463,0.03227588161826134,0.05501773953437805,0.9113820791244507,0.7686750888824463,0.4423922598361969,0.0,1.7686750888824463,0.7686750888824463,0.028014004230499268,0.3233896791934967,2.3828398809655482e-07,0.01226679515093565,0.02795502543449402,0.3719119131565094,1.0,1.71875,0.71875,0.38101720809936523,0.6643385887145996,0.11361834406852722,0.5625138878822327,atlas_het__node_classification__graphatlas_c_q_reference__split0__seed2__d2a0f466402f,d2a0f466402f,975d6eec98ed54f0
node_classification,accuracy,0.8362369537353516,0.8105263113975525,0.704081654548645,,,,,,,,,,,,0.8368264206651107,0.8362369337979094,0.7577365558578845,0.8351311506345238,0.3361303508281708,0.04698610305786133,0.7319587628865979,0.8362369537353516,0.8344240275091339,0.21310386061668396,0.8083375591615957,0.8105263157894737,0.7215918474863099,0.8078025785466801,0.9361246824264526,0.09983354806900024,0.65625,0.8105263113975525,0.8093446783101955,0.3344922661781311,0.6956709956709957,0.7040816326530612,0.5620213791855428,0.695979204690006,0.7051529288291931,0.12392018735408783,0.5666666666666667,0.704081654548645,0.6922613670581149,0.3993900716304779,,,,0.704081654548645,,0.010145513726065163,0.8363636363636363,0.10253336280584335,6.220394510592087e-08,6.751291437012696e-08,9.5367431640625e-06,5.7220458984375e-06,0.0,0.0,0.0,0.0,0.704081654548645,,,,,,,,,0.12462058663368225,0.09161623567342758,0.0,0.03300434723496437,0.1700621247291565,0.11152204871177673,0.5854009985923767,0.0,0.4720921814441681,2.9374921321868896,1.1197165250778198,atlas_het,graphatlas_c_q_reference,graphatlas_certified,ov0.55_cross0.50,,q_reference_max,1.0,full,none,False,dot,2,45,70,0,70,0.8105263113975525,64834,480,6506,0,13.906771183013916,cpu,0,0.9720450043678284,0.05440119281411171,0.2179303914308548,1.0,0.027955034747719765,0.00019217834051232785,0.9886614680290222,1.7686750888824463,0.03227588161826134,0.05501773953437805,0.9113820791244507,0.7686750888824463,0.4423922598361969,0.0,1.7686750888824463,0.7686750888824463,0.028014004230499268,0.3233896791934967,2.3828398809655482e-07,0.01226679515093565,0.02795502543449402,0.3719119131565094,1.0,1.71875,0.71875,0.38101720809936523,0.6643385887145996,0.11361834406852722,0.5625138878822327,atlas_het__node_classification__graphatlas_c_q_reference__split0__seed2__fc5afc34bb84,fc5afc34bb84,975d6eec98ed54f0
node_classification,accuracy,0.9616724848747253,0.7659574747085571,0.9090909361839294,,,,,,,,,,,,0.9628395152540503,0.9616724738675958,0.9425435345711937,0.9615824954607244,0.1208934560418129,0.034885141998529434,0.9423076923076923,0.9616724848747253,0.9621329487357109,0.06789932399988174,0.7648912735283213,0.7659574468085106,0.6488601565158217,0.7663120567375886,1.2842406034469604,0.2011640965938568,0.7419354838709677,0.7659574747085571,0.7647058823529411,0.4188379645347595,0.9098715651135006,0.9090909090909091,0.8638036809815951,0.9090972697949882,0.3133310377597809,0.06856437027454376,0.8888888888888888,0.9090909361839294,0.9095107155601267,0.15220016241073608,,,,0.9444444179534912,0.8888888955116272,0.08154910855631647,0.5335892514395394,0.18791696429252625,6.363281102039764e-08,4.943550990788026e-08,5.7220458984375e-06,7.62939453125e-06,0.0,0.0,0.0,0.0,0.9090909361839294,,,,,,,,,0.15790997445583344,0.11694174259901047,0.0,0.040968235582113266,0.2581949830055237,0.19899579882621765,0.591992199420929,0.0,0.5434746742248535,2.709639549255371,1.7314099073410034,atlas_het,graphatlas_c_q_shuffle_source,graphatlas_certified,ov0.10_cross0.00,,q_shuffle_source,1.0,full,none,False,dot,0,60,85,0,85,0.7659574747085571,64834,480,6540,0,19.831085681915283,cpu,0,0.959213376045227,0.0596562996506691,0.5834228992462158,1.0,0.040786709636449814,0.0,0.9792183041572571,1.7666666507720947,0.058247160166502,0.1316283643245697,0.0005560965510085225,0.7666666507720947,0.00877696368843317,0.40501758456230164,1.7666666507720947,0.7666666507720947,0.03568917512893677,0.40849024057388306,2.4424551270385564e-07,0.021608931943774223,0.04078669100999832,0.3751148283481598,0.630479097366333,1.7229167222976685,0.7229166626930237,0.4017927050590515,0.6777451038360596,0.05384821444749832,0.4950876832008362,atlas_het__node_classification__graphatlas_c_q_shuffle_source__split0__seed0__de8bbe8bb930,de8bbe8bb930,975d6eec98ed54f0
node_classification,accuracy,0.9616724848747253,0.7659574747085571,0.9090909361839294,,,,,,,,,,,,0.9628395152540503,0.9616724738675958,0.9425435345711937,0.9615824954607244,0.1208934560418129,0.034885141998529434,0.9423076923076923,0.9616724848747253,0.9621329487357109,0.06789932399988174,0.7648912735283213,0.7659574468085106,0.6488601565158217,0.7663120567375886,1.2842406034469604,0.2011640965938568,0.7419354838709677,0.7659574747085571,0.7647058823529411,0.4188379645347595,0.9098715651135006,0.9090909090909091,0.8638036809815951,0.9090972697949882,0.3133310377597809,0.06856437027454376,0.8888888888888888,0.9090909361839294,0.9095107155601267,0.15220016241073608,,,,0.9444444179534912,0.8888888955116272,0.08154910855631647,0.5335892514395394,0.18791696429252625,6.363281102039764e-08,4.943550990788026e-08,5.7220458984375e-06,7.62939453125e-06,0.0,0.0,0.0,0.0,0.9090909361839294,,,,,,,,,0.15790997445583344,0.11694174259901047,0.0,0.040968235582113266,0.2581949830055237,0.19899579882621765,0.591992199420929,0.0,0.5434746742248535,2.709639549255371,1.7314099073410034,atlas_het,graphatlas_c_q_shuffle_source,graphatlas_certified,ov0.10_cross0.15,,q_shuffle_source,1.0,full,none,False,dot,0,60,85,0,85,0.7659574747085571,64834,480,6540,0,19.676615715026855,cpu,0,0.959213376045227,0.0596562996506691,0.5834228992462158,1.0,0.040786709636449814,0.0,0.9792183041572571,1.7666666507720947,0.058247160166502,0.1316283643245697,0.0005560965510085225,0.7666666507720947,0.00877696368843317,0.40501758456230164,1.7666666507720947,0.7666666507720947,0.03568917512893677,0.40849024057388306,2.4424551270385564e-07,0.021608931943774223,0.04078669100999832,0.3751148283481598,0.630479097366333,1.7229167222976685,0.7229166626930237,0.4017927050590515,0.6777451038360596,0.05384821444749832,0.4950876832008362,atlas_het__node_classification__graphatlas_c_q_shuffle_source__split0__seed0__bc46afb5042a,bc46afb5042a,975d6eec98ed54f0
node_classification,accuracy,0.9616724848747253,0.7659574747085571,0.9090909361839294,,,,,,,,,,,,0.9628395152540503,0.9616724738675958,0.9425435345711937,0.9615824954607244,0.1208934560418129,0.034885141998529434,0.9423076923076923,0.9616724848747253,0.9621329487357109,0.06789932399988174,0.7648912735283213,0.7659574468085106,0.6488601565158217,0.7663120567375886,1.2842406034469604,0.2011640965938568,0.7419354838709677,0.7659574747085571,0.7647058823529411,0.4188379645347595,0.9098715651135006,0.9090909090909091,0.8638036809815951,0.9090972697949882,0.3133310377597809,0.06856437027454376,0.8888888888888888,0.9090909361839294,0.9095107155601267,0.15220016241073608,,,,0.9444444179534912,0.8888888955116272,0.08154910855631647,0.5335892514395394,0.18791696429252625,6.363281102039764e-08,4.943550990788026e-08,5.7220458984375e-06,7.62939453125e-06,0.0,0.0,0.0,0.0,0.9090909361839294,,,,,,,,,0.15790997445583344,0.11694174259901047,0.0,0.040968235582113266,0.2581949830055237,0.19899579882621765,0.591992199420929,0.0,0.5434746742248535,2.709639549255371,1.7314099073410034,atlas_het,graphatlas_c_q_shuffle_source,graphatlas_certified,ov0.10_cross0.30,,q_shuffle_source,1.0,full,none,False,dot,0,60,85,0,85,0.7659574747085571,64834,480,6540,0,19.863600254058838,cpu,0,0.959213376045227,0.0596562996506691,0.5834228992462158,1.0,0.040786709636449814,0.0,0.9792183041572571,1.7666666507720947,0.058247160166502,0.1316283643245697,0.0005560965510085225,0.7666666507720947,0.00877696368843317,0.40501758456230164,1.7666666507720947,0.7666666507720947,0.03568917512893677,0.40849024057388306,2.4424551270385564e-07,0.021608931943774223,0.04078669100999832,0.3751148283481598,0.630479097366333,1.7229167222976685,0.7229166626930237,0.4017927050590515,0.6777451038360596,0.05384821444749832,0.4950876832008362,atlas_het__node_classification__graphatlas_c_q_shuffle_source__split0__seed0__82270160d991,82270160d991,975d6eec98ed54f0
node_classification,accuracy,0.9616724848747253,0.7659574747085571,0.9090909361839294,,,,,,,,,,,,0.9628395152540503,0.9616724738675958,0.9425435345711937,0.9615824954607244,0.1208934560418129,0.034885141998529434,0.9423076923076923,0.9616724848747253,0.9621329487357109,0.06789932399988174,0.7648912735283213,0.7659574468085106,0.6488601565158217,0.7663120567375886,1.2842406034469604,0.2011640965938568,0.7419354838709677,0.7659574747085571,0.7647058823529411,0.4188379645347595,0.9098715651135006,0.9090909090909091,0.8638036809815951,0.9090972697949882,0.3133310377597809,0.06856437027454376,0.8888888888888888,0.9090909361839294,0.9095107155601267,0.15220016241073608,,,,0.9444444179534912,0.8888888955116272,0.08154910855631647,0.5335892514395394,0.18791696429252625,6.363281102039764e-08,4.943550990788026e-08,5.7220458984375e-06,7.62939453125e-06,0.0,0.0,0.0,0.0,0.9090909361839294,,,,,,,,,0.15790997445583344,0.11694174259901047,0.0,0.040968235582113266,0.2581949830055237,0.19899579882621765,0.591992199420929,0.0,0.5434746742248535,2.709639549255371,1.7314099073410034,atlas_het,graphatlas_c_q_shuffle_source,graphatlas_certified,ov0.10_cross0.50,,q_shuffle_source,1.0,full,none,False,dot,0,60,85,0,85,0.7659574747085571,64834,480,6540,0,19.786325931549072,cpu,0,0.959213376045227,0.0596562996506691,0.5834228992462158,1.0,0.040786709636449814,0.0,0.9792183041572571,1.7666666507720947,0.058247160166502,0.1316283643245697,0.0005560965510085225,0.7666666507720947,0.00877696368843317,0.40501758456230164,1.7666666507720947,0.7666666507720947,0.03568917512893677,0.40849024057388306,2.4424551270385564e-07,0.021608931943774223,0.04078669100999832,0.3751148283481598,0.630479097366333,1.7229167222976685,0.7229166626930237,0.4017927050590515,0.6777451038360596,0.05384821444749832,0.4950876832008362,atlas_het__node_classification__graphatlas_c_q_shuffle_source__split0__seed0__eefeb8a193d6,eefeb8a193d6,975d6eec98ed54f0
node_classification,accuracy,0.9616724848747253,0.7872340679168701,0.8787878751754761,,,,,,,,,,,,0.9613606968376273,0.9616724738675958,0.942480622515661,0.9616484670656685,0.07455272227525711,0.01944894902408123,0.9438202247191011,0.9616724848747253,0.9617862838915471,0.044712964445352554,0.7871382145739275,0.7872340425531915,0.6800071669773806,0.7873638768521675,1.2322144508361816,0.1878519207239151,0.7741935483870968,0.7872340679168701,0.78793992929964,0.38688477873802185,0.8776135005973714,0.8787878787878788,0.8196961879201328,0.8783781015018337,0.43644946813583374,0.07139212638139725,0.8064516129032258,0.8787878751754761,0.8777702651942002,0.1958727389574051,,,,0.9259259104728699,0.8222222328186035,0.03200753015358706,0.5503080082135524,0.20771503448486328,4.604657277695878e-08,3.5198358006027775e-08,5.7220458984375e-06,6.67572021484375e-06,0.0,0.0,0.0,0.0,0.8787878751754761,,,,,,,,,0.08844393491744995,0.05661473050713539,0.0,0.03182920813560486,0.12692587077617645,0.1063564270734787,0.20569440722465515,6.528797712235246e-06,0.5712421536445618,2.607710838317871,1.0587549209594727,atlas_het,graphatlas_c_q_shuffle_source,graphatlas_certified,ov0.25_cross0.00,,q_shuffle_source,1.0,full,none,False,dot,0,80,105,0,105,0.7872340679168701,64834,480,6540,0,24.23270869255066,cpu,0,0.9724220633506775,0.04174947366118431,0.5923529863357544,1.0,0.027577899396419525,0.0,0.9954359531402588,1.46100914478302,0.040351707488298416,0.08441164344549179,9.238644997822121e-05,0.4610091745853424,0.002794722793623805,0.2373620718717575,1.46100914478302,0.4610091745853424,0.026961863040924072,0.4347590208053589,2.7475792307996016e-07,0.008837352506816387,0.027577882632613182,0.31150513887405396,0.7440366744995117,1.4166666269302368,0.4166666567325592,0.23743727803230286,0.6771757006645203,0.06154172122478485,0.5387765765190125,atlas_het__node_classification__graphatlas_c_q_shuffle_source__split0__seed0__6ddfd8ef7107,6ddfd8ef7107,975d6eec98ed54f0
node_classification,accuracy,0.9616724848747253,0.7872340679168701,0.8787878751754761,,,,,,,,,,,,0.9613606968376273,0.9616724738675958,0.942480622515661,0.9616484670656685,0.07455272227525711,0.01944894902408123,0.9438202247191011,0.9616724848747253,0.9617862838915471,0.044712964445352554,0.7871382145739275,0.7872340425531915,0.6800071669773806,0.7873638768521675,1.2322144508361816,0.1878519207239151,0.7741935483870968,0.7872340679168701,0.78793992929964,0.38688477873802185,0.8776135005973714,0.8787878787878788,0.8196961879201328,0.8783781015018337,0.43644946813583374,0.07139212638139725,0.8064516129032258,0.8787878751754761,0.8777702651942002,0.1958727389574051,,,,0.9259259104728699,0.8222222328186035,0.03200753015358706,0.5503080082135524,0.20771503448486328,4.604657277695878e-08,3.5198358006027775e-08,5.7220458984375e-06,6.67572021484375e-06,0.0,0.0,0.0,0.0,0.8787878751754761,,,,,,,,,0.08844393491744995,0.05661473050713539,0.0,0.03182920813560486,0.12692587077617645,0.1063564270734787,0.20569440722465515,6.528797712235246e-06,0.5712421536445618,2.607710838317871,1.0587549209594727,atlas_het,graphatlas_c_q_shuffle_source,graphatlas_certified,ov0.25_cross0.15,,q_shuffle_source,1.0,full,none,False,dot,0,80,105,0,105,0.7872340679168701,64834,480,6540,0,24.098693370819092,cpu,0,0.9724220633506775,0.04174947366118431,0.5923529863357544,1.0,0.027577899396419525,0.0,0.9954359531402588,1.46100914478302,0.040351707488298416,0.08441164344549179,9.238644997822121e-05,0.4610091745853424,0.002794722793623805,0.2373620718717575,1.46100914478302,0.4610091745853424,0.026961863040924072,0.4347590208053589,2.7475792307996016e-07,0.008837352506816387,0.027577882632613182,0.31150513887405396,0.7440366744995117,1.4166666269302368,0.4166666567325592,0.23743727803230286,0.6771757006645203,0.06154172122478485,0.5387765765190125,atlas_het__node_classification__graphatlas_c_q_shuffle_source__split0__seed0__1bb4d83f9b6a,1bb4d83f9b6a,975d6eec98ed54f0
node_classification,accuracy,0.9616724848747253,0.7872340679168701,0.8787878751754761,,,,,,,,,,,,0.9613606968376273,0.9616724738675958,0.942480622515661,0.9616484670656685,0.07455272227525711,0.01944894902408123,0.9438202247191011,0.9616724848747253,0.9617862838915471,0.044712964445352554,0.7871382145739275,0.7872340425531915,0.6800071669773806,0.7873638768521675,1.2322144508361816,0.1878519207239151,0.7741935483870968,0.7872340679168701,0.78793992929964,0.38688477873802185,0.8776135005973714,0.8787878787878788,0.8196961879201328,0.8783781015018337,0.43644946813583374,0.07139212638139725,0.8064516129032258,0.8787878751754761,0.8777702651942002,0.1958727389574051,,,,0.9259259104728699,0.8222222328186035,0.03200753015358706,0.5503080082135524,0.20771503448486328,4.604657277695878e-08,3.5198358006027775e-08,5.7220458984375e-06,6.67572021484375e-06,0.0,0.0,0.0,0.0,0.8787878751754761,,,,,,,,,0.08844393491744995,0.05661473050713539,0.0,0.03182920813560486,0.12692587077617645,0.1063564270734787,0.20569440722465515,6.528797712235246e-06,0.5712421536445618,2.607710838317871,1.0587549209594727,atlas_het,graphatlas_c_q_shuffle_source,graphatlas_certified,ov0.25_cross0.30,,q_shuffle_source,1.0,full,none,False,dot,0,80,105,0,105,0.7872340679168701,64834,480,6540,0,24.11773371696472,cpu,0,0.9724220633506775,0.04174947366118431,0.5923529863357544,1.0,0.027577899396419525,0.0,0.9954359531402588,1.46100914478302,0.040351707488298416,0.08441164344549179,9.238644997822121e-05,0.4610091745853424,0.002794722793623805,0.2373620718717575,1.46100914478302,0.4610091745853424,0.026961863040924072,0.4347590208053589,2.7475792307996016e-07,0.008837352506816387,0.027577882632613182,0.31150513887405396,0.7440366744995117,1.4166666269302368,0.4166666567325592,0.23743727803230286,0.6771757006645203,0.06154172122478485,0.5387765765190125,atlas_het__node_classification__graphatlas_c_q_shuffle_source__split0__seed0__04259bcfaacf,04259bcfaacf,975d6eec98ed54f0
node_classification,accuracy,0.9616724848747253,0.7872340679168701,0.8787878751754761,,,,,,,,,,,,0.9613606968376273,0.9616724738675958,0.942480622515661,0.9616484670656685,0.07455272227525711,0.01944894902408123,0.9438202247191011,0.9616724848747253,0.9617862838915471,0.044712964445352554,0.7871382145739275,0.7872340425531915,0.6800071669773806,0.7873638768521675,1.2322144508361816,0.1878519207239151,0.7741935483870968,0.7872340679168701,0.78793992929964,0.38688477873802185,0.8776135005973714,0.8787878787878788,0.8196961879201328,0.8783781015018337,0.43644946813583374,0.07139212638139725,0.8064516129032258,0.8787878751754761,0.8777702651942002,0.1958727389574051,,,,0.9259259104728699,0.8222222328186035,0.03200753015358706,0.5503080082135524,0.20771503448486328,4.604657277695878e-08,3.5198358006027775e-08,5.7220458984375e-06,6.67572021484375e-06,0.0,0.0,0.0,0.0,0.8787878751754761,,,,,,,,,0.08844393491744995,0.05661473050713539,0.0,0.03182920813560486,0.12692587077617645,0.1063564270734787,0.20569440722465515,6.528797712235246e-06,0.5712421536445618,2.607710838317871,1.0587549209594727,atlas_het,graphatlas_c_q_shuffle_source,graphatlas_certified,ov0.25_cross0.50,,q_shuffle_source,1.0,full,none,False,dot,0,80,105,0,105,0.7872340679168701,64834,480,6540,0,24.04941725730896,cpu,0,0.9724220633506775,0.04174947366118431,0.5923529863357544,1.0,0.027577899396419525,0.0,0.9954359531402588,1.46100914478302,0.040351707488298416,0.08441164344549179,9.238644997822121e-05,0.4610091745853424,0.002794722793623805,0.2373620718717575,1.46100914478302,0.4610091745853424,0.026961863040924072,0.4347590208053589,2.7475792307996016e-07,0.008837352506816387,0.027577882632613182,0.31150513887405396,0.7440366744995117,1.4166666269302368,0.4166666567325592,0.23743727803230286,0.6771757006645203,0.06154172122478485,0.5387765765190125,atlas_het__node_classification__graphatlas_c_q_shuffle_source__split0__seed0__2263e4f8028c,2263e4f8028c,975d6eec98ed54f0
node_classification,accuracy,0.9686411023139954,0.7872340679168701,0.8585858345031738,,,,,,,,,,,,0.9693915236886789,0.9686411149825784,0.9529483001054035,0.9686158327383697,0.09631256014108658,0.03521029278635979,0.9519230769230769,0.9686411023139954,0.9690380636876362,0.05114319548010826,0.7907260790856944,0.7872340425531915,0.6816944538958829,0.786252045826514,0.9678993821144104,0.1431129425764084,0.7058823529411765,0.7872340679168701,0.78868258178603,0.35733669996261597,0.8571161887694146,0.8585858585858586,0.7874233128834356,0.8585858585858586,0.45274099707603455,0.09314674139022827,0.8387096774193549,0.8585858345031738,0.8571161887694146,0.18928469717502594,,,,0.8441558480262756,0.9090909361839294,0.034895700286843606,0.6330275229357798,0.19288107752799988,6.247692851957254e-08,5.440643491283481e-08,5.7220458984375e-06,5.7220458984375e-06,0.0,0.0,0.0,0.0,0.8585858345031738,,,,,,,,,0.05701928213238716,0.03494550287723541,0.0,0.02207377925515175,0.1968233436346054,0.16784991323947906,0.2897340953350067,0.0,0.6558172702789307,2.045060634613037,0.9690575003623962,atlas_het,graphatlas_c_q_shuffle_source,graphatlas_certified,ov0.40_cross0.00,,q_shuffle_source,1.0,full,none,False,dot,0,70,95,0,95,0.7872340679168701,64834,480,6540,0,22.050739765167236,cpu,0,0.9381007552146912,0.08477376401424408,0.18513520061969757,1.0,0.06189926713705063,6.355663208523765e-05,0.9548112154006958,1.5129969120025635,0.08253714442253113,0.21081379055976868,0.0005320943892002106,0.5129969716072083,0.006863786838948727,0.27500855922698975,1.5129969120025635,0.5129969716072083,0.04960775375366211,0.568454384803772,2.4544581833652046e-07,0.019272804260253906,0.06189927086234093,0.32934102416038513,0.7349133491516113,1.475000023841858,0.4749999940395355,0.2730996012687683,0.6715376973152161,0.05833934247493744,0.5176070928573608,atlas_het__node_classification__graphatlas_c_q_shuffle_source__split0__seed0__98306dd7b5f1,98306dd7b5f1,975d6eec98ed54f0
node_classification,accuracy,0.9686411023139954,0.7872340679168701,0.8585858345031738,,,,,,,,,,,,0.9693915236886789,0.9686411149825784,0.9529483001054035,0.9686158327383697,0.09631256014108658,0.03521029278635979,0.9519230769230769,0.9686411023139954,0.9690380636876362,0.05114319548010826,0.7907260790856944,0.7872340425531915,0.6816944538958829,0.786252045826514,0.9678993821144104,0.1431129425764084,0.7058823529411765,0.7872340679168701,0.78868258178603,0.35733669996261597,0.8571161887694146,0.8585858585858586,0.7874233128834356,0.8585858585858586,0.45274099707603455,0.09314674139022827,0.8387096774193549,0.8585858345031738,0.8571161887694146,0.18928469717502594,,,,0.8441558480262756,0.9090909361839294,0.034895700286843606,0.6330275229357798,0.19288107752799988,6.247692851957254e-08,5.440643491283481e-08,5.7220458984375e-06,5.7220458984375e-06,0.0,0.0,0.0,0.0,0.8585858345031738,,,,,,,,,0.05701928213238716,0.03494550287723541,0.0,0.02207377925515175,0.1968233436346054,0.16784991323947906,0.2897340953350067,0.0,0.6558172702789307,2.045060634613037,0.9690575003623962,atlas_het,graphatlas_c_q_shuffle_source,graphatlas_certified,ov0.40_cross0.15,,q_shuffle_source,1.0,full,none,False,dot,0,70,95,0,95,0.7872340679168701,64834,480,6540,0,22.773956060409546,cpu,0,0.9381007552146912,0.08477376401424408,0.18513520061969757,1.0,0.06189926713705063,6.355663208523765e-05,0.9548112154006958,1.5129969120025635,0.08253714442253113,0.21081379055976868,0.0005320943892002106,0.5129969716072083,0.006863786838948727,0.27500855922698975,1.5129969120025635,0.5129969716072083,0.04960775375366211,0.568454384803772,2.4544581833652046e-07,0.019272804260253906,0.06189927086234093,0.32934102416038513,0.7349133491516113,1.475000023841858,0.4749999940395355,0.2730996012687683,0.6715376973152161,0.05833934247493744,0.5176070928573608,atlas_het__node_classification__graphatlas_c_q_shuffle_source__split0__seed0__f3b7444c6441,f3b7444c6441,975d6eec98ed54f0
node_classification,accuracy,0.9686411023139954,0.7872340679168701,0.8585858345031738,,,,,,,,,,,,0.9693915236886789,0.9686411149825784,0.9529483001054035,0.9686158327383697,0.09631256014108658,0.03521029278635979,0.9519230769230769,0.9686411023139954,0.9690380636876362,0.05114319548010826,0.7907260790856944,0.7872340425531915,0.6816944538958829,0.786252045826514,0.9678993821144104,0.1431129425764084,0.7058823529411765,0.7872340679168701,0.78868258178603,0.35733669996261597,0.8571161887694146,0.8585858585858586,0.7874233128834356,0.8585858585858586,0.45274099707603455,0.09314674139022827,0.8387096774193549,0.8585858345031738,0.8571161887694146,0.18928469717502594,,,,0.8441558480262756,0.9090909361839294,0.034895700286843606,0.6330275229357798,0.19288107752799988,6.247692851957254e-08,5.440643491283481e-08,5.7220458984375e-06,5.7220458984375e-06,0.0,0.0,0.0,0.0,0.8585858345031738,,,,,,,,,0.05701928213238716,0.03494550287723541,0.0,0.02207377925515175,0.1968233436346054,0.16784991323947906,0.2897340953350067,0.0,0.6558172702789307,2.045060634613037,0.9690575003623962,atlas_het,graphatlas_c_q_shuffle_source,graphatlas_certified,ov0.40_cross0.30,,q_shuffle_source,1.0,full,none,False,dot,0,70,95,0,95,0.7872340679168701,64834,480,6540,0,23.054692029953003,cpu,0,0.9381007552146912,0.08477376401424408,0.18513520061969757,1.0,0.06189926713705063,6.355663208523765e-05,0.9548112154006958,1.5129969120025635,0.08253714442253113,0.21081379055976868,0.0005320943892002106,0.5129969716072083,0.006863786838948727,0.27500855922698975,1.5129969120025635,0.5129969716072083,0.04960775375366211,0.568454384803772,2.4544581833652046e-07,0.019272804260253906,0.06189927086234093,0.32934102416038513,0.7349133491516113,1.475000023841858,0.4749999940395355,0.2730996012687683,0.6715376973152161,0.05833934247493744,0.5176070928573608,atlas_het__node_classification__graphatlas_c_q_shuffle_source__split0__seed0__c35199bdc530,c35199bdc530,975d6eec98ed54f0
node_classification,accuracy,0.9686411023139954,0.7872340679168701,0.8585858345031738,,,,,,,,,,,,0.9693915236886789,0.9686411149825784,0.9529483001054035,0.9686158327383697,0.09631256014108658,0.03521029278635979,0.9519230769230769,0.9686411023139954,0.9690380636876362,0.05114319548010826,0.7907260790856944,0.7872340425531915,0.6816944538958829,0.786252045826514,0.9678993821144104,0.1431129425764084,0.7058823529411765,0.7872340679168701,0.78868258178603,0.35733669996261597,0.8571161887694146,0.8585858585858586,0.7874233128834356,0.8585858585858586,0.45274099707603455,0.09314674139022827,0.8387096774193549,0.8585858345031738,0.8571161887694146,0.18928469717502594,,,,0.8441558480262756,0.9090909361839294,0.034895700286843606,0.6330275229357798,0.19288107752799988,6.247692851957254e-08,5.440643491283481e-08,5.7220458984375e-06,5.7220458984375e-06,0.0,0.0,0.0,0.0,0.8585858345031738,,,,,,,,,0.05701928213238716,0.03494550287723541,0.0,0.02207377925515175,0.1968233436346054,0.16784991323947906,0.2897340953350067,0.0,0.6558172702789307,2.045060634613037,0.9690575003623962,atlas_het,graphatlas_c_q_shuffle_source,graphatlas_certified,ov0.40_cross0.50,,q_shuffle_source,1.0,full,none,False,dot,0,70,95,0,95,0.7872340679168701,64834,480,6540,0,22.246495962142944,cpu,0,0.9381007552146912,0.08477376401424408,0.18513520061969757,1.0,0.06189926713705063,6.355663208523765e-05,0.9548112154006958,1.5129969120025635,0.08253714442253113,0.21081379055976868,0.0005320943892002106,0.5129969716072083,0.006863786838948727,0.27500855922698975,1.5129969120025635,0.5129969716072083,0.04960775375366211,0.568454384803772,2.4544581833652046e-07,0.019272804260253906,0.06189927086234093,0.32934102416038513,0.7349133491516113,1.475000023841858,0.4749999940395355,0.2730996012687683,0.6715376973152161,0.05833934247493744,0.5176070928573608,atlas_het__node_classification__graphatlas_c_q_shuffle_source__split0__seed0__06081928fa5d,06081928fa5d,975d6eec98ed54f0
node_classification,accuracy,0.8710801601409912,0.7446808218955994,0.8585858345031738,,,,,,,,,,,,0.8731388342313515,0.8710801393728222,0.8070559973169319,0.870891149105821,0.2861323058605194,0.030836069956421852,0.8269230769230769,0.8710801601409912,0.8715557957275838,0.17573368549346924,0.7503544243058737,0.7446808510638298,0.623637520861798,0.7428966220385823,0.8259227275848389,0.1604238748550415,0.6470588235294118,0.7446808218955994,0.744159242837191,0.40471524000167847,0.860103046594982,0.8585858585858586,0.7879810736780428,0.8583445115135255,0.4393453896045685,0.0496896356344223,0.8333333333333334,0.8585858345031738,0.8590710932260227,0.22133438289165497,,,,0.8585858345031738,,0.049112323166855466,0.7467362924281984,0.23144085705280304,7.826623260598353e-08,6.833619892177012e-08,7.62939453125e-06,3.814697265625e-06,0.0,0.0,0.0,0.0,0.8585858345031738,,,,,,,,,0.1484990268945694,0.11170788109302521,0.0,0.03679114580154419,0.22500042617321014,0.1735253930091858,0.5147503018379211,0.0,0.4572393298149109,3.5675058364868164,0.8222227096557617,atlas_het,graphatlas_c_q_shuffle_source,graphatlas_certified,ov0.55_cross0.00,,q_shuffle_source,1.0,full,none,False,dot,0,45,70,0,70,0.7446808218955994,64834,480,6540,0,16.576146841049194,cpu,0,0.9751136898994446,0.035616930574178696,0.6330223083496094,1.0,0.02488628774881363,0.0,0.9996704459190369,1.6385321617126465,0.03578055649995804,0.07693910598754883,0.0001730432122712955,0.6385321021080017,0.005066433921456337,0.31564611196517944,1.6385321617126465,0.6385321021080017,0.0134696364402771,0.35908281803131104,2.617614995870099e-07,0.009845096617937088,0.02488628588616848,0.3425350487232208,0.6677370071411133,1.5958333015441895,0.5958333611488342,0.3172626495361328,0.6744284629821777,0.08289723098278046,0.496864378452301,atlas_het__node_classification__graphatlas_c_q_shuffle_source__split0__seed0__11f9fefae3bb,11f9fefae3bb,975d6eec98ed54f0
node_classification,accuracy,0.8710801601409912,0.7446808218955994,0.8585858345031738,,,,,,,,,,,,0.8731388342313515,0.8710801393728222,0.8070559973169319,0.870891149105821,0.2861323058605194,0.030836069956421852,0.8269230769230769,0.8710801601409912,0.8715557957275838,0.17573368549346924,0.7503544243058737,0.7446808510638298,0.623637520861798,0.7428966220385823,0.8259227275848389,0.1604238748550415,0.6470588235294118,0.7446808218955994,0.744159242837191,0.40471524000167847,0.860103046594982,0.8585858585858586,0.7879810736780428,0.8583445115135255,0.4393453896045685,0.0496896356344223,0.8333333333333334,0.8585858345031738,0.8590710932260227,0.22133438289165497,,,,0.8585858345031738,,0.049112323166855466,0.7467362924281984,0.23144085705280304,7.826623260598353e-08,6.833619892177012e-08,7.62939453125e-06,3.814697265625e-06,0.0,0.0,0.0,0.0,0.8585858345031738,,,,,,,,,0.1484990268945694,0.11170788109302521,0.0,0.03679114580154419,0.22500042617321014,0.1735253930091858,0.5147503018379211,0.0,0.4572393298149109,3.5675058364868164,0.8222227096557617,atlas_het,graphatlas_c_q_shuffle_source,graphatlas_certified,ov0.55_cross0.15,,q_shuffle_source,1.0,full,none,False,dot,0,45,70,0,70,0.7446808218955994,64834,480,6540,0,16.637495756149292,cpu,0,0.9751136898994446,0.035616930574178696,0.6330223083496094,1.0,0.02488628774881363,0.0,0.9996704459190369,1.6385321617126465,0.03578055649995804,0.07693910598754883,0.0001730432122712955,0.6385321021080017,0.005066433921456337,0.31564611196517944,1.6385321617126465,0.6385321021080017,0.0134696364402771,0.35908281803131104,2.617614995870099e-07,0.009845096617937088,0.02488628588616848,0.3425350487232208,0.6677370071411133,1.5958333015441895,0.5958333611488342,0.3172626495361328,0.6744284629821777,0.08289723098278046,0.496864378452301,atlas_het__node_classification__graphatlas_c_q_shuffle_source__split0__seed0__d553e9bf148a,d553e9bf148a,975d6eec98ed54f0
node_classification,accuracy,0.8710801601409912,0.7446808218955994,0.8585858345031738,,,,,,,,,,,,0.8731388342313515,0.8710801393728222,0.8070559973169319,0.870891149105821,0.2861323058605194,0.030836069956421852,0.8269230769230769,0.8710801601409912,0.8715557957275838,0.17573368549346924,0.7503544243058737,0.7446808510638298,0.623637520861798,0.7428966220385823,0.8259227275848389,0.1604238748550415,0.6470588235294118,0.7446808218955994,0.744159242837191,0.40471524000167847,0.860103046594982,0.8585858585858586,0.7879810736780428,0.8583445115135255,0.4393453896045685,0.0496896356344223,0.8333333333333334,0.8585858345031738,0.8590710932260227,0.22133438289165497,,,,0.8585858345031738,,0.049112323166855466,0.7467362924281984,0.23144085705280304,7.826623260598353e-08,6.833619892177012e-08,7.62939453125e-06,3.814697265625e-06,0.0,0.0,0.0,0.0,0.8585858345031738,,,,,,,,,0.1484990268945694,0.11170788109302521,0.0,0.03679114580154419,0.22500042617321014,0.1735253930091858,0.5147503018379211,0.0,0.4572393298149109,3.5675058364868164,0.8222227096557617,atlas_het,graphatlas_c_q_shuffle_source,graphatlas_certified,ov0.55_cross0.30,,q_shuffle_source,1.0,full,none,False,dot,0,45,70,0,70,0.7446808218955994,64834,480,6540,0,16.59038758277893,cpu,0,0.9751136898994446,0.035616930574178696,0.6330223083496094,1.0,0.02488628774881363,0.0,0.9996704459190369,1.6385321617126465,0.03578055649995804,0.07693910598754883,0.0001730432122712955,0.6385321021080017,0.005066433921456337,0.31564611196517944,1.6385321617126465,0.6385321021080017,0.0134696364402771,0.35908281803131104,2.617614995870099e-07,0.009845096617937088,0.02488628588616848,0.3425350487232208,0.6677370071411133,1.5958333015441895,0.5958333611488342,0.3172626495361328,0.6744284629821777,0.08289723098278046,0.496864378452301,atlas_het__node_classification__graphatlas_c_q_shuffle_source__split0__seed0__8c51655c707d,8c51655c707d,975d6eec98ed54f0
node_classification,accuracy,0.8710801601409912,0.7446808218955994,0.8585858345031738,,,,,,,,,,,,0.8731388342313515,0.8710801393728222,0.8070559973169319,0.870891149105821,0.2861323058605194,0.030836069956421852,0.8269230769230769,0.8710801601409912,0.8715557957275838,0.17573368549346924,0.7503544243058737,0.7446808510638298,0.623637520861798,0.7428966220385823,0.8259227275848389,0.1604238748550415,0.6470588235294118,0.7446808218955994,0.744159242837191,0.40471524000167847,0.860103046594982,0.8585858585858586,0.7879810736780428,0.8583445115135255,0.4393453896045685,0.0496896356344223,0.8333333333333334,0.8585858345031738,0.8590710932260227,0.22133438289165497,,,,0.8585858345031738,,0.049112323166855466,0.7467362924281984,0.23144085705280304,7.826623260598353e-08,6.833619892177012e-08,7.62939453125e-06,3.814697265625e-06,0.0,0.0,0.0,0.0,0.8585858345031738,,,,,,,,,0.1484990268945694,0.11170788109302521,0.0,0.03679114580154419,0.22500042617321014,0.1735253930091858,0.5147503018379211,0.0,0.4572393298149109,3.5675058364868164,0.8222227096557617,atlas_het,graphatlas_c_q_shuffle_source,graphatlas_certified,ov0.55_cross0.50,,q_shuffle_source,1.0,full,none,False,dot,0,45,70,0,70,0.7446808218955994,64834,480,6540,0,16.436504364013672,cpu,0,0.9751136898994446,0.035616930574178696,0.6330223083496094,1.0,0.02488628774881363,0.0,0.9996704459190369,1.6385321617126465,0.03578055649995804,0.07693910598754883,0.0001730432122712955,0.6385321021080017,0.005066433921456337,0.31564611196517944,1.6385321617126465,0.6385321021080017,0.0134696364402771,0.35908281803131104,2.617614995870099e-07,0.009845096617937088,0.02488628588616848,0.3425350487232208,0.6677370071411133,1.5958333015441895,0.5958333611488342,0.3172626495361328,0.6744284629821777,0.08289723098278046,0.496864378452301,atlas_het__node_classification__graphatlas_c_q_shuffle_source__split0__seed0__833007f1ba93,833007f1ba93,975d6eec98ed54f0
node_classification,accuracy,0.888501763343811,0.8105263113975525,0.8163265585899353,,,,,,,,,,,,0.8864185269101622,0.8885017421602788,0.8333031347184189,0.8875155633113226,0.23132023215293884,0.04036134481430054,0.8383838383838383,0.888501763343811,0.8867905246000706,0.1444299817085266,0.8098223615464994,0.8105263157894737,0.716139925667981,0.8106798245614035,0.6251903772354126,0.10157684981822968,0.7575757575757576,0.8105263113975525,0.8089015151515152,0.2957357168197632,0.8138528138528139,0.8163265306122449,0.7284877565598545,0.815588767496879,0.6697766184806824,0.11280415952205658,0.7272727272727273,0.8163265585899353,0.8141832770311441,0.2818206250667572,,,,0.8292682766914368,0.8070175647735596,-0.031026769145033887,0.5340909090909091,0.18700845539569855,9.436420356223607e-08,7.690370296131732e-08,7.62939453125e-06,9.5367431640625e-06,0.0,0.0,0.0,0.0,0.8163265585899353,,,,,,,,,0.06779496371746063,0.047484010457992554,0.0,0.02031095139682293,0.1277310848236084,0.1029953733086586,0.24735720455646515,1.3780730114376638e-05,0.5828819870948792,2.3621883392333984,0.8245440125465393,atlas_het,graphatlas_c_q_shuffle_source,graphatlas_certified,ov0.10_cross0.00,,q_shuffle_source,1.0,full,none,False,dot,1,50,75,0,75,0.8105263113975525,64834,480,6456,0,17.53696846961975,cpu,0,0.9543231129646301,0.052161604166030884,0.5347809791564941,1.0,0.045676980167627335,0.0,0.9929986596107483,1.4064435958862305,0.0692911297082901,0.10307025909423828,0.00012631542631424963,0.40644362568855286,0.003466908587142825,0.1921779364347458,1.4064435958862305,0.40644362568855286,0.0704646110534668,0.2783559560775757,2.370734080159309e-07,0.01260489970445633,0.045676980167627335,0.21559211611747742,0.7671933174133301,1.3604166507720947,0.3604166805744171,0.19421608746051788,0.6502676010131836,0.01525245700031519,0.7686148285865784,atlas_het__node_classification__graphatlas_c_q_shuffle_source__split0__seed1__77d32de3ce07,77d32de3ce07,975d6eec98ed54f0
node_classification,accuracy,0.888501763343811,0.8105263113975525,0.8163265585899353,,,,,,,,,,,,0.8864185269101622,0.8885017421602788,0.8333031347184189,0.8875155633113226,0.23132023215293884,0.04036134481430054,0.8383838383838383,0.888501763343811,0.8867905246000706,0.1444299817085266,0.8098223615464994,0.8105263157894737,0.716139925667981,0.8106798245614035,0.6251903772354126,0.10157684981822968,0.7575757575757576,0.8105263113975525,0.8089015151515152,0.2957357168197632,0.8138528138528139,0.8163265306122449,0.7284877565598545,0.815588767496879,0.6697766184806824,0.11280415952205658,0.7272727272727273,0.8163265585899353,0.8141832770311441,0.2818206250667572,,,,0.8292682766914368,0.8070175647735596,-0.031026769145033887,0.5340909090909091,0.18700845539569855,9.436420356223607e-08,7.690370296131732e-08,7.62939453125e-06,9.5367431640625e-06,0.0,0.0,0.0,0.0,0.8163265585899353,,,,,,,,,0.06779496371746063,0.047484010457992554,0.0,0.02031095139682293,0.1277310848236084,0.1029953733086586,0.24735720455646515,1.3780730114376638e-05,0.5828819870948792,2.3621883392333984,0.8245440125465393,atlas_het,graphatlas_c_q_shuffle_source,graphatlas_certified,ov0.10_cross0.15,,q_shuffle_source,1.0,full,none,False,dot,1,50,75,0,75,0.8105263113975525,64834,480,6456,0,17.36380362510681,cpu,0,0.9543231129646301,0.052161604166030884,0.5347809791564941,1.0,0.045676980167627335,0.0,0.9929986596107483,1.4064435958862305,0.0692911297082901,0.10307025909423828,0.00012631542631424963,0.40644362568855286,0.003466908587142825,0.1921779364347458,1.4064435958862305,0.40644362568855286,0.0704646110534668,0.2783559560775757,2.370734080159309e-07,0.01260489970445633,0.045676980167627335,0.21559211611747742,0.7671933174133301,1.3604166507720947,0.3604166805744171,0.19421608746051788,0.6502676010131836,0.01525245700031519,0.7686148285865784,atlas_het__node_classification__graphatlas_c_q_shuffle_source__split0__seed1__47e42f041864,47e42f041864,975d6eec98ed54f0
node_classification,accuracy,0.888501763343811,0.8105263113975525,0.8163265585899353,,,,,,,,,,,,0.8864185269101622,0.8885017421602788,0.8333031347184189,0.8875155633113226,0.23132023215293884,0.04036134481430054,0.8383838383838383,0.888501763343811,0.8867905246000706,0.1444299817085266,0.8098223615464994,0.8105263157894737,0.716139925667981,0.8106798245614035,0.6251903772354126,0.10157684981822968,0.7575757575757576,0.8105263113975525,0.8089015151515152,0.2957357168197632,0.8138528138528139,0.8163265306122449,0.7284877565598545,0.815588767496879,0.6697766184806824,0.11280415952205658,0.7272727272727273,0.8163265585899353,0.8141832770311441,0.2818206250667572,,,,0.8292682766914368,0.8070175647735596,-0.031026769145033887,0.5340909090909091,0.18700845539569855,9.436420356223607e-08,7.690370296131732e-08,7.62939453125e-06,9.5367431640625e-06,0.0,0.0,0.0,0.0,0.8163265585899353,,,,,,,,,0.06779496371746063,0.047484010457992554,0.0,0.02031095139682293,0.1277310848236084,0.1029953733086586,0.24735720455646515,1.3780730114376638e-05,0.5828819870948792,2.3621883392333984,0.8245440125465393,atlas_het,graphatlas_c_q_shuffle_source,graphatlas_certified,ov0.10_cross0.30,,q_shuffle_source,1.0,full,none,False,dot,1,50,75,0,75,0.8105263113975525,64834,480,6456,0,17.37296438217163,cpu,0,0.9543231129646301,0.052161604166030884,0.5347809791564941,1.0,0.045676980167627335,0.0,0.9929986596107483,1.4064435958862305,0.0692911297082901,0.10307025909423828,0.00012631542631424963,0.40644362568855286,0.003466908587142825,0.1921779364347458,1.4064435958862305,0.40644362568855286,0.0704646110534668,0.2783559560775757,2.370734080159309e-07,0.01260489970445633,0.045676980167627335,0.21559211611747742,0.7671933174133301,1.3604166507720947,0.3604166805744171,0.19421608746051788,0.6502676010131836,0.01525245700031519,0.7686148285865784,atlas_het__node_classification__graphatlas_c_q_shuffle_source__split0__seed1__3bcf11531e84,3bcf11531e84,975d6eec98ed54f0
node_classification,accuracy,0.888501763343811,0.8105263113975525,0.8163265585899353,,,,,,,,,,,,0.8864185269101622,0.8885017421602788,0.8333031347184189,0.8875155633113226,0.23132023215293884,0.04036134481430054,0.8383838383838383,0.888501763343811,0.8867905246000706,0.1444299817085266,0.8098223615464994,0.8105263157894737,0.716139925667981,0.8106798245614035,0.6251903772354126,0.10157684981822968,0.7575757575757576,0.8105263113975525,0.8089015151515152,0.2957357168197632,0.8138528138528139,0.8163265306122449,0.7284877565598545,0.815588767496879,0.6697766184806824,0.11280415952205658,0.7272727272727273,0.8163265585899353,0.8141832770311441,0.2818206250667572,,,,0.8292682766914368,0.8070175647735596,-0.031026769145033887,0.5340909090909091,0.18700845539569855,9.436420356223607e-08,7.690370296131732e-08,7.62939453125e-06,9.5367431640625e-06,0.0,0.0,0.0,0.0,0.8163265585899353,,,,,,,,,0.06779496371746063,0.047484010457992554,0.0,0.02031095139682293,0.1277310848236084,0.1029953733086586,0.24735720455646515,1.3780730114376638e-05,0.5828819870948792,2.3621883392333984,0.8245440125465393,atlas_het,graphatlas_c_q_shuffle_source,graphatlas_certified,ov0.10_cross0.50,,q_shuffle_source,1.0,full,none,False,dot,1,50,75,0,75,0.8105263113975525,64834,480,6456,0,17.70020627975464,cpu,0,0.9543231129646301,0.052161604166030884,0.5347809791564941,1.0,0.045676980167627335,0.0,0.9929986596107483,1.4064435958862305,0.0692911297082901,0.10307025909423828,0.00012631542631424963,0.40644362568855286,0.003466908587142825,0.1921779364347458,1.4064435958862305,0.40644362568855286,0.0704646110534668,0.2783559560775757,2.370734080159309e-07,0.01260489970445633,0.045676980167627335,0.21559211611747742,0.7671933174133301,1.3604166507720947,0.3604166805744171,0.19421608746051788,0.6502676010131836,0.01525245700031519,0.7686148285865784,atlas_het__node_classification__graphatlas_c_q_shuffle_source__split0__seed1__b13d187fd19e,b13d187fd19e,975d6eec98ed54f0
node_classification,accuracy,0.9128919839859009,0.8421052694320679,0.8163265585899353,,,,,,,,,,,,0.9125763151027747,0.9128919860627178,0.8693076659676555,0.9131641197780077,0.14968742430210114,0.051200512796640396,0.898989898989899,0.9128919839859009,0.9121229614373298,0.09239700436592102,0.842911877394636,0.8421052631578947,0.7679384925648924,0.8441904706194494,0.6101871132850647,0.1090870052576065,0.7878787878787878,0.8421052694320679,0.8431998306407865,0.2845100462436676,0.816017316017316,0.8163265306122449,0.727059334609563,0.8175980501165835,1.0837604999542236,0.1555127203464508,0.7575757575757576,0.8163265585899353,0.8150825331750998,0.2898176312446594,,,,0.8360655903816223,0.7837837934494019,-0.025780680180627274,0.5737051792828686,0.2785027325153351,7.374808319582371e-08,6.633258209376436e-08,4.76837158203125e-06,8.106231689453125e-06,0.0,0.0,0.0,0.0,0.8163265585899353,,,,,,,,,0.10945849865674973,0.08553656935691833,0.0,0.02392192743718624,0.11965925246477127,0.08253611624240875,0.37123140692710876,1.524380621731325e-09,0.6175673007965088,2.270453453063965,0.6889254450798035,atlas_het,graphatlas_c_q_shuffle_source,graphatlas_certified,ov0.25_cross0.00,,q_shuffle_source,1.0,full,none,False,dot,1,65,90,0,90,0.8421052694320679,64834,480,6456,0,20.54388976097107,cpu,0,0.9569681286811829,0.052338991314172745,0.39054563641548157,1.0,0.04303181543946266,0.0,0.9921231865882874,1.4392813444137573,0.04858012497425079,0.10569161921739578,0.00011366088438080624,0.43928128480911255,0.0030535701662302017,0.21726033091545105,1.4392813444137573,0.43928128480911255,0.036660194396972656,0.5193251371383667,2.2008714495314052e-07,0.008892212063074112,0.04303181543946266,0.2314414232969284,0.7238744497299194,1.4020832777023315,0.4020833373069763,0.21742649376392365,0.6503608822822571,0.024845751002430916,0.7656475305557251,atlas_het__node_classification__graphatlas_c_q_shuffle_source__split0__seed1__5aa43f2fb181,5aa43f2fb181,975d6eec98ed54f0
node_classification,accuracy,0.9128919839859009,0.8421052694320679,0.8163265585899353,,,,,,,,,,,,0.9125763151027747,0.9128919860627178,0.8693076659676555,0.9131641197780077,0.14968742430210114,0.051200512796640396,0.898989898989899,0.9128919839859009,0.9121229614373298,0.09239700436592102,0.842911877394636,0.8421052631578947,0.7679384925648924,0.8441904706194494,0.6101871132850647,0.1090870052576065,0.7878787878787878,0.8421052694320679,0.8431998306407865,0.2845100462436676,0.816017316017316,0.8163265306122449,0.727059334609563,0.8175980501165835,1.0837604999542236,0.1555127203464508,0.7575757575757576,0.8163265585899353,0.8150825331750998,0.2898176312446594,,,,0.8360655903816223,0.7837837934494019,-0.025780680180627274,0.5737051792828686,0.2785027325153351,7.374808319582371e-08,6.633258209376436e-08,4.76837158203125e-06,8.106231689453125e-06,0.0,0.0,0.0,0.0,0.8163265585899353,,,,,,,,,0.10945849865674973,0.08553656935691833,0.0,0.02392192743718624,0.11965925246477127,0.08253611624240875,0.37123140692710876,1.524380621731325e-09,0.6175673007965088,2.270453453063965,0.6889254450798035,atlas_het,graphatlas_c_q_shuffle_source,graphatlas_certified,ov0.25_cross0.15,,q_shuffle_source,1.0,full,none,False,dot,1,65,90,0,90,0.8421052694320679,64834,480,6456,0,20.813711404800415,cpu,0,0.9569681286811829,0.052338991314172745,0.39054563641548157,1.0,0.04303181543946266,0.0,0.9921231865882874,1.4392813444137573,0.04858012497425079,0.10569161921739578,0.00011366088438080624,0.43928128480911255,0.0030535701662302017,0.21726033091545105,1.4392813444137573,0.43928128480911255,0.036660194396972656,0.5193251371383667,2.2008714495314052e-07,0.008892212063074112,0.04303181543946266,0.2314414232969284,0.7238744497299194,1.4020832777023315,0.4020833373069763,0.21742649376392365,0.6503608822822571,0.024845751002430916,0.7656475305557251,atlas_het__node_classification__graphatlas_c_q_shuffle_source__split0__seed1__308bd7f7221f,308bd7f7221f,975d6eec98ed54f0
node_classification,accuracy,0.9128919839859009,0.8421052694320679,0.8163265585899353,,,,,,,,,,,,0.9125763151027747,0.9128919860627178,0.8693076659676555,0.9131641197780077,0.14968742430210114,0.051200512796640396,0.898989898989899,0.9128919839859009,0.9121229614373298,0.09239700436592102,0.842911877394636,0.8421052631578947,0.7679384925648924,0.8441904706194494,0.6101871132850647,0.1090870052576065,0.7878787878787878,0.8421052694320679,0.8431998306407865,0.2845100462436676,0.816017316017316,0.8163265306122449,0.727059334609563,0.8175980501165835,1.0837604999542236,0.1555127203464508,0.7575757575757576,0.8163265585899353,0.8150825331750998,0.2898176312446594,,,,0.8360655903816223,0.7837837934494019,-0.025780680180627274,0.5737051792828686,0.2785027325153351,7.374808319582371e-08,6.633258209376436e-08,4.76837158203125e-06,8.106231689453125e-06,0.0,0.0,0.0,0.0,0.8163265585899353,,,,,,,,,0.10945849865674973,0.08553656935691833,0.0,0.02392192743718624,0.11965925246477127,0.08253611624240875,0.37123140692710876,1.524380621731325e-09,0.6175673007965088,2.270453453063965,0.6889254450798035,atlas_het,graphatlas_c_q_shuffle_source,graphatlas_certified,ov0.25_cross0.30,,q_shuffle_source,1.0,full,none,False,dot,1,65,90,0,90,0.8421052694320679,64834,480,6456,0,20.683354377746582,cpu,0,0.9569681286811829,0.052338991314172745,0.39054563641548157,1.0,0.04303181543946266,0.0,0.9921231865882874,1.4392813444137573,0.04858012497425079,0.10569161921739578,0.00011366088438080624,0.43928128480911255,0.0030535701662302017,0.21726033091545105,1.4392813444137573,0.43928128480911255,0.036660194396972656,0.5193251371383667,2.2008714495314052e-07,0.008892212063074112,0.04303181543946266,0.2314414232969284,0.7238744497299194,1.4020832777023315,0.4020833373069763,0.21742649376392365,0.6503608822822571,0.024845751002430916,0.7656475305557251,atlas_het__node_classification__graphatlas_c_q_shuffle_source__split0__seed1__3bae5712690c,3bae5712690c,975d6eec98ed54f0
node_classification,accuracy,0.9128919839859009,0.8421052694320679,0.8163265585899353,,,,,,,,,,,,0.9125763151027747,0.9128919860627178,0.8693076659676555,0.9131641197780077,0.14968742430210114,0.051200512796640396,0.898989898989899,0.9128919839859009,0.9121229614373298,0.09239700436592102,0.842911877394636,0.8421052631578947,0.7679384925648924,0.8441904706194494,0.6101871132850647,0.1090870052576065,0.7878787878787878,0.8421052694320679,0.8431998306407865,0.2845100462436676,0.816017316017316,0.8163265306122449,0.727059334609563,0.8175980501165835,1.0837604999542236,0.1555127203464508,0.7575757575757576,0.8163265585899353,0.8150825331750998,0.2898176312446594,,,,0.8360655903816223,0.7837837934494019,-0.025780680180627274,0.5737051792828686,0.2785027325153351,7.374808319582371e-08,6.633258209376436e-08,4.76837158203125e-06,8.106231689453125e-06,0.0,0.0,0.0,0.0,0.8163265585899353,,,,,,,,,0.10945849865674973,0.08553656935691833,0.0,0.02392192743718624,0.11965925246477127,0.08253611624240875,0.37123140692710876,1.524380621731325e-09,0.6175673007965088,2.270453453063965,0.6889254450798035,atlas_het,graphatlas_c_q_shuffle_source,graphatlas_certified,ov0.25_cross0.50,,q_shuffle_source,1.0,full,none,False,dot,1,65,90,0,90,0.8421052694320679,64834,480,6456,0,20.711002349853516,cpu,0,0.9569681286811829,0.052338991314172745,0.39054563641548157,1.0,0.04303181543946266,0.0,0.9921231865882874,1.4392813444137573,0.04858012497425079,0.10569161921739578,0.00011366088438080624,0.43928128480911255,0.0030535701662302017,0.21726033091545105,1.4392813444137573,0.43928128480911255,0.036660194396972656,0.5193251371383667,2.2008714495314052e-07,0.008892212063074112,0.04303181543946266,0.2314414232969284,0.7238744497299194,1.4020832777023315,0.4020833373069763,0.21742649376392365,0.6503608822822571,0.024845751002430916,0.7656475305557251,atlas_het__node_classification__graphatlas_c_q_shuffle_source__split0__seed1__a4a5e57300ed,a4a5e57300ed,975d6eec98ed54f0
node_classification,accuracy,0.8675957918167114,0.8105263113975525,0.795918345451355,,,,,,,,,,,,0.8664165267101422,0.867595818815331,0.8018471129772672,0.8667597365683504,0.30695900321006775,0.0598602332174778,0.8080808080808081,0.8675957918167114,0.8667159945739303,0.18122562766075134,0.8126088470916057,0.8105263157894737,0.7154038400611736,0.8106520031421839,0.7929845452308655,0.14336872100830078,0.7878787878787878,0.8105263113975525,0.8127294561674386,0.3154277205467224,0.7968253968253968,0.7959183673469388,0.6990689878042824,0.7938939392478768,0.881725549697876,0.14043593406677246,0.6666666666666666,0.795918345451355,0.7935128326247834,0.3127548396587372,,,,0.7654321193695068,0.9411764740943909,-0.03051159457905314,0.7544097693351425,0.19598719477653503,9.868934824908138e-08,8.229813630578064e-08,7.62939453125e-06,9.5367431640625e-06,0.0,0.0,0.0,0.0,0.795918345451355,,,,,,,,,0.14535978436470032,0.09127119928598404,0.0,0.054088592529296875,0.2266562581062317,0.19456979632377625,0.320864737033844,0.0,0.606788158416748,2.16275691986084,1.1744955778121948,atlas_het,graphatlas_c_q_shuffle_source,graphatlas_certified,ov0.40_cross0.00,,q_shuffle_source,1.0,full,none,False,dot,1,50,75,0,75,0.8105263113975525,64834,480,6456,0,17.420196294784546,cpu,0,0.9580415487289429,0.05762701481580734,0.2965421676635742,1.0,0.04195838421583176,0.0,0.9876828193664551,1.64219331741333,0.043912507593631744,0.10346172749996185,0.00021795308566652238,0.6421933174133301,0.0049696494825184345,0.357657253742218,1.64219331741333,0.6421933174133301,0.026166975498199463,0.4803539216518402,2.55133841164934e-07,0.012856675311923027,0.041958387941122055,0.32827141880989075,0.6574246287345886,1.625,0.625,0.36100032925605774,0.6830848455429077,0.1258103996515274,0.6902417540550232,atlas_het__node_classification__graphatlas_c_q_shuffle_source__split0__seed1__2117a3114817,2117a3114817,975d6eec98ed54f0
node_classification,accuracy,0.8675957918167114,0.8105263113975525,0.795918345451355,,,,,,,,,,,,0.8664165267101422,0.867595818815331,0.8018471129772672,0.8667597365683504,0.30695900321006775,0.0598602332174778,0.8080808080808081,0.8675957918167114,0.8667159945739303,0.18122562766075134,0.8126088470916057,0.8105263157894737,0.7154038400611736,0.8106520031421839,0.7929845452308655,0.14336872100830078,0.7878787878787878,0.8105263113975525,0.8127294561674386,0.3154277205467224,0.7968253968253968,0.7959183673469388,0.6990689878042824,0.7938939392478768,0.881725549697876,0.14043593406677246,0.6666666666666666,0.795918345451355,0.7935128326247834,0.3127548396587372,,,,0.7654321193695068,0.9411764740943909,-0.03051159457905314,0.7544097693351425,0.19598719477653503,9.868934824908138e-08,8.229813630578064e-08,7.62939453125e-06,9.5367431640625e-06,0.0,0.0,0.0,0.0,0.795918345451355,,,,,,,,,0.14535978436470032,0.09127119928598404,0.0,0.054088592529296875,0.2266562581062317,0.19456979632377625,0.320864737033844,0.0,0.606788158416748,2.16275691986084,1.1744955778121948,atlas_het,graphatlas_c_q_shuffle_source,graphatlas_certified,ov0.40_cross0.15,,q_shuffle_source,1.0,full,none,False,dot,1,50,75,0,75,0.8105263113975525,64834,480,6456,0,17.94528818130493,cpu,0,0.9580415487289429,0.05762701481580734,0.2965421676635742,1.0,0.04195838421583176,0.0,0.9876828193664551,1.64219331741333,0.043912507593631744,0.10346172749996185,0.00021795308566652238,0.6421933174133301,0.0049696494825184345,0.357657253742218,1.64219331741333,0.6421933174133301,0.026166975498199463,0.4803539216518402,2.55133841164934e-07,0.012856675311923027,0.041958387941122055,0.32827141880989075,0.6574246287345886,1.625,0.625,0.36100032925605774,0.6830848455429077,0.1258103996515274,0.6902417540550232,atlas_het__node_classification__graphatlas_c_q_shuffle_source__split0__seed1__c746e18cbdf1,c746e18cbdf1,975d6eec98ed54f0
node_classification,accuracy,0.8675957918167114,0.8105263113975525,0.795918345451355,,,,,,,,,,,,0.8664165267101422,0.867595818815331,0.8018471129772672,0.8667597365683504,0.30695900321006775,0.0598602332174778,0.8080808080808081,0.8675957918167114,0.8667159945739303,0.18122562766075134,0.8126088470916057,0.8105263157894737,0.7154038400611736,0.8106520031421839,0.7929845452308655,0.14336872100830078,0.7878787878787878,0.8105263113975525,0.8127294561674386,0.3154277205467224,0.7968253968253968,0.7959183673469388,0.6990689878042824,0.7938939392478768,0.881725549697876,0.14043593406677246,0.6666666666666666,0.795918345451355,0.7935128326247834,0.3127548396587372,,,,0.7654321193695068,0.9411764740943909,-0.03051159457905314,0.7544097693351425,0.19598719477653503,9.868934824908138e-08,8.229813630578064e-08,7.62939453125e-06,9.5367431640625e-06,0.0,0.0,0.0,0.0,0.795918345451355,,,,,,,,,0.14535978436470032,0.09127119928598404,0.0,0.054088592529296875,0.2266562581062317,0.19456979632377625,0.320864737033844,0.0,0.606788158416748,2.16275691986084,1.1744955778121948,atlas_het,graphatlas_c_q_shuffle_source,graphatlas_certified,ov0.40_cross0.30,,q_shuffle_source,1.0,full,none,False,dot,1,50,75,0,75,0.8105263113975525,64834,480,6456,0,17.676079273223877,cpu,0,0.9580415487289429,0.05762701481580734,0.2965421676635742,1.0,0.04195838421583176,0.0,0.9876828193664551,1.64219331741333,0.043912507593631744,0.10346172749996185,0.00021795308566652238,0.6421933174133301,0.0049696494825184345,0.357657253742218,1.64219331741333,0.6421933174133301,0.026166975498199463,0.4803539216518402,2.55133841164934e-07,0.012856675311923027,0.041958387941122055,0.32827141880989075,0.6574246287345886,1.625,0.625,0.36100032925605774,0.6830848455429077,0.1258103996515274,0.6902417540550232,atlas_het__node_classification__graphatlas_c_q_shuffle_source__split0__seed1__4d7a0f6d1324,4d7a0f6d1324,975d6eec98ed54f0
node_classification,accuracy,0.8675957918167114,0.8105263113975525,0.795918345451355,,,,,,,,,,,,0.8664165267101422,0.867595818815331,0.8018471129772672,0.8667597365683504,0.30695900321006775,0.0598602332174778,0.8080808080808081,0.8675957918167114,0.8667159945739303,0.18122562766075134,0.8126088470916057,0.8105263157894737,0.7154038400611736,0.8106520031421839,0.7929845452308655,0.14336872100830078,0.7878787878787878,0.8105263113975525,0.8127294561674386,0.3154277205467224,0.7968253968253968,0.7959183673469388,0.6990689878042824,0.7938939392478768,0.881725549697876,0.14043593406677246,0.6666666666666666,0.795918345451355,0.7935128326247834,0.3127548396587372,,,,0.7654321193695068,0.9411764740943909,-0.03051159457905314,0.7544097693351425,0.19598719477653503,9.868934824908138e-08,8.229813630578064e-08,7.62939453125e-06,9.5367431640625e-06,0.0,0.0,0.0,0.0,0.795918345451355,,,,,,,,,0.14535978436470032,0.09127119928598404,0.0,0.054088592529296875,0.2266562581062317,0.19456979632377625,0.320864737033844,0.0,0.606788158416748,2.16275691986084,1.1744955778121948,atlas_het,graphatlas_c_q_shuffle_source,graphatlas_certified,ov0.40_cross0.50,,q_shuffle_source,1.0,full,none,False,dot,1,50,75,0,75,0.8105263113975525,64834,480,6456,0,17.712636470794678,cpu,0,0.9580415487289429,0.05762701481580734,0.2965421676635742,1.0,0.04195838421583176,0.0,0.9876828193664551,1.64219331741333,0.043912507593631744,0.10346172749996185,0.00021795308566652238,0.6421933174133301,0.0049696494825184345,0.357657253742218,1.64219331741333,0.6421933174133301,0.026166975498199463,0.4803539216518402,2.55133841164934e-07,0.012856675311923027,0.041958387941122055,0.32827141880989075,0.6574246287345886,1.625,0.625,0.36100032925605774,0.6830848455429077,0.1258103996515274,0.6902417540550232,atlas_het__node_classification__graphatlas_c_q_shuffle_source__split0__seed1__3d2d65666528,3d2d65666528,975d6eec98ed54f0
node_classification,accuracy,0.9268292784690857,0.8631578683853149,0.8061224222183228,,,,,,,,,,,,0.9249154800537526,0.926829268292683,0.8904339849321792,0.9267279283490953,0.18779084086418152,0.04120033234357834,0.8850574712643678,0.9268292784690857,0.926442049003476,0.11337129771709442,0.8603274120515501,0.8631578947368421,0.7975728777240326,0.8631091617933724,0.529829204082489,0.11187644302845001,0.7931034482758621,0.8631578683853149,0.8626543209876543,0.25890353322029114,0.8063492063492063,0.8061224489795918,0.7168992660394865,0.8050628080506882,0.7180615067481995,0.11608663201332092,0.6666666666666666,0.8061224222183228,0.8030534462191964,0.27851128578186035,,,,0.8061224222183228,,-0.012921389128148126,0.7467362924281984,0.2396797388792038,6.583204736898551e-08,5.6927447644739004e-08,7.62939453125e-06,5.7220458984375e-06,0.0,0.0,0.0,0.0,0.8061224222183228,,,,,,,,,0.1714554876089096,0.11681325733661652,0.0,0.05464222654700279,0.1891859471797943,0.14518897235393524,0.4399698078632355,0.0,0.5811614990234375,2.3219518661499023,0.9514703154563904,atlas_het,graphatlas_c_q_shuffle_source,graphatlas_certified,ov0.55_cross0.00,,q_shuffle_source,1.0,full,none,False,dot,1,65,90,0,90,0.8631578683853149,64834,480,6456,0,20.951205730438232,cpu,0,0.943636417388916,0.07415005564689636,0.4085875451564789,1.0,0.05636362358927727,0.0,0.9634815454483032,1.6088910102844238,0.06519802659749985,0.18222689628601074,0.0004180686082690954,0.608890950679779,0.006817778572440147,0.3473386764526367,1.6088910102844238,0.608890950679779,0.04216885566711426,0.379380464553833,2.525720503854245e-07,0.01936199516057968,0.05636363476514816,0.3398357331752777,0.6727591753005981,1.5958333015441895,0.5958333611488342,0.35110512375831604,0.6871858835220337,0.147766575217247,0.6529915928840637,atlas_het__node_classification__graphatlas_c_q_shuffle_source__split0__seed1__c2f5822021b0,c2f5822021b0,975d6eec98ed54f0
node_classification,accuracy,0.9268292784690857,0.8631578683853149,0.8061224222183228,,,,,,,,,,,,0.9249154800537526,0.926829268292683,0.8904339849321792,0.9267279283490953,0.18779084086418152,0.04120033234357834,0.8850574712643678,0.9268292784690857,0.926442049003476,0.11337129771709442,0.8603274120515501,0.8631578947368421,0.7975728777240326,0.8631091617933724,0.529829204082489,0.11187644302845001,0.7931034482758621,0.8631578683853149,0.8626543209876543,0.25890353322029114,0.8063492063492063,0.8061224489795918,0.7168992660394865,0.8050628080506882,0.7180615067481995,0.11608663201332092,0.6666666666666666,0.8061224222183228,0.8030534462191964,0.27851128578186035,,,,0.8061224222183228,,-0.012921389128148126,0.7467362924281984,0.2396797388792038,6.583204736898551e-08,5.6927447644739004e-08,7.62939453125e-06,5.7220458984375e-06,0.0,0.0,0.0,0.0,0.8061224222183228,,,,,,,,,0.1714554876089096,0.11681325733661652,0.0,0.05464222654700279,0.1891859471797943,0.14518897235393524,0.4399698078632355,0.0,0.5811614990234375,2.3219518661499023,0.9514703154563904,atlas_het,graphatlas_c_q_shuffle_source,graphatlas_certified,ov0.55_cross0.15,,q_shuffle_source,1.0,full,none,False,dot,1,65,90,0,90,0.8631578683853149,64834,480,6456,0,21.079654932022095,cpu,0,0.943636417388916,0.07415005564689636,0.4085875451564789,1.0,0.05636362358927727,0.0,0.9634815454483032,1.6088910102844238,0.06519802659749985,0.18222689628601074,0.0004180686082690954,0.608890950679779,0.006817778572440147,0.3473386764526367,1.6088910102844238,0.608890950679779,0.04216885566711426,0.379380464553833,2.525720503854245e-07,0.01936199516057968,0.05636363476514816,0.3398357331752777,0.6727591753005981,1.5958333015441895,0.5958333611488342,0.35110512375831604,0.6871858835220337,0.147766575217247,0.6529915928840637,atlas_het__node_classification__graphatlas_c_q_shuffle_source__split0__seed1__27b2cff287f3,27b2cff287f3,975d6eec98ed54f0
node_classification,accuracy,0.9268292784690857,0.8631578683853149,0.8061224222183228,,,,,,,,,,,,0.9249154800537526,0.926829268292683,0.8904339849321792,0.9267279283490953,0.18779084086418152,0.04120033234357834,0.8850574712643678,0.9268292784690857,0.926442049003476,0.11337129771709442,0.8603274120515501,0.8631578947368421,0.7975728777240326,0.8631091617933724,0.529829204082489,0.11187644302845001,0.7931034482758621,0.8631578683853149,0.8626543209876543,0.25890353322029114,0.8063492063492063,0.8061224489795918,0.7168992660394865,0.8050628080506882,0.7180615067481995,0.11608663201332092,0.6666666666666666,0.8061224222183228,0.8030534462191964,0.27851128578186035,,,,0.8061224222183228,,-0.012921389128148126,0.7467362924281984,0.2396797388792038,6.583204736898551e-08,5.6927447644739004e-08,7.62939453125e-06,5.7220458984375e-06,0.0,0.0,0.0,0.0,0.8061224222183228,,,,,,,,,0.1714554876089096,0.11681325733661652,0.0,0.05464222654700279,0.1891859471797943,0.14518897235393524,0.4399698078632355,0.0,0.5811614990234375,2.3219518661499023,0.9514703154563904,atlas_het,graphatlas_c_q_shuffle_source,graphatlas_certified,ov0.55_cross0.30,,q_shuffle_source,1.0,full,none,False,dot,1,65,90,0,90,0.8631578683853149,64834,480,6456,0,20.959449529647827,cpu,0,0.943636417388916,0.07415005564689636,0.4085875451564789,1.0,0.05636362358927727,0.0,0.9634815454483032,1.6088910102844238,0.06519802659749985,0.18222689628601074,0.0004180686082690954,0.608890950679779,0.006817778572440147,0.3473386764526367,1.6088910102844238,0.608890950679779,0.04216885566711426,0.379380464553833,2.525720503854245e-07,0.01936199516057968,0.05636363476514816,0.3398357331752777,0.6727591753005981,1.5958333015441895,0.5958333611488342,0.35110512375831604,0.6871858835220337,0.147766575217247,0.6529915928840637,atlas_het__node_classification__graphatlas_c_q_shuffle_source__split0__seed1__2b65172beb25,2b65172beb25,975d6eec98ed54f0
node_classification,accuracy,0.9268292784690857,0.8631578683853149,0.8061224222183228,,,,,,,,,,,,0.9249154800537526,0.926829268292683,0.8904339849321792,0.9267279283490953,0.18779084086418152,0.04120033234357834,0.8850574712643678,0.9268292784690857,0.926442049003476,0.11337129771709442,0.8603274120515501,0.8631578947368421,0.7975728777240326,0.8631091617933724,0.529829204082489,0.11187644302845001,0.7931034482758621,0.8631578683853149,0.8626543209876543,0.25890353322029114,0.8063492063492063,0.8061224489795918,0.7168992660394865,0.8050628080506882,0.7180615067481995,0.11608663201332092,0.6666666666666666,0.8061224222183228,0.8030534462191964,0.27851128578186035,,,,0.8061224222183228,,-0.012921389128148126,0.7467362924281984,0.2396797388792038,6.583204736898551e-08,5.6927447644739004e-08,7.62939453125e-06,5.7220458984375e-06,0.0,0.0,0.0,0.0,0.8061224222183228,,,,,,,,,0.1714554876089096,0.11681325733661652,0.0,0.05464222654700279,0.1891859471797943,0.14518897235393524,0.4399698078632355,0.0,0.5811614990234375,2.3219518661499023,0.9514703154563904,atlas_het,graphatlas_c_q_shuffle_source,graphatlas_certified,ov0.55_cross0.50,,q_shuffle_source,1.0,full,none,False,dot,1,65,90,0,90,0.8631578683853149,64834,480,6456,0,20.888002634048462,cpu,0,0.943636417388916,0.07415005564689636,0.4085875451564789,1.0,0.05636362358927727,0.0,0.9634815454483032,1.6088910102844238,0.06519802659749985,0.18222689628601074,0.0004180686082690954,0.608890950679779,0.006817778572440147,0.3473386764526367,1.6088910102844238,0.608890950679779,0.04216885566711426,0.379380464553833,2.525720503854245e-07,0.01936199516057968,0.05636363476514816,0.3398357331752777,0.6727591753005981,1.5958333015441895,0.5958333611488342,0.35110512375831604,0.6871858835220337,0.147766575217247,0.6529915928840637,atlas_het__node_classification__graphatlas_c_q_shuffle_source__split0__seed1__996a01b5dae1,996a01b5dae1,975d6eec98ed54f0
node_classification,accuracy,0.9337978959083557,0.821052610874176,0.7244898080825806,,,,,,,,,,,,0.931684185701772,0.9337979094076655,0.9011660038247908,0.9334462039024084,0.2013217806816101,0.06276949495077133,0.875,0.9337978959083557,0.9328627841299898,0.12024401873350143,0.8201276200135226,0.8210526315789474,0.7310207541701728,0.821055230048365,1.2796964645385742,0.12833259999752045,0.7931034482758621,0.821052610874176,0.8212640016987843,0.3238377273082733,0.7202020202020202,0.7244897959183674,0.5878482689059551,0.7238253809682381,1.1675083637237549,0.15824618935585022,0.6333333333333333,0.7244898080825806,0.7231459898126564,0.44541433453559875,,,,0.6904761791229248,0.75,0.07567400209064289,0.4747252747252747,0.09747429937124252,7.0558861864356e-08,7.179590255645962e-08,1.52587890625e-05,1.1444091796875e-05,0.0,0.0,0.0,0.0,0.7244898080825806,,,,,,,,,0.08828157186508179,0.0625334158539772,0.0,0.025748159736394882,0.13368533551692963,0.09728936851024628,0.3639596998691559,0.0,0.47582072019577026,2.9769787788391113,1.3318512439727783,atlas_het,graphatlas_c_q_shuffle_source,graphatlas_certified,ov0.10_cross0.00,,q_shuffle_source,1.0,full,none,False,dot,2,65,90,0,90,0.821052610874176,64834,480,6506,0,20.915051460266113,cpu,0,0.9636952877044678,0.05612420663237572,0.22423523664474487,1.0,0.03630471229553223,0.00011504832218633965,0.9864243268966675,1.603135585784912,0.04555065929889679,0.07840994000434875,0.00022277716198004782,0.6031355857849121,0.005298035219311714,0.3240804076194763,1.603135585784912,0.6031355857849121,0.039762675762176514,0.4751513600349426,2.3827456629987864e-07,0.014616113156080246,0.03630473092198372,0.3749312460422516,0.6201454997062683,1.5645833015441895,0.5645833611488342,0.32625624537467957,0.6879610419273376,0.1402062028646469,0.5389403700828552,atlas_het__node_classification__graphatlas_c_q_shuffle_source__split0__seed2__88a5145556e9,88a5145556e9,975d6eec98ed54f0
node_classification,accuracy,0.9337978959083557,0.821052610874176,0.7244898080825806,,,,,,,,,,,,0.931684185701772,0.9337979094076655,0.9011660038247908,0.9334462039024084,0.2013217806816101,0.06276949495077133,0.875,0.9337978959083557,0.9328627841299898,0.12024401873350143,0.8201276200135226,0.8210526315789474,0.7310207541701728,0.821055230048365,1.2796964645385742,0.12833259999752045,0.7931034482758621,0.821052610874176,0.8212640016987843,0.3238377273082733,0.7202020202020202,0.7244897959183674,0.5878482689059551,0.7238253809682381,1.1675083637237549,0.15824618935585022,0.6333333333333333,0.7244898080825806,0.7231459898126564,0.44541433453559875,,,,0.6904761791229248,0.75,0.07567400209064289,0.4747252747252747,0.09747429937124252,7.0558861864356e-08,7.179590255645962e-08,1.52587890625e-05,1.1444091796875e-05,0.0,0.0,0.0,0.0,0.7244898080825806,,,,,,,,,0.08828157186508179,0.0625334158539772,0.0,0.025748159736394882,0.13368533551692963,0.09728936851024628,0.3639596998691559,0.0,0.47582072019577026,2.9769787788391113,1.3318512439727783,atlas_het,graphatlas_c_q_shuffle_source,graphatlas_certified,ov0.10_cross0.15,,q_shuffle_source,1.0,full,none,False,dot,2,65,90,0,90,0.821052610874176,64834,480,6506,0,20.849051475524902,cpu,0,0.9636952877044678,0.05612420663237572,0.22423523664474487,1.0,0.03630471229553223,0.00011504832218633965,0.9864243268966675,1.603135585784912,0.04555065929889679,0.07840994000434875,0.00022277716198004782,0.6031355857849121,0.005298035219311714,0.3240804076194763,1.603135585784912,0.6031355857849121,0.039762675762176514,0.4751513600349426,2.3827456629987864e-07,0.014616113156080246,0.03630473092198372,0.3749312460422516,0.6201454997062683,1.5645833015441895,0.5645833611488342,0.32625624537467957,0.6879610419273376,0.1402062028646469,0.5389403700828552,atlas_het__node_classification__graphatlas_c_q_shuffle_source__split0__seed2__d621569de74e,d621569de74e,975d6eec98ed54f0
node_classification,accuracy,0.9337978959083557,0.821052610874176,0.7244898080825806,,,,,,,,,,,,0.931684185701772,0.9337979094076655,0.9011660038247908,0.9334462039024084,0.2013217806816101,0.06276949495077133,0.875,0.9337978959083557,0.9328627841299898,0.12024401873350143,0.8201276200135226,0.8210526315789474,0.7310207541701728,0.821055230048365,1.2796964645385742,0.12833259999752045,0.7931034482758621,0.821052610874176,0.8212640016987843,0.3238377273082733,0.7202020202020202,0.7244897959183674,0.5878482689059551,0.7238253809682381,1.1675083637237549,0.15824618935585022,0.6333333333333333,0.7244898080825806,0.7231459898126564,0.44541433453559875,,,,0.6904761791229248,0.75,0.07567400209064289,0.4747252747252747,0.09747429937124252,7.0558861864356e-08,7.179590255645962e-08,1.52587890625e-05,1.1444091796875e-05,0.0,0.0,0.0,0.0,0.7244898080825806,,,,,,,,,0.08828157186508179,0.0625334158539772,0.0,0.025748159736394882,0.13368533551692963,0.09728936851024628,0.3639596998691559,0.0,0.47582072019577026,2.9769787788391113,1.3318512439727783,atlas_het,graphatlas_c_q_shuffle_source,graphatlas_certified,ov0.10_cross0.30,,q_shuffle_source,1.0,full,none,False,dot,2,65,90,0,90,0.821052610874176,64834,480,6506,0,20.893846035003662,cpu,0,0.9636952877044678,0.05612420663237572,0.22423523664474487,1.0,0.03630471229553223,0.00011504832218633965,0.9864243268966675,1.603135585784912,0.04555065929889679,0.07840994000434875,0.00022277716198004782,0.6031355857849121,0.005298035219311714,0.3240804076194763,1.603135585784912,0.6031355857849121,0.039762675762176514,0.4751513600349426,2.3827456629987864e-07,0.014616113156080246,0.03630473092198372,0.3749312460422516,0.6201454997062683,1.5645833015441895,0.5645833611488342,0.32625624537467957,0.6879610419273376,0.1402062028646469,0.5389403700828552,atlas_het__node_classification__graphatlas_c_q_shuffle_source__split0__seed2__d80c35674cde,d80c35674cde,975d6eec98ed54f0
node_classification,accuracy,0.9337978959083557,0.821052610874176,0.7244898080825806,,,,,,,,,,,,0.931684185701772,0.9337979094076655,0.9011660038247908,0.9334462039024084,0.2013217806816101,0.06276949495077133,0.875,0.9337978959083557,0.9328627841299898,0.12024401873350143,0.8201276200135226,0.8210526315789474,0.7310207541701728,0.821055230048365,1.2796964645385742,0.12833259999752045,0.7931034482758621,0.821052610874176,0.8212640016987843,0.3238377273082733,0.7202020202020202,0.7244897959183674,0.5878482689059551,0.7238253809682381,1.1675083637237549,0.15824618935585022,0.6333333333333333,0.7244898080825806,0.7231459898126564,0.44541433453559875,,,,0.6904761791229248,0.75,0.07567400209064289,0.4747252747252747,0.09747429937124252,7.0558861864356e-08,7.179590255645962e-08,1.52587890625e-05,1.1444091796875e-05,0.0,0.0,0.0,0.0,0.7244898080825806,,,,,,,,,0.08828157186508179,0.0625334158539772,0.0,0.025748159736394882,0.13368533551692963,0.09728936851024628,0.3639596998691559,0.0,0.47582072019577026,2.9769787788391113,1.3318512439727783,atlas_het,graphatlas_c_q_shuffle_source,graphatlas_certified,ov0.10_cross0.50,,q_shuffle_source,1.0,full,none,False,dot,2,65,90,0,90,0.821052610874176,64834,480,6506,0,21.425196647644043,cpu,0,0.9636952877044678,0.05612420663237572,0.22423523664474487,1.0,0.03630471229553223,0.00011504832218633965,0.9864243268966675,1.603135585784912,0.04555065929889679,0.07840994000434875,0.00022277716198004782,0.6031355857849121,0.005298035219311714,0.3240804076194763,1.603135585784912,0.6031355857849121,0.039762675762176514,0.4751513600349426,2.3827456629987864e-07,0.014616113156080246,0.03630473092198372,0.3749312460422516,0.6201454997062683,1.5645833015441895,0.5645833611488342,0.32625624537467957,0.6879610419273376,0.1402062028646469,0.5389403700828552,atlas_het__node_classification__graphatlas_c_q_shuffle_source__split0__seed2__bbc857973f78,bbc857973f78,975d6eec98ed54f0
node_classification,accuracy,0.9547038078308105,0.821052610874176,0.7551020383834839,,,,,,,,,,,,0.9554512682923842,0.9547038327526133,0.9328852994647838,0.9551368236848359,0.11856026202440262,0.028627382591366768,0.9313725490196079,0.9547038078308105,0.9541669728861586,0.0684303492307663,0.8193669709263016,0.8210526315789474,0.7349394737335683,0.82013644280192,1.2256206274032593,0.13125328719615936,0.71875,0.821052610874176,0.8211568469195588,0.306336909532547,0.7507936507936508,0.7551020408163265,0.6363578848653625,0.752771766519432,0.9186909794807434,0.15917742252349854,0.6666666666666666,0.7551020383834839,0.7520405339973716,0.3585435450077057,,,,0.7049180269241333,0.837837815284729,0.11829415556986615,0.5831960461285008,0.06385597586631775,8.393850237098377e-08,8.178629684607586e-08,1.52587890625e-05,1.52587890625e-05,0.0,0.0,0.0,0.0,0.7551020383834839,,,,,,,,,0.12454964220523834,0.08446171134710312,0.0,0.04008793085813522,0.13984841108322144,0.11381405591964722,0.260343462228775,1.541900019219611e-05,0.4877437949180603,3.0569546222686768,0.7118862867355347,atlas_het,graphatlas_c_q_shuffle_source,graphatlas_certified,ov0.25_cross0.00,,q_shuffle_source,1.0,full,none,False,dot,2,85,110,0,110,0.821052610874176,64834,480,6506,0,25.229463577270508,cpu,0,0.9702732563018799,0.06161298602819443,0.05189325287938118,1.0,0.029726658016443253,0.0027603779453784227,0.9920373558998108,1.667076587677002,0.02935425564646721,0.05445859581232071,6.680899241473526e-05,0.6670765280723572,0.0034279250539839268,0.3618871867656708,1.667076587677002,0.6670765280723572,0.027834773063659668,0.4095407724380493,2.504483518350753e-07,0.010301823727786541,0.029726652428507805,0.3574119210243225,0.6196843981742859,1.6104166507720947,0.6104166507720947,0.36009737849235535,0.6846630573272705,0.05182565003633499,0.5395637154579163,atlas_het__node_classification__graphatlas_c_q_shuffle_source__split0__seed2__f5143bfb61a7,f5143bfb61a7,975d6eec98ed54f0
node_classification,accuracy,0.9547038078308105,0.821052610874176,0.7551020383834839,,,,,,,,,,,,0.9554512682923842,0.9547038327526133,0.9328852994647838,0.9551368236848359,0.11856026202440262,0.028627382591366768,0.9313725490196079,0.9547038078308105,0.9541669728861586,0.0684303492307663,0.8193669709263016,0.8210526315789474,0.7349394737335683,0.82013644280192,1.2256206274032593,0.13125328719615936,0.71875,0.821052610874176,0.8211568469195588,0.306336909532547,0.7507936507936508,0.7551020408163265,0.6363578848653625,0.752771766519432,0.9186909794807434,0.15917742252349854,0.6666666666666666,0.7551020383834839,0.7520405339973716,0.3585435450077057,,,,0.7049180269241333,0.837837815284729,0.11829415556986615,0.5831960461285008,0.06385597586631775,8.393850237098377e-08,8.178629684607586e-08,1.52587890625e-05,1.52587890625e-05,0.0,0.0,0.0,0.0,0.7551020383834839,,,,,,,,,0.12454964220523834,0.08446171134710312,0.0,0.04008793085813522,0.13984841108322144,0.11381405591964722,0.260343462228775,1.541900019219611e-05,0.4877437949180603,3.0569546222686768,0.7118862867355347,atlas_het,graphatlas_c_q_shuffle_source,graphatlas_certified,ov0.25_cross0.15,,q_shuffle_source,1.0,full,none,False,dot,2,85,110,0,110,0.821052610874176,64834,480,6506,0,25.19914221763611,cpu,0,0.9702732563018799,0.06161298602819443,0.05189325287938118,1.0,0.029726658016443253,0.0027603779453784227,0.9920373558998108,1.667076587677002,0.02935425564646721,0.05445859581232071,6.680899241473526e-05,0.6670765280723572,0.0034279250539839268,0.3618871867656708,1.667076587677002,0.6670765280723572,0.027834773063659668,0.4095407724380493,2.504483518350753e-07,0.010301823727786541,0.029726652428507805,0.3574119210243225,0.6196843981742859,1.6104166507720947,0.6104166507720947,0.36009737849235535,0.6846630573272705,0.05182565003633499,0.5395637154579163,atlas_het__node_classification__graphatlas_c_q_shuffle_source__split0__seed2__46c1b201e548,46c1b201e548,975d6eec98ed54f0
node_classification,accuracy,0.9547038078308105,0.821052610874176,0.7551020383834839,,,,,,,,,,,,0.9554512682923842,0.9547038327526133,0.9328852994647838,0.9551368236848359,0.11856026202440262,0.028627382591366768,0.9313725490196079,0.9547038078308105,0.9541669728861586,0.0684303492307663,0.8193669709263016,0.8210526315789474,0.7349394737335683,0.82013644280192,1.2256206274032593,0.13125328719615936,0.71875,0.821052610874176,0.8211568469195588,0.306336909532547,0.7507936507936508,0.7551020408163265,0.6363578848653625,0.752771766519432,0.9186909794807434,0.15917742252349854,0.6666666666666666,0.7551020383834839,0.7520405339973716,0.3585435450077057,,,,0.7049180269241333,0.837837815284729,0.11829415556986615,0.5831960461285008,0.06385597586631775,8.393850237098377e-08,8.178629684607586e-08,1.52587890625e-05,1.52587890625e-05,0.0,0.0,0.0,0.0,0.7551020383834839,,,,,,,,,0.12454964220523834,0.08446171134710312,0.0,0.04008793085813522,0.13984841108322144,0.11381405591964722,0.260343462228775,1.541900019219611e-05,0.4877437949180603,3.0569546222686768,0.7118862867355347,atlas_het,graphatlas_c_q_shuffle_source,graphatlas_certified,ov0.25_cross0.30,,q_shuffle_source,1.0,full,none,False,dot,2,85,110,0,110,0.821052610874176,64834,480,6506,0,25.124322175979614,cpu,0,0.9702732563018799,0.06161298602819443,0.05189325287938118,1.0,0.029726658016443253,0.0027603779453784227,0.9920373558998108,1.667076587677002,0.02935425564646721,0.05445859581232071,6.680899241473526e-05,0.6670765280723572,0.0034279250539839268,0.3618871867656708,1.667076587677002,0.6670765280723572,0.027834773063659668,0.4095407724380493,2.504483518350753e-07,0.010301823727786541,0.029726652428507805,0.3574119210243225,0.6196843981742859,1.6104166507720947,0.6104166507720947,0.36009737849235535,0.6846630573272705,0.05182565003633499,0.5395637154579163,atlas_het__node_classification__graphatlas_c_q_shuffle_source__split0__seed2__723af6e7dc00,723af6e7dc00,975d6eec98ed54f0
node_classification,accuracy,0.9547038078308105,0.821052610874176,0.7551020383834839,,,,,,,,,,,,0.9554512682923842,0.9547038327526133,0.9328852994647838,0.9551368236848359,0.11856026202440262,0.028627382591366768,0.9313725490196079,0.9547038078308105,0.9541669728861586,0.0684303492307663,0.8193669709263016,0.8210526315789474,0.7349394737335683,0.82013644280192,1.2256206274032593,0.13125328719615936,0.71875,0.821052610874176,0.8211568469195588,0.306336909532547,0.7507936507936508,0.7551020408163265,0.6363578848653625,0.752771766519432,0.9186909794807434,0.15917742252349854,0.6666666666666666,0.7551020383834839,0.7520405339973716,0.3585435450077057,,,,0.7049180269241333,0.837837815284729,0.11829415556986615,0.5831960461285008,0.06385597586631775,8.393850237098377e-08,8.178629684607586e-08,1.52587890625e-05,1.52587890625e-05,0.0,0.0,0.0,0.0,0.7551020383834839,,,,,,,,,0.12454964220523834,0.08446171134710312,0.0,0.04008793085813522,0.13984841108322144,0.11381405591964722,0.260343462228775,1.541900019219611e-05,0.4877437949180603,3.0569546222686768,0.7118862867355347,atlas_het,graphatlas_c_q_shuffle_source,graphatlas_certified,ov0.25_cross0.50,,q_shuffle_source,1.0,full,none,False,dot,2,85,110,0,110,0.821052610874176,64834,480,6506,0,25.110225439071655,cpu,0,0.9702732563018799,0.06161298602819443,0.05189325287938118,1.0,0.029726658016443253,0.0027603779453784227,0.9920373558998108,1.667076587677002,0.02935425564646721,0.05445859581232071,6.680899241473526e-05,0.6670765280723572,0.0034279250539839268,0.3618871867656708,1.667076587677002,0.6670765280723572,0.027834773063659668,0.4095407724380493,2.504483518350753e-07,0.010301823727786541,0.029726652428507805,0.3574119210243225,0.6196843981742859,1.6104166507720947,0.6104166507720947,0.36009737849235535,0.6846630573272705,0.05182565003633499,0.5395637154579163,atlas_het__node_classification__graphatlas_c_q_shuffle_source__split0__seed2__5f281afeb445,5f281afeb445,975d6eec98ed54f0
node_classification,accuracy,0.9407665729522705,0.8105263113975525,0.795918345451355,,,,,,,,,,,,0.9423939210173291,0.9407665505226481,0.91157201466922,0.9406716091689958,0.12216790020465851,0.035977184772491455,0.9117647058823529,0.9407665729522705,0.9409905372405372,0.0762445256114006,0.8072599729546992,0.8105263157894737,0.724644380481063,0.8104208124967222,1.7323853969573975,0.1541540026664734,0.6875,0.8105263113975525,0.8122239334118468,0.32627516984939575,0.7901875901875902,0.7959183673469388,0.696439429890887,0.7937873054926813,1.3352233171463013,0.14355480670928955,0.6666666666666666,0.795918345451355,0.7921588680233391,0.35800933837890625,,,,0.7594936490058899,0.9473684430122375,0.10568465673186855,0.7974193548387096,0.09817824512720108,7.097467147332281e-08,5.7456247759546386e-08,1.1444091796875e-05,1.1444091796875e-05,0.0,0.0,0.0,0.0,0.795918345451355,,,,,,,,,0.03868504613637924,0.024029456079006195,0.0,0.014655590057373047,0.18310146033763885,0.16273590922355652,0.2036554515361786,6.263563889774559e-09,0.4980142116546631,2.90053653717041,0.8381844758987427,atlas_het,graphatlas_c_q_shuffle_source,graphatlas_certified,ov0.40_cross0.00,,q_shuffle_source,1.0,full,none,False,dot,2,80,105,0,105,0.8105263113975525,64834,480,6506,0,24.287760496139526,cpu,0,0.940298855304718,0.08392757922410965,0.004948730580508709,1.0,0.059701189398765564,0.002458068309351802,0.9864565134048462,1.760682463645935,0.07901737093925476,0.1437733769416809,0.0007888054242357612,0.7606824636459351,0.013026466593146324,0.4052547216415405,1.760682463645935,0.7606824636459351,0.056310296058654785,0.250621497631073,2.399382879048062e-07,0.029710937291383743,0.059701185673475266,0.40239575505256653,0.5629162788391113,1.7000000476837158,0.699999988079071,0.40572628378868103,0.6896661520004272,0.13640867173671722,0.45481428503990173,atlas_het__node_classification__graphatlas_c_q_shuffle_source__split0__seed2__af6e6dec6440,af6e6dec6440,975d6eec98ed54f0
node_classification,accuracy,0.9407665729522705,0.8105263113975525,0.795918345451355,,,,,,,,,,,,0.9423939210173291,0.9407665505226481,0.91157201466922,0.9406716091689958,0.12216790020465851,0.035977184772491455,0.9117647058823529,0.9407665729522705,0.9409905372405372,0.0762445256114006,0.8072599729546992,0.8105263157894737,0.724644380481063,0.8104208124967222,1.7323853969573975,0.1541540026664734,0.6875,0.8105263113975525,0.8122239334118468,0.32627516984939575,0.7901875901875902,0.7959183673469388,0.696439429890887,0.7937873054926813,1.3352233171463013,0.14355480670928955,0.6666666666666666,0.795918345451355,0.7921588680233391,0.35800933837890625,,,,0.7594936490058899,0.9473684430122375,0.10568465673186855,0.7974193548387096,0.09817824512720108,7.097467147332281e-08,5.7456247759546386e-08,1.1444091796875e-05,1.1444091796875e-05,0.0,0.0,0.0,0.0,0.795918345451355,,,,,,,,,0.03868504613637924,0.024029456079006195,0.0,0.014655590057373047,0.18310146033763885,0.16273590922355652,0.2036554515361786,6.263563889774559e-09,0.4980142116546631,2.90053653717041,0.8381844758987427,atlas_het,graphatlas_c_q_shuffle_source,graphatlas_certified,ov0.40_cross0.15,,q_shuffle_source,1.0,full,none,False,dot,2,80,105,0,105,0.8105263113975525,64834,480,6506,0,25.007503032684326,cpu,0,0.940298855304718,0.08392757922410965,0.004948730580508709,1.0,0.059701189398765564,0.002458068309351802,0.9864565134048462,1.760682463645935,0.07901737093925476,0.1437733769416809,0.0007888054242357612,0.7606824636459351,0.013026466593146324,0.4052547216415405,1.760682463645935,0.7606824636459351,0.056310296058654785,0.250621497631073,2.399382879048062e-07,0.029710937291383743,0.059701185673475266,0.40239575505256653,0.5629162788391113,1.7000000476837158,0.699999988079071,0.40572628378868103,0.6896661520004272,0.13640867173671722,0.45481428503990173,atlas_het__node_classification__graphatlas_c_q_shuffle_source__split0__seed2__029d4b0163b0,029d4b0163b0,975d6eec98ed54f0
node_classification,accuracy,0.9407665729522705,0.8105263113975525,0.795918345451355,,,,,,,,,,,,0.9423939210173291,0.9407665505226481,0.91157201466922,0.9406716091689958,0.12216790020465851,0.035977184772491455,0.9117647058823529,0.9407665729522705,0.9409905372405372,0.0762445256114006,0.8072599729546992,0.8105263157894737,0.724644380481063,0.8104208124967222,1.7323853969573975,0.1541540026664734,0.6875,0.8105263113975525,0.8122239334118468,0.32627516984939575,0.7901875901875902,0.7959183673469388,0.696439429890887,0.7937873054926813,1.3352233171463013,0.14355480670928955,0.6666666666666666,0.795918345451355,0.7921588680233391,0.35800933837890625,,,,0.7594936490058899,0.9473684430122375,0.10568465673186855,0.7974193548387096,0.09817824512720108,7.097467147332281e-08,5.7456247759546386e-08,1.1444091796875e-05,1.1444091796875e-05,0.0,0.0,0.0,0.0,0.795918345451355,,,,,,,,,0.03868504613637924,0.024029456079006195,0.0,0.014655590057373047,0.18310146033763885,0.16273590922355652,0.2036554515361786,6.263563889774559e-09,0.4980142116546631,2.90053653717041,0.8381844758987427,atlas_het,graphatlas_c_q_shuffle_source,graphatlas_certified,ov0.40_cross0.30,,q_shuffle_source,1.0,full,none,False,dot,2,80,105,0,105,0.8105263113975525,64834,480,6506,0,25.198033094406128,cpu,0,0.940298855304718,0.08392757922410965,0.004948730580508709,1.0,0.059701189398765564,0.002458068309351802,0.9864565134048462,1.760682463645935,0.07901737093925476,0.1437733769416809,0.0007888054242357612,0.7606824636459351,0.013026466593146324,0.4052547216415405,1.760682463645935,0.7606824636459351,0.056310296058654785,0.250621497631073,2.399382879048062e-07,0.029710937291383743,0.059701185673475266,0.40239575505256653,0.5629162788391113,1.7000000476837158,0.699999988079071,0.40572628378868103,0.6896661520004272,0.13640867173671722,0.45481428503990173,atlas_het__node_classification__graphatlas_c_q_shuffle_source__split0__seed2__21392f4a78f6,21392f4a78f6,975d6eec98ed54f0
node_classification,accuracy,0.9407665729522705,0.8105263113975525,0.795918345451355,,,,,,,,,,,,0.9423939210173291,0.9407665505226481,0.91157201466922,0.9406716091689958,0.12216790020465851,0.035977184772491455,0.9117647058823529,0.9407665729522705,0.9409905372405372,0.0762445256114006,0.8072599729546992,0.8105263157894737,0.724644380481063,0.8104208124967222,1.7323853969573975,0.1541540026664734,0.6875,0.8105263113975525,0.8122239334118468,0.32627516984939575,0.7901875901875902,0.7959183673469388,0.696439429890887,0.7937873054926813,1.3352233171463013,0.14355480670928955,0.6666666666666666,0.795918345451355,0.7921588680233391,0.35800933837890625,,,,0.7594936490058899,0.9473684430122375,0.10568465673186855,0.7974193548387096,0.09817824512720108,7.097467147332281e-08,5.7456247759546386e-08,1.1444091796875e-05,1.1444091796875e-05,0.0,0.0,0.0,0.0,0.795918345451355,,,,,,,,,0.03868504613637924,0.024029456079006195,0.0,0.014655590057373047,0.18310146033763885,0.16273590922355652,0.2036554515361786,6.263563889774559e-09,0.4980142116546631,2.90053653717041,0.8381844758987427,atlas_het,graphatlas_c_q_shuffle_source,graphatlas_certified,ov0.40_cross0.50,,q_shuffle_source,1.0,full,none,False,dot,2,80,105,0,105,0.8105263113975525,64834,480,6506,0,24.77641725540161,cpu,0,0.940298855304718,0.08392757922410965,0.004948730580508709,1.0,0.059701189398765564,0.002458068309351802,0.9864565134048462,1.760682463645935,0.07901737093925476,0.1437733769416809,0.0007888054242357612,0.7606824636459351,0.013026466593146324,0.4052547216415405,1.760682463645935,0.7606824636459351,0.056310296058654785,0.250621497631073,2.399382879048062e-07,0.029710937291383743,0.059701185673475266,0.40239575505256653,0.5629162788391113,1.7000000476837158,0.699999988079071,0.40572628378868103,0.6896661520004272,0.13640867173671722,0.45481428503990173,atlas_het__node_classification__graphatlas_c_q_shuffle_source__split0__seed2__fcaedb790fc2,fcaedb790fc2,975d6eec98ed54f0
node_classification,accuracy,0.8466898798942566,0.7789473533630371,0.6938775777816772,,,,,,,,,,,,0.8485269615500058,0.8466898954703833,0.7748032232210927,0.8466823981514164,0.3523792028427124,0.04348728805780411,0.7525773195876289,0.8466898798942566,0.8455220297246123,0.2180284559726715,0.7806161257606491,0.7789473684210526,0.6701186917461622,0.7763173981076614,1.1287940740585327,0.1382705271244049,0.65625,0.7789473533630371,0.7771788459757341,0.3653322756290436,0.6935064935064935,0.6938775510204082,0.542405572082028,0.6918581159085662,0.6089562177658081,0.13715003430843353,0.5757575757575758,0.6938775777816772,0.6903380666512738,0.3828418254852295,,,,0.6938775777816772,,0.02185898142338844,0.7832699619771863,0.09619151055812836,8.453548616671469e-08,7.74860637875463e-08,7.62939453125e-06,5.7220458984375e-06,0.0,0.0,0.0,0.0,0.6938775777816772,,,,,,,,,0.11882111430168152,0.08361735194921494,0.0,0.035203758627176285,0.23265795409679413,0.1617451310157776,0.7091280221939087,0.0,0.47891902923583984,2.9194936752319336,0.655829131603241,atlas_het,graphatlas_c_q_shuffle_source,graphatlas_certified,ov0.55_cross0.00,,q_shuffle_source,1.0,full,none,False,dot,2,40,65,0,65,0.7789473533630371,64834,480,6506,0,15.386963605880737,cpu,0,0.9753050208091736,0.032843947410583496,0.6113147735595703,1.0,0.02469482086598873,0.0,0.9969251155853271,1.725791573524475,0.030571147799491882,0.05159929394721985,5.420357410912402e-05,0.7257915735244751,0.003162751439958811,0.36665472388267517,1.725791573524475,0.7257915735244751,0.029354870319366455,0.2286357879638672,2.4453288460790645e-07,0.011776593513786793,0.024694815278053284,0.3477276861667633,0.589097261428833,1.6437499523162842,0.643750011920929,0.36981233954429626,0.6867076754570007,0.04814978316426277,0.4867592453956604,atlas_het__node_classification__graphatlas_c_q_shuffle_source__split0__seed2__676d0d45e1ac,676d0d45e1ac,975d6eec98ed54f0
node_classification,accuracy,0.8466898798942566,0.7789473533630371,0.6938775777816772,,,,,,,,,,,,0.8485269615500058,0.8466898954703833,0.7748032232210927,0.8466823981514164,0.3523792028427124,0.04348728805780411,0.7525773195876289,0.8466898798942566,0.8455220297246123,0.2180284559726715,0.7806161257606491,0.7789473684210526,0.6701186917461622,0.7763173981076614,1.1287940740585327,0.1382705271244049,0.65625,0.7789473533630371,0.7771788459757341,0.3653322756290436,0.6935064935064935,0.6938775510204082,0.542405572082028,0.6918581159085662,0.6089562177658081,0.13715003430843353,0.5757575757575758,0.6938775777816772,0.6903380666512738,0.3828418254852295,,,,0.6938775777816772,,0.02185898142338844,0.7832699619771863,0.09619151055812836,8.453548616671469e-08,7.74860637875463e-08,7.62939453125e-06,5.7220458984375e-06,0.0,0.0,0.0,0.0,0.6938775777816772,,,,,,,,,0.11882111430168152,0.08361735194921494,0.0,0.035203758627176285,0.23265795409679413,0.1617451310157776,0.7091280221939087,0.0,0.47891902923583984,2.9194936752319336,0.655829131603241,atlas_het,graphatlas_c_q_shuffle_source,graphatlas_certified,ov0.55_cross0.15,,q_shuffle_source,1.0,full,none,False,dot,2,40,65,0,65,0.7789473533630371,64834,480,6506,0,15.390470504760742,cpu,0,0.9753050208091736,0.032843947410583496,0.6113147735595703,1.0,0.02469482086598873,0.0,0.9969251155853271,1.725791573524475,0.030571147799491882,0.05159929394721985,5.420357410912402e-05,0.7257915735244751,0.003162751439958811,0.36665472388267517,1.725791573524475,0.7257915735244751,0.029354870319366455,0.2286357879638672,2.4453288460790645e-07,0.011776593513786793,0.024694815278053284,0.3477276861667633,0.589097261428833,1.6437499523162842,0.643750011920929,0.36981233954429626,0.6867076754570007,0.04814978316426277,0.4867592453956604,atlas_het__node_classification__graphatlas_c_q_shuffle_source__split0__seed2__17cc731473df,17cc731473df,975d6eec98ed54f0
node_classification,accuracy,0.8466898798942566,0.7789473533630371,0.6938775777816772,,,,,,,,,,,,0.8485269615500058,0.8466898954703833,0.7748032232210927,0.8466823981514164,0.3523792028427124,0.04348728805780411,0.7525773195876289,0.8466898798942566,0.8455220297246123,0.2180284559726715,0.7806161257606491,0.7789473684210526,0.6701186917461622,0.7763173981076614,1.1287940740585327,0.1382705271244049,0.65625,0.7789473533630371,0.7771788459757341,0.3653322756290436,0.6935064935064935,0.6938775510204082,0.542405572082028,0.6918581159085662,0.6089562177658081,0.13715003430843353,0.5757575757575758,0.6938775777816772,0.6903380666512738,0.3828418254852295,,,,0.6938775777816772,,0.02185898142338844,0.7832699619771863,0.09619151055812836,8.453548616671469e-08,7.74860637875463e-08,7.62939453125e-06,5.7220458984375e-06,0.0,0.0,0.0,0.0,0.6938775777816772,,,,,,,,,0.11882111430168152,0.08361735194921494,0.0,0.035203758627176285,0.23265795409679413,0.1617451310157776,0.7091280221939087,0.0,0.47891902923583984,2.9194936752319336,0.655829131603241,atlas_het,graphatlas_c_q_shuffle_source,graphatlas_certified,ov0.55_cross0.30,,q_shuffle_source,1.0,full,none,False,dot,2,40,65,0,65,0.7789473533630371,64834,480,6506,0,15.436452865600586,cpu,0,0.9753050208091736,0.032843947410583496,0.6113147735595703,1.0,0.02469482086598873,0.0,0.9969251155853271,1.725791573524475,0.030571147799491882,0.05159929394721985,5.420357410912402e-05,0.7257915735244751,0.003162751439958811,0.36665472388267517,1.725791573524475,0.7257915735244751,0.029354870319366455,0.2286357879638672,2.4453288460790645e-07,0.011776593513786793,0.024694815278053284,0.3477276861667633,0.589097261428833,1.6437499523162842,0.643750011920929,0.36981233954429626,0.6867076754570007,0.04814978316426277,0.4867592453956604,atlas_het__node_classification__graphatlas_c_q_shuffle_source__split0__seed2__5d1adf3e5706,5d1adf3e5706,975d6eec98ed54f0
node_classification,accuracy,0.8466898798942566,0.7789473533630371,0.6938775777816772,,,,,,,,,,,,0.8485269615500058,0.8466898954703833,0.7748032232210927,0.8466823981514164,0.3523792028427124,0.04348728805780411,0.7525773195876289,0.8466898798942566,0.8455220297246123,0.2180284559726715,0.7806161257606491,0.7789473684210526,0.6701186917461622,0.7763173981076614,1.1287940740585327,0.1382705271244049,0.65625,0.7789473533630371,0.7771788459757341,0.3653322756290436,0.6935064935064935,0.6938775510204082,0.542405572082028,0.6918581159085662,0.6089562177658081,0.13715003430843353,0.5757575757575758,0.6938775777816772,0.6903380666512738,0.3828418254852295,,,,0.6938775777816772,,0.02185898142338844,0.7832699619771863,0.09619151055812836,8.453548616671469e-08,7.74860637875463e-08,7.62939453125e-06,5.7220458984375e-06,0.0,0.0,0.0,0.0,0.6938775777816772,,,,,,,,,0.11882111430168152,0.08361735194921494,0.0,0.035203758627176285,0.23265795409679413,0.1617451310157776,0.7091280221939087,0.0,0.47891902923583984,2.9194936752319336,0.655829131603241,atlas_het,graphatlas_c_q_shuffle_source,graphatlas_certified,ov0.55_cross0.50,,q_shuffle_source,1.0,full,none,False,dot,2,40,65,0,65,0.7789473533630371,64834,480,6506,0,15.338203430175781,cpu,0,0.9753050208091736,0.032843947410583496,0.6113147735595703,1.0,0.02469482086598873,0.0,0.9969251155853271,1.725791573524475,0.030571147799491882,0.05159929394721985,5.420357410912402e-05,0.7257915735244751,0.003162751439958811,0.36665472388267517,1.725791573524475,0.7257915735244751,0.029354870319366455,0.2286357879638672,2.4453288460790645e-07,0.011776593513786793,0.024694815278053284,0.3477276861667633,0.589097261428833,1.6437499523162842,0.643750011920929,0.36981233954429626,0.6867076754570007,0.04814978316426277,0.4867592453956604,atlas_het__node_classification__graphatlas_c_q_shuffle_source__split0__seed2__0abe6777a7c3,0abe6777a7c3,975d6eec98ed54f0
node_classification,accuracy,0.9721254110336304,0.7872340679168701,0.8585858345031738,,,,,,,,,,,,0.972937622979459,0.9721254355400697,0.9582794362087491,0.972083789210842,0.0751049593091011,0.0247323177754879,0.9519230769230769,0.9721254110336304,0.9724012459843405,0.043103788048028946,0.7871382145739275,0.7872340425531915,0.6801633208574345,0.7872340425531915,1.292617917060852,0.17011991143226624,0.7741935483870968,0.7872340679168701,0.7871382145739275,0.37288743257522583,0.859094982078853,0.8585858585858586,0.7900483665020588,0.8582198799590104,0.44581326842308044,0.11030077934265137,0.8064516129032258,0.8585858345031738,0.8574879227053139,0.23188810050487518,,,,0.9166666865348816,0.8253968358039856,0.11681367042518273,0.5373737373737374,0.1455688774585724,5.38098348101812e-08,4.5495166745013194e-08,4.291534423828125e-06,4.76837158203125e-06,0.0,0.0,0.0,0.0,0.8585858345031738,,,,,,,,,0.12217757850885391,0.07290223240852356,0.0,0.04927534610033035,0.2897256016731262,0.2600541114807129,0.29671525955200195,0.0,0.5795605182647705,2.526394844055176,1.4027807712554932,atlas_het,graphatlas_min_distortion,graphatlas_min_distortion,ov0.10_cross0.00,,certificate,1.0,full,none,False,dot,0,90,115,0,115,0.7872340679168701,64834,480,6540,0,15.285750150680542,cpu,0,,,,,,,,,,,,,,,,,,,,,,,,1.6687500476837158,0.668749988079071,0.355099618434906,0.6790300607681274,0.07948114722967148,0.49601948261260986,atlas_het__node_classification__graphatlas_min_distortion__split0__seed0__02dfc3421a92,02dfc3421a92,975d6eec98ed54f0
node_classification,accuracy,0.9721254110336304,0.7872340679168701,0.8585858345031738,,,,,,,,,,,,0.972937622979459,0.9721254355400697,0.9582794362087491,0.972083789210842,0.0751049593091011,0.0247323177754879,0.9519230769230769,0.9721254110336304,0.9724012459843405,0.043103788048028946,0.7871382145739275,0.7872340425531915,0.6801633208574345,0.7872340425531915,1.292617917060852,0.17011991143226624,0.7741935483870968,0.7872340679168701,0.7871382145739275,0.37288743257522583,0.859094982078853,0.8585858585858586,0.7900483665020588,0.8582198799590104,0.44581326842308044,0.11030077934265137,0.8064516129032258,0.8585858345031738,0.8574879227053139,0.23188810050487518,,,,0.9166666865348816,0.8253968358039856,0.11681367042518273,0.5373737373737374,0.1455688774585724,5.38098348101812e-08,4.5495166745013194e-08,4.291534423828125e-06,4.76837158203125e-06,0.0,0.0,0.0,0.0,0.8585858345031738,,,,,,,,,0.12217757850885391,0.07290223240852356,0.0,0.04927534610033035,0.2897256016731262,0.2600541114807129,0.29671525955200195,0.0,0.5795605182647705,2.526394844055176,1.4027807712554932,atlas_het,graphatlas_min_distortion,graphatlas_min_distortion,ov0.10_cross0.15,,certificate,1.0,full,none,False,dot,0,90,115,0,115,0.7872340679168701,64834,480,6540,0,15.194523811340332,cpu,0,,,,,,,,,,,,,,,,,,,,,,,,1.6687500476837158,0.668749988079071,0.355099618434906,0.6790300607681274,0.07948114722967148,0.49601948261260986,atlas_het__node_classification__graphatlas_min_distortion__split0__seed0__3604b87af535,3604b87af535,975d6eec98ed54f0
node_classification,accuracy,0.9721254110336304,0.7872340679168701,0.8585858345031738,,,,,,,,,,,,0.972937622979459,0.9721254355400697,0.9582794362087491,0.972083789210842,0.0751049593091011,0.0247323177754879,0.9519230769230769,0.9721254110336304,0.9724012459843405,0.043103788048028946,0.7871382145739275,0.7872340425531915,0.6801633208574345,0.7872340425531915,1.292617917060852,0.17011991143226624,0.7741935483870968,0.7872340679168701,0.7871382145739275,0.37288743257522583,0.859094982078853,0.8585858585858586,0.7900483665020588,0.8582198799590104,0.44581326842308044,0.11030077934265137,0.8064516129032258,0.8585858345031738,0.8574879227053139,0.23188810050487518,,,,0.9166666865348816,0.8253968358039856,0.11681367042518273,0.5373737373737374,0.1455688774585724,5.38098348101812e-08,4.5495166745013194e-08,4.291534423828125e-06,4.76837158203125e-06,0.0,0.0,0.0,0.0,0.8585858345031738,,,,,,,,,0.12217757850885391,0.07290223240852356,0.0,0.04927534610033035,0.2897256016731262,0.2600541114807129,0.29671525955200195,0.0,0.5795605182647705,2.526394844055176,1.4027807712554932,atlas_het,graphatlas_min_distortion,graphatlas_min_distortion,ov0.10_cross0.30,,certificate,1.0,full,none,False,dot,0,90,115,0,115,0.7872340679168701,64834,480,6540,0,15.124849081039429,cpu,0,,,,,,,,,,,,,,,,,,,,,,,,1.6687500476837158,0.668749988079071,0.355099618434906,0.6790300607681274,0.07948114722967148,0.49601948261260986,atlas_het__node_classification__graphatlas_min_distortion__split0__seed0__a7c0f1621c98,a7c0f1621c98,975d6eec98ed54f0
node_classification,accuracy,0.9721254110336304,0.7872340679168701,0.8585858345031738,,,,,,,,,,,,0.972937622979459,0.9721254355400697,0.9582794362087491,0.972083789210842,0.0751049593091011,0.0247323177754879,0.9519230769230769,0.9721254110336304,0.9724012459843405,0.043103788048028946,0.7871382145739275,0.7872340425531915,0.6801633208574345,0.7872340425531915,1.292617917060852,0.17011991143226624,0.7741935483870968,0.7872340679168701,0.7871382145739275,0.37288743257522583,0.859094982078853,0.8585858585858586,0.7900483665020588,0.8582198799590104,0.44581326842308044,0.11030077934265137,0.8064516129032258,0.8585858345031738,0.8574879227053139,0.23188810050487518,,,,0.9166666865348816,0.8253968358039856,0.11681367042518273,0.5373737373737374,0.1455688774585724,5.38098348101812e-08,4.5495166745013194e-08,4.291534423828125e-06,4.76837158203125e-06,0.0,0.0,0.0,0.0,0.8585858345031738,,,,,,,,,0.12217757850885391,0.07290223240852356,0.0,0.04927534610033035,0.2897256016731262,0.2600541114807129,0.29671525955200195,0.0,0.5795605182647705,2.526394844055176,1.4027807712554932,atlas_het,graphatlas_min_distortion,graphatlas_min_distortion,ov0.10_cross0.50,,certificate,1.0,full,none,False,dot,0,90,115,0,115,0.7872340679168701,64834,480,6540,0,15.174653053283691,cpu,0,,,,,,,,,,,,,,,,,,,,,,,,1.6687500476837158,0.668749988079071,0.355099618434906,0.6790300607681274,0.07948114722967148,0.49601948261260986,atlas_het__node_classification__graphatlas_min_distortion__split0__seed0__a6dd684d1c93,a6dd684d1c93,975d6eec98ed54f0
node_classification,accuracy,0.9512194991111755,0.7553191781044006,0.9292929172515869,,,,,,,,,,,,0.9503239608427273,0.9512195121951219,0.9267586126736418,0.9511127200325806,0.10344909131526947,0.02326393686234951,0.9213483146067416,0.9512194991111755,0.9506584643426749,0.05951875448226929,0.7567776832646297,0.7553191489361702,0.6329481232337978,0.7551437961916959,1.098419189453125,0.16333410143852234,0.7352941176470589,0.7553191781044006,0.7556778946796076,0.39905062317848206,0.9287261051373954,0.9292929292929293,0.8937116564417178,0.9292929292929293,0.29767945408821106,0.03865113481879234,0.90625,0.9292929172515869,0.9287261051373954,0.11864487826824188,,,,0.9259259104728699,0.9333333373069763,0.03827303456110475,0.5675675675675675,0.22322265803813934,5.024451255053464e-08,5.015342452452387e-08,3.814697265625e-06,4.76837158203125e-06,0.0,0.0,0.0,0.0,0.9292929172515869,,,,,,,,,0.11821097135543823,0.08359362185001373,0.0,0.0346173457801342,0.16815103590488434,0.1403372436761856,0.27813801169395447,0.0,0.5915520191192627,2.482255697250366,0.7748519778251648,atlas_het,graphatlas_min_distortion,graphatlas_min_distortion,ov0.25_cross0.00,,certificate,1.0,full,none,False,dot,0,65,90,0,90,0.7553191781044006,64834,480,6540,0,11.907574892044067,cpu,0,,,,,,,,,,,,,,,,,,,,,,,,1.4812500476837158,0.48124998807907104,0.2614111304283142,0.6446475982666016,0.03288748860359192,0.5587494969367981,atlas_het__node_classification__graphatlas_min_distortion__split0__seed0__1f4579c72c97,1f4579c72c97,975d6eec98ed54f0
node_classification,accuracy,0.9512194991111755,0.7553191781044006,0.9292929172515869,,,,,,,,,,,,0.9503239608427273,0.9512195121951219,0.9267586126736418,0.9511127200325806,0.10344909131526947,0.02326393686234951,0.9213483146067416,0.9512194991111755,0.9506584643426749,0.05951875448226929,0.7567776832646297,0.7553191489361702,0.6329481232337978,0.7551437961916959,1.098419189453125,0.16333410143852234,0.7352941176470589,0.7553191781044006,0.7556778946796076,0.39905062317848206,0.9287261051373954,0.9292929292929293,0.8937116564417178,0.9292929292929293,0.29767945408821106,0.03865113481879234,0.90625,0.9292929172515869,0.9287261051373954,0.11864487826824188,,,,0.9259259104728699,0.9333333373069763,0.03827303456110475,0.5675675675675675,0.22322265803813934,5.024451255053464e-08,5.015342452452387e-08,3.814697265625e-06,4.76837158203125e-06,0.0,0.0,0.0,0.0,0.9292929172515869,,,,,,,,,0.11821097135543823,0.08359362185001373,0.0,0.0346173457801342,0.16815103590488434,0.1403372436761856,0.27813801169395447,0.0,0.5915520191192627,2.482255697250366,0.7748519778251648,atlas_het,graphatlas_min_distortion,graphatlas_min_distortion,ov0.25_cross0.15,,certificate,1.0,full,none,False,dot,0,65,90,0,90,0.7553191781044006,64834,480,6540,0,11.769267320632935,cpu,0,,,,,,,,,,,,,,,,,,,,,,,,1.4812500476837158,0.48124998807907104,0.2614111304283142,0.6446475982666016,0.03288748860359192,0.5587494969367981,atlas_het__node_classification__graphatlas_min_distortion__split0__seed0__3bb3a760dd22,3bb3a760dd22,975d6eec98ed54f0
node_classification,accuracy,0.9512194991111755,0.7553191781044006,0.9292929172515869,,,,,,,,,,,,0.9503239608427273,0.9512195121951219,0.9267586126736418,0.9511127200325806,0.10344909131526947,0.02326393686234951,0.9213483146067416,0.9512194991111755,0.9506584643426749,0.05951875448226929,0.7567776832646297,0.7553191489361702,0.6329481232337978,0.7551437961916959,1.098419189453125,0.16333410143852234,0.7352941176470589,0.7553191781044006,0.7556778946796076,0.39905062317848206,0.9287261051373954,0.9292929292929293,0.8937116564417178,0.9292929292929293,0.29767945408821106,0.03865113481879234,0.90625,0.9292929172515869,0.9287261051373954,0.11864487826824188,,,,0.9259259104728699,0.9333333373069763,0.03827303456110475,0.5675675675675675,0.22322265803813934,5.024451255053464e-08,5.015342452452387e-08,3.814697265625e-06,4.76837158203125e-06,0.0,0.0,0.0,0.0,0.9292929172515869,,,,,,,,,0.11821097135543823,0.08359362185001373,0.0,0.0346173457801342,0.16815103590488434,0.1403372436761856,0.27813801169395447,0.0,0.5915520191192627,2.482255697250366,0.7748519778251648,atlas_het,graphatlas_min_distortion,graphatlas_min_distortion,ov0.25_cross0.30,,certificate,1.0,full,none,False,dot,0,65,90,0,90,0.7553191781044006,64834,480,6540,0,11.744781017303467,cpu,0,,,,,,,,,,,,,,,,,,,,,,,,1.4812500476837158,0.48124998807907104,0.2614111304283142,0.6446475982666016,0.03288748860359192,0.5587494969367981,atlas_het__node_classification__graphatlas_min_distortion__split0__seed0__eb82a9099b4d,eb82a9099b4d,975d6eec98ed54f0
node_classification,accuracy,0.9512194991111755,0.7553191781044006,0.9292929172515869,,,,,,,,,,,,0.9503239608427273,0.9512195121951219,0.9267586126736418,0.9511127200325806,0.10344909131526947,0.02326393686234951,0.9213483146067416,0.9512194991111755,0.9506584643426749,0.05951875448226929,0.7567776832646297,0.7553191489361702,0.6329481232337978,0.7551437961916959,1.098419189453125,0.16333410143852234,0.7352941176470589,0.7553191781044006,0.7556778946796076,0.39905062317848206,0.9287261051373954,0.9292929292929293,0.8937116564417178,0.9292929292929293,0.29767945408821106,0.03865113481879234,0.90625,0.9292929172515869,0.9287261051373954,0.11864487826824188,,,,0.9259259104728699,0.9333333373069763,0.03827303456110475,0.5675675675675675,0.22322265803813934,5.024451255053464e-08,5.015342452452387e-08,3.814697265625e-06,4.76837158203125e-06,0.0,0.0,0.0,0.0,0.9292929172515869,,,,,,,,,0.11821097135543823,0.08359362185001373,0.0,0.0346173457801342,0.16815103590488434,0.1403372436761856,0.27813801169395447,0.0,0.5915520191192627,2.482255697250366,0.7748519778251648,atlas_het,graphatlas_min_distortion,graphatlas_min_distortion,ov0.25_cross0.50,,certificate,1.0,full,none,False,dot,0,65,90,0,90,0.7553191781044006,64834,480,6540,0,11.837092876434326,cpu,0,,,,,,,,,,,,,,,,,,,,,,,,1.4812500476837158,0.48124998807907104,0.2614111304283142,0.6446475982666016,0.03288748860359192,0.5587494969367981,atlas_het__node_classification__graphatlas_min_distortion__split0__seed0__6cd6d9fea20f,6cd6d9fea20f,975d6eec98ed54f0
node_classification,accuracy,0.9442508816719055,0.7872340679168701,0.8484848737716675,,,,,,,,,,,,0.945051551763242,0.9442508710801394,0.9162407924207547,0.9442567066175247,0.14688141644001007,0.0424402691423893,0.9326923076923077,0.9442508816719055,0.9451200263200529,0.08719903230667114,0.7878797792754476,0.7872340425531915,0.6803009196840454,0.7871833839918946,1.0389492511749268,0.16111671924591064,0.7419354838709677,0.7872340679168701,0.78856048166393,0.3543149530887604,0.8460274790919952,0.8484848484848485,0.7728268738271086,0.8478131108099237,0.5283181667327881,0.09991994500160217,0.7741935483870968,0.8484848737716675,0.8462521664286234,0.22686122357845306,,,,0.8441558480262756,0.8636363744735718,0.026365182701074862,0.6296296296296297,0.25930124521255493,6.886475034661999e-08,5.5155556566433006e-08,7.62939453125e-06,5.7220458984375e-06,0.0,0.0,0.0,0.0,0.8484848737716675,,,,,,,,,0.1054319366812706,0.0740690678358078,0.0,0.0313628688454628,0.1961670219898224,0.16818268597126007,0.27984338998794556,4.08063272061554e-08,0.612636387348175,2.45049786567688,1.110304594039917,atlas_het,graphatlas_min_distortion,graphatlas_min_distortion,ov0.40_cross0.00,,certificate,1.0,full,none,False,dot,0,60,85,0,85,0.7872340679168701,64834,480,6540,0,11.3319411277771,cpu,0,,,,,,,,,,,,,,,,,,,,,,,,1.462499976158142,0.4625000059604645,0.2775241732597351,0.6787516474723816,0.06330892443656921,0.5250785946846008,atlas_het__node_classification__graphatlas_min_distortion__split0__seed0__b6726495ab9e,b6726495ab9e,975d6eec98ed54f0
node_classification,accuracy,0.9442508816719055,0.7872340679168701,0.8484848737716675,,,,,,,,,,,,0.945051551763242,0.9442508710801394,0.9162407924207547,0.9442567066175247,0.14688141644001007,0.0424402691423893,0.9326923076923077,0.9442508816719055,0.9451200263200529,0.08719903230667114,0.7878797792754476,0.7872340425531915,0.6803009196840454,0.7871833839918946,1.0389492511749268,0.16111671924591064,0.7419354838709677,0.7872340679168701,0.78856048166393,0.3543149530887604,0.8460274790919952,0.8484848484848485,0.7728268738271086,0.8478131108099237,0.5283181667327881,0.09991994500160217,0.7741935483870968,0.8484848737716675,0.8462521664286234,0.22686122357845306,,,,0.8441558480262756,0.8636363744735718,0.026365182701074862,0.6296296296296297,0.25930124521255493,6.886475034661999e-08,5.5155556566433006e-08,7.62939453125e-06,5.7220458984375e-06,0.0,0.0,0.0,0.0,0.8484848737716675,,,,,,,,,0.1054319366812706,0.0740690678358078,0.0,0.0313628688454628,0.1961670219898224,0.16818268597126007,0.27984338998794556,4.08063272061554e-08,0.612636387348175,2.45049786567688,1.110304594039917,atlas_het,graphatlas_min_distortion,graphatlas_min_distortion,ov0.40_cross0.15,,certificate,1.0,full,none,False,dot,0,60,85,0,85,0.7872340679168701,64834,480,6540,0,11.257455587387085,cpu,0,,,,,,,,,,,,,,,,,,,,,,,,1.462499976158142,0.4625000059604645,0.2775241732597351,0.6787516474723816,0.06330892443656921,0.5250785946846008,atlas_het__node_classification__graphatlas_min_distortion__split0__seed0__53c90b8eac71,53c90b8eac71,975d6eec98ed54f0
node_classification,accuracy,0.9442508816719055,0.7872340679168701,0.8484848737716675,,,,,,,,,,,,0.945051551763242,0.9442508710801394,0.9162407924207547,0.9442567066175247,0.14688141644001007,0.0424402691423893,0.9326923076923077,0.9442508816719055,0.9451200263200529,0.08719903230667114,0.7878797792754476,0.7872340425531915,0.6803009196840454,0.7871833839918946,1.0389492511749268,0.16111671924591064,0.7419354838709677,0.7872340679168701,0.78856048166393,0.3543149530887604,0.8460274790919952,0.8484848484848485,0.7728268738271086,0.8478131108099237,0.5283181667327881,0.09991994500160217,0.7741935483870968,0.8484848737716675,0.8462521664286234,0.22686122357845306,,,,0.8441558480262756,0.8636363744735718,0.026365182701074862,0.6296296296296297,0.25930124521255493,6.886475034661999e-08,5.5155556566433006e-08,7.62939453125e-06,5.7220458984375e-06,0.0,0.0,0.0,0.0,0.8484848737716675,,,,,,,,,0.1054319366812706,0.0740690678358078,0.0,0.0313628688454628,0.1961670219898224,0.16818268597126007,0.27984338998794556,4.08063272061554e-08,0.612636387348175,2.45049786567688,1.110304594039917,atlas_het,graphatlas_min_distortion,graphatlas_min_distortion,ov0.40_cross0.30,,certificate,1.0,full,none,False,dot,0,60,85,0,85,0.7872340679168701,64834,480,6540,0,11.579793214797974,cpu,0,,,,,,,,,,,,,,,,,,,,,,,,1.462499976158142,0.4625000059604645,0.2775241732597351,0.6787516474723816,0.06330892443656921,0.5250785946846008,atlas_het__node_classification__graphatlas_min_distortion__split0__seed0__33dc736dda16,33dc736dda16,975d6eec98ed54f0
node_classification,accuracy,0.9442508816719055,0.7872340679168701,0.8484848737716675,,,,,,,,,,,,0.945051551763242,0.9442508710801394,0.9162407924207547,0.9442567066175247,0.14688141644001007,0.0424402691423893,0.9326923076923077,0.9442508816719055,0.9451200263200529,0.08719903230667114,0.7878797792754476,0.7872340425531915,0.6803009196840454,0.7871833839918946,1.0389492511749268,0.16111671924591064,0.7419354838709677,0.7872340679168701,0.78856048166393,0.3543149530887604,0.8460274790919952,0.8484848484848485,0.7728268738271086,0.8478131108099237,0.5283181667327881,0.09991994500160217,0.7741935483870968,0.8484848737716675,0.8462521664286234,0.22686122357845306,,,,0.8441558480262756,0.8636363744735718,0.026365182701074862,0.6296296296296297,0.25930124521255493,6.886475034661999e-08,5.5155556566433006e-08,7.62939453125e-06,5.7220458984375e-06,0.0,0.0,0.0,0.0,0.8484848737716675,,,,,,,,,0.1054319366812706,0.0740690678358078,0.0,0.0313628688454628,0.1961670219898224,0.16818268597126007,0.27984338998794556,4.08063272061554e-08,0.612636387348175,2.45049786567688,1.110304594039917,atlas_het,graphatlas_min_distortion,graphatlas_min_distortion,ov0.40_cross0.50,,certificate,1.0,full,none,False,dot,0,60,85,0,85,0.7872340679168701,64834,480,6540,0,11.348804950714111,cpu,0,,,,,,,,,,,,,,,,,,,,,,,,1.462499976158142,0.4625000059604645,0.2775241732597351,0.6787516474723816,0.06330892443656921,0.5250785946846008,atlas_het__node_classification__graphatlas_min_distortion__split0__seed0__a98a84afa41d,a98a84afa41d,975d6eec98ed54f0
node_classification,accuracy,0.9651567935943604,0.7872340679168701,0.8484848737716675,,,,,,,,,,,,0.9651060151896872,0.9651567944250871,0.9476364356876118,0.9651339843272755,0.09000571817159653,0.018695462495088577,0.9550561797752809,0.9651567935943604,0.9651784708281883,0.05210816487669945,0.790518877183799,0.7872340425531915,0.6816252674306718,0.7863990445085667,0.8942426443099976,0.18327084183692932,0.7352941176470589,0.7872340679168701,0.7880443782083125,0.3543343245983124,0.8513291517323776,0.8484848484848485,0.7760546710328304,0.8479019890784597,0.4310089647769928,0.09613776206970215,0.7777777777777778,0.8484848737716675,0.8491129785247432,0.21647228300571442,,,,0.8484848737716675,,0.031248126501428795,0.6956521739130435,0.23705492913722992,6.254300188857087e-08,4.356147798034726e-08,4.76837158203125e-06,3.814697265625e-06,0.0,0.0,0.0,0.0,0.8484848737716675,,,,,,,,,0.062388040125370026,0.04305509477853775,0.0,0.019332943484187126,0.10446500778198242,0.08678547292947769,0.17679542303085327,0.0,0.5999617576599121,2.3216216564178467,0.7310357093811035,atlas_het,graphatlas_min_distortion,graphatlas_min_distortion,ov0.55_cross0.00,,certificate,1.0,full,none,False,dot,0,70,95,0,95,0.7872340679168701,64834,480,6540,0,12.679518461227417,cpu,0,,,,,,,,,,,,,,,,,,,,,,,,1.5333333015441895,0.5333333611488342,0.28521379828453064,0.6718876957893372,0.052334949374198914,0.47813186049461365,atlas_het__node_classification__graphatlas_min_distortion__split0__seed0__6220f48cf66b,6220f48cf66b,975d6eec98ed54f0
node_classification,accuracy,0.9651567935943604,0.7872340679168701,0.8484848737716675,,,,,,,,,,,,0.9651060151896872,0.9651567944250871,0.9476364356876118,0.9651339843272755,0.09000571817159653,0.018695462495088577,0.9550561797752809,0.9651567935943604,0.9651784708281883,0.05210816487669945,0.790518877183799,0.7872340425531915,0.6816252674306718,0.7863990445085667,0.8942426443099976,0.18327084183692932,0.7352941176470589,0.7872340679168701,0.7880443782083125,0.3543343245983124,0.8513291517323776,0.8484848484848485,0.7760546710328304,0.8479019890784597,0.4310089647769928,0.09613776206970215,0.7777777777777778,0.8484848737716675,0.8491129785247432,0.21647228300571442,,,,0.8484848737716675,,0.031248126501428795,0.6956521739130435,0.23705492913722992,6.254300188857087e-08,4.356147798034726e-08,4.76837158203125e-06,3.814697265625e-06,0.0,0.0,0.0,0.0,0.8484848737716675,,,,,,,,,0.062388040125370026,0.04305509477853775,0.0,0.019332943484187126,0.10446500778198242,0.08678547292947769,0.17679542303085327,0.0,0.5999617576599121,2.3216216564178467,0.7310357093811035,atlas_het,graphatlas_min_distortion,graphatlas_min_distortion,ov0.55_cross0.15,,certificate,1.0,full,none,False,dot,0,70,95,0,95,0.7872340679168701,64834,480,6540,0,12.741344451904297,cpu,0,,,,,,,,,,,,,,,,,,,,,,,,1.5333333015441895,0.5333333611488342,0.28521379828453064,0.6718876957893372,0.052334949374198914,0.47813186049461365,atlas_het__node_classification__graphatlas_min_distortion__split0__seed0__d934dfcec4f0,d934dfcec4f0,975d6eec98ed54f0
node_classification,accuracy,0.9651567935943604,0.7872340679168701,0.8484848737716675,,,,,,,,,,,,0.9651060151896872,0.9651567944250871,0.9476364356876118,0.9651339843272755,0.09000571817159653,0.018695462495088577,0.9550561797752809,0.9651567935943604,0.9651784708281883,0.05210816487669945,0.790518877183799,0.7872340425531915,0.6816252674306718,0.7863990445085667,0.8942426443099976,0.18327084183692932,0.7352941176470589,0.7872340679168701,0.7880443782083125,0.3543343245983124,0.8513291517323776,0.8484848484848485,0.7760546710328304,0.8479019890784597,0.4310089647769928,0.09613776206970215,0.7777777777777778,0.8484848737716675,0.8491129785247432,0.21647228300571442,,,,0.8484848737716675,,0.031248126501428795,0.6956521739130435,0.23705492913722992,6.254300188857087e-08,4.356147798034726e-08,4.76837158203125e-06,3.814697265625e-06,0.0,0.0,0.0,0.0,0.8484848737716675,,,,,,,,,0.062388040125370026,0.04305509477853775,0.0,0.019332943484187126,0.10446500778198242,0.08678547292947769,0.17679542303085327,0.0,0.5999617576599121,2.3216216564178467,0.7310357093811035,atlas_het,graphatlas_min_distortion,graphatlas_min_distortion,ov0.55_cross0.30,,certificate,1.0,full,none,False,dot,0,70,95,0,95,0.7872340679168701,64834,480,6540,0,12.71677279472351,cpu,0,,,,,,,,,,,,,,,,,,,,,,,,1.5333333015441895,0.5333333611488342,0.28521379828453064,0.6718876957893372,0.052334949374198914,0.47813186049461365,atlas_het__node_classification__graphatlas_min_distortion__split0__seed0__5f9af3d598ef,5f9af3d598ef,975d6eec98ed54f0
node_classification,accuracy,0.9651567935943604,0.7872340679168701,0.8484848737716675,,,,,,,,,,,,0.9651060151896872,0.9651567944250871,0.9476364356876118,0.9651339843272755,0.09000571817159653,0.018695462495088577,0.9550561797752809,0.9651567935943604,0.9651784708281883,0.05210816487669945,0.790518877183799,0.7872340425531915,0.6816252674306718,0.7863990445085667,0.8942426443099976,0.18327084183692932,0.7352941176470589,0.7872340679168701,0.7880443782083125,0.3543343245983124,0.8513291517323776,0.8484848484848485,0.7760546710328304,0.8479019890784597,0.4310089647769928,0.09613776206970215,0.7777777777777778,0.8484848737716675,0.8491129785247432,0.21647228300571442,,,,0.8484848737716675,,0.031248126501428795,0.6956521739130435,0.23705492913722992,6.254300188857087e-08,4.356147798034726e-08,4.76837158203125e-06,3.814697265625e-06,0.0,0.0,0.0,0.0,0.8484848737716675,,,,,,,,,0.062388040125370026,0.04305509477853775,0.0,0.019332943484187126,0.10446500778198242,0.08678547292947769,0.17679542303085327,0.0,0.5999617576599121,2.3216216564178467,0.7310357093811035,atlas_het,graphatlas_min_distortion,graphatlas_min_distortion,ov0.55_cross0.50,,certificate,1.0,full,none,False,dot,0,70,95,0,95,0.7872340679168701,64834,480,6540,0,12.922205924987793,cpu,0,,,,,,,,,,,,,,,,,,,,,,,,1.5333333015441895,0.5333333611488342,0.28521379828453064,0.6718876957893372,0.052334949374198914,0.47813186049461365,atlas_het__node_classification__graphatlas_min_distortion__split0__seed0__27ffcaa8f587,27ffcaa8f587,975d6eec98ed54f0
node_classification,accuracy,0.8815330862998962,0.8105263113975525,0.8163265585899353,,,,,,,,,,,,0.879353452586638,0.8815331010452961,0.8224627204882384,0.8809377467646843,0.23581379652023315,0.022951137274503708,0.8390804597701149,0.8815330862998962,0.8804430298214303,0.14761283993721008,0.8098223615464994,0.8105263157894737,0.716139925667981,0.8106798245614035,0.5564759373664856,0.10134170949459076,0.7575757575757576,0.8105263113975525,0.8089015151515152,0.28484344482421875,0.8138528138528139,0.8163265306122449,0.727185556718623,0.8150328984052638,0.6400502920150757,0.1101035475730896,0.7272727272727273,0.8163265585899353,0.8134061930783242,0.26789307594299316,,,,0.8048780560493469,0.8245614171028137,-0.03406430786924759,0.5356125356125356,0.17436683177947998,8.414424712555046e-08,7.647906841157237e-08,8.58306884765625e-06,7.62939453125e-06,0.0,0.0,0.0,0.0,0.8163265585899353,,,,,,,,,0.07104384154081345,0.05149763822555542,0.0,0.019546201452612877,0.12265302985906601,0.09688238054513931,0.25770658254623413,1.5501527741434984e-05,0.5842950940132141,2.3522300720214844,0.802025318145752,atlas_het,graphatlas_min_distortion,graphatlas_min_distortion,ov0.10_cross0.00,,certificate,1.0,full,none,False,dot,1,50,75,0,75,0.8105263113975525,64834,480,6456,0,10.099756002426147,cpu,0,,,,,,,,,,,,,,,,,,,,,,,,1.3583333492279053,0.3583333194255829,0.1931464523077011,0.6465350389480591,0.017237432301044464,0.7823324203491211,atlas_het__node_classification__graphatlas_min_distortion__split0__seed1__d6ae19d84dca,d6ae19d84dca,975d6eec98ed54f0
node_classification,accuracy,0.8815330862998962,0.8105263113975525,0.8163265585899353,,,,,,,,,,,,0.879353452586638,0.8815331010452961,0.8224627204882384,0.8809377467646843,0.23581379652023315,0.022951137274503708,0.8390804597701149,0.8815330862998962,0.8804430298214303,0.14761283993721008,0.8098223615464994,0.8105263157894737,0.716139925667981,0.8106798245614035,0.5564759373664856,0.10134170949459076,0.7575757575757576,0.8105263113975525,0.8089015151515152,0.28484344482421875,0.8138528138528139,0.8163265306122449,0.727185556718623,0.8150328984052638,0.6400502920150757,0.1101035475730896,0.7272727272727273,0.8163265585899353,0.8134061930783242,0.26789307594299316,,,,0.8048780560493469,0.8245614171028137,-0.03406430786924759,0.5356125356125356,0.17436683177947998,8.414424712555046e-08,7.647906841157237e-08,8.58306884765625e-06,7.62939453125e-06,0.0,0.0,0.0,0.0,0.8163265585899353,,,,,,,,,0.07104384154081345,0.05149763822555542,0.0,0.019546201452612877,0.12265302985906601,0.09688238054513931,0.25770658254623413,1.5501527741434984e-05,0.5842950940132141,2.3522300720214844,0.802025318145752,atlas_het,graphatlas_min_distortion,graphatlas_min_distortion,ov0.10_cross0.15,,certificate,1.0,full,none,False,dot,1,50,75,0,75,0.8105263113975525,64834,480,6456,0,10.040223360061646,cpu,0,,,,,,,,,,,,,,,,,,,,,,,,1.3583333492279053,0.3583333194255829,0.1931464523077011,0.6465350389480591,0.017237432301044464,0.7823324203491211,atlas_het__node_classification__graphatlas_min_distortion__split0__seed1__4c12892935ca,4c12892935ca,975d6eec98ed54f0
node_classification,accuracy,0.8815330862998962,0.8105263113975525,0.8163265585899353,,,,,,,,,,,,0.879353452586638,0.8815331010452961,0.8224627204882384,0.8809377467646843,0.23581379652023315,0.022951137274503708,0.8390804597701149,0.8815330862998962,0.8804430298214303,0.14761283993721008,0.8098223615464994,0.8105263157894737,0.716139925667981,0.8106798245614035,0.5564759373664856,0.10134170949459076,0.7575757575757576,0.8105263113975525,0.8089015151515152,0.28484344482421875,0.8138528138528139,0.8163265306122449,0.727185556718623,0.8150328984052638,0.6400502920150757,0.1101035475730896,0.7272727272727273,0.8163265585899353,0.8134061930783242,0.26789307594299316,,,,0.8048780560493469,0.8245614171028137,-0.03406430786924759,0.5356125356125356,0.17436683177947998,8.414424712555046e-08,7.647906841157237e-08,8.58306884765625e-06,7.62939453125e-06,0.0,0.0,0.0,0.0,0.8163265585899353,,,,,,,,,0.07104384154081345,0.05149763822555542,0.0,0.019546201452612877,0.12265302985906601,0.09688238054513931,0.25770658254623413,1.5501527741434984e-05,0.5842950940132141,2.3522300720214844,0.802025318145752,atlas_het,graphatlas_min_distortion,graphatlas_min_distortion,ov0.10_cross0.30,,certificate,1.0,full,none,False,dot,1,50,75,0,75,0.8105263113975525,64834,480,6456,0,9.886118650436401,cpu,0,,,,,,,,,,,,,,,,,,,,,,,,1.3583333492279053,0.3583333194255829,0.1931464523077011,0.6465350389480591,0.017237432301044464,0.7823324203491211,atlas_het__node_classification__graphatlas_min_distortion__split0__seed1__ce02bb010a09,ce02bb010a09,975d6eec98ed54f0
node_classification,accuracy,0.8815330862998962,0.8105263113975525,0.8163265585899353,,,,,,,,,,,,0.879353452586638,0.8815331010452961,0.8224627204882384,0.8809377467646843,0.23581379652023315,0.022951137274503708,0.8390804597701149,0.8815330862998962,0.8804430298214303,0.14761283993721008,0.8098223615464994,0.8105263157894737,0.716139925667981,0.8106798245614035,0.5564759373664856,0.10134170949459076,0.7575757575757576,0.8105263113975525,0.8089015151515152,0.28484344482421875,0.8138528138528139,0.8163265306122449,0.727185556718623,0.8150328984052638,0.6400502920150757,0.1101035475730896,0.7272727272727273,0.8163265585899353,0.8134061930783242,0.26789307594299316,,,,0.8048780560493469,0.8245614171028137,-0.03406430786924759,0.5356125356125356,0.17436683177947998,8.414424712555046e-08,7.647906841157237e-08,8.58306884765625e-06,7.62939453125e-06,0.0,0.0,0.0,0.0,0.8163265585899353,,,,,,,,,0.07104384154081345,0.05149763822555542,0.0,0.019546201452612877,0.12265302985906601,0.09688238054513931,0.25770658254623413,1.5501527741434984e-05,0.5842950940132141,2.3522300720214844,0.802025318145752,atlas_het,graphatlas_min_distortion,graphatlas_min_distortion,ov0.10_cross0.50,,certificate,1.0,full,none,False,dot,1,50,75,0,75,0.8105263113975525,64834,480,6456,0,10.01363229751587,cpu,0,,,,,,,,,,,,,,,,,,,,,,,,1.3583333492279053,0.3583333194255829,0.1931464523077011,0.6465350389480591,0.017237432301044464,0.7823324203491211,atlas_het__node_classification__graphatlas_min_distortion__split0__seed1__eb113286b9ab,eb113286b9ab,975d6eec98ed54f0
node_classification,accuracy,0.9790940880775452,0.8736842274665833,0.8163265585899353,,,,,,,,,,,,0.9784047370254267,0.9790940766550522,0.9686823123812416,0.9790453137638633,0.08281900733709335,0.03879594802856445,0.9655172413793104,0.9790940880775452,0.9789097763483833,0.04362887144088745,0.8732149076976663,0.8736842105263158,0.8110105395357665,0.8737815648962223,0.6405589580535889,0.11169769614934921,0.8484848484848485,0.8736842274665833,0.8739193999491482,0.23827803134918213,0.816017316017316,0.8163265306122449,0.728031781123587,0.8179019169964843,1.2462495565414429,0.1268695890903473,0.7575757575757576,0.8163265585899353,0.8158781750331046,0.30729371309280396,,,,0.8196721076965332,0.8108108043670654,-0.03262534588897887,0.6245210727969349,0.33456501364707947,7.402571355896725e-08,6.070597891039142e-08,9.5367431640625e-06,5.7220458984375e-06,0.0,0.0,0.0,0.0,0.8163265585899353,,,,,,,,,0.14618490636348724,0.10740949213504791,0.0,0.03877541050314903,0.16427601873874664,0.13527140021324158,0.2900460362434387,0.00012701749801635742,0.6626637578010559,2.2600696086883545,0.8481572270393372,atlas_het,graphatlas_min_distortion,graphatlas_min_distortion,ov0.25_cross0.00,,certificate,1.0,full,none,False,dot,1,85,110,0,110,0.8736842274665833,64834,480,6456,0,14.44825005531311,cpu,0,,,,,,,,,,,,,,,,,,,,,,,,1.443750023841858,0.4437499940395355,0.24192790687084198,0.6577540040016174,0.0668821856379509,0.7529890537261963,atlas_het__node_classification__graphatlas_min_distortion__split0__seed1__95d81b8fcb9a,95d81b8fcb9a,975d6eec98ed54f0
node_classification,accuracy,0.9790940880775452,0.8736842274665833,0.8163265585899353,,,,,,,,,,,,0.9784047370254267,0.9790940766550522,0.9686823123812416,0.9790453137638633,0.08281900733709335,0.03879594802856445,0.9655172413793104,0.9790940880775452,0.9789097763483833,0.04362887144088745,0.8732149076976663,0.8736842105263158,0.8110105395357665,0.8737815648962223,0.6405589580535889,0.11169769614934921,0.8484848484848485,0.8736842274665833,0.8739193999491482,0.23827803134918213,0.816017316017316,0.8163265306122449,0.728031781123587,0.8179019169964843,1.2462495565414429,0.1268695890903473,0.7575757575757576,0.8163265585899353,0.8158781750331046,0.30729371309280396,,,,0.8196721076965332,0.8108108043670654,-0.03262534588897887,0.6245210727969349,0.33456501364707947,7.402571355896725e-08,6.070597891039142e-08,9.5367431640625e-06,5.7220458984375e-06,0.0,0.0,0.0,0.0,0.8163265585899353,,,,,,,,,0.14618490636348724,0.10740949213504791,0.0,0.03877541050314903,0.16427601873874664,0.13527140021324158,0.2900460362434387,0.00012701749801635742,0.6626637578010559,2.2600696086883545,0.8481572270393372,atlas_het,graphatlas_min_distortion,graphatlas_min_distortion,ov0.25_cross0.15,,certificate,1.0,full,none,False,dot,1,85,110,0,110,0.8736842274665833,64834,480,6456,0,14.348443984985352,cpu,0,,,,,,,,,,,,,,,,,,,,,,,,1.443750023841858,0.4437499940395355,0.24192790687084198,0.6577540040016174,0.0668821856379509,0.7529890537261963,atlas_het__node_classification__graphatlas_min_distortion__split0__seed1__0eaa8f27049c,0eaa8f27049c,975d6eec98ed54f0
node_classification,accuracy,0.9790940880775452,0.8736842274665833,0.8163265585899353,,,,,,,,,,,,0.9784047370254267,0.9790940766550522,0.9686823123812416,0.9790453137638633,0.08281900733709335,0.03879594802856445,0.9655172413793104,0.9790940880775452,0.9789097763483833,0.04362887144088745,0.8732149076976663,0.8736842105263158,0.8110105395357665,0.8737815648962223,0.6405589580535889,0.11169769614934921,0.8484848484848485,0.8736842274665833,0.8739193999491482,0.23827803134918213,0.816017316017316,0.8163265306122449,0.728031781123587,0.8179019169964843,1.2462495565414429,0.1268695890903473,0.7575757575757576,0.8163265585899353,0.8158781750331046,0.30729371309280396,,,,0.8196721076965332,0.8108108043670654,-0.03262534588897887,0.6245210727969349,0.33456501364707947,7.402571355896725e-08,6.070597891039142e-08,9.5367431640625e-06,5.7220458984375e-06,0.0,0.0,0.0,0.0,0.8163265585899353,,,,,,,,,0.14618490636348724,0.10740949213504791,0.0,0.03877541050314903,0.16427601873874664,0.13527140021324158,0.2900460362434387,0.00012701749801635742,0.6626637578010559,2.2600696086883545,0.8481572270393372,atlas_het,graphatlas_min_distortion,graphatlas_min_distortion,ov0.25_cross0.30,,certificate,1.0,full,none,False,dot,1,85,110,0,110,0.8736842274665833,64834,480,6456,0,14.314958333969116,cpu,0,,,,,,,,,,,,,,,,,,,,,,,,1.443750023841858,0.4437499940395355,0.24192790687084198,0.6577540040016174,0.0668821856379509,0.7529890537261963,atlas_het__node_classification__graphatlas_min_distortion__split0__seed1__ccae4749802e,ccae4749802e,975d6eec98ed54f0
node_classification,accuracy,0.9790940880775452,0.8736842274665833,0.8163265585899353,,,,,,,,,,,,0.9784047370254267,0.9790940766550522,0.9686823123812416,0.9790453137638633,0.08281900733709335,0.03879594802856445,0.9655172413793104,0.9790940880775452,0.9789097763483833,0.04362887144088745,0.8732149076976663,0.8736842105263158,0.8110105395357665,0.8737815648962223,0.6405589580535889,0.11169769614934921,0.8484848484848485,0.8736842274665833,0.8739193999491482,0.23827803134918213,0.816017316017316,0.8163265306122449,0.728031781123587,0.8179019169964843,1.2462495565414429,0.1268695890903473,0.7575757575757576,0.8163265585899353,0.8158781750331046,0.30729371309280396,,,,0.8196721076965332,0.8108108043670654,-0.03262534588897887,0.6245210727969349,0.33456501364707947,7.402571355896725e-08,6.070597891039142e-08,9.5367431640625e-06,5.7220458984375e-06,0.0,0.0,0.0,0.0,0.8163265585899353,,,,,,,,,0.14618490636348724,0.10740949213504791,0.0,0.03877541050314903,0.16427601873874664,0.13527140021324158,0.2900460362434387,0.00012701749801635742,0.6626637578010559,2.2600696086883545,0.8481572270393372,atlas_het,graphatlas_min_distortion,graphatlas_min_distortion,ov0.25_cross0.50,,certificate,1.0,full,none,False,dot,1,85,110,0,110,0.8736842274665833,64834,480,6456,0,14.340396165847778,cpu,0,,,,,,,,,,,,,,,,,,,,,,,,1.443750023841858,0.4437499940395355,0.24192790687084198,0.6577540040016174,0.0668821856379509,0.7529890537261963,atlas_het__node_classification__graphatlas_min_distortion__split0__seed1__f6951334f07a,f6951334f07a,975d6eec98ed54f0
node_classification,accuracy,0.888501763343811,0.8315789699554443,0.8061224222183228,,,,,,,,,,,,0.8858874393186444,0.8885017421602788,0.8346038878214547,0.887568816060864,0.28421202301979065,0.05520305037498474,0.8383838383838383,0.888501763343811,0.8872914048317274,0.16272929310798645,0.832810867293626,0.8315789473684211,0.7474568579355513,0.8317537153921595,0.5741894245147705,0.1020074337720871,0.7575757575757576,0.8315789699554443,0.8342225407442799,0.2818187177181244,0.8063492063492063,0.8061224489795918,0.7173170525131953,0.8048193303295343,0.8047125935554504,0.1366521120071411,0.6666666666666666,0.8061224222183228,0.8054353054353053,0.2836140990257263,,,,0.7777777910232544,0.9411764740943909,-0.030357965931034982,0.7776298268974701,0.21604976058006287,8.007373253349215e-08,7.444075578177944e-08,4.76837158203125e-06,7.62939453125e-06,0.0,0.0,0.0,0.0,0.8061224222183228,,,,,,,,,0.17114855349063873,0.11514276266098022,0.0,0.05600578710436821,0.22715456783771515,0.189969003200531,0.37185579538345337,0.0,0.6121038794517517,2.130960464477539,1.1912014484405518,atlas_het,graphatlas_min_distortion,graphatlas_min_distortion,ov0.40_cross0.00,,certificate,1.0,full,none,False,dot,1,50,75,0,75,0.8315789699554443,64834,480,6456,0,10.106746912002563,cpu,0,,,,,,,,,,,,,,,,,,,,,,,,1.6541666984558105,0.6541666388511658,0.3864995241165161,0.6870939135551453,0.1406567245721817,0.6701542139053345,atlas_het__node_classification__graphatlas_min_distortion__split0__seed1__5209b4f14034,5209b4f14034,975d6eec98ed54f0
node_classification,accuracy,0.888501763343811,0.8315789699554443,0.8061224222183228,,,,,,,,,,,,0.8858874393186444,0.8885017421602788,0.8346038878214547,0.887568816060864,0.28421202301979065,0.05520305037498474,0.8383838383838383,0.888501763343811,0.8872914048317274,0.16272929310798645,0.832810867293626,0.8315789473684211,0.7474568579355513,0.8317537153921595,0.5741894245147705,0.1020074337720871,0.7575757575757576,0.8315789699554443,0.8342225407442799,0.2818187177181244,0.8063492063492063,0.8061224489795918,0.7173170525131953,0.8048193303295343,0.8047125935554504,0.1366521120071411,0.6666666666666666,0.8061224222183228,0.8054353054353053,0.2836140990257263,,,,0.7777777910232544,0.9411764740943909,-0.030357965931034982,0.7776298268974701,0.21604976058006287,8.007373253349215e-08,7.444075578177944e-08,4.76837158203125e-06,7.62939453125e-06,0.0,0.0,0.0,0.0,0.8061224222183228,,,,,,,,,0.17114855349063873,0.11514276266098022,0.0,0.05600578710436821,0.22715456783771515,0.189969003200531,0.37185579538345337,0.0,0.6121038794517517,2.130960464477539,1.1912014484405518,atlas_het,graphatlas_min_distortion,graphatlas_min_distortion,ov0.40_cross0.15,,certificate,1.0,full,none,False,dot,1,50,75,0,75,0.8315789699554443,64834,480,6456,0,9.96989631652832,cpu,0,,,,,,,,,,,,,,,,,,,,,,,,1.6541666984558105,0.6541666388511658,0.3864995241165161,0.6870939135551453,0.1406567245721817,0.6701542139053345,atlas_het__node_classification__graphatlas_min_distortion__split0__seed1__c1409c47b6a3,c1409c47b6a3,975d6eec98ed54f0
node_classification,accuracy,0.888501763343811,0.8315789699554443,0.8061224222183228,,,,,,,,,,,,0.8858874393186444,0.8885017421602788,0.8346038878214547,0.887568816060864,0.28421202301979065,0.05520305037498474,0.8383838383838383,0.888501763343811,0.8872914048317274,0.16272929310798645,0.832810867293626,0.8315789473684211,0.7474568579355513,0.8317537153921595,0.5741894245147705,0.1020074337720871,0.7575757575757576,0.8315789699554443,0.8342225407442799,0.2818187177181244,0.8063492063492063,0.8061224489795918,0.7173170525131953,0.8048193303295343,0.8047125935554504,0.1366521120071411,0.6666666666666666,0.8061224222183228,0.8054353054353053,0.2836140990257263,,,,0.7777777910232544,0.9411764740943909,-0.030357965931034982,0.7776298268974701,0.21604976058006287,8.007373253349215e-08,7.444075578177944e-08,4.76837158203125e-06,7.62939453125e-06,0.0,0.0,0.0,0.0,0.8061224222183228,,,,,,,,,0.17114855349063873,0.11514276266098022,0.0,0.05600578710436821,0.22715456783771515,0.189969003200531,0.37185579538345337,0.0,0.6121038794517517,2.130960464477539,1.1912014484405518,atlas_het,graphatlas_min_distortion,graphatlas_min_distortion,ov0.40_cross0.30,,certificate,1.0,full,none,False,dot,1,50,75,0,75,0.8315789699554443,64834,480,6456,0,10.413135766983032,cpu,0,,,,,,,,,,,,,,,,,,,,,,,,1.6541666984558105,0.6541666388511658,0.3864995241165161,0.6870939135551453,0.1406567245721817,0.6701542139053345,atlas_het__node_classification__graphatlas_min_distortion__split0__seed1__2f6cdc5c816d,2f6cdc5c816d,975d6eec98ed54f0
node_classification,accuracy,0.888501763343811,0.8315789699554443,0.8061224222183228,,,,,,,,,,,,0.8858874393186444,0.8885017421602788,0.8346038878214547,0.887568816060864,0.28421202301979065,0.05520305037498474,0.8383838383838383,0.888501763343811,0.8872914048317274,0.16272929310798645,0.832810867293626,0.8315789473684211,0.7474568579355513,0.8317537153921595,0.5741894245147705,0.1020074337720871,0.7575757575757576,0.8315789699554443,0.8342225407442799,0.2818187177181244,0.8063492063492063,0.8061224489795918,0.7173170525131953,0.8048193303295343,0.8047125935554504,0.1366521120071411,0.6666666666666666,0.8061224222183228,0.8054353054353053,0.2836140990257263,,,,0.7777777910232544,0.9411764740943909,-0.030357965931034982,0.7776298268974701,0.21604976058006287,8.007373253349215e-08,7.444075578177944e-08,4.76837158203125e-06,7.62939453125e-06,0.0,0.0,0.0,0.0,0.8061224222183228,,,,,,,,,0.17114855349063873,0.11514276266098022,0.0,0.05600578710436821,0.22715456783771515,0.189969003200531,0.37185579538345337,0.0,0.6121038794517517,2.130960464477539,1.1912014484405518,atlas_het,graphatlas_min_distortion,graphatlas_min_distortion,ov0.40_cross0.50,,certificate,1.0,full,none,False,dot,1,50,75,0,75,0.8315789699554443,64834,480,6456,0,10.023173570632935,cpu,0,,,,,,,,,,,,,,,,,,,,,,,,1.6541666984558105,0.6541666388511658,0.3864995241165161,0.6870939135551453,0.1406567245721817,0.6701542139053345,atlas_het__node_classification__graphatlas_min_distortion__split0__seed1__903594b5ca29,903594b5ca29,975d6eec98ed54f0
node_classification,accuracy,0.9651567935943604,0.8631578683853149,0.8469387888908386,,,,,,,,,,,,0.9650700702254134,0.9651567944250871,0.9478318163754436,0.9651894525505729,0.09653103351593018,0.026478275656700134,0.9494949494949495,0.9651567935943604,0.9654552928474024,0.05761083588004112,0.8631138975966562,0.8631578947368421,0.7944967502692012,0.8636011670968466,0.5033705830574036,0.09592801332473755,0.8484848484848485,0.8631578683853149,0.8647832267235253,0.2323537915945053,0.8467532467532468,0.8469387755102041,0.7723145893375758,0.8474736668861094,1.0699127912521362,0.09314360469579697,0.7878787878787878,0.8469387888908386,0.8456413210445469,0.24838869273662567,,,,0.8469387888908386,,0.027168424283374144,0.7335092348284961,0.21443015336990356,6.74960318747253e-08,6.064208690759187e-08,9.5367431640625e-06,9.5367431640625e-06,0.0,0.0,0.0,0.0,0.8469387888908386,,,,,,,,,0.10949520766735077,0.07206769287586212,0.0,0.037427518516778946,0.18185129761695862,0.14831459522247314,0.3353669047355652,0.0,0.6192837953567505,2.179913282394409,1.2166969776153564,atlas_het,graphatlas_min_distortion,graphatlas_min_distortion,ov0.55_cross0.00,,certificate,1.0,full,none,False,dot,1,90,115,0,115,0.8631578683853149,64834,480,6456,0,15.271353721618652,cpu,0,,,,,,,,,,,,,,,,,,,,,,,,1.5791666507720947,0.5791666507720947,0.32604312896728516,0.6814393997192383,0.19724442064762115,0.598871111869812,atlas_het__node_classification__graphatlas_min_distortion__split0__seed1__591a9e45b8f7,591a9e45b8f7,975d6eec98ed54f0
node_classification,accuracy,0.9651567935943604,0.8631578683853149,0.8469387888908386,,,,,,,,,,,,0.9650700702254134,0.9651567944250871,0.9478318163754436,0.9651894525505729,0.09653103351593018,0.026478275656700134,0.9494949494949495,0.9651567935943604,0.9654552928474024,0.05761083588004112,0.8631138975966562,0.8631578947368421,0.7944967502692012,0.8636011670968466,0.5033705830574036,0.09592801332473755,0.8484848484848485,0.8631578683853149,0.8647832267235253,0.2323537915945053,0.8467532467532468,0.8469387755102041,0.7723145893375758,0.8474736668861094,1.0699127912521362,0.09314360469579697,0.7878787878787878,0.8469387888908386,0.8456413210445469,0.24838869273662567,,,,0.8469387888908386,,0.027168424283374144,0.7335092348284961,0.21443015336990356,6.74960318747253e-08,6.064208690759187e-08,9.5367431640625e-06,9.5367431640625e-06,0.0,0.0,0.0,0.0,0.8469387888908386,,,,,,,,,0.10949520766735077,0.07206769287586212,0.0,0.037427518516778946,0.18185129761695862,0.14831459522247314,0.3353669047355652,0.0,0.6192837953567505,2.179913282394409,1.2166969776153564,atlas_het,graphatlas_min_distortion,graphatlas_min_distortion,ov0.55_cross0.15,,certificate,1.0,full,none,False,dot,1,90,115,0,115,0.8631578683853149,64834,480,6456,0,15.374308824539185,cpu,0,,,,,,,,,,,,,,,,,,,,,,,,1.5791666507720947,0.5791666507720947,0.32604312896728516,0.6814393997192383,0.19724442064762115,0.598871111869812,atlas_het__node_classification__graphatlas_min_distortion__split0__seed1__5b6077982146,5b6077982146,975d6eec98ed54f0
node_classification,accuracy,0.9651567935943604,0.8631578683853149,0.8469387888908386,,,,,,,,,,,,0.9650700702254134,0.9651567944250871,0.9478318163754436,0.9651894525505729,0.09653103351593018,0.026478275656700134,0.9494949494949495,0.9651567935943604,0.9654552928474024,0.05761083588004112,0.8631138975966562,0.8631578947368421,0.7944967502692012,0.8636011670968466,0.5033705830574036,0.09592801332473755,0.8484848484848485,0.8631578683853149,0.8647832267235253,0.2323537915945053,0.8467532467532468,0.8469387755102041,0.7723145893375758,0.8474736668861094,1.0699127912521362,0.09314360469579697,0.7878787878787878,0.8469387888908386,0.8456413210445469,0.24838869273662567,,,,0.8469387888908386,,0.027168424283374144,0.7335092348284961,0.21443015336990356,6.74960318747253e-08,6.064208690759187e-08,9.5367431640625e-06,9.5367431640625e-06,0.0,0.0,0.0,0.0,0.8469387888908386,,,,,,,,,0.10949520766735077,0.07206769287586212,0.0,0.037427518516778946,0.18185129761695862,0.14831459522247314,0.3353669047355652,0.0,0.6192837953567505,2.179913282394409,1.2166969776153564,atlas_het,graphatlas_min_distortion,graphatlas_min_distortion,ov0.55_cross0.30,,certificate,1.0,full,none,False,dot,1,90,115,0,115,0.8631578683853149,64834,480,6456,0,15.403886318206787,cpu,0,,,,,,,,,,,,,,,,,,,,,,,,1.5791666507720947,0.5791666507720947,0.32604312896728516,0.6814393997192383,0.19724442064762115,0.598871111869812,atlas_het__node_classification__graphatlas_min_distortion__split0__seed1__5ac7ac018b7a,5ac7ac018b7a,975d6eec98ed54f0
node_classification,accuracy,0.9651567935943604,0.8631578683853149,0.8469387888908386,,,,,,,,,,,,0.9650700702254134,0.9651567944250871,0.9478318163754436,0.9651894525505729,0.09653103351593018,0.026478275656700134,0.9494949494949495,0.9651567935943604,0.9654552928474024,0.05761083588004112,0.8631138975966562,0.8631578947368421,0.7944967502692012,0.8636011670968466,0.5033705830574036,0.09592801332473755,0.8484848484848485,0.8631578683853149,0.8647832267235253,0.2323537915945053,0.8467532467532468,0.8469387755102041,0.7723145893375758,0.8474736668861094,1.0699127912521362,0.09314360469579697,0.7878787878787878,0.8469387888908386,0.8456413210445469,0.24838869273662567,,,,0.8469387888908386,,0.027168424283374144,0.7335092348284961,0.21443015336990356,6.74960318747253e-08,6.064208690759187e-08,9.5367431640625e-06,9.5367431640625e-06,0.0,0.0,0.0,0.0,0.8469387888908386,,,,,,,,,0.10949520766735077,0.07206769287586212,0.0,0.037427518516778946,0.18185129761695862,0.14831459522247314,0.3353669047355652,0.0,0.6192837953567505,2.179913282394409,1.2166969776153564,atlas_het,graphatlas_min_distortion,graphatlas_min_distortion,ov0.55_cross0.50,,certificate,1.0,full,none,False,dot,1,90,115,0,115,0.8631578683853149,64834,480,6456,0,15.23675274848938,cpu,0,,,,,,,,,,,,,,,,,,,,,,,,1.5791666507720947,0.5791666507720947,0.32604312896728516,0.6814393997192383,0.19724442064762115,0.598871111869812,atlas_het__node_classification__graphatlas_min_distortion__split0__seed1__ba8eea5c90c3,ba8eea5c90c3,975d6eec98ed54f0
node_classification,accuracy,0.9268292784690857,0.8315789699554443,0.704081654548645,,,,,,,,,,,,0.9221972606599653,0.926829268292683,0.8924920494062909,0.9252249293366622,0.19674238562583923,0.06128670275211334,0.8068181818181818,0.9268292784690857,0.9236515712633286,0.11778781563043594,0.8310091277890467,0.8315789473684211,0.747330657153063,0.8319411599612867,1.2000609636306763,0.11488177627325058,0.8125,0.8315789699554443,0.8325721163426513,0.30216488242149353,0.6953823953823953,0.7040816326530612,0.5625552083247347,0.6978541416566627,1.1976310014724731,0.212575301527977,0.5,0.704081654548645,0.6950980392156864,0.46010273694992065,,,,0.6904761791229248,0.7142857313156128,0.0840335755107101,0.4936708860759494,0.09987619519233704,6.712496514182931e-08,7.678010405243185e-08,7.62939453125e-06,9.5367431640625e-06,0.0,0.0,0.0,0.0,0.704081654548645,,,,,,,,,0.07527701556682587,0.051829684525728226,0.0,0.02344733104109764,0.1396551877260208,0.10453996807336807,0.351152241230011,0.0,0.49434423446655273,2.825955390930176,1.4143176078796387,atlas_het,graphatlas_min_distortion,graphatlas_min_distortion,ov0.10_cross0.00,,certificate,1.0,full,none,False,dot,2,65,90,0,90,0.8315789699554443,64834,480,6506,0,12.034057855606079,cpu,0,,,,,,,,,,,,,,,,,,,,,,,,1.6041666269302368,0.6041666865348816,0.33363431692123413,0.6661688685417175,0.061513300985097885,0.5533933639526367,atlas_het__node_classification__graphatlas_min_distortion__split0__seed2__10a3012ee354,10a3012ee354,975d6eec98ed54f0
node_classification,accuracy,0.9268292784690857,0.8315789699554443,0.704081654548645,,,,,,,,,,,,0.9221972606599653,0.926829268292683,0.8924920494062909,0.9252249293366622,0.19674238562583923,0.06128670275211334,0.8068181818181818,0.9268292784690857,0.9236515712633286,0.11778781563043594,0.8310091277890467,0.8315789473684211,0.747330657153063,0.8319411599612867,1.2000609636306763,0.11488177627325058,0.8125,0.8315789699554443,0.8325721163426513,0.30216488242149353,0.6953823953823953,0.7040816326530612,0.5625552083247347,0.6978541416566627,1.1976310014724731,0.212575301527977,0.5,0.704081654548645,0.6950980392156864,0.46010273694992065,,,,0.6904761791229248,0.7142857313156128,0.0840335755107101,0.4936708860759494,0.09987619519233704,6.712496514182931e-08,7.678010405243185e-08,7.62939453125e-06,9.5367431640625e-06,0.0,0.0,0.0,0.0,0.704081654548645,,,,,,,,,0.07527701556682587,0.051829684525728226,0.0,0.02344733104109764,0.1396551877260208,0.10453996807336807,0.351152241230011,0.0,0.49434423446655273,2.825955390930176,1.4143176078796387,atlas_het,graphatlas_min_distortion,graphatlas_min_distortion,ov0.10_cross0.15,,certificate,1.0,full,none,False,dot,2,65,90,0,90,0.8315789699554443,64834,480,6506,0,11.938498497009277,cpu,0,,,,,,,,,,,,,,,,,,,,,,,,1.6041666269302368,0.6041666865348816,0.33363431692123413,0.6661688685417175,0.061513300985097885,0.5533933639526367,atlas_het__node_classification__graphatlas_min_distortion__split0__seed2__5b5a02b85718,5b5a02b85718,975d6eec98ed54f0
node_classification,accuracy,0.9268292784690857,0.8315789699554443,0.704081654548645,,,,,,,,,,,,0.9221972606599653,0.926829268292683,0.8924920494062909,0.9252249293366622,0.19674238562583923,0.06128670275211334,0.8068181818181818,0.9268292784690857,0.9236515712633286,0.11778781563043594,0.8310091277890467,0.8315789473684211,0.747330657153063,0.8319411599612867,1.2000609636306763,0.11488177627325058,0.8125,0.8315789699554443,0.8325721163426513,0.30216488242149353,0.6953823953823953,0.7040816326530612,0.5625552083247347,0.6978541416566627,1.1976310014724731,0.212575301527977,0.5,0.704081654548645,0.6950980392156864,0.46010273694992065,,,,0.6904761791229248,0.7142857313156128,0.0840335755107101,0.4936708860759494,0.09987619519233704,6.712496514182931e-08,7.678010405243185e-08,7.62939453125e-06,9.5367431640625e-06,0.0,0.0,0.0,0.0,0.704081654548645,,,,,,,,,0.07527701556682587,0.051829684525728226,0.0,0.02344733104109764,0.1396551877260208,0.10453996807336807,0.351152241230011,0.0,0.49434423446655273,2.825955390930176,1.4143176078796387,atlas_het,graphatlas_min_distortion,graphatlas_min_distortion,ov0.10_cross0.30,,certificate,1.0,full,none,False,dot,2,65,90,0,90,0.8315789699554443,64834,480,6506,0,11.886839628219604,cpu,0,,,,,,,,,,,,,,,,,,,,,,,,1.6041666269302368,0.6041666865348816,0.33363431692123413,0.6661688685417175,0.061513300985097885,0.5533933639526367,atlas_het__node_classification__graphatlas_min_distortion__split0__seed2__a878181631d1,a878181631d1,975d6eec98ed54f0
node_classification,accuracy,0.9268292784690857,0.8315789699554443,0.704081654548645,,,,,,,,,,,,0.9221972606599653,0.926829268292683,0.8924920494062909,0.9252249293366622,0.19674238562583923,0.06128670275211334,0.8068181818181818,0.9268292784690857,0.9236515712633286,0.11778781563043594,0.8310091277890467,0.8315789473684211,0.747330657153063,0.8319411599612867,1.2000609636306763,0.11488177627325058,0.8125,0.8315789699554443,0.8325721163426513,0.30216488242149353,0.6953823953823953,0.7040816326530612,0.5625552083247347,0.6978541416566627,1.1976310014724731,0.212575301527977,0.5,0.704081654548645,0.6950980392156864,0.46010273694992065,,,,0.6904761791229248,0.7142857313156128,0.0840335755107101,0.4936708860759494,0.09987619519233704,6.712496514182931e-08,7.678010405243185e-08,7.62939453125e-06,9.5367431640625e-06,0.0,0.0,0.0,0.0,0.704081654548645,,,,,,,,,0.07527701556682587,0.051829684525728226,0.0,0.02344733104109764,0.1396551877260208,0.10453996807336807,0.351152241230011,0.0,0.49434423446655273,2.825955390930176,1.4143176078796387,atlas_het,graphatlas_min_distortion,graphatlas_min_distortion,ov0.10_cross0.50,,certificate,1.0,full,none,False,dot,2,65,90,0,90,0.8315789699554443,64834,480,6506,0,11.988196849822998,cpu,0,,,,,,,,,,,,,,,,,,,,,,,,1.6041666269302368,0.6041666865348816,0.33363431692123413,0.6661688685417175,0.061513300985097885,0.5533933639526367,atlas_het__node_classification__graphatlas_min_distortion__split0__seed2__5e2174723a0b,5e2174723a0b,975d6eec98ed54f0
node_classification,accuracy,0.9512194991111755,0.821052610874176,0.7448979616165161,,,,,,,,,,,,0.9492468652565682,0.9512195121951219,0.9274087619702546,0.951170684553398,0.13798817992210388,0.03155495598912239,0.9090909090909091,0.9512194991111755,0.9504945998167864,0.0718856230378151,0.8176766396213658,0.8210526315789474,0.737276559906475,0.8201325947980721,1.3725582361221313,0.16207997500896454,0.71875,0.821052610874176,0.8208938999899452,0.33095642924308777,0.7392496392496394,0.7448979591836735,0.6206459218666062,0.7432270074998053,1.2736103534698486,0.2100333571434021,0.6333333333333333,0.7448979616165161,0.7417007121648472,0.4454799294471741,,,,0.6557376980781555,0.8918918967247009,0.07061773477041666,0.5062388591800356,0.07245295494794846,6.564210508486212e-08,6.784669892567763e-08,1.52587890625e-05,2.288818359375e-05,0.0,0.0,0.0,0.0,0.7448979616165161,,,,,,,,,0.14520758390426636,0.09557090699672699,0.0,0.04963666945695877,0.15661180019378662,0.12468715012073517,0.3192465603351593,9.43620181992344e-10,0.509292721748352,2.7926082611083984,1.0340038537979126,atlas_het,graphatlas_min_distortion,graphatlas_min_distortion,ov0.25_cross0.00,,certificate,1.0,full,none,False,dot,2,90,115,0,115,0.821052610874176,64834,480,6506,0,14.962409019470215,cpu,0,,,,,,,,,,,,,,,,,,,,,,,,1.5145833492279053,0.5145833492279053,0.3006143867969513,0.6854777336120605,0.03662377968430519,0.5526754260063171,atlas_het__node_classification__graphatlas_min_distortion__split0__seed2__3e615ef7ce7a,3e615ef7ce7a,975d6eec98ed54f0
node_classification,accuracy,0.9512194991111755,0.821052610874176,0.7448979616165161,,,,,,,,,,,,0.9492468652565682,0.9512195121951219,0.9274087619702546,0.951170684553398,0.13798817992210388,0.03155495598912239,0.9090909090909091,0.9512194991111755,0.9504945998167864,0.0718856230378151,0.8176766396213658,0.8210526315789474,0.737276559906475,0.8201325947980721,1.3725582361221313,0.16207997500896454,0.71875,0.821052610874176,0.8208938999899452,0.33095642924308777,0.7392496392496394,0.7448979591836735,0.6206459218666062,0.7432270074998053,1.2736103534698486,0.2100333571434021,0.6333333333333333,0.7448979616165161,0.7417007121648472,0.4454799294471741,,,,0.6557376980781555,0.8918918967247009,0.07061773477041666,0.5062388591800356,0.07245295494794846,6.564210508486212e-08,6.784669892567763e-08,1.52587890625e-05,2.288818359375e-05,0.0,0.0,0.0,0.0,0.7448979616165161,,,,,,,,,0.14520758390426636,0.09557090699672699,0.0,0.04963666945695877,0.15661180019378662,0.12468715012073517,0.3192465603351593,9.43620181992344e-10,0.509292721748352,2.7926082611083984,1.0340038537979126,atlas_het,graphatlas_min_distortion,graphatlas_min_distortion,ov0.25_cross0.15,,certificate,1.0,full,none,False,dot,2,90,115,0,115,0.821052610874176,64834,480,6506,0,14.945415735244751,cpu,0,,,,,,,,,,,,,,,,,,,,,,,,1.5145833492279053,0.5145833492279053,0.3006143867969513,0.6854777336120605,0.03662377968430519,0.5526754260063171,atlas_het__node_classification__graphatlas_min_distortion__split0__seed2__eab23407e324,eab23407e324,975d6eec98ed54f0
node_classification,accuracy,0.9512194991111755,0.821052610874176,0.7448979616165161,,,,,,,,,,,,0.9492468652565682,0.9512195121951219,0.9274087619702546,0.951170684553398,0.13798817992210388,0.03155495598912239,0.9090909090909091,0.9512194991111755,0.9504945998167864,0.0718856230378151,0.8176766396213658,0.8210526315789474,0.737276559906475,0.8201325947980721,1.3725582361221313,0.16207997500896454,0.71875,0.821052610874176,0.8208938999899452,0.33095642924308777,0.7392496392496394,0.7448979591836735,0.6206459218666062,0.7432270074998053,1.2736103534698486,0.2100333571434021,0.6333333333333333,0.7448979616165161,0.7417007121648472,0.4454799294471741,,,,0.6557376980781555,0.8918918967247009,0.07061773477041666,0.5062388591800356,0.07245295494794846,6.564210508486212e-08,6.784669892567763e-08,1.52587890625e-05,2.288818359375e-05,0.0,0.0,0.0,0.0,0.7448979616165161,,,,,,,,,0.14520758390426636,0.09557090699672699,0.0,0.04963666945695877,0.15661180019378662,0.12468715012073517,0.3192465603351593,9.43620181992344e-10,0.509292721748352,2.7926082611083984,1.0340038537979126,atlas_het,graphatlas_min_distortion,graphatlas_min_distortion,ov0.25_cross0.30,,certificate,1.0,full,none,False,dot,2,90,115,0,115,0.821052610874176,64834,480,6506,0,14.988571882247925,cpu,0,,,,,,,,,,,,,,,,,,,,,,,,1.5145833492279053,0.5145833492279053,0.3006143867969513,0.6854777336120605,0.03662377968430519,0.5526754260063171,atlas_het__node_classification__graphatlas_min_distortion__split0__seed2__780f1724028a,780f1724028a,975d6eec98ed54f0
node_classification,accuracy,0.9512194991111755,0.821052610874176,0.7448979616165161,,,,,,,,,,,,0.9492468652565682,0.9512195121951219,0.9274087619702546,0.951170684553398,0.13798817992210388,0.03155495598912239,0.9090909090909091,0.9512194991111755,0.9504945998167864,0.0718856230378151,0.8176766396213658,0.8210526315789474,0.737276559906475,0.8201325947980721,1.3725582361221313,0.16207997500896454,0.71875,0.821052610874176,0.8208938999899452,0.33095642924308777,0.7392496392496394,0.7448979591836735,0.6206459218666062,0.7432270074998053,1.2736103534698486,0.2100333571434021,0.6333333333333333,0.7448979616165161,0.7417007121648472,0.4454799294471741,,,,0.6557376980781555,0.8918918967247009,0.07061773477041666,0.5062388591800356,0.07245295494794846,6.564210508486212e-08,6.784669892567763e-08,1.52587890625e-05,2.288818359375e-05,0.0,0.0,0.0,0.0,0.7448979616165161,,,,,,,,,0.14520758390426636,0.09557090699672699,0.0,0.04963666945695877,0.15661180019378662,0.12468715012073517,0.3192465603351593,9.43620181992344e-10,0.509292721748352,2.7926082611083984,1.0340038537979126,atlas_het,graphatlas_min_distortion,graphatlas_min_distortion,ov0.25_cross0.50,,certificate,1.0,full,none,False,dot,2,90,115,0,115,0.821052610874176,64834,480,6506,0,15.013533353805542,cpu,0,,,,,,,,,,,,,,,,,,,,,,,,1.5145833492279053,0.5145833492279053,0.3006143867969513,0.6854777336120605,0.03662377968430519,0.5526754260063171,atlas_het__node_classification__graphatlas_min_distortion__split0__seed2__24d3e07d54f3,24d3e07d54f3,975d6eec98ed54f0
node_classification,accuracy,0.9512194991111755,0.800000011920929,0.7244898080825806,,,,,,,,,,,,0.9492468652565682,0.9512195121951219,0.9274536425210671,0.951116871046624,0.11294478923082352,0.023243719711899757,0.9090909090909091,0.9512194991111755,0.9507799975336048,0.06751595437526703,0.7968433062880326,0.8,0.7106094957938216,0.7994606177807977,1.5399991273880005,0.17528188228607178,0.65625,0.800000011920929,0.801588877855015,0.36909523606300354,0.7165945165945166,0.7244897959183674,0.5941304720222285,0.7205132052821128,1.2317254543304443,0.17305725812911987,0.5333333333333333,0.7244898080825806,0.7187908496732026,0.42910897731781006,,,,0.6835442781448364,0.8947368264198303,0.0837651149064972,0.6874115983026874,0.11654951423406601,5.8189751683812574e-08,6.277882391714229e-08,1.52587890625e-05,1.1444091796875e-05,0.0,0.0,0.0,0.0,0.7244898080825806,,,,,,,,,0.09361746907234192,0.07016374915838242,0.0,0.023453718051314354,0.16417627036571503,0.14523375034332275,0.18942506611347198,0.0,0.5543456077575684,2.476963520050049,0.6727789044380188,atlas_het,graphatlas_min_distortion,graphatlas_min_distortion,ov0.40_cross0.00,,certificate,1.0,full,none,False,dot,2,80,105,0,105,0.800000011920929,64834,480,6506,0,13.921472311019897,cpu,0,,,,,,,,,,,,,,,,,,,,,,,,1.5583332777023315,0.5583333373069763,0.2987099885940552,0.6727700233459473,0.024613384157419205,0.582627534866333,atlas_het__node_classification__graphatlas_min_distortion__split0__seed2__e3553e17c724,e3553e17c724,975d6eec98ed54f0
node_classification,accuracy,0.9512194991111755,0.800000011920929,0.7244898080825806,,,,,,,,,,,,0.9492468652565682,0.9512195121951219,0.9274536425210671,0.951116871046624,0.11294478923082352,0.023243719711899757,0.9090909090909091,0.9512194991111755,0.9507799975336048,0.06751595437526703,0.7968433062880326,0.8,0.7106094957938216,0.7994606177807977,1.5399991273880005,0.17528188228607178,0.65625,0.800000011920929,0.801588877855015,0.36909523606300354,0.7165945165945166,0.7244897959183674,0.5941304720222285,0.7205132052821128,1.2317254543304443,0.17305725812911987,0.5333333333333333,0.7244898080825806,0.7187908496732026,0.42910897731781006,,,,0.6835442781448364,0.8947368264198303,0.0837651149064972,0.6874115983026874,0.11654951423406601,5.8189751683812574e-08,6.277882391714229e-08,1.52587890625e-05,1.1444091796875e-05,0.0,0.0,0.0,0.0,0.7244898080825806,,,,,,,,,0.09361746907234192,0.07016374915838242,0.0,0.023453718051314354,0.16417627036571503,0.14523375034332275,0.18942506611347198,0.0,0.5543456077575684,2.476963520050049,0.6727789044380188,atlas_het,graphatlas_min_distortion,graphatlas_min_distortion,ov0.40_cross0.15,,certificate,1.0,full,none,False,dot,2,80,105,0,105,0.800000011920929,64834,480,6506,0,13.780559778213501,cpu,0,,,,,,,,,,,,,,,,,,,,,,,,1.5583332777023315,0.5583333373069763,0.2987099885940552,0.6727700233459473,0.024613384157419205,0.582627534866333,atlas_het__node_classification__graphatlas_min_distortion__split0__seed2__ecd74f4a14ee,ecd74f4a14ee,975d6eec98ed54f0
node_classification,accuracy,0.9512194991111755,0.800000011920929,0.7244898080825806,,,,,,,,,,,,0.9492468652565682,0.9512195121951219,0.9274536425210671,0.951116871046624,0.11294478923082352,0.023243719711899757,0.9090909090909091,0.9512194991111755,0.9507799975336048,0.06751595437526703,0.7968433062880326,0.8,0.7106094957938216,0.7994606177807977,1.5399991273880005,0.17528188228607178,0.65625,0.800000011920929,0.801588877855015,0.36909523606300354,0.7165945165945166,0.7244897959183674,0.5941304720222285,0.7205132052821128,1.2317254543304443,0.17305725812911987,0.5333333333333333,0.7244898080825806,0.7187908496732026,0.42910897731781006,,,,0.6835442781448364,0.8947368264198303,0.0837651149064972,0.6874115983026874,0.11654951423406601,5.8189751683812574e-08,6.277882391714229e-08,1.52587890625e-05,1.1444091796875e-05,0.0,0.0,0.0,0.0,0.7244898080825806,,,,,,,,,0.09361746907234192,0.07016374915838242,0.0,0.023453718051314354,0.16417627036571503,0.14523375034332275,0.18942506611347198,0.0,0.5543456077575684,2.476963520050049,0.6727789044380188,atlas_het,graphatlas_min_distortion,graphatlas_min_distortion,ov0.40_cross0.30,,certificate,1.0,full,none,False,dot,2,80,105,0,105,0.800000011920929,64834,480,6506,0,14.217219829559326,cpu,0,,,,,,,,,,,,,,,,,,,,,,,,1.5583332777023315,0.5583333373069763,0.2987099885940552,0.6727700233459473,0.024613384157419205,0.582627534866333,atlas_het__node_classification__graphatlas_min_distortion__split0__seed2__f7c967dace4b,f7c967dace4b,975d6eec98ed54f0
node_classification,accuracy,0.9512194991111755,0.800000011920929,0.7244898080825806,,,,,,,,,,,,0.9492468652565682,0.9512195121951219,0.9274536425210671,0.951116871046624,0.11294478923082352,0.023243719711899757,0.9090909090909091,0.9512194991111755,0.9507799975336048,0.06751595437526703,0.7968433062880326,0.8,0.7106094957938216,0.7994606177807977,1.5399991273880005,0.17528188228607178,0.65625,0.800000011920929,0.801588877855015,0.36909523606300354,0.7165945165945166,0.7244897959183674,0.5941304720222285,0.7205132052821128,1.2317254543304443,0.17305725812911987,0.5333333333333333,0.7244898080825806,0.7187908496732026,0.42910897731781006,,,,0.6835442781448364,0.8947368264198303,0.0837651149064972,0.6874115983026874,0.11654951423406601,5.8189751683812574e-08,6.277882391714229e-08,1.52587890625e-05,1.1444091796875e-05,0.0,0.0,0.0,0.0,0.7244898080825806,,,,,,,,,0.09361746907234192,0.07016374915838242,0.0,0.023453718051314354,0.16417627036571503,0.14523375034332275,0.18942506611347198,0.0,0.5543456077575684,2.476963520050049,0.6727789044380188,atlas_het,graphatlas_min_distortion,graphatlas_min_distortion,ov0.40_cross0.50,,certificate,1.0,full,none,False,dot,2,80,105,0,105,0.800000011920929,64834,480,6506,0,14.05270266532898,cpu,0,,,,,,,,,,,,,,,,,,,,,,,,1.5583332777023315,0.5583333373069763,0.2987099885940552,0.6727700233459473,0.024613384157419205,0.582627534866333,atlas_het__node_classification__graphatlas_min_distortion__split0__seed2__2085f8c0615a,2085f8c0615a,975d6eec98ed54f0
node_classification,accuracy,0.8188153505325317,0.7684210538864136,0.6530612111091614,,,,,,,,,,,,0.8190807406999038,0.818815331010453,0.7298422010254981,0.819777956000063,0.416278213262558,0.04837636277079582,0.7731958762886598,0.8188153505325317,0.8179310838885309,0.25141391158103943,0.7703473630831642,0.7684210526315789,0.6521019813540551,0.7684113509580403,0.9388543963432312,0.10070271790027618,0.71875,0.7684210538864136,0.7707929445415541,0.3514888882637024,0.6473304473304473,0.6530612244897959,0.48171402761514714,0.6438905430707228,0.7026468515396118,0.13684509694576263,0.48484848484848486,0.6530612111091614,0.6408520691381406,0.4467198848724365,,,,0.6530612111091614,,0.02906246355009522,0.7114093959731543,0.08104228973388672,7.458994133457963e-08,7.380614164276267e-08,5.7220458984375e-06,3.814697265625e-06,0.0,0.0,0.0,0.0,0.6530612111091614,,,,,,,,,0.16549257934093475,0.1430991142988205,0.0,0.022393470630049706,0.1789073944091797,0.10954613238573074,0.6936125755310059,0.0,0.4803239703178406,2.838009834289551,0.34921395778656006,atlas_het,graphatlas_min_distortion,graphatlas_min_distortion,ov0.55_cross0.00,,certificate,1.0,full,none,False,dot,2,35,60,0,60,0.7684210538864136,64834,480,6506,0,8.126251220703125,cpu,0,,,,,,,,,,,,,,,,,,,,,,,,1.5520833730697632,0.5520833134651184,0.3145463168621063,0.6851481795310974,0.004730671644210815,0.5047813653945923,atlas_het__node_classification__graphatlas_min_distortion__split0__seed2__777f1e15705a,777f1e15705a,975d6eec98ed54f0
node_classification,accuracy,0.8188153505325317,0.7684210538864136,0.6530612111091614,,,,,,,,,,,,0.8190807406999038,0.818815331010453,0.7298422010254981,0.819777956000063,0.416278213262558,0.04837636277079582,0.7731958762886598,0.8188153505325317,0.8179310838885309,0.25141391158103943,0.7703473630831642,0.7684210526315789,0.6521019813540551,0.7684113509580403,0.9388543963432312,0.10070271790027618,0.71875,0.7684210538864136,0.7707929445415541,0.3514888882637024,0.6473304473304473,0.6530612244897959,0.48171402761514714,0.6438905430707228,0.7026468515396118,0.13684509694576263,0.48484848484848486,0.6530612111091614,0.6408520691381406,0.4467198848724365,,,,0.6530612111091614,,0.02906246355009522,0.7114093959731543,0.08104228973388672,7.458994133457963e-08,7.380614164276267e-08,5.7220458984375e-06,3.814697265625e-06,0.0,0.0,0.0,0.0,0.6530612111091614,,,,,,,,,0.16549257934093475,0.1430991142988205,0.0,0.022393470630049706,0.1789073944091797,0.10954613238573074,0.6936125755310059,0.0,0.4803239703178406,2.838009834289551,0.34921395778656006,atlas_het,graphatlas_min_distortion,graphatlas_min_distortion,ov0.55_cross0.15,,certificate,1.0,full,none,False,dot,2,35,60,0,60,0.7684210538864136,64834,480,6506,0,8.17788815498352,cpu,0,,,,,,,,,,,,,,,,,,,,,,,,1.5520833730697632,0.5520833134651184,0.3145463168621063,0.6851481795310974,0.004730671644210815,0.5047813653945923,atlas_het__node_classification__graphatlas_min_distortion__split0__seed2__73a04bdc22d2,73a04bdc22d2,975d6eec98ed54f0
node_classification,accuracy,0.8188153505325317,0.7684210538864136,0.6530612111091614,,,,,,,,,,,,0.8190807406999038,0.818815331010453,0.7298422010254981,0.819777956000063,0.416278213262558,0.04837636277079582,0.7731958762886598,0.8188153505325317,0.8179310838885309,0.25141391158103943,0.7703473630831642,0.7684210526315789,0.6521019813540551,0.7684113509580403,0.9388543963432312,0.10070271790027618,0.71875,0.7684210538864136,0.7707929445415541,0.3514888882637024,0.6473304473304473,0.6530612244897959,0.48171402761514714,0.6438905430707228,0.7026468515396118,0.13684509694576263,0.48484848484848486,0.6530612111091614,0.6408520691381406,0.4467198848724365,,,,0.6530612111091614,,0.02906246355009522,0.7114093959731543,0.08104228973388672,7.458994133457963e-08,7.380614164276267e-08,5.7220458984375e-06,3.814697265625e-06,0.0,0.0,0.0,0.0,0.6530612111091614,,,,,,,,,0.16549257934093475,0.1430991142988205,0.0,0.022393470630049706,0.1789073944091797,0.10954613238573074,0.6936125755310059,0.0,0.4803239703178406,2.838009834289551,0.34921395778656006,atlas_het,graphatlas_min_distortion,graphatlas_min_distortion,ov0.55_cross0.30,,certificate,1.0,full,none,False,dot,2,35,60,0,60,0.7684210538864136,64834,480,6506,0,8.15239143371582,cpu,0,,,,,,,,,,,,,,,,,,,,,,,,1.5520833730697632,0.5520833134651184,0.3145463168621063,0.6851481795310974,0.004730671644210815,0.5047813653945923,atlas_het__node_classification__graphatlas_min_distortion__split0__seed2__1cc6a88da680,1cc6a88da680,975d6eec98ed54f0
node_classification,accuracy,0.8188153505325317,0.7684210538864136,0.6530612111091614,,,,,,,,,,,,0.8190807406999038,0.818815331010453,0.7298422010254981,0.819777956000063,0.416278213262558,0.04837636277079582,0.7731958762886598,0.8188153505325317,0.8179310838885309,0.25141391158103943,0.7703473630831642,0.7684210526315789,0.6521019813540551,0.7684113509580403,0.9388543963432312,0.10070271790027618,0.71875,0.7684210538864136,0.7707929445415541,0.3514888882637024,0.6473304473304473,0.6530612244897959,0.48171402761514714,0.6438905430707228,0.7026468515396118,0.13684509694576263,0.48484848484848486,0.6530612111091614,0.6408520691381406,0.4467198848724365,,,,0.6530612111091614,,0.02906246355009522,0.7114093959731543,0.08104228973388672,7.458994133457963e-08,7.380614164276267e-08,5.7220458984375e-06,3.814697265625e-06,0.0,0.0,0.0,0.0,0.6530612111091614,,,,,,,,,0.16549257934093475,0.1430991142988205,0.0,0.022393470630049706,0.1789073944091797,0.10954613238573074,0.6936125755310059,0.0,0.4803239703178406,2.838009834289551,0.34921395778656006,atlas_het,graphatlas_min_distortion,graphatlas_min_distortion,ov0.55_cross0.50,,certificate,1.0,full,none,False,dot,2,35,60,0,60,0.7684210538864136,64834,480,6506,0,8.11862826347351,cpu,0,,,,,,,,,,,,,,,,,,,,,,,,1.5520833730697632,0.5520833134651184,0.3145463168621063,0.6851481795310974,0.004730671644210815,0.5047813653945923,atlas_het__node_classification__graphatlas_min_distortion__split0__seed2__57825c797653,57825c797653,975d6eec98ed54f0
node_classification,accuracy,0.9756097793579102,0.7659574747085571,0.868686854839325,,,,,,,,,,,,0.9765411893071468,0.975609756097561,0.9634062580368031,0.9755825282265354,0.07021791487932205,0.04052030295133591,0.9615384615384616,0.9756097793579102,0.9760833857306529,0.03898296877741814,0.7665816048332571,0.7659574468085106,0.6481796529431779,0.7659574468085106,1.3694490194320679,0.1984671950340271,0.7419354838709677,0.7659574747085571,0.7665816048332571,0.41812950372695923,0.8678688769414576,0.8686868686868687,0.8027057284245869,0.8687508031770328,0.4113714098930359,0.0614655502140522,0.84375,0.868686854839325,0.8690845412156888,0.17884528636932373,,,,0.8888888955116272,0.8571428656578064,0.046257579522239384,0.5694915254237288,0.19082680344581604,4.8850857581328455e-08,3.520414537661054e-08,1.1444091796875e-05,3.814697265625e-06,0.0,0.0,0.0,0.0,0.868686854839325,,,,,,,,,0.24915504455566406,0.14559832215309143,0.0,0.10355672985315323,0.24100323021411896,0.2114737331867218,0.2952953577041626,3.3633303246460855e-05,0.4984983205795288,3.1553266048431396,1.2559658288955688,atlas_het,graphatlas_original,graphatlas,ov0.10_cross0.00,,certificate,1.0,full,none,False,dot,0,100,120,0,120,0.7659574747085571,64834,480,6540,0,15.844722270965576,cpu,0,,,,,,,,,,,,,,,,,,,,,,,,1.8666666746139526,0.8666666746139526,0.4997141659259796,0.6884870529174805,0.08531352877616882,0.4595595598220825,atlas_het__node_classification__graphatlas_original__split0__seed0__8bebb9ef1847,8bebb9ef1847,975d6eec98ed54f0
node_classification,accuracy,0.9756097793579102,0.7659574747085571,0.868686854839325,,,,,,,,,,,,0.9765411893071468,0.975609756097561,0.9634062580368031,0.9755825282265354,0.07021791487932205,0.04052030295133591,0.9615384615384616,0.9756097793579102,0.9760833857306529,0.03898296877741814,0.7665816048332571,0.7659574468085106,0.6481796529431779,0.7659574468085106,1.3694490194320679,0.1984671950340271,0.7419354838709677,0.7659574747085571,0.7665816048332571,0.41812950372695923,0.8678688769414576,0.8686868686868687,0.8027057284245869,0.8687508031770328,0.4113714098930359,0.0614655502140522,0.84375,0.868686854839325,0.8690845412156888,0.17884528636932373,,,,0.8888888955116272,0.8571428656578064,0.046257579522239384,0.5694915254237288,0.19082680344581604,4.8850857581328455e-08,3.520414537661054e-08,1.1444091796875e-05,3.814697265625e-06,0.0,0.0,0.0,0.0,0.868686854839325,,,,,,,,,0.24915504455566406,0.14559832215309143,0.0,0.10355672985315323,0.24100323021411896,0.2114737331867218,0.2952953577041626,3.3633303246460855e-05,0.4984983205795288,3.1553266048431396,1.2559658288955688,atlas_het,graphatlas_original,graphatlas,ov0.10_cross0.15,,certificate,1.0,full,none,False,dot,0,100,120,0,120,0.7659574747085571,64834,480,6540,0,15.441779375076294,cpu,0,,,,,,,,,,,,,,,,,,,,,,,,1.8666666746139526,0.8666666746139526,0.4997141659259796,0.6884870529174805,0.08531352877616882,0.4595595598220825,atlas_het__node_classification__graphatlas_original__split0__seed0__38b6f662fd92,38b6f662fd92,975d6eec98ed54f0
node_classification,accuracy,0.9756097793579102,0.7659574747085571,0.868686854839325,,,,,,,,,,,,0.9765411893071468,0.975609756097561,0.9634062580368031,0.9755825282265354,0.07021791487932205,0.04052030295133591,0.9615384615384616,0.9756097793579102,0.9760833857306529,0.03898296877741814,0.7665816048332571,0.7659574468085106,0.6481796529431779,0.7659574468085106,1.3694490194320679,0.1984671950340271,0.7419354838709677,0.7659574747085571,0.7665816048332571,0.41812950372695923,0.8678688769414576,0.8686868686868687,0.8027057284245869,0.8687508031770328,0.4113714098930359,0.0614655502140522,0.84375,0.868686854839325,0.8690845412156888,0.17884528636932373,,,,0.8888888955116272,0.8571428656578064,0.046257579522239384,0.5694915254237288,0.19082680344581604,4.8850857581328455e-08,3.520414537661054e-08,1.1444091796875e-05,3.814697265625e-06,0.0,0.0,0.0,0.0,0.868686854839325,,,,,,,,,0.24915504455566406,0.14559832215309143,0.0,0.10355672985315323,0.24100323021411896,0.2114737331867218,0.2952953577041626,3.3633303246460855e-05,0.4984983205795288,3.1553266048431396,1.2559658288955688,atlas_het,graphatlas_original,graphatlas,ov0.10_cross0.30,,certificate,1.0,full,none,False,dot,0,100,120,0,120,0.7659574747085571,64834,480,6540,0,15.41702651977539,cpu,0,,,,,,,,,,,,,,,,,,,,,,,,1.8666666746139526,0.8666666746139526,0.4997141659259796,0.6884870529174805,0.08531352877616882,0.4595595598220825,atlas_het__node_classification__graphatlas_original__split0__seed0__46d5f094f178,46d5f094f178,975d6eec98ed54f0
node_classification,accuracy,0.9756097793579102,0.7659574747085571,0.868686854839325,,,,,,,,,,,,0.9765411893071468,0.975609756097561,0.9634062580368031,0.9755825282265354,0.07021791487932205,0.04052030295133591,0.9615384615384616,0.9756097793579102,0.9760833857306529,0.03898296877741814,0.7665816048332571,0.7659574468085106,0.6481796529431779,0.7659574468085106,1.3694490194320679,0.1984671950340271,0.7419354838709677,0.7659574747085571,0.7665816048332571,0.41812950372695923,0.8678688769414576,0.8686868686868687,0.8027057284245869,0.8687508031770328,0.4113714098930359,0.0614655502140522,0.84375,0.868686854839325,0.8690845412156888,0.17884528636932373,,,,0.8888888955116272,0.8571428656578064,0.046257579522239384,0.5694915254237288,0.19082680344581604,4.8850857581328455e-08,3.520414537661054e-08,1.1444091796875e-05,3.814697265625e-06,0.0,0.0,0.0,0.0,0.868686854839325,,,,,,,,,0.24915504455566406,0.14559832215309143,0.0,0.10355672985315323,0.24100323021411896,0.2114737331867218,0.2952953577041626,3.3633303246460855e-05,0.4984983205795288,3.1553266048431396,1.2559658288955688,atlas_het,graphatlas_original,graphatlas,ov0.10_cross0.50,,certificate,1.0,full,none,False,dot,0,100,120,0,120,0.7659574747085571,64834,480,6540,0,15.523624181747437,cpu,0,,,,,,,,,,,,,,,,,,,,,,,,1.8666666746139526,0.8666666746139526,0.4997141659259796,0.6884870529174805,0.08531352877616882,0.4595595598220825,atlas_het__node_classification__graphatlas_original__split0__seed0__d5e3fc252743,d5e3fc252743,975d6eec98ed54f0
node_classification,accuracy,0.9651567935943604,0.7765957713127136,0.8585858345031738,,,,,,,,,,,,0.9662438625204582,0.9651567944250871,0.947995436955584,0.9650617223091146,0.0962769016623497,0.02006637305021286,0.9468085106382979,0.9651567935943604,0.9653349354447557,0.057495810091495514,0.7771270911034046,0.776595744680851,0.666328815130399,0.7763624268204519,1.1640524864196777,0.16996794939041138,0.7096774193548387,0.7765957713127136,0.776747880630538,0.3785656988620758,0.8594310035842293,0.8585858585858586,0.787883435582822,0.8582825943502672,0.4847968816757202,0.08860065042972565,0.8333333333333334,0.8585858345031738,0.8587724392388442,0.23541299998760223,,,,0.8703703880310059,0.8444444537162781,0.07423809771123342,0.5333333333333333,0.34265029430389404,5.554230853022091e-08,4.455885616039268e-08,9.5367431640625e-06,3.814697265625e-06,0.0,0.0,0.0,0.0,0.8585858345031738,,,,,,,,,0.17955493927001953,0.08092253655195236,0.0,0.09863239526748657,0.33810240030288696,0.30664172768592834,0.31460654735565186,0.0,0.6728062629699707,2.1788203716278076,0.6210355758666992,atlas_het,graphatlas_original,graphatlas,ov0.25_cross0.00,,certificate,1.0,full,none,False,dot,0,70,95,0,95,0.7765957713127136,64834,480,6540,0,12.409385204315186,cpu,0,,,,,,,,,,,,,,,,,,,,,,,,1.4020832777023315,0.4020833373069763,0.24332626163959503,0.6790663003921509,0.11087222397327423,0.5971376299858093,atlas_het__node_classification__graphatlas_original__split0__seed0__f40712e7f553,f40712e7f553,975d6eec98ed54f0
node_classification,accuracy,0.9651567935943604,0.7765957713127136,0.8585858345031738,,,,,,,,,,,,0.9662438625204582,0.9651567944250871,0.947995436955584,0.9650617223091146,0.0962769016623497,0.02006637305021286,0.9468085106382979,0.9651567935943604,0.9653349354447557,0.057495810091495514,0.7771270911034046,0.776595744680851,0.666328815130399,0.7763624268204519,1.1640524864196777,0.16996794939041138,0.7096774193548387,0.7765957713127136,0.776747880630538,0.3785656988620758,0.8594310035842293,0.8585858585858586,0.787883435582822,0.8582825943502672,0.4847968816757202,0.08860065042972565,0.8333333333333334,0.8585858345031738,0.8587724392388442,0.23541299998760223,,,,0.8703703880310059,0.8444444537162781,0.07423809771123342,0.5333333333333333,0.34265029430389404,5.554230853022091e-08,4.455885616039268e-08,9.5367431640625e-06,3.814697265625e-06,0.0,0.0,0.0,0.0,0.8585858345031738,,,,,,,,,0.17955493927001953,0.08092253655195236,0.0,0.09863239526748657,0.33810240030288696,0.30664172768592834,0.31460654735565186,0.0,0.6728062629699707,2.1788203716278076,0.6210355758666992,atlas_het,graphatlas_original,graphatlas,ov0.25_cross0.15,,certificate,1.0,full,none,False,dot,0,70,95,0,95,0.7765957713127136,64834,480,6540,0,12.200971126556396,cpu,0,,,,,,,,,,,,,,,,,,,,,,,,1.4020832777023315,0.4020833373069763,0.24332626163959503,0.6790663003921509,0.11087222397327423,0.5971376299858093,atlas_het__node_classification__graphatlas_original__split0__seed0__8c78592a6cf5,8c78592a6cf5,975d6eec98ed54f0
node_classification,accuracy,0.9651567935943604,0.7765957713127136,0.8585858345031738,,,,,,,,,,,,0.9662438625204582,0.9651567944250871,0.947995436955584,0.9650617223091146,0.0962769016623497,0.02006637305021286,0.9468085106382979,0.9651567935943604,0.9653349354447557,0.057495810091495514,0.7771270911034046,0.776595744680851,0.666328815130399,0.7763624268204519,1.1640524864196777,0.16996794939041138,0.7096774193548387,0.7765957713127136,0.776747880630538,0.3785656988620758,0.8594310035842293,0.8585858585858586,0.787883435582822,0.8582825943502672,0.4847968816757202,0.08860065042972565,0.8333333333333334,0.8585858345031738,0.8587724392388442,0.23541299998760223,,,,0.8703703880310059,0.8444444537162781,0.07423809771123342,0.5333333333333333,0.34265029430389404,5.554230853022091e-08,4.455885616039268e-08,9.5367431640625e-06,3.814697265625e-06,0.0,0.0,0.0,0.0,0.8585858345031738,,,,,,,,,0.17955493927001953,0.08092253655195236,0.0,0.09863239526748657,0.33810240030288696,0.30664172768592834,0.31460654735565186,0.0,0.6728062629699707,2.1788203716278076,0.6210355758666992,atlas_het,graphatlas_original,graphatlas,ov0.25_cross0.30,,certificate,1.0,full,none,False,dot,0,70,95,0,95,0.7765957713127136,64834,480,6540,0,12.292612314224243,cpu,0,,,,,,,,,,,,,,,,,,,,,,,,1.4020832777023315,0.4020833373069763,0.24332626163959503,0.6790663003921509,0.11087222397327423,0.5971376299858093,atlas_het__node_classification__graphatlas_original__split0__seed0__b74b03428ec0,b74b03428ec0,975d6eec98ed54f0
node_classification,accuracy,0.9651567935943604,0.7765957713127136,0.8585858345031738,,,,,,,,,,,,0.9662438625204582,0.9651567944250871,0.947995436955584,0.9650617223091146,0.0962769016623497,0.02006637305021286,0.9468085106382979,0.9651567935943604,0.9653349354447557,0.057495810091495514,0.7771270911034046,0.776595744680851,0.666328815130399,0.7763624268204519,1.1640524864196777,0.16996794939041138,0.7096774193548387,0.7765957713127136,0.776747880630538,0.3785656988620758,0.8594310035842293,0.8585858585858586,0.787883435582822,0.8582825943502672,0.4847968816757202,0.08860065042972565,0.8333333333333334,0.8585858345031738,0.8587724392388442,0.23541299998760223,,,,0.8703703880310059,0.8444444537162781,0.07423809771123342,0.5333333333333333,0.34265029430389404,5.554230853022091e-08,4.455885616039268e-08,9.5367431640625e-06,3.814697265625e-06,0.0,0.0,0.0,0.0,0.8585858345031738,,,,,,,,,0.17955493927001953,0.08092253655195236,0.0,0.09863239526748657,0.33810240030288696,0.30664172768592834,0.31460654735565186,0.0,0.6728062629699707,2.1788203716278076,0.6210355758666992,atlas_het,graphatlas_original,graphatlas,ov0.25_cross0.50,,certificate,1.0,full,none,False,dot,0,70,95,0,95,0.7765957713127136,64834,480,6540,0,12.328628778457642,cpu,0,,,,,,,,,,,,,,,,,,,,,,,,1.4020832777023315,0.4020833373069763,0.24332626163959503,0.6790663003921509,0.11087222397327423,0.5971376299858093,atlas_het__node_classification__graphatlas_original__split0__seed0__71196c824d2b,71196c824d2b,975d6eec98ed54f0
node_classification,accuracy,0.9686411023139954,0.7978723645210266,0.8585858345031738,,,,,,,,,,,,0.9695907427499586,0.9686411149825784,0.9530134031481157,0.968603597660888,0.10229916870594025,0.03233277425169945,0.9519230769230769,0.9686411023139954,0.9689342570789953,0.05737423151731491,0.7978909027459705,0.7978723404255319,0.6963769449269943,0.7980851655010552,0.9545988440513611,0.16993965208530426,0.7931034482758621,0.7978723645210266,0.7978169317185057,0.3633216619491577,0.8544653524492234,0.8585858585858586,0.7881253638745884,0.8577645305514158,0.37545156478881836,0.06974530220031738,0.8064516129032258,0.8585858345031738,0.8551924319877783,0.2032213658094406,,,,0.8441558480262756,0.9090909361839294,0.03739537764501801,0.7259684361549498,0.2902320623397827,8.731674228101838e-08,4.300234479615028e-08,8.58306884765625e-06,5.7220458984375e-06,0.0,0.0,0.0,0.0,0.8585858345031738,,,,,,,,,0.2811817526817322,0.18927371501922607,0.0,0.0919080451130867,0.26816055178642273,0.22556760907173157,0.4259292781352997,0.0,0.644798755645752,2.261281967163086,1.4870835542678833,atlas_het,graphatlas_original,graphatlas,ov0.40_cross0.00,,certificate,1.0,full,none,False,dot,0,60,85,0,85,0.7978723645210266,64834,480,6540,0,11.056270122528076,cpu,0,,,,,,,,,,,,,,,,,,,,,,,,1.5645833015441895,0.5645833611488342,0.31137171387672424,0.6761731505393982,0.07007168978452682,0.5098142027854919,atlas_het__node_classification__graphatlas_original__split0__seed0__6345e1b485d5,6345e1b485d5,975d6eec98ed54f0
node_classification,accuracy,0.9686411023139954,0.7978723645210266,0.8585858345031738,,,,,,,,,,,,0.9695907427499586,0.9686411149825784,0.9530134031481157,0.968603597660888,0.10229916870594025,0.03233277425169945,0.9519230769230769,0.9686411023139954,0.9689342570789953,0.05737423151731491,0.7978909027459705,0.7978723404255319,0.6963769449269943,0.7980851655010552,0.9545988440513611,0.16993965208530426,0.7931034482758621,0.7978723645210266,0.7978169317185057,0.3633216619491577,0.8544653524492234,0.8585858585858586,0.7881253638745884,0.8577645305514158,0.37545156478881836,0.06974530220031738,0.8064516129032258,0.8585858345031738,0.8551924319877783,0.2032213658094406,,,,0.8441558480262756,0.9090909361839294,0.03739537764501801,0.7259684361549498,0.2902320623397827,8.731674228101838e-08,4.300234479615028e-08,8.58306884765625e-06,5.7220458984375e-06,0.0,0.0,0.0,0.0,0.8585858345031738,,,,,,,,,0.2811817526817322,0.18927371501922607,0.0,0.0919080451130867,0.26816055178642273,0.22556760907173157,0.4259292781352997,0.0,0.644798755645752,2.261281967163086,1.4870835542678833,atlas_het,graphatlas_original,graphatlas,ov0.40_cross0.15,,certificate,1.0,full,none,False,dot,0,60,85,0,85,0.7978723645210266,64834,480,6540,0,11.09166169166565,cpu,0,,,,,,,,,,,,,,,,,,,,,,,,1.5645833015441895,0.5645833611488342,0.31137171387672424,0.6761731505393982,0.07007168978452682,0.5098142027854919,atlas_het__node_classification__graphatlas_original__split0__seed0__a130096015f7,a130096015f7,975d6eec98ed54f0
node_classification,accuracy,0.9686411023139954,0.7978723645210266,0.8585858345031738,,,,,,,,,,,,0.9695907427499586,0.9686411149825784,0.9530134031481157,0.968603597660888,0.10229916870594025,0.03233277425169945,0.9519230769230769,0.9686411023139954,0.9689342570789953,0.05737423151731491,0.7978909027459705,0.7978723404255319,0.6963769449269943,0.7980851655010552,0.9545988440513611,0.16993965208530426,0.7931034482758621,0.7978723645210266,0.7978169317185057,0.3633216619491577,0.8544653524492234,0.8585858585858586,0.7881253638745884,0.8577645305514158,0.37545156478881836,0.06974530220031738,0.8064516129032258,0.8585858345031738,0.8551924319877783,0.2032213658094406,,,,0.8441558480262756,0.9090909361839294,0.03739537764501801,0.7259684361549498,0.2902320623397827,8.731674228101838e-08,4.300234479615028e-08,8.58306884765625e-06,5.7220458984375e-06,0.0,0.0,0.0,0.0,0.8585858345031738,,,,,,,,,0.2811817526817322,0.18927371501922607,0.0,0.0919080451130867,0.26816055178642273,0.22556760907173157,0.4259292781352997,0.0,0.644798755645752,2.261281967163086,1.4870835542678833,atlas_het,graphatlas_original,graphatlas,ov0.40_cross0.30,,certificate,1.0,full,none,False,dot,0,60,85,0,85,0.7978723645210266,64834,480,6540,0,11.443419456481934,cpu,0,,,,,,,,,,,,,,,,,,,,,,,,1.5645833015441895,0.5645833611488342,0.31137171387672424,0.6761731505393982,0.07007168978452682,0.5098142027854919,atlas_het__node_classification__graphatlas_original__split0__seed0__2d9bd01567fa,2d9bd01567fa,975d6eec98ed54f0
node_classification,accuracy,0.9686411023139954,0.7978723645210266,0.8585858345031738,,,,,,,,,,,,0.9695907427499586,0.9686411149825784,0.9530134031481157,0.968603597660888,0.10229916870594025,0.03233277425169945,0.9519230769230769,0.9686411023139954,0.9689342570789953,0.05737423151731491,0.7978909027459705,0.7978723404255319,0.6963769449269943,0.7980851655010552,0.9545988440513611,0.16993965208530426,0.7931034482758621,0.7978723645210266,0.7978169317185057,0.3633216619491577,0.8544653524492234,0.8585858585858586,0.7881253638745884,0.8577645305514158,0.37545156478881836,0.06974530220031738,0.8064516129032258,0.8585858345031738,0.8551924319877783,0.2032213658094406,,,,0.8441558480262756,0.9090909361839294,0.03739537764501801,0.7259684361549498,0.2902320623397827,8.731674228101838e-08,4.300234479615028e-08,8.58306884765625e-06,5.7220458984375e-06,0.0,0.0,0.0,0.0,0.8585858345031738,,,,,,,,,0.2811817526817322,0.18927371501922607,0.0,0.0919080451130867,0.26816055178642273,0.22556760907173157,0.4259292781352997,0.0,0.644798755645752,2.261281967163086,1.4870835542678833,atlas_het,graphatlas_original,graphatlas,ov0.40_cross0.50,,certificate,1.0,full,none,False,dot,0,60,85,0,85,0.7978723645210266,64834,480,6540,0,11.19383192062378,cpu,0,,,,,,,,,,,,,,,,,,,,,,,,1.5645833015441895,0.5645833611488342,0.31137171387672424,0.6761731505393982,0.07007168978452682,0.5098142027854919,atlas_het__node_classification__graphatlas_original__split0__seed0__47e4e0c0ddab,47e4e0c0ddab,975d6eec98ed54f0
node_classification,accuracy,0.9616724848747253,0.7872340679168701,0.8888888955116272,,,,,,,,,,,,0.961900886984559,0.9616724738675958,0.9425435345711937,0.9616916344946961,0.08607381582260132,0.023041054606437683,0.9519230769230769,0.9616724848747253,0.9613317938530752,0.05169855058193207,0.7880869811773431,0.7872340425531915,0.6805509904122731,0.7872152041810422,0.9866845011711121,0.16348014771938324,0.7647058823529411,0.7872340679168701,0.7874106776124844,0.3612746298313141,0.8887022102747909,0.8888888888888888,0.8332056683735726,0.888934852315134,0.40219664573669434,0.0900997668504715,0.8709677419354839,0.8888888955116272,0.8882279616491339,0.18307830393314362,,,,0.8888888955116272,,0.009276302358047186,0.5542168674698795,0.2748323976993561,5.97426037529658e-08,3.502768919361188e-08,7.62939453125e-06,5.7220458984375e-06,0.0,0.0,0.0,0.0,0.8888888955116272,,,,,,,,,0.17645245790481567,0.13754597306251526,0.0,0.03890648111701012,0.20591865479946136,0.18115104734897614,0.2476760745048523,1.5679190710216062e-06,0.6269195079803467,2.419340133666992,0.4897167384624481,atlas_het,graphatlas_original,graphatlas,ov0.55_cross0.00,,certificate,1.0,full,none,False,dot,0,75,100,0,100,0.7872340679168701,64834,480,6540,0,13.065656900405884,cpu,0,,,,,,,,,,,,,,,,,,,,,,,,1.3833333253860474,0.38333332538604736,0.22853690385818481,0.6773695945739746,0.030690647661685944,0.551548182964325,atlas_het__node_classification__graphatlas_original__split0__seed0__9c2ad9400776,9c2ad9400776,975d6eec98ed54f0
node_classification,accuracy,0.9616724848747253,0.7872340679168701,0.8888888955116272,,,,,,,,,,,,0.961900886984559,0.9616724738675958,0.9425435345711937,0.9616916344946961,0.08607381582260132,0.023041054606437683,0.9519230769230769,0.9616724848747253,0.9613317938530752,0.05169855058193207,0.7880869811773431,0.7872340425531915,0.6805509904122731,0.7872152041810422,0.9866845011711121,0.16348014771938324,0.7647058823529411,0.7872340679168701,0.7874106776124844,0.3612746298313141,0.8887022102747909,0.8888888888888888,0.8332056683735726,0.888934852315134,0.40219664573669434,0.0900997668504715,0.8709677419354839,0.8888888955116272,0.8882279616491339,0.18307830393314362,,,,0.8888888955116272,,0.009276302358047186,0.5542168674698795,0.2748323976993561,5.97426037529658e-08,3.502768919361188e-08,7.62939453125e-06,5.7220458984375e-06,0.0,0.0,0.0,0.0,0.8888888955116272,,,,,,,,,0.17645245790481567,0.13754597306251526,0.0,0.03890648111701012,0.20591865479946136,0.18115104734897614,0.2476760745048523,1.5679190710216062e-06,0.6269195079803467,2.419340133666992,0.4897167384624481,atlas_het,graphatlas_original,graphatlas,ov0.55_cross0.15,,certificate,1.0,full,none,False,dot,0,75,100,0,100,0.7872340679168701,64834,480,6540,0,13.192281246185303,cpu,0,,,,,,,,,,,,,,,,,,,,,,,,1.3833333253860474,0.38333332538604736,0.22853690385818481,0.6773695945739746,0.030690647661685944,0.551548182964325,atlas_het__node_classification__graphatlas_original__split0__seed0__57ea466734b0,57ea466734b0,975d6eec98ed54f0
node_classification,accuracy,0.9616724848747253,0.7872340679168701,0.8888888955116272,,,,,,,,,,,,0.961900886984559,0.9616724738675958,0.9425435345711937,0.9616916344946961,0.08607381582260132,0.023041054606437683,0.9519230769230769,0.9616724848747253,0.9613317938530752,0.05169855058193207,0.7880869811773431,0.7872340425531915,0.6805509904122731,0.7872152041810422,0.9866845011711121,0.16348014771938324,0.7647058823529411,0.7872340679168701,0.7874106776124844,0.3612746298313141,0.8887022102747909,0.8888888888888888,0.8332056683735726,0.888934852315134,0.40219664573669434,0.0900997668504715,0.8709677419354839,0.8888888955116272,0.8882279616491339,0.18307830393314362,,,,0.8888888955116272,,0.009276302358047186,0.5542168674698795,0.2748323976993561,5.97426037529658e-08,3.502768919361188e-08,7.62939453125e-06,5.7220458984375e-06,0.0,0.0,0.0,0.0,0.8888888955116272,,,,,,,,,0.17645245790481567,0.13754597306251526,0.0,0.03890648111701012,0.20591865479946136,0.18115104734897614,0.2476760745048523,1.5679190710216062e-06,0.6269195079803467,2.419340133666992,0.4897167384624481,atlas_het,graphatlas_original,graphatlas,ov0.55_cross0.30,,certificate,1.0,full,none,False,dot,0,75,100,0,100,0.7872340679168701,64834,480,6540,0,13.120864868164062,cpu,0,,,,,,,,,,,,,,,,,,,,,,,,1.3833333253860474,0.38333332538604736,0.22853690385818481,0.6773695945739746,0.030690647661685944,0.551548182964325,atlas_het__node_classification__graphatlas_original__split0__seed0__e8a5072fe292,e8a5072fe292,975d6eec98ed54f0
node_classification,accuracy,0.9616724848747253,0.7872340679168701,0.8888888955116272,,,,,,,,,,,,0.961900886984559,0.9616724738675958,0.9425435345711937,0.9616916344946961,0.08607381582260132,0.023041054606437683,0.9519230769230769,0.9616724848747253,0.9613317938530752,0.05169855058193207,0.7880869811773431,0.7872340425531915,0.6805509904122731,0.7872152041810422,0.9866845011711121,0.16348014771938324,0.7647058823529411,0.7872340679168701,0.7874106776124844,0.3612746298313141,0.8887022102747909,0.8888888888888888,0.8332056683735726,0.888934852315134,0.40219664573669434,0.0900997668504715,0.8709677419354839,0.8888888955116272,0.8882279616491339,0.18307830393314362,,,,0.8888888955116272,,0.009276302358047186,0.5542168674698795,0.2748323976993561,5.97426037529658e-08,3.502768919361188e-08,7.62939453125e-06,5.7220458984375e-06,0.0,0.0,0.0,0.0,0.8888888955116272,,,,,,,,,0.17645245790481567,0.13754597306251526,0.0,0.03890648111701012,0.20591865479946136,0.18115104734897614,0.2476760745048523,1.5679190710216062e-06,0.6269195079803467,2.419340133666992,0.4897167384624481,atlas_het,graphatlas_original,graphatlas,ov0.55_cross0.50,,certificate,1.0,full,none,False,dot,0,75,100,0,100,0.7872340679168701,64834,480,6540,0,13.175782203674316,cpu,0,,,,,,,,,,,,,,,,,,,,,,,,1.3833333253860474,0.38333332538604736,0.22853690385818481,0.6773695945739746,0.030690647661685944,0.551548182964325,atlas_het__node_classification__graphatlas_original__split0__seed0__8fa35758361a,8fa35758361a,975d6eec98ed54f0
node_classification,accuracy,0.8606271743774414,0.8315789699554443,0.8163265585899353,,,,,,,,,,,,0.8582892772035825,0.8606271777003485,0.7914644498395819,0.8596796397044747,0.27297618985176086,0.02836841717362404,0.8160919540229885,0.8606271743774414,0.8588783709742623,0.1701735556125641,0.8300243817485198,0.8315789473684211,0.7471250293832505,0.83122054958783,0.5489778518676758,0.15858642756938934,0.7931034482758621,0.8315789699554443,0.8302426503664894,0.3075156509876251,0.8154401154401154,0.8163265306122449,0.727185556718623,0.8155458904873424,0.806829035282135,0.11873802542686462,0.7272727272727273,0.8163265585899353,0.8154462659380691,0.26209738850593567,,,,0.9024389982223511,0.7543859481811523,-0.03366720958632364,0.5526932084309133,0.24683928489685059,6.685881714929565e-08,5.1581189097760216e-08,5.7220458984375e-06,5.7220458984375e-06,0.0,0.0,0.0,0.0,0.8163265585899353,,,,,,,,,0.14508017897605896,0.10239472985267639,0.0,0.042685456573963165,0.20928864181041718,0.17578549683094025,0.3350313603878021,0.0,0.7305875420570374,1.731613278388977,1.0814396142959595,atlas_het,graphatlas_original,graphatlas,ov0.10_cross0.00,,certificate,1.0,full,none,False,dot,1,50,75,0,75,0.8315789699554443,64834,480,6456,0,10.071325540542603,cpu,0,,,,,,,,,,,,,,,,,,,,,,,,1.5166666507720947,0.5166666507720947,0.2753238379955292,0.6517903208732605,0.06639512628316879,0.7370597720146179,atlas_het__node_classification__graphatlas_original__split0__seed1__2b7afdc3fadf,2b7afdc3fadf,975d6eec98ed54f0
node_classification,accuracy,0.8606271743774414,0.8315789699554443,0.8163265585899353,,,,,,,,,,,,0.8582892772035825,0.8606271777003485,0.7914644498395819,0.8596796397044747,0.27297618985176086,0.02836841717362404,0.8160919540229885,0.8606271743774414,0.8588783709742623,0.1701735556125641,0.8300243817485198,0.8315789473684211,0.7471250293832505,0.83122054958783,0.5489778518676758,0.15858642756938934,0.7931034482758621,0.8315789699554443,0.8302426503664894,0.3075156509876251,0.8154401154401154,0.8163265306122449,0.727185556718623,0.8155458904873424,0.806829035282135,0.11873802542686462,0.7272727272727273,0.8163265585899353,0.8154462659380691,0.26209738850593567,,,,0.9024389982223511,0.7543859481811523,-0.03366720958632364,0.5526932084309133,0.24683928489685059,6.685881714929565e-08,5.1581189097760216e-08,5.7220458984375e-06,5.7220458984375e-06,0.0,0.0,0.0,0.0,0.8163265585899353,,,,,,,,,0.14508017897605896,0.10239472985267639,0.0,0.042685456573963165,0.20928864181041718,0.17578549683094025,0.3350313603878021,0.0,0.7305875420570374,1.731613278388977,1.0814396142959595,atlas_het,graphatlas_original,graphatlas,ov0.10_cross0.15,,certificate,1.0,full,none,False,dot,1,50,75,0,75,0.8315789699554443,64834,480,6456,0,9.761902332305908,cpu,0,,,,,,,,,,,,,,,,,,,,,,,,1.5166666507720947,0.5166666507720947,0.2753238379955292,0.6517903208732605,0.06639512628316879,0.7370597720146179,atlas_het__node_classification__graphatlas_original__split0__seed1__f94002233c13,f94002233c13,975d6eec98ed54f0
node_classification,accuracy,0.8606271743774414,0.8315789699554443,0.8163265585899353,,,,,,,,,,,,0.8582892772035825,0.8606271777003485,0.7914644498395819,0.8596796397044747,0.27297618985176086,0.02836841717362404,0.8160919540229885,0.8606271743774414,0.8588783709742623,0.1701735556125641,0.8300243817485198,0.8315789473684211,0.7471250293832505,0.83122054958783,0.5489778518676758,0.15858642756938934,0.7931034482758621,0.8315789699554443,0.8302426503664894,0.3075156509876251,0.8154401154401154,0.8163265306122449,0.727185556718623,0.8155458904873424,0.806829035282135,0.11873802542686462,0.7272727272727273,0.8163265585899353,0.8154462659380691,0.26209738850593567,,,,0.9024389982223511,0.7543859481811523,-0.03366720958632364,0.5526932084309133,0.24683928489685059,6.685881714929565e-08,5.1581189097760216e-08,5.7220458984375e-06,5.7220458984375e-06,0.0,0.0,0.0,0.0,0.8163265585899353,,,,,,,,,0.14508017897605896,0.10239472985267639,0.0,0.042685456573963165,0.20928864181041718,0.17578549683094025,0.3350313603878021,0.0,0.7305875420570374,1.731613278388977,1.0814396142959595,atlas_het,graphatlas_original,graphatlas,ov0.10_cross0.30,,certificate,1.0,full,none,False,dot,1,50,75,0,75,0.8315789699554443,64834,480,6456,0,10.277898073196411,cpu,0,,,,,,,,,,,,,,,,,,,,,,,,1.5166666507720947,0.5166666507720947,0.2753238379955292,0.6517903208732605,0.06639512628316879,0.7370597720146179,atlas_het__node_classification__graphatlas_original__split0__seed1__28548897127f,28548897127f,975d6eec98ed54f0
node_classification,accuracy,0.8606271743774414,0.8315789699554443,0.8163265585899353,,,,,,,,,,,,0.8582892772035825,0.8606271777003485,0.7914644498395819,0.8596796397044747,0.27297618985176086,0.02836841717362404,0.8160919540229885,0.8606271743774414,0.8588783709742623,0.1701735556125641,0.8300243817485198,0.8315789473684211,0.7471250293832505,0.83122054958783,0.5489778518676758,0.15858642756938934,0.7931034482758621,0.8315789699554443,0.8302426503664894,0.3075156509876251,0.8154401154401154,0.8163265306122449,0.727185556718623,0.8155458904873424,0.806829035282135,0.11873802542686462,0.7272727272727273,0.8163265585899353,0.8154462659380691,0.26209738850593567,,,,0.9024389982223511,0.7543859481811523,-0.03366720958632364,0.5526932084309133,0.24683928489685059,6.685881714929565e-08,5.1581189097760216e-08,5.7220458984375e-06,5.7220458984375e-06,0.0,0.0,0.0,0.0,0.8163265585899353,,,,,,,,,0.14508017897605896,0.10239472985267639,0.0,0.042685456573963165,0.20928864181041718,0.17578549683094025,0.3350313603878021,0.0,0.7305875420570374,1.731613278388977,1.0814396142959595,atlas_het,graphatlas_original,graphatlas,ov0.10_cross0.50,,certificate,1.0,full,none,False,dot,1,50,75,0,75,0.8315789699554443,64834,480,6456,0,9.779906988143921,cpu,0,,,,,,,,,,,,,,,,,,,,,,,,1.5166666507720947,0.5166666507720947,0.2753238379955292,0.6517903208732605,0.06639512628316879,0.7370597720146179,atlas_het__node_classification__graphatlas_original__split0__seed1__52be7308af83,52be7308af83,975d6eec98ed54f0
node_classification,accuracy,0.9790940880775452,0.8421052694320679,0.8061224222183228,,,,,,,,,,,,0.98006467313398,0.9790940766550522,0.968758724449175,0.9790513424620296,0.08125795423984528,0.0346054770052433,0.9603960396039604,0.9790940880775452,0.9792410663716344,0.04139797016978264,0.842911877394636,0.8421052631578947,0.763560901229174,0.8425438596491228,0.6416107416152954,0.10713054239749908,0.8181818181818182,0.8421052694320679,0.8421717171717172,0.2787993550300598,0.8064935064935065,0.8061224489795918,0.7140857866390097,0.8090834816921629,0.9076500535011292,0.11394199728965759,0.7575757575757576,0.8061224222183228,0.8062939881115158,0.2945331633090973,,,,0.7868852615356445,0.837837815284729,-0.03063303224948501,0.5298804780876494,0.31387805938720703,5.273273018246982e-08,4.755938931566561e-08,7.62939453125e-06,3.814697265625e-06,0.0,0.0,0.0,0.0,0.8061224222183228,,,,,,,,,0.19407989084720612,0.1267099529504776,0.0,0.06736993789672852,0.3569512367248535,0.3128143846988678,0.44136813282966614,6.44454630673863e-05,0.7224726676940918,1.9954023361206055,1.1363427639007568,atlas_het,graphatlas_original,graphatlas,ov0.25_cross0.00,,certificate,1.0,full,none,False,dot,1,95,120,0,120,0.8421052694320679,64834,480,6456,0,15.58621883392334,cpu,0,,,,,,,,,,,,,,,,,,,,,,,,1.4020832777023315,0.4020833373069763,0.2285461276769638,0.6700093746185303,0.07049291580915451,0.6906907558441162,atlas_het__node_classification__graphatlas_original__split0__seed1__25950a080dc7,25950a080dc7,975d6eec98ed54f0
node_classification,accuracy,0.9790940880775452,0.8421052694320679,0.8061224222183228,,,,,,,,,,,,0.98006467313398,0.9790940766550522,0.968758724449175,0.9790513424620296,0.08125795423984528,0.0346054770052433,0.9603960396039604,0.9790940880775452,0.9792410663716344,0.04139797016978264,0.842911877394636,0.8421052631578947,0.763560901229174,0.8425438596491228,0.6416107416152954,0.10713054239749908,0.8181818181818182,0.8421052694320679,0.8421717171717172,0.2787993550300598,0.8064935064935065,0.8061224489795918,0.7140857866390097,0.8090834816921629,0.9076500535011292,0.11394199728965759,0.7575757575757576,0.8061224222183228,0.8062939881115158,0.2945331633090973,,,,0.7868852615356445,0.837837815284729,-0.03063303224948501,0.5298804780876494,0.31387805938720703,5.273273018246982e-08,4.755938931566561e-08,7.62939453125e-06,3.814697265625e-06,0.0,0.0,0.0,0.0,0.8061224222183228,,,,,,,,,0.19407989084720612,0.1267099529504776,0.0,0.06736993789672852,0.3569512367248535,0.3128143846988678,0.44136813282966614,6.44454630673863e-05,0.7224726676940918,1.9954023361206055,1.1363427639007568,atlas_het,graphatlas_original,graphatlas,ov0.25_cross0.15,,certificate,1.0,full,none,False,dot,1,95,120,0,120,0.8421052694320679,64834,480,6456,0,15.446366310119629,cpu,0,,,,,,,,,,,,,,,,,,,,,,,,1.4020832777023315,0.4020833373069763,0.2285461276769638,0.6700093746185303,0.07049291580915451,0.6906907558441162,atlas_het__node_classification__graphatlas_original__split0__seed1__bee71f50e09f,bee71f50e09f,975d6eec98ed54f0
node_classification,accuracy,0.9790940880775452,0.8421052694320679,0.8061224222183228,,,,,,,,,,,,0.98006467313398,0.9790940766550522,0.968758724449175,0.9790513424620296,0.08125795423984528,0.0346054770052433,0.9603960396039604,0.9790940880775452,0.9792410663716344,0.04139797016978264,0.842911877394636,0.8421052631578947,0.763560901229174,0.8425438596491228,0.6416107416152954,0.10713054239749908,0.8181818181818182,0.8421052694320679,0.8421717171717172,0.2787993550300598,0.8064935064935065,0.8061224489795918,0.7140857866390097,0.8090834816921629,0.9076500535011292,0.11394199728965759,0.7575757575757576,0.8061224222183228,0.8062939881115158,0.2945331633090973,,,,0.7868852615356445,0.837837815284729,-0.03063303224948501,0.5298804780876494,0.31387805938720703,5.273273018246982e-08,4.755938931566561e-08,7.62939453125e-06,3.814697265625e-06,0.0,0.0,0.0,0.0,0.8061224222183228,,,,,,,,,0.19407989084720612,0.1267099529504776,0.0,0.06736993789672852,0.3569512367248535,0.3128143846988678,0.44136813282966614,6.44454630673863e-05,0.7224726676940918,1.9954023361206055,1.1363427639007568,atlas_het,graphatlas_original,graphatlas,ov0.25_cross0.30,,certificate,1.0,full,none,False,dot,1,95,120,0,120,0.8421052694320679,64834,480,6456,0,15.477188348770142,cpu,0,,,,,,,,,,,,,,,,,,,,,,,,1.4020832777023315,0.4020833373069763,0.2285461276769638,0.6700093746185303,0.07049291580915451,0.6906907558441162,atlas_het__node_classification__graphatlas_original__split0__seed1__ff0a6f1e4949,ff0a6f1e4949,975d6eec98ed54f0
node_classification,accuracy,0.9790940880775452,0.8421052694320679,0.8061224222183228,,,,,,,,,,,,0.98006467313398,0.9790940766550522,0.968758724449175,0.9790513424620296,0.08125795423984528,0.0346054770052433,0.9603960396039604,0.9790940880775452,0.9792410663716344,0.04139797016978264,0.842911877394636,0.8421052631578947,0.763560901229174,0.8425438596491228,0.6416107416152954,0.10713054239749908,0.8181818181818182,0.8421052694320679,0.8421717171717172,0.2787993550300598,0.8064935064935065,0.8061224489795918,0.7140857866390097,0.8090834816921629,0.9076500535011292,0.11394199728965759,0.7575757575757576,0.8061224222183228,0.8062939881115158,0.2945331633090973,,,,0.7868852615356445,0.837837815284729,-0.03063303224948501,0.5298804780876494,0.31387805938720703,5.273273018246982e-08,4.755938931566561e-08,7.62939453125e-06,3.814697265625e-06,0.0,0.0,0.0,0.0,0.8061224222183228,,,,,,,,,0.19407989084720612,0.1267099529504776,0.0,0.06736993789672852,0.3569512367248535,0.3128143846988678,0.44136813282966614,6.44454630673863e-05,0.7224726676940918,1.9954023361206055,1.1363427639007568,atlas_het,graphatlas_original,graphatlas,ov0.25_cross0.50,,certificate,1.0,full,none,False,dot,1,95,120,0,120,0.8421052694320679,64834,480,6456,0,15.540480375289917,cpu,0,,,,,,,,,,,,,,,,,,,,,,,,1.4020832777023315,0.4020833373069763,0.2285461276769638,0.6700093746185303,0.07049291580915451,0.6906907558441162,atlas_het__node_classification__graphatlas_original__split0__seed1__f5abe1ef026b,f5abe1ef026b,975d6eec98ed54f0
node_classification,accuracy,0.9825783967971802,0.8421052694320679,0.8469387888908386,,,,,,,,,,,,0.9813739994689125,0.9825783972125436,0.974019110635889,0.9825506589029209,0.04237094148993492,0.018451696261763573,0.9540229885057471,0.9825783967971802,0.9823517395682382,0.023180169984698296,0.842911877394636,0.8421052631578947,0.7639534789082474,0.8426127819548873,0.5399982333183289,0.09981594979763031,0.7878787878787878,0.8421052694320679,0.8446428571428571,0.24706093966960907,0.8467532467532468,0.8469387755102041,0.772429716493987,0.8472647060385433,1.0946234464645386,0.11973051726818085,0.7878787878787878,0.8469387888908386,0.8463223176337932,0.2424963414669037,,,,0.8395061492919922,0.8823529481887817,-0.027176991407028287,0.7116736990154712,0.2783185541629791,4.1184694765661334e-08,2.9191150829888102e-08,1.1444091796875e-05,1.1444091796875e-05,0.0,0.0,0.0,0.0,0.8469387888908386,,,,,,,,,0.2568156123161316,0.18237623572349548,0.0,0.0744393914937973,0.3443067669868469,0.2970270812511444,0.4727969467639923,0.0,0.7218294739723206,1.7419538497924805,1.0718153715133667,atlas_het,graphatlas_original,graphatlas,ov0.40_cross0.00,,certificate,1.0,full,none,False,dot,1,100,120,0,120,0.8421052694320679,64834,480,6456,0,15.510855197906494,cpu,0,,,,,,,,,,,,,,,,,,,,,,,,1.5708333253860474,0.5708333253860474,0.3291684091091156,0.6877256631851196,0.11125466227531433,0.599514901638031,atlas_het__node_classification__graphatlas_original__split0__seed1__283e515251d2,283e515251d2,975d6eec98ed54f0
node_classification,accuracy,0.9825783967971802,0.8421052694320679,0.8469387888908386,,,,,,,,,,,,0.9813739994689125,0.9825783972125436,0.974019110635889,0.9825506589029209,0.04237094148993492,0.018451696261763573,0.9540229885057471,0.9825783967971802,0.9823517395682382,0.023180169984698296,0.842911877394636,0.8421052631578947,0.7639534789082474,0.8426127819548873,0.5399982333183289,0.09981594979763031,0.7878787878787878,0.8421052694320679,0.8446428571428571,0.24706093966960907,0.8467532467532468,0.8469387755102041,0.772429716493987,0.8472647060385433,1.0946234464645386,0.11973051726818085,0.7878787878787878,0.8469387888908386,0.8463223176337932,0.2424963414669037,,,,0.8395061492919922,0.8823529481887817,-0.027176991407028287,0.7116736990154712,0.2783185541629791,4.1184694765661334e-08,2.9191150829888102e-08,1.1444091796875e-05,1.1444091796875e-05,0.0,0.0,0.0,0.0,0.8469387888908386,,,,,,,,,0.2568156123161316,0.18237623572349548,0.0,0.0744393914937973,0.3443067669868469,0.2970270812511444,0.4727969467639923,0.0,0.7218294739723206,1.7419538497924805,1.0718153715133667,atlas_het,graphatlas_original,graphatlas,ov0.40_cross0.15,,certificate,1.0,full,none,False,dot,1,100,120,0,120,0.8421052694320679,64834,480,6456,0,15.624934434890747,cpu,0,,,,,,,,,,,,,,,,,,,,,,,,1.5708333253860474,0.5708333253860474,0.3291684091091156,0.6877256631851196,0.11125466227531433,0.599514901638031,atlas_het__node_classification__graphatlas_original__split0__seed1__5de56e89da59,5de56e89da59,975d6eec98ed54f0
node_classification,accuracy,0.9825783967971802,0.8421052694320679,0.8469387888908386,,,,,,,,,,,,0.9813739994689125,0.9825783972125436,0.974019110635889,0.9825506589029209,0.04237094148993492,0.018451696261763573,0.9540229885057471,0.9825783967971802,0.9823517395682382,0.023180169984698296,0.842911877394636,0.8421052631578947,0.7639534789082474,0.8426127819548873,0.5399982333183289,0.09981594979763031,0.7878787878787878,0.8421052694320679,0.8446428571428571,0.24706093966960907,0.8467532467532468,0.8469387755102041,0.772429716493987,0.8472647060385433,1.0946234464645386,0.11973051726818085,0.7878787878787878,0.8469387888908386,0.8463223176337932,0.2424963414669037,,,,0.8395061492919922,0.8823529481887817,-0.027176991407028287,0.7116736990154712,0.2783185541629791,4.1184694765661334e-08,2.9191150829888102e-08,1.1444091796875e-05,1.1444091796875e-05,0.0,0.0,0.0,0.0,0.8469387888908386,,,,,,,,,0.2568156123161316,0.18237623572349548,0.0,0.0744393914937973,0.3443067669868469,0.2970270812511444,0.4727969467639923,0.0,0.7218294739723206,1.7419538497924805,1.0718153715133667,atlas_het,graphatlas_original,graphatlas,ov0.40_cross0.30,,certificate,1.0,full,none,False,dot,1,100,120,0,120,0.8421052694320679,64834,480,6456,0,16.041993856430054,cpu,0,,,,,,,,,,,,,,,,,,,,,,,,1.5708333253860474,0.5708333253860474,0.3291684091091156,0.6877256631851196,0.11125466227531433,0.599514901638031,atlas_het__node_classification__graphatlas_original__split0__seed1__7c5818f059d5,7c5818f059d5,975d6eec98ed54f0
node_classification,accuracy,0.9825783967971802,0.8421052694320679,0.8469387888908386,,,,,,,,,,,,0.9813739994689125,0.9825783972125436,0.974019110635889,0.9825506589029209,0.04237094148993492,0.018451696261763573,0.9540229885057471,0.9825783967971802,0.9823517395682382,0.023180169984698296,0.842911877394636,0.8421052631578947,0.7639534789082474,0.8426127819548873,0.5399982333183289,0.09981594979763031,0.7878787878787878,0.8421052694320679,0.8446428571428571,0.24706093966960907,0.8467532467532468,0.8469387755102041,0.772429716493987,0.8472647060385433,1.0946234464645386,0.11973051726818085,0.7878787878787878,0.8469387888908386,0.8463223176337932,0.2424963414669037,,,,0.8395061492919922,0.8823529481887817,-0.027176991407028287,0.7116736990154712,0.2783185541629791,4.1184694765661334e-08,2.9191150829888102e-08,1.1444091796875e-05,1.1444091796875e-05,0.0,0.0,0.0,0.0,0.8469387888908386,,,,,,,,,0.2568156123161316,0.18237623572349548,0.0,0.0744393914937973,0.3443067669868469,0.2970270812511444,0.4727969467639923,0.0,0.7218294739723206,1.7419538497924805,1.0718153715133667,atlas_het,graphatlas_original,graphatlas,ov0.40_cross0.50,,certificate,1.0,full,none,False,dot,1,100,120,0,120,0.8421052694320679,64834,480,6456,0,15.730723857879639,cpu,0,,,,,,,,,,,,,,,,,,,,,,,,1.5708333253860474,0.5708333253860474,0.3291684091091156,0.6877256631851196,0.11125466227531433,0.599514901638031,atlas_het__node_classification__graphatlas_original__split0__seed1__7e559667e546,7e559667e546,975d6eec98ed54f0
node_classification,accuracy,0.9442508816719055,0.8421052694320679,0.8367347121238708,,,,,,,,,,,,0.9426793254038047,0.9442508710801394,0.9164590641382854,0.9441751131546402,0.14270691573619843,0.04118425026535988,0.9080459770114943,0.9442508816719055,0.9437234422133441,0.08510258048772812,0.8415186346220828,0.8421052631578947,0.7652633312583306,0.8419557466324172,0.493341863155365,0.08674401044845581,0.7878787878787878,0.8421052694320679,0.8419617877041535,0.22750422358512878,0.8356421356421356,0.8367346938775511,0.756968516800049,0.8379073403554971,0.9524146914482117,0.12610644102096558,0.7878787878787878,0.8367347121238708,0.8352246543778802,0.26958224177360535,,,,0.8367347121238708,,-0.028760437522629096,0.7580853816300129,0.35080069303512573,6.117479500744594e-08,6.24606784072057e-08,7.62939453125e-06,4.76837158203125e-06,0.0,0.0,0.0,0.0,0.8367347121238708,,,,,,,,,0.34302574396133423,0.2672767639160156,0.0,0.0757489949464798,0.32143089175224304,0.26758474111557007,0.538461446762085,0.0,0.664139449596405,2.1471943855285645,1.1146180629730225,atlas_het,graphatlas_original,graphatlas,ov0.55_cross0.00,,certificate,1.0,full,none,False,dot,1,65,90,0,90,0.8421052694320679,64834,480,6456,0,11.980236530303955,cpu,0,,,,,,,,,,,,,,,,,,,,,,,,1.6104166507720947,0.6104166507720947,0.35045325756073,0.6866500377655029,0.13120035827159882,0.6533545255661011,atlas_het__node_classification__graphatlas_original__split0__seed1__714e23634cfc,714e23634cfc,975d6eec98ed54f0
node_classification,accuracy,0.9442508816719055,0.8421052694320679,0.8367347121238708,,,,,,,,,,,,0.9426793254038047,0.9442508710801394,0.9164590641382854,0.9441751131546402,0.14270691573619843,0.04118425026535988,0.9080459770114943,0.9442508816719055,0.9437234422133441,0.08510258048772812,0.8415186346220828,0.8421052631578947,0.7652633312583306,0.8419557466324172,0.493341863155365,0.08674401044845581,0.7878787878787878,0.8421052694320679,0.8419617877041535,0.22750422358512878,0.8356421356421356,0.8367346938775511,0.756968516800049,0.8379073403554971,0.9524146914482117,0.12610644102096558,0.7878787878787878,0.8367347121238708,0.8352246543778802,0.26958224177360535,,,,0.8367347121238708,,-0.028760437522629096,0.7580853816300129,0.35080069303512573,6.117479500744594e-08,6.24606784072057e-08,7.62939453125e-06,4.76837158203125e-06,0.0,0.0,0.0,0.0,0.8367347121238708,,,,,,,,,0.34302574396133423,0.2672767639160156,0.0,0.0757489949464798,0.32143089175224304,0.26758474111557007,0.538461446762085,0.0,0.664139449596405,2.1471943855285645,1.1146180629730225,atlas_het,graphatlas_original,graphatlas,ov0.55_cross0.15,,certificate,1.0,full,none,False,dot,1,65,90,0,90,0.8421052694320679,64834,480,6456,0,11.952651262283325,cpu,0,,,,,,,,,,,,,,,,,,,,,,,,1.6104166507720947,0.6104166507720947,0.35045325756073,0.6866500377655029,0.13120035827159882,0.6533545255661011,atlas_het__node_classification__graphatlas_original__split0__seed1__65bf4def1438,65bf4def1438,975d6eec98ed54f0
node_classification,accuracy,0.9442508816719055,0.8421052694320679,0.8367347121238708,,,,,,,,,,,,0.9426793254038047,0.9442508710801394,0.9164590641382854,0.9441751131546402,0.14270691573619843,0.04118425026535988,0.9080459770114943,0.9442508816719055,0.9437234422133441,0.08510258048772812,0.8415186346220828,0.8421052631578947,0.7652633312583306,0.8419557466324172,0.493341863155365,0.08674401044845581,0.7878787878787878,0.8421052694320679,0.8419617877041535,0.22750422358512878,0.8356421356421356,0.8367346938775511,0.756968516800049,0.8379073403554971,0.9524146914482117,0.12610644102096558,0.7878787878787878,0.8367347121238708,0.8352246543778802,0.26958224177360535,,,,0.8367347121238708,,-0.028760437522629096,0.7580853816300129,0.35080069303512573,6.117479500744594e-08,6.24606784072057e-08,7.62939453125e-06,4.76837158203125e-06,0.0,0.0,0.0,0.0,0.8367347121238708,,,,,,,,,0.34302574396133423,0.2672767639160156,0.0,0.0757489949464798,0.32143089175224304,0.26758474111557007,0.538461446762085,0.0,0.664139449596405,2.1471943855285645,1.1146180629730225,atlas_het,graphatlas_original,graphatlas,ov0.55_cross0.30,,certificate,1.0,full,none,False,dot,1,65,90,0,90,0.8421052694320679,64834,480,6456,0,11.935704469680786,cpu,0,,,,,,,,,,,,,,,,,,,,,,,,1.6104166507720947,0.6104166507720947,0.35045325756073,0.6866500377655029,0.13120035827159882,0.6533545255661011,atlas_het__node_classification__graphatlas_original__split0__seed1__7dada0782e23,7dada0782e23,975d6eec98ed54f0
node_classification,accuracy,0.9442508816719055,0.8421052694320679,0.8367347121238708,,,,,,,,,,,,0.9426793254038047,0.9442508710801394,0.9164590641382854,0.9441751131546402,0.14270691573619843,0.04118425026535988,0.9080459770114943,0.9442508816719055,0.9437234422133441,0.08510258048772812,0.8415186346220828,0.8421052631578947,0.7652633312583306,0.8419557466324172,0.493341863155365,0.08674401044845581,0.7878787878787878,0.8421052694320679,0.8419617877041535,0.22750422358512878,0.8356421356421356,0.8367346938775511,0.756968516800049,0.8379073403554971,0.9524146914482117,0.12610644102096558,0.7878787878787878,0.8367347121238708,0.8352246543778802,0.26958224177360535,,,,0.8367347121238708,,-0.028760437522629096,0.7580853816300129,0.35080069303512573,6.117479500744594e-08,6.24606784072057e-08,7.62939453125e-06,4.76837158203125e-06,0.0,0.0,0.0,0.0,0.8367347121238708,,,,,,,,,0.34302574396133423,0.2672767639160156,0.0,0.0757489949464798,0.32143089175224304,0.26758474111557007,0.538461446762085,0.0,0.664139449596405,2.1471943855285645,1.1146180629730225,atlas_het,graphatlas_original,graphatlas,ov0.55_cross0.50,,certificate,1.0,full,none,False,dot,1,65,90,0,90,0.8421052694320679,64834,480,6456,0,11.825402021408081,cpu,0,,,,,,,,,,,,,,,,,,,,,,,,1.6104166507720947,0.6104166507720947,0.35045325756073,0.6866500377655029,0.13120035827159882,0.6533545255661011,atlas_het__node_classification__graphatlas_original__split0__seed1__eb1293979277,eb1293979277,975d6eec98ed54f0
node_classification,accuracy,0.9616724848747253,0.8526315689086914,0.795918345451355,,,,,,,,,,,,0.9613134069622852,0.9616724738675958,0.9428801200022482,0.961616694439036,0.11288689821958542,0.04441751912236214,0.9278350515463918,0.9616724848747253,0.9610042965099064,0.0621856264770031,0.8512297160243407,0.8526315789473684,0.7794313977632049,0.8532659286174337,1.7159589529037476,0.14650565385818481,0.8275862068965517,0.8526315689086914,0.8526341770237025,0.27957186102867126,0.7906204906204906,0.7959183673469388,0.6972313782987684,0.7941923667730119,0.9794678688049316,0.14889228343963623,0.7,0.795918345451355,0.7923214778053488,0.34640371799468994,,,,0.761904776096344,0.8214285969734192,0.06240611777159806,0.6213592233009708,0.10262203961610794,6.051312340105142e-08,6.236066951714747e-08,1.1444091796875e-05,1.1444091796875e-05,0.0,0.0,0.0,0.0,0.795918345451355,,,,,,,,,0.23641562461853027,0.17204883694648743,0.0,0.06436678022146225,0.18539199233055115,0.1472562551498413,0.3813573718070984,1.554210200538364e-07,0.5417060852050781,2.679265260696411,0.9447951912879944,atlas_het,graphatlas_original,graphatlas,ov0.10_cross0.00,,certificate,1.0,full,none,False,dot,2,85,110,0,110,0.8526315689086914,64834,480,6506,0,14.455997705459595,cpu,0,,,,,,,,,,,,,,,,,,,,,,,,1.6895833015441895,0.6895833611488342,0.4067290723323822,0.6900634765625,0.1478247046470642,0.4443635642528534,atlas_het__node_classification__graphatlas_original__split0__seed2__3c01f379a5c1,3c01f379a5c1,975d6eec98ed54f0
node_classification,accuracy,0.9616724848747253,0.8526315689086914,0.795918345451355,,,,,,,,,,,,0.9613134069622852,0.9616724738675958,0.9428801200022482,0.961616694439036,0.11288689821958542,0.04441751912236214,0.9278350515463918,0.9616724848747253,0.9610042965099064,0.0621856264770031,0.8512297160243407,0.8526315789473684,0.7794313977632049,0.8532659286174337,1.7159589529037476,0.14650565385818481,0.8275862068965517,0.8526315689086914,0.8526341770237025,0.27957186102867126,0.7906204906204906,0.7959183673469388,0.6972313782987684,0.7941923667730119,0.9794678688049316,0.14889228343963623,0.7,0.795918345451355,0.7923214778053488,0.34640371799468994,,,,0.761904776096344,0.8214285969734192,0.06240611777159806,0.6213592233009708,0.10262203961610794,6.051312340105142e-08,6.236066951714747e-08,1.1444091796875e-05,1.1444091796875e-05,0.0,0.0,0.0,0.0,0.795918345451355,,,,,,,,,0.23641562461853027,0.17204883694648743,0.0,0.06436678022146225,0.18539199233055115,0.1472562551498413,0.3813573718070984,1.554210200538364e-07,0.5417060852050781,2.679265260696411,0.9447951912879944,atlas_het,graphatlas_original,graphatlas,ov0.10_cross0.15,,certificate,1.0,full,none,False,dot,2,85,110,0,110,0.8526315689086914,64834,480,6506,0,14.260910272598267,cpu,0,,,,,,,,,,,,,,,,,,,,,,,,1.6895833015441895,0.6895833611488342,0.4067290723323822,0.6900634765625,0.1478247046470642,0.4443635642528534,atlas_het__node_classification__graphatlas_original__split0__seed2__dab744410be8,dab744410be8,975d6eec98ed54f0
node_classification,accuracy,0.9616724848747253,0.8526315689086914,0.795918345451355,,,,,,,,,,,,0.9613134069622852,0.9616724738675958,0.9428801200022482,0.961616694439036,0.11288689821958542,0.04441751912236214,0.9278350515463918,0.9616724848747253,0.9610042965099064,0.0621856264770031,0.8512297160243407,0.8526315789473684,0.7794313977632049,0.8532659286174337,1.7159589529037476,0.14650565385818481,0.8275862068965517,0.8526315689086914,0.8526341770237025,0.27957186102867126,0.7906204906204906,0.7959183673469388,0.6972313782987684,0.7941923667730119,0.9794678688049316,0.14889228343963623,0.7,0.795918345451355,0.7923214778053488,0.34640371799468994,,,,0.761904776096344,0.8214285969734192,0.06240611777159806,0.6213592233009708,0.10262203961610794,6.051312340105142e-08,6.236066951714747e-08,1.1444091796875e-05,1.1444091796875e-05,0.0,0.0,0.0,0.0,0.795918345451355,,,,,,,,,0.23641562461853027,0.17204883694648743,0.0,0.06436678022146225,0.18539199233055115,0.1472562551498413,0.3813573718070984,1.554210200538364e-07,0.5417060852050781,2.679265260696411,0.9447951912879944,atlas_het,graphatlas_original,graphatlas,ov0.10_cross0.30,,certificate,1.0,full,none,False,dot,2,85,110,0,110,0.8526315689086914,64834,480,6506,0,14.276530981063843,cpu,0,,,,,,,,,,,,,,,,,,,,,,,,1.6895833015441895,0.6895833611488342,0.4067290723323822,0.6900634765625,0.1478247046470642,0.4443635642528534,atlas_het__node_classification__graphatlas_original__split0__seed2__5c1b34abc66f,5c1b34abc66f,975d6eec98ed54f0
node_classification,accuracy,0.9616724848747253,0.8526315689086914,0.795918345451355,,,,,,,,,,,,0.9613134069622852,0.9616724738675958,0.9428801200022482,0.961616694439036,0.11288689821958542,0.04441751912236214,0.9278350515463918,0.9616724848747253,0.9610042965099064,0.0621856264770031,0.8512297160243407,0.8526315789473684,0.7794313977632049,0.8532659286174337,1.7159589529037476,0.14650565385818481,0.8275862068965517,0.8526315689086914,0.8526341770237025,0.27957186102867126,0.7906204906204906,0.7959183673469388,0.6972313782987684,0.7941923667730119,0.9794678688049316,0.14889228343963623,0.7,0.795918345451355,0.7923214778053488,0.34640371799468994,,,,0.761904776096344,0.8214285969734192,0.06240611777159806,0.6213592233009708,0.10262203961610794,6.051312340105142e-08,6.236066951714747e-08,1.1444091796875e-05,1.1444091796875e-05,0.0,0.0,0.0,0.0,0.795918345451355,,,,,,,,,0.23641562461853027,0.17204883694648743,0.0,0.06436678022146225,0.18539199233055115,0.1472562551498413,0.3813573718070984,1.554210200538364e-07,0.5417060852050781,2.679265260696411,0.9447951912879944,atlas_het,graphatlas_original,graphatlas,ov0.10_cross0.50,,certificate,1.0,full,none,False,dot,2,85,110,0,110,0.8526315689086914,64834,480,6506,0,14.261463642120361,cpu,0,,,,,,,,,,,,,,,,,,,,,,,,1.6895833015441895,0.6895833611488342,0.4067290723323822,0.6900634765625,0.1478247046470642,0.4443635642528534,atlas_het__node_classification__graphatlas_original__split0__seed2__8fd5c6232c54,8fd5c6232c54,975d6eec98ed54f0
node_classification,accuracy,0.9024389982223511,0.8105263113975525,0.7755101919174194,,,,,,,,,,,,0.9038903283900251,0.9024390243902439,0.8548675472524265,0.9021000094170826,0.21941439807415009,0.04329096898436546,0.845360824742268,0.9024389982223511,0.9021197668256491,0.13096219301223755,0.8083375591615957,0.8105263157894737,0.7231033143088967,0.8071662409612549,1.3076955080032349,0.14526966214179993,0.65625,0.8105263113975525,0.807758031442242,0.33931198716163635,0.7725829725829726,0.7755102040816326,0.6661870007098182,0.7759478835844865,0.9162298440933228,0.1468634456396103,0.7272727272727273,0.7755101919174194,0.7763795344440506,0.3632141053676605,,,,0.7540983557701111,0.8108108043670654,0.03278604285456323,0.6431718061674009,0.07863344252109528,7.308295124630604e-08,7.823662429018441e-08,7.62939453125e-06,7.62939453125e-06,0.0,0.0,0.0,0.0,0.7755101919174194,,,,,,,,,0.1463679075241089,0.08187566697597504,0.0,0.06449224054813385,0.21274864673614502,0.16228364408016205,0.5046501159667969,0.0,0.48034557700157166,2.873800039291382,0.6948916912078857,atlas_het,graphatlas_original,graphatlas,ov0.25_cross0.00,,certificate,1.0,full,none,False,dot,2,55,80,0,80,0.8105263113975525,64834,480,6506,0,10.476614475250244,cpu,0,,,,,,,,,,,,,,,,,,,,,,,,1.7645833492279053,0.7645833492279053,0.43632906675338745,0.6880769729614258,0.016926826909184456,0.5587797164916992,atlas_het__node_classification__graphatlas_original__split0__seed2__9d41d67ae628,9d41d67ae628,975d6eec98ed54f0
node_classification,accuracy,0.9024389982223511,0.8105263113975525,0.7755101919174194,,,,,,,,,,,,0.9038903283900251,0.9024390243902439,0.8548675472524265,0.9021000094170826,0.21941439807415009,0.04329096898436546,0.845360824742268,0.9024389982223511,0.9021197668256491,0.13096219301223755,0.8083375591615957,0.8105263157894737,0.7231033143088967,0.8071662409612549,1.3076955080032349,0.14526966214179993,0.65625,0.8105263113975525,0.807758031442242,0.33931198716163635,0.7725829725829726,0.7755102040816326,0.6661870007098182,0.7759478835844865,0.9162298440933228,0.1468634456396103,0.7272727272727273,0.7755101919174194,0.7763795344440506,0.3632141053676605,,,,0.7540983557701111,0.8108108043670654,0.03278604285456323,0.6431718061674009,0.07863344252109528,7.308295124630604e-08,7.823662429018441e-08,7.62939453125e-06,7.62939453125e-06,0.0,0.0,0.0,0.0,0.7755101919174194,,,,,,,,,0.1463679075241089,0.08187566697597504,0.0,0.06449224054813385,0.21274864673614502,0.16228364408016205,0.5046501159667969,0.0,0.48034557700157166,2.873800039291382,0.6948916912078857,atlas_het,graphatlas_original,graphatlas,ov0.25_cross0.15,,certificate,1.0,full,none,False,dot,2,55,80,0,80,0.8105263113975525,64834,480,6506,0,10.353752613067627,cpu,0,,,,,,,,,,,,,,,,,,,,,,,,1.7645833492279053,0.7645833492279053,0.43632906675338745,0.6880769729614258,0.016926826909184456,0.5587797164916992,atlas_het__node_classification__graphatlas_original__split0__seed2__0cea34f6a7d9,0cea34f6a7d9,975d6eec98ed54f0
node_classification,accuracy,0.9024389982223511,0.8105263113975525,0.7755101919174194,,,,,,,,,,,,0.9038903283900251,0.9024390243902439,0.8548675472524265,0.9021000094170826,0.21941439807415009,0.04329096898436546,0.845360824742268,0.9024389982223511,0.9021197668256491,0.13096219301223755,0.8083375591615957,0.8105263157894737,0.7231033143088967,0.8071662409612549,1.3076955080032349,0.14526966214179993,0.65625,0.8105263113975525,0.807758031442242,0.33931198716163635,0.7725829725829726,0.7755102040816326,0.6661870007098182,0.7759478835844865,0.9162298440933228,0.1468634456396103,0.7272727272727273,0.7755101919174194,0.7763795344440506,0.3632141053676605,,,,0.7540983557701111,0.8108108043670654,0.03278604285456323,0.6431718061674009,0.07863344252109528,7.308295124630604e-08,7.823662429018441e-08,7.62939453125e-06,7.62939453125e-06,0.0,0.0,0.0,0.0,0.7755101919174194,,,,,,,,,0.1463679075241089,0.08187566697597504,0.0,0.06449224054813385,0.21274864673614502,0.16228364408016205,0.5046501159667969,0.0,0.48034557700157166,2.873800039291382,0.6948916912078857,atlas_het,graphatlas_original,graphatlas,ov0.25_cross0.30,,certificate,1.0,full,none,False,dot,2,55,80,0,80,0.8105263113975525,64834,480,6506,0,10.419355630874634,cpu,0,,,,,,,,,,,,,,,,,,,,,,,,1.7645833492279053,0.7645833492279053,0.43632906675338745,0.6880769729614258,0.016926826909184456,0.5587797164916992,atlas_het__node_classification__graphatlas_original__split0__seed2__303523405460,303523405460,975d6eec98ed54f0
node_classification,accuracy,0.9024389982223511,0.8105263113975525,0.7755101919174194,,,,,,,,,,,,0.9038903283900251,0.9024390243902439,0.8548675472524265,0.9021000094170826,0.21941439807415009,0.04329096898436546,0.845360824742268,0.9024389982223511,0.9021197668256491,0.13096219301223755,0.8083375591615957,0.8105263157894737,0.7231033143088967,0.8071662409612549,1.3076955080032349,0.14526966214179993,0.65625,0.8105263113975525,0.807758031442242,0.33931198716163635,0.7725829725829726,0.7755102040816326,0.6661870007098182,0.7759478835844865,0.9162298440933228,0.1468634456396103,0.7272727272727273,0.7755101919174194,0.7763795344440506,0.3632141053676605,,,,0.7540983557701111,0.8108108043670654,0.03278604285456323,0.6431718061674009,0.07863344252109528,7.308295124630604e-08,7.823662429018441e-08,7.62939453125e-06,7.62939453125e-06,0.0,0.0,0.0,0.0,0.7755101919174194,,,,,,,,,0.1463679075241089,0.08187566697597504,0.0,0.06449224054813385,0.21274864673614502,0.16228364408016205,0.5046501159667969,0.0,0.48034557700157166,2.873800039291382,0.6948916912078857,atlas_het,graphatlas_original,graphatlas,ov0.25_cross0.50,,certificate,1.0,full,none,False,dot,2,55,80,0,80,0.8105263113975525,64834,480,6506,0,10.421622514724731,cpu,0,,,,,,,,,,,,,,,,,,,,,,,,1.7645833492279053,0.7645833492279053,0.43632906675338745,0.6880769729614258,0.016926826909184456,0.5587797164916992,atlas_het__node_classification__graphatlas_original__split0__seed2__854bad0a9f3d,854bad0a9f3d,975d6eec98ed54f0
node_classification,accuracy,0.9407665729522705,0.7894737124443054,0.7244898080825806,,,,,,,,,,,,0.939428395538159,0.9407665505226481,0.9112555846250454,0.9404963655691606,0.1766708344221115,0.048087626695632935,0.8977272727272727,0.9407665729522705,0.9400526445455842,0.10687778145074844,0.7853490534144693,0.7894736842105263,0.6963390638159666,0.7892800677657557,1.3798280954360962,0.13443253934383392,0.65625,0.7894737124443054,0.7910398027357092,0.3510061204433441,0.7176046176046175,0.7244897959183674,0.5899956555748987,0.720943945890641,1.0253238677978516,0.14647667109966278,0.5666666666666667,0.7244898080825806,0.7188416889909427,0.39210671186447144,,,,0.6708860993385315,0.9473684430122375,0.028346249318967353,0.7804878048780488,0.08881030231714249,5.96650977513491e-08,6.526174445298238e-08,7.62939453125e-06,7.62939453125e-06,0.0,0.0,0.0,0.0,0.7244898080825806,,,,,,,,,0.15573039650917053,0.10712482035160065,0.0,0.048605579882860184,0.15711921453475952,0.12042444199323654,0.36694779992103577,0.0,0.533022940158844,2.602280616760254,0.796999454498291,atlas_het,graphatlas_original,graphatlas,ov0.40_cross0.00,,certificate,1.0,full,none,False,dot,2,65,90,0,90,0.7894737124443054,64834,480,6506,0,11.80051589012146,cpu,0,,,,,,,,,,,,,,,,,,,,,,,,1.7083333730697632,0.7083333134651184,0.3941485583782196,0.682121753692627,0.01633640006184578,0.5434471964836121,atlas_het__node_classification__graphatlas_original__split0__seed2__ef9cac2ecc5c,ef9cac2ecc5c,975d6eec98ed54f0
node_classification,accuracy,0.9407665729522705,0.7894737124443054,0.7244898080825806,,,,,,,,,,,,0.939428395538159,0.9407665505226481,0.9112555846250454,0.9404963655691606,0.1766708344221115,0.048087626695632935,0.8977272727272727,0.9407665729522705,0.9400526445455842,0.10687778145074844,0.7853490534144693,0.7894736842105263,0.6963390638159666,0.7892800677657557,1.3798280954360962,0.13443253934383392,0.65625,0.7894737124443054,0.7910398027357092,0.3510061204433441,0.7176046176046175,0.7244897959183674,0.5899956555748987,0.720943945890641,1.0253238677978516,0.14647667109966278,0.5666666666666667,0.7244898080825806,0.7188416889909427,0.39210671186447144,,,,0.6708860993385315,0.9473684430122375,0.028346249318967353,0.7804878048780488,0.08881030231714249,5.96650977513491e-08,6.526174445298238e-08,7.62939453125e-06,7.62939453125e-06,0.0,0.0,0.0,0.0,0.7244898080825806,,,,,,,,,0.15573039650917053,0.10712482035160065,0.0,0.048605579882860184,0.15711921453475952,0.12042444199323654,0.36694779992103577,0.0,0.533022940158844,2.602280616760254,0.796999454498291,atlas_het,graphatlas_original,graphatlas,ov0.40_cross0.15,,certificate,1.0,full,none,False,dot,2,65,90,0,90,0.7894737124443054,64834,480,6506,0,11.849391460418701,cpu,0,,,,,,,,,,,,,,,,,,,,,,,,1.7083333730697632,0.7083333134651184,0.3941485583782196,0.682121753692627,0.01633640006184578,0.5434471964836121,atlas_het__node_classification__graphatlas_original__split0__seed2__521f26641555,521f26641555,975d6eec98ed54f0
node_classification,accuracy,0.9407665729522705,0.7894737124443054,0.7244898080825806,,,,,,,,,,,,0.939428395538159,0.9407665505226481,0.9112555846250454,0.9404963655691606,0.1766708344221115,0.048087626695632935,0.8977272727272727,0.9407665729522705,0.9400526445455842,0.10687778145074844,0.7853490534144693,0.7894736842105263,0.6963390638159666,0.7892800677657557,1.3798280954360962,0.13443253934383392,0.65625,0.7894737124443054,0.7910398027357092,0.3510061204433441,0.7176046176046175,0.7244897959183674,0.5899956555748987,0.720943945890641,1.0253238677978516,0.14647667109966278,0.5666666666666667,0.7244898080825806,0.7188416889909427,0.39210671186447144,,,,0.6708860993385315,0.9473684430122375,0.028346249318967353,0.7804878048780488,0.08881030231714249,5.96650977513491e-08,6.526174445298238e-08,7.62939453125e-06,7.62939453125e-06,0.0,0.0,0.0,0.0,0.7244898080825806,,,,,,,,,0.15573039650917053,0.10712482035160065,0.0,0.048605579882860184,0.15711921453475952,0.12042444199323654,0.36694779992103577,0.0,0.533022940158844,2.602280616760254,0.796999454498291,atlas_het,graphatlas_original,graphatlas,ov0.40_cross0.30,,certificate,1.0,full,none,False,dot,2,65,90,0,90,0.7894737124443054,64834,480,6506,0,12.030636072158813,cpu,0,,,,,,,,,,,,,,,,,,,,,,,,1.7083333730697632,0.7083333134651184,0.3941485583782196,0.682121753692627,0.01633640006184578,0.5434471964836121,atlas_het__node_classification__graphatlas_original__split0__seed2__0f4e4717fcb5,0f4e4717fcb5,975d6eec98ed54f0
node_classification,accuracy,0.9407665729522705,0.7894737124443054,0.7244898080825806,,,,,,,,,,,,0.939428395538159,0.9407665505226481,0.9112555846250454,0.9404963655691606,0.1766708344221115,0.048087626695632935,0.8977272727272727,0.9407665729522705,0.9400526445455842,0.10687778145074844,0.7853490534144693,0.7894736842105263,0.6963390638159666,0.7892800677657557,1.3798280954360962,0.13443253934383392,0.65625,0.7894737124443054,0.7910398027357092,0.3510061204433441,0.7176046176046175,0.7244897959183674,0.5899956555748987,0.720943945890641,1.0253238677978516,0.14647667109966278,0.5666666666666667,0.7244898080825806,0.7188416889909427,0.39210671186447144,,,,0.6708860993385315,0.9473684430122375,0.028346249318967353,0.7804878048780488,0.08881030231714249,5.96650977513491e-08,6.526174445298238e-08,7.62939453125e-06,7.62939453125e-06,0.0,0.0,0.0,0.0,0.7244898080825806,,,,,,,,,0.15573039650917053,0.10712482035160065,0.0,0.048605579882860184,0.15711921453475952,0.12042444199323654,0.36694779992103577,0.0,0.533022940158844,2.602280616760254,0.796999454498291,atlas_het,graphatlas_original,graphatlas,ov0.40_cross0.50,,certificate,1.0,full,none,False,dot,2,65,90,0,90,0.7894737124443054,64834,480,6506,0,11.859490394592285,cpu,0,,,,,,,,,,,,,,,,,,,,,,,,1.7083333730697632,0.7083333134651184,0.3941485583782196,0.682121753692627,0.01633640006184578,0.5434471964836121,atlas_het__node_classification__graphatlas_original__split0__seed2__8ac2baa74ef8,8ac2baa74ef8,975d6eec98ed54f0
node_classification,accuracy,0.8571428656578064,0.7789473533630371,0.7244898080825806,,,,,,,,,,,,0.8565154271643053,0.8571428571428571,0.7891340588065088,0.8577736279123467,0.2948625087738037,0.03921956196427345,0.8181818181818182,0.8571428656578064,0.8569143395879801,0.18238966166973114,0.7740027045300879,0.7789473684210526,0.670770377698684,0.7783519456584472,1.2797186374664307,0.13019677996635437,0.6896551724137931,0.7789473533630371,0.7778620249208484,0.3586159646511078,0.7202020202020202,0.7244897959183674,0.5877841083295614,0.7238846805229672,0.7756602168083191,0.1482730656862259,0.6333333333333333,0.7244898080825806,0.7234137159287969,0.40580275654792786,,,,0.7244898080825806,,-0.002442793099363583,0.8074534161490683,0.12415999174118042,6.870314450679871e-08,6.546642339344544e-08,7.62939453125e-06,3.814697265625e-06,0.0,0.0,0.0,0.0,0.7244898080825806,,,,,,,,,0.21373750269412994,0.17950007319450378,0.0,0.03423742949962616,0.15452790260314941,0.10007476806640625,0.5445314049720764,0.0,0.5195037126541138,2.8198211193084717,0.625263512134552,atlas_het,graphatlas_original,graphatlas,ov0.55_cross0.00,,certificate,1.0,full,none,False,dot,2,50,75,0,75,0.7789473533630371,64834,480,6506,0,9.927452087402344,cpu,0,,,,,,,,,,,,,,,,,,,,,,,,1.6770833730697632,0.6770833134651184,0.38334882259368896,0.684586763381958,0.016911936923861504,0.5136962532997131,atlas_het__node_classification__graphatlas_original__split0__seed2__8b5ed829cba6,8b5ed829cba6,975d6eec98ed54f0
node_classification,accuracy,0.8571428656578064,0.7789473533630371,0.7244898080825806,,,,,,,,,,,,0.8565154271643053,0.8571428571428571,0.7891340588065088,0.8577736279123467,0.2948625087738037,0.03921956196427345,0.8181818181818182,0.8571428656578064,0.8569143395879801,0.18238966166973114,0.7740027045300879,0.7789473684210526,0.670770377698684,0.7783519456584472,1.2797186374664307,0.13019677996635437,0.6896551724137931,0.7789473533630371,0.7778620249208484,0.3586159646511078,0.7202020202020202,0.7244897959183674,0.5877841083295614,0.7238846805229672,0.7756602168083191,0.1482730656862259,0.6333333333333333,0.7244898080825806,0.7234137159287969,0.40580275654792786,,,,0.7244898080825806,,-0.002442793099363583,0.8074534161490683,0.12415999174118042,6.870314450679871e-08,6.546642339344544e-08,7.62939453125e-06,3.814697265625e-06,0.0,0.0,0.0,0.0,0.7244898080825806,,,,,,,,,0.21373750269412994,0.17950007319450378,0.0,0.03423742949962616,0.15452790260314941,0.10007476806640625,0.5445314049720764,0.0,0.5195037126541138,2.8198211193084717,0.625263512134552,atlas_het,graphatlas_original,graphatlas,ov0.55_cross0.15,,certificate,1.0,full,none,False,dot,2,50,75,0,75,0.7789473533630371,64834,480,6506,0,9.946069240570068,cpu,0,,,,,,,,,,,,,,,,,,,,,,,,1.6770833730697632,0.6770833134651184,0.38334882259368896,0.684586763381958,0.016911936923861504,0.5136962532997131,atlas_het__node_classification__graphatlas_original__split0__seed2__2315cdd21dd8,2315cdd21dd8,975d6eec98ed54f0
node_classification,accuracy,0.8571428656578064,0.7789473533630371,0.7244898080825806,,,,,,,,,,,,0.8565154271643053,0.8571428571428571,0.7891340588065088,0.8577736279123467,0.2948625087738037,0.03921956196427345,0.8181818181818182,0.8571428656578064,0.8569143395879801,0.18238966166973114,0.7740027045300879,0.7789473684210526,0.670770377698684,0.7783519456584472,1.2797186374664307,0.13019677996635437,0.6896551724137931,0.7789473533630371,0.7778620249208484,0.3586159646511078,0.7202020202020202,0.7244897959183674,0.5877841083295614,0.7238846805229672,0.7756602168083191,0.1482730656862259,0.6333333333333333,0.7244898080825806,0.7234137159287969,0.40580275654792786,,,,0.7244898080825806,,-0.002442793099363583,0.8074534161490683,0.12415999174118042,6.870314450679871e-08,6.546642339344544e-08,7.62939453125e-06,3.814697265625e-06,0.0,0.0,0.0,0.0,0.7244898080825806,,,,,,,,,0.21373750269412994,0.17950007319450378,0.0,0.03423742949962616,0.15452790260314941,0.10007476806640625,0.5445314049720764,0.0,0.5195037126541138,2.8198211193084717,0.625263512134552,atlas_het,graphatlas_original,graphatlas,ov0.55_cross0.30,,certificate,1.0,full,none,False,dot,2,50,75,0,75,0.7789473533630371,64834,480,6506,0,9.978678941726685,cpu,0,,,,,,,,,,,,,,,,,,,,,,,,1.6770833730697632,0.6770833134651184,0.38334882259368896,0.684586763381958,0.016911936923861504,0.5136962532997131,atlas_het__node_classification__graphatlas_original__split0__seed2__a14555248ac9,a14555248ac9,975d6eec98ed54f0
node_classification,accuracy,0.8571428656578064,0.7789473533630371,0.7244898080825806,,,,,,,,,,,,0.8565154271643053,0.8571428571428571,0.7891340588065088,0.8577736279123467,0.2948625087738037,0.03921956196427345,0.8181818181818182,0.8571428656578064,0.8569143395879801,0.18238966166973114,0.7740027045300879,0.7789473684210526,0.670770377698684,0.7783519456584472,1.2797186374664307,0.13019677996635437,0.6896551724137931,0.7789473533630371,0.7778620249208484,0.3586159646511078,0.7202020202020202,0.7244897959183674,0.5877841083295614,0.7238846805229672,0.7756602168083191,0.1482730656862259,0.6333333333333333,0.7244898080825806,0.7234137159287969,0.40580275654792786,,,,0.7244898080825806,,-0.002442793099363583,0.8074534161490683,0.12415999174118042,6.870314450679871e-08,6.546642339344544e-08,7.62939453125e-06,3.814697265625e-06,0.0,0.0,0.0,0.0,0.7244898080825806,,,,,,,,,0.21373750269412994,0.17950007319450378,0.0,0.03423742949962616,0.15452790260314941,0.10007476806640625,0.5445314049720764,0.0,0.5195037126541138,2.8198211193084717,0.625263512134552,atlas_het,graphatlas_original,graphatlas,ov0.55_cross0.50,,certificate,1.0,full,none,False,dot,2,50,75,0,75,0.7789473533630371,64834,480,6506,0,9.927237033843994,cpu,0,,,,,,,,,,,,,,,,,,,,,,,,1.6770833730697632,0.6770833134651184,0.38334882259368896,0.684586763381958,0.016911936923861504,0.5136962532997131,atlas_het__node_classification__graphatlas_original__split0__seed2__43f9608ffbd9,43f9608ffbd9,975d6eec98ed54f0
